identity,tip_company,transactions,tipped_transactions
11AMA4mnNbsrPQeuoNN7uiZVJZtqEzQHrTfa5vnbcjk,(none),1080,0
11AMA4mnNbsrPQeuoNN7uiZVJZtqEzQHrTfa5vnbcjk,0slot,63,63
11AMA4mnNbsrPQeuoNN7uiZVJZtqEzQHrTfa5vnbcjk,AstraLane,152,152
11AMA4mnNbsrPQeuoNN7uiZVJZtqEzQHrTfa5vnbcjk,Falcon,119,119
11AMA4mnNbsrPQeuoNN7uiZVJZtqEzQHrTfa5vnbcjk,Helius,306,306
11AMA4mnNbsrPQeuoNN7uiZVJZtqEzQHrTfa5vnbcjk,Jito,59,59
11AMA4mnNbsrPQeuoNN7uiZVJZtqEzQHrTfa5vnbcjk,Moon,1,1
11AMA4mnNbsrPQeuoNN7uiZVJZtqEzQHrTfa5vnbcjk,Nextblock,41,41
11AMA4mnNbsrPQeuoNN7uiZVJZtqEzQHrTfa5vnbcjk,NodeOne,108,108
11AMA4mnNbsrPQeuoNN7uiZVJZtqEzQHrTfa5vnbcjk,Soyas,12,12
11AMA4mnNbsrPQeuoNN7uiZVJZtqEzQHrTfa5vnbcjk,Stellium,106,106
11AMA4mnNbsrPQeuoNN7uiZVJZtqEzQHrTfa5vnbcjk,Temporal,72,72
11AMA4mnNbsrPQeuoNN7uiZVJZtqEzQHrTfa5vnbcjk,blockRazor,5,5
11AMA4mnNbsrPQeuoNN7uiZVJZtqEzQHrTfa5vnbcjk,blockrazor,20,20
11AMA4mnNbsrPQeuoNN7uiZVJZtqEzQHrTfa5vnbcjk,blocksprint,61,61
11AMA4mnNbsrPQeuoNN7uiZVJZtqEzQHrTfa5vnbcjk,bloxroute,40,40
11AMA4mnNbsrPQeuoNN7uiZVJZtqEzQHrTfa5vnbcjk,landX,361,361
11AMA4mnNbsrPQeuoNN7uiZVJZtqEzQHrTfa5vnbcjk,stellium,447,447
12i8gndWWWMTRzJBFhnYkobNgZB3XMUUJq75HeUrshrk,(none),48,0
12i8gndWWWMTRzJBFhnYkobNgZB3XMUUJq75HeUrshrk,0slot,4,4
12i8gndWWWMTRzJBFhnYkobNgZB3XMUUJq75HeUrshrk,AstraLane,3,3
12i8gndWWWMTRzJBFhnYkobNgZB3XMUUJq75HeUrshrk,Falcon,3,3
12i8gndWWWMTRzJBFhnYkobNgZB3XMUUJq75HeUrshrk,Flashblock,1,1
12i8gndWWWMTRzJBFhnYkobNgZB3XMUUJq75HeUrshrk,Helius,15,15
12i8gndWWWMTRzJBFhnYkobNgZB3XMUUJq75HeUrshrk,Jito,5,5
12i8gndWWWMTRzJBFhnYkobNgZB3XMUUJq75HeUrshrk,Nextblock,2,2
12i8gndWWWMTRzJBFhnYkobNgZB3XMUUJq75HeUrshrk,NodeOne,2,2
12i8gndWWWMTRzJBFhnYkobNgZB3XMUUJq75HeUrshrk,Soyas,1,1
12i8gndWWWMTRzJBFhnYkobNgZB3XMUUJq75HeUrshrk,Stellium,6,6
12i8gndWWWMTRzJBFhnYkobNgZB3XMUUJq75HeUrshrk,Temporal,8,8
12i8gndWWWMTRzJBFhnYkobNgZB3XMUUJq75HeUrshrk,blockrazor,1,1
12i8gndWWWMTRzJBFhnYkobNgZB3XMUUJq75HeUrshrk,blocksprint,3,3
12i8gndWWWMTRzJBFhnYkobNgZB3XMUUJq75HeUrshrk,bloxroute,1,1
12i8gndWWWMTRzJBFhnYkobNgZB3XMUUJq75HeUrshrk,stellium,9,9
13DmVBcyrSdsSsLWaKH9x1dwxDf48Wu5wprwxMmLshrk,(none),140,0
13DmVBcyrSdsSsLWaKH9x1dwxDf48Wu5wprwxMmLshrk,0slot,14,14
13DmVBcyrSdsSsLWaKH9x1dwxDf48Wu5wprwxMmLshrk,AstraLane,27,27
13DmVBcyrSdsSsLWaKH9x1dwxDf48Wu5wprwxMmLshrk,Falcon,20,20
13DmVBcyrSdsSsLWaKH9x1dwxDf48Wu5wprwxMmLshrk,Helius,56,56
13DmVBcyrSdsSsLWaKH9x1dwxDf48Wu5wprwxMmLshrk,Jito,13,13
13DmVBcyrSdsSsLWaKH9x1dwxDf48Wu5wprwxMmLshrk,Nextblock,3,3
13DmVBcyrSdsSsLWaKH9x1dwxDf48Wu5wprwxMmLshrk,NodeOne,20,20
13DmVBcyrSdsSsLWaKH9x1dwxDf48Wu5wprwxMmLshrk,Soyas,1,1
13DmVBcyrSdsSsLWaKH9x1dwxDf48Wu5wprwxMmLshrk,Stellium,14,14
13DmVBcyrSdsSsLWaKH9x1dwxDf48Wu5wprwxMmLshrk,Temporal,31,31
13DmVBcyrSdsSsLWaKH9x1dwxDf48Wu5wprwxMmLshrk,blockrazor,4,4
13DmVBcyrSdsSsLWaKH9x1dwxDf48Wu5wprwxMmLshrk,blocksprint,9,9
13DmVBcyrSdsSsLWaKH9x1dwxDf48Wu5wprwxMmLshrk,bloxroute,16,16
13DmVBcyrSdsSsLWaKH9x1dwxDf48Wu5wprwxMmLshrk,landX,28,28
13DmVBcyrSdsSsLWaKH9x1dwxDf48Wu5wprwxMmLshrk,stellium,46,46
1KXvrkPXwkGF6NK1zyzVuJqbXfpenPVPP6hoiK9bsK3,(none),367,0
1KXvrkPXwkGF6NK1zyzVuJqbXfpenPVPP6hoiK9bsK3,0slot,40,40
1KXvrkPXwkGF6NK1zyzVuJqbXfpenPVPP6hoiK9bsK3,AstraLane,32,32
1KXvrkPXwkGF6NK1zyzVuJqbXfpenPVPP6hoiK9bsK3,BloxRoute,3,3
1KXvrkPXwkGF6NK1zyzVuJqbXfpenPVPP6hoiK9bsK3,Falcon,115,115
1KXvrkPXwkGF6NK1zyzVuJqbXfpenPVPP6hoiK9bsK3,Flashblock,1,1
1KXvrkPXwkGF6NK1zyzVuJqbXfpenPVPP6hoiK9bsK3,Helius,154,154
1KXvrkPXwkGF6NK1zyzVuJqbXfpenPVPP6hoiK9bsK3,Jito,71,71
1KXvrkPXwkGF6NK1zyzVuJqbXfpenPVPP6hoiK9bsK3,Moon,1,1
1KXvrkPXwkGF6NK1zyzVuJqbXfpenPVPP6hoiK9bsK3,Nextblock,16,16
1KXvrkPXwkGF6NK1zyzVuJqbXfpenPVPP6hoiK9bsK3,NodeOne,103,103
1KXvrkPXwkGF6NK1zyzVuJqbXfpenPVPP6hoiK9bsK3,Soyas,4,4
1KXvrkPXwkGF6NK1zyzVuJqbXfpenPVPP6hoiK9bsK3,Stellium,106,106
1KXvrkPXwkGF6NK1zyzVuJqbXfpenPVPP6hoiK9bsK3,Temporal,44,44
1KXvrkPXwkGF6NK1zyzVuJqbXfpenPVPP6hoiK9bsK3,blockRazor,7,7
1KXvrkPXwkGF6NK1zyzVuJqbXfpenPVPP6hoiK9bsK3,blockrazor,7,7
1KXvrkPXwkGF6NK1zyzVuJqbXfpenPVPP6hoiK9bsK3,blocksprint,42,42
1KXvrkPXwkGF6NK1zyzVuJqbXfpenPVPP6hoiK9bsK3,bloxroute,18,18
1KXvrkPXwkGF6NK1zyzVuJqbXfpenPVPP6hoiK9bsK3,landX,140,140
1KXvrkPXwkGF6NK1zyzVuJqbXfpenPVPP6hoiK9bsK3,stellium,237,237
1Link6hB1NpkCwJt3ZtpQKZszKauhEcKgiWjaU8PRDG,(none),274,0
1Link6hB1NpkCwJt3ZtpQKZszKauhEcKgiWjaU8PRDG,0slot,16,16
1Link6hB1NpkCwJt3ZtpQKZszKauhEcKgiWjaU8PRDG,AstraLane,18,18
1Link6hB1NpkCwJt3ZtpQKZszKauhEcKgiWjaU8PRDG,BloxRoute,2,2
1Link6hB1NpkCwJt3ZtpQKZszKauhEcKgiWjaU8PRDG,Falcon,94,94
1Link6hB1NpkCwJt3ZtpQKZszKauhEcKgiWjaU8PRDG,Helius,81,81
1Link6hB1NpkCwJt3ZtpQKZszKauhEcKgiWjaU8PRDG,Jito,25,25
1Link6hB1NpkCwJt3ZtpQKZszKauhEcKgiWjaU8PRDG,Nextblock,5,5
1Link6hB1NpkCwJt3ZtpQKZszKauhEcKgiWjaU8PRDG,NodeOne,18,18
1Link6hB1NpkCwJt3ZtpQKZszKauhEcKgiWjaU8PRDG,Soyas,2,2
1Link6hB1NpkCwJt3ZtpQKZszKauhEcKgiWjaU8PRDG,Stellium,38,38
1Link6hB1NpkCwJt3ZtpQKZszKauhEcKgiWjaU8PRDG,Temporal,19,19
1Link6hB1NpkCwJt3ZtpQKZszKauhEcKgiWjaU8PRDG,blockRazor,2,2
1Link6hB1NpkCwJt3ZtpQKZszKauhEcKgiWjaU8PRDG,blockrazor,5,5
1Link6hB1NpkCwJt3ZtpQKZszKauhEcKgiWjaU8PRDG,blocksprint,30,30
1Link6hB1NpkCwJt3ZtpQKZszKauhEcKgiWjaU8PRDG,bloxroute,6,6
1Link6hB1NpkCwJt3ZtpQKZszKauhEcKgiWjaU8PRDG,landX,124,124
1Link6hB1NpkCwJt3ZtpQKZszKauhEcKgiWjaU8PRDG,stellium,178,178
1ggyZGbYtEo1WrV1kmXfnvhPeSPxrYAXoDBeApnszLT,(none),718,0
1ggyZGbYtEo1WrV1kmXfnvhPeSPxrYAXoDBeApnszLT,0slot,51,51
1ggyZGbYtEo1WrV1kmXfnvhPeSPxrYAXoDBeApnszLT,AstraLane,68,68
1ggyZGbYtEo1WrV1kmXfnvhPeSPxrYAXoDBeApnszLT,BloxRoute,3,3
1ggyZGbYtEo1WrV1kmXfnvhPeSPxrYAXoDBeApnszLT,Falcon,168,168
1ggyZGbYtEo1WrV1kmXfnvhPeSPxrYAXoDBeApnszLT,Flashblock,1,1
1ggyZGbYtEo1WrV1kmXfnvhPeSPxrYAXoDBeApnszLT,Helius,248,248
1ggyZGbYtEo1WrV1kmXfnvhPeSPxrYAXoDBeApnszLT,Jito,53,53
1ggyZGbYtEo1WrV1kmXfnvhPeSPxrYAXoDBeApnszLT,Nextblock,30,30
1ggyZGbYtEo1WrV1kmXfnvhPeSPxrYAXoDBeApnszLT,NodeOne,82,82
1ggyZGbYtEo1WrV1kmXfnvhPeSPxrYAXoDBeApnszLT,Soyas,8,8
1ggyZGbYtEo1WrV1kmXfnvhPeSPxrYAXoDBeApnszLT,Stellium,120,120
1ggyZGbYtEo1WrV1kmXfnvhPeSPxrYAXoDBeApnszLT,Temporal,78,78
1ggyZGbYtEo1WrV1kmXfnvhPeSPxrYAXoDBeApnszLT,blockRazor,6,6
1ggyZGbYtEo1WrV1kmXfnvhPeSPxrYAXoDBeApnszLT,blockrazor,21,21
1ggyZGbYtEo1WrV1kmXfnvhPeSPxrYAXoDBeApnszLT,blocksprint,62,62
1ggyZGbYtEo1WrV1kmXfnvhPeSPxrYAXoDBeApnszLT,bloxroute,43,43
1ggyZGbYtEo1WrV1kmXfnvhPeSPxrYAXoDBeApnszLT,landX,258,258
1ggyZGbYtEo1WrV1kmXfnvhPeSPxrYAXoDBeApnszLT,stellium,351,351
1i1yPyh843bTfi5qPgqozTbDcEX65rUNEFcUT2KAs2i,(none),100,0
1i1yPyh843bTfi5qPgqozTbDcEX65rUNEFcUT2KAs2i,0slot,9,9
1i1yPyh843bTfi5qPgqozTbDcEX65rUNEFcUT2KAs2i,AstraLane,5,5
1i1yPyh843bTfi5qPgqozTbDcEX65rUNEFcUT2KAs2i,Falcon,13,13
1i1yPyh843bTfi5qPgqozTbDcEX65rUNEFcUT2KAs2i,Helius,29,29
1i1yPyh843bTfi5qPgqozTbDcEX65rUNEFcUT2KAs2i,Jito,11,11
1i1yPyh843bTfi5qPgqozTbDcEX65rUNEFcUT2KAs2i,Nextblock,2,2
1i1yPyh843bTfi5qPgqozTbDcEX65rUNEFcUT2KAs2i,NodeOne,9,9
1i1yPyh843bTfi5qPgqozTbDcEX65rUNEFcUT2KAs2i,Soyas,3,3
1i1yPyh843bTfi5qPgqozTbDcEX65rUNEFcUT2KAs2i,Stellium,18,18
1i1yPyh843bTfi5qPgqozTbDcEX65rUNEFcUT2KAs2i,Temporal,6,6
1i1yPyh843bTfi5qPgqozTbDcEX65rUNEFcUT2KAs2i,blockrazor,1,1
1i1yPyh843bTfi5qPgqozTbDcEX65rUNEFcUT2KAs2i,blocksprint,3,3
1i1yPyh843bTfi5qPgqozTbDcEX65rUNEFcUT2KAs2i,landX,28,28
1i1yPyh843bTfi5qPgqozTbDcEX65rUNEFcUT2KAs2i,stellium,51,51
1unarWPGGseFag2WfnoFv8o9P7vTPU8eHex9GinP3eY,(none),21,0
1unarWPGGseFag2WfnoFv8o9P7vTPU8eHex9GinP3eY,0slot,3,3
1unarWPGGseFag2WfnoFv8o9P7vTPU8eHex9GinP3eY,Helius,3,3
1unarWPGGseFag2WfnoFv8o9P7vTPU8eHex9GinP3eY,Jito,1,1
1unarWPGGseFag2WfnoFv8o9P7vTPU8eHex9GinP3eY,Moon,1,1
1unarWPGGseFag2WfnoFv8o9P7vTPU8eHex9GinP3eY,Nextblock,2,2
1unarWPGGseFag2WfnoFv8o9P7vTPU8eHex9GinP3eY,Temporal,2,2
1unarWPGGseFag2WfnoFv8o9P7vTPU8eHex9GinP3eY,blockrazor,1,1
1unarWPGGseFag2WfnoFv8o9P7vTPU8eHex9GinP3eY,bloxroute,1,1
1unarWPGGseFag2WfnoFv8o9P7vTPU8eHex9GinP3eY,stellium,2,2
22rU5yUmdVThrkoPieVNphqEyAtMQKmZxjwcD8v4bJDU,(none),10224,0
22rU5yUmdVThrkoPieVNphqEyAtMQKmZxjwcD8v4bJDU,0slot,826,826
22rU5yUmdVThrkoPieVNphqEyAtMQKmZxjwcD8v4bJDU,AstraLane,1202,1202
22rU5yUmdVThrkoPieVNphqEyAtMQKmZxjwcD8v4bJDU,BloxRoute,28,28
22rU5yUmdVThrkoPieVNphqEyAtMQKmZxjwcD8v4bJDU,Falcon,2356,2356
22rU5yUmdVThrkoPieVNphqEyAtMQKmZxjwcD8v4bJDU,Flashblock,17,17
22rU5yUmdVThrkoPieVNphqEyAtMQKmZxjwcD8v4bJDU,Helius,3305,3305
22rU5yUmdVThrkoPieVNphqEyAtMQKmZxjwcD8v4bJDU,Jito,1122,1122
22rU5yUmdVThrkoPieVNphqEyAtMQKmZxjwcD8v4bJDU,Moon,11,11
22rU5yUmdVThrkoPieVNphqEyAtMQKmZxjwcD8v4bJDU,Nextblock,432,432
22rU5yUmdVThrkoPieVNphqEyAtMQKmZxjwcD8v4bJDU,NodeOne,1342,1342
22rU5yUmdVThrkoPieVNphqEyAtMQKmZxjwcD8v4bJDU,Soyas,112,112
22rU5yUmdVThrkoPieVNphqEyAtMQKmZxjwcD8v4bJDU,Stellium,1524,1524
22rU5yUmdVThrkoPieVNphqEyAtMQKmZxjwcD8v4bJDU,Temporal,1042,1042
22rU5yUmdVThrkoPieVNphqEyAtMQKmZxjwcD8v4bJDU,blockRazor,60,60
22rU5yUmdVThrkoPieVNphqEyAtMQKmZxjwcD8v4bJDU,blockrazor,223,223
22rU5yUmdVThrkoPieVNphqEyAtMQKmZxjwcD8v4bJDU,blocksprint,876,876
22rU5yUmdVThrkoPieVNphqEyAtMQKmZxjwcD8v4bJDU,bloxroute,542,540
22rU5yUmdVThrkoPieVNphqEyAtMQKmZxjwcD8v4bJDU,landX,2772,2772
22rU5yUmdVThrkoPieVNphqEyAtMQKmZxjwcD8v4bJDU,stellium,4679,4679
23SUe5fzmLws1M58AnGnvnUBRUKJmzCpnFQwv4M4b9Er,(none),2882,0
23SUe5fzmLws1M58AnGnvnUBRUKJmzCpnFQwv4M4b9Er,0slot,302,302
23SUe5fzmLws1M58AnGnvnUBRUKJmzCpnFQwv4M4b9Er,AstraLane,295,295
23SUe5fzmLws1M58AnGnvnUBRUKJmzCpnFQwv4M4b9Er,Astralane,1,1
23SUe5fzmLws1M58AnGnvnUBRUKJmzCpnFQwv4M4b9Er,BloxRoute,6,6
23SUe5fzmLws1M58AnGnvnUBRUKJmzCpnFQwv4M4b9Er,Falcon,741,741
23SUe5fzmLws1M58AnGnvnUBRUKJmzCpnFQwv4M4b9Er,Flashblock,2,2
23SUe5fzmLws1M58AnGnvnUBRUKJmzCpnFQwv4M4b9Er,Helius,1023,1023
23SUe5fzmLws1M58AnGnvnUBRUKJmzCpnFQwv4M4b9Er,Jito,292,292
23SUe5fzmLws1M58AnGnvnUBRUKJmzCpnFQwv4M4b9Er,Nextblock,137,137
23SUe5fzmLws1M58AnGnvnUBRUKJmzCpnFQwv4M4b9Er,NodeOne,449,449
23SUe5fzmLws1M58AnGnvnUBRUKJmzCpnFQwv4M4b9Er,Soyas,18,18
23SUe5fzmLws1M58AnGnvnUBRUKJmzCpnFQwv4M4b9Er,Stellium,473,473
23SUe5fzmLws1M58AnGnvnUBRUKJmzCpnFQwv4M4b9Er,Temporal,307,307
23SUe5fzmLws1M58AnGnvnUBRUKJmzCpnFQwv4M4b9Er,blockRazor,9,9
23SUe5fzmLws1M58AnGnvnUBRUKJmzCpnFQwv4M4b9Er,blockrazor,77,77
23SUe5fzmLws1M58AnGnvnUBRUKJmzCpnFQwv4M4b9Er,blocksprint,300,300
23SUe5fzmLws1M58AnGnvnUBRUKJmzCpnFQwv4M4b9Er,bloxroute,80,79
23SUe5fzmLws1M58AnGnvnUBRUKJmzCpnFQwv4M4b9Er,landX,975,975
23SUe5fzmLws1M58AnGnvnUBRUKJmzCpnFQwv4M4b9Er,stellium,1517,1517
23U4mgK9DMCxsv2StC4y2qAptP25Xv5b2cybKCeJ1to3,(none),131,0
23U4mgK9DMCxsv2StC4y2qAptP25Xv5b2cybKCeJ1to3,0slot,8,8
23U4mgK9DMCxsv2StC4y2qAptP25Xv5b2cybKCeJ1to3,AstraLane,20,20
23U4mgK9DMCxsv2StC4y2qAptP25Xv5b2cybKCeJ1to3,Falcon,28,28
23U4mgK9DMCxsv2StC4y2qAptP25Xv5b2cybKCeJ1to3,Helius,48,48
23U4mgK9DMCxsv2StC4y2qAptP25Xv5b2cybKCeJ1to3,Jito,15,15
23U4mgK9DMCxsv2StC4y2qAptP25Xv5b2cybKCeJ1to3,Nextblock,8,8
23U4mgK9DMCxsv2StC4y2qAptP25Xv5b2cybKCeJ1to3,NodeOne,26,26
23U4mgK9DMCxsv2StC4y2qAptP25Xv5b2cybKCeJ1to3,Soyas,1,1
23U4mgK9DMCxsv2StC4y2qAptP25Xv5b2cybKCeJ1to3,Stellium,23,23
23U4mgK9DMCxsv2StC4y2qAptP25Xv5b2cybKCeJ1to3,Temporal,27,27
23U4mgK9DMCxsv2StC4y2qAptP25Xv5b2cybKCeJ1to3,blockrazor,4,4
23U4mgK9DMCxsv2StC4y2qAptP25Xv5b2cybKCeJ1to3,blocksprint,9,9
23U4mgK9DMCxsv2StC4y2qAptP25Xv5b2cybKCeJ1to3,bloxroute,8,8
23U4mgK9DMCxsv2StC4y2qAptP25Xv5b2cybKCeJ1to3,landX,60,60
23U4mgK9DMCxsv2StC4y2qAptP25Xv5b2cybKCeJ1to3,stellium,67,67
2AKKnirWVZMhnzuwqpizw9SwfZjGpRFLx2zCCNtPWpbc,(none),566,0
2AKKnirWVZMhnzuwqpizw9SwfZjGpRFLx2zCCNtPWpbc,0slot,56,56
2AKKnirWVZMhnzuwqpizw9SwfZjGpRFLx2zCCNtPWpbc,AstraLane,110,110
2AKKnirWVZMhnzuwqpizw9SwfZjGpRFLx2zCCNtPWpbc,BloxRoute,1,1
2AKKnirWVZMhnzuwqpizw9SwfZjGpRFLx2zCCNtPWpbc,Falcon,148,148
2AKKnirWVZMhnzuwqpizw9SwfZjGpRFLx2zCCNtPWpbc,Helius,229,229
2AKKnirWVZMhnzuwqpizw9SwfZjGpRFLx2zCCNtPWpbc,Jito,117,117
2AKKnirWVZMhnzuwqpizw9SwfZjGpRFLx2zCCNtPWpbc,Nextblock,32,32
2AKKnirWVZMhnzuwqpizw9SwfZjGpRFLx2zCCNtPWpbc,NodeOne,115,115
2AKKnirWVZMhnzuwqpizw9SwfZjGpRFLx2zCCNtPWpbc,Soyas,5,5
2AKKnirWVZMhnzuwqpizw9SwfZjGpRFLx2zCCNtPWpbc,Stellium,142,142
2AKKnirWVZMhnzuwqpizw9SwfZjGpRFLx2zCCNtPWpbc,Temporal,82,82
2AKKnirWVZMhnzuwqpizw9SwfZjGpRFLx2zCCNtPWpbc,blockRazor,2,2
2AKKnirWVZMhnzuwqpizw9SwfZjGpRFLx2zCCNtPWpbc,blockrazor,15,15
2AKKnirWVZMhnzuwqpizw9SwfZjGpRFLx2zCCNtPWpbc,blocksprint,62,62
2AKKnirWVZMhnzuwqpizw9SwfZjGpRFLx2zCCNtPWpbc,bloxroute,77,77
2AKKnirWVZMhnzuwqpizw9SwfZjGpRFLx2zCCNtPWpbc,landX,136,136
2AKKnirWVZMhnzuwqpizw9SwfZjGpRFLx2zCCNtPWpbc,stellium,360,360
2Eq6YD8P8QXTeoz9h6JHjgZ55t8RSxNdx4waMDCoPmQU,(none),436,0
2Eq6YD8P8QXTeoz9h6JHjgZ55t8RSxNdx4waMDCoPmQU,0slot,36,36
2Eq6YD8P8QXTeoz9h6JHjgZ55t8RSxNdx4waMDCoPmQU,AstraLane,50,50
2Eq6YD8P8QXTeoz9h6JHjgZ55t8RSxNdx4waMDCoPmQU,BloxRoute,2,2
2Eq6YD8P8QXTeoz9h6JHjgZ55t8RSxNdx4waMDCoPmQU,Falcon,110,110
2Eq6YD8P8QXTeoz9h6JHjgZ55t8RSxNdx4waMDCoPmQU,Helius,196,196
2Eq6YD8P8QXTeoz9h6JHjgZ55t8RSxNdx4waMDCoPmQU,Jito,44,44
2Eq6YD8P8QXTeoz9h6JHjgZ55t8RSxNdx4waMDCoPmQU,Nextblock,23,23
2Eq6YD8P8QXTeoz9h6JHjgZ55t8RSxNdx4waMDCoPmQU,NodeOne,59,59
2Eq6YD8P8QXTeoz9h6JHjgZ55t8RSxNdx4waMDCoPmQU,Soyas,3,3
2Eq6YD8P8QXTeoz9h6JHjgZ55t8RSxNdx4waMDCoPmQU,Stellium,51,51
2Eq6YD8P8QXTeoz9h6JHjgZ55t8RSxNdx4waMDCoPmQU,Temporal,37,37
2Eq6YD8P8QXTeoz9h6JHjgZ55t8RSxNdx4waMDCoPmQU,blockRazor,1,1
2Eq6YD8P8QXTeoz9h6JHjgZ55t8RSxNdx4waMDCoPmQU,blockrazor,18,18
2Eq6YD8P8QXTeoz9h6JHjgZ55t8RSxNdx4waMDCoPmQU,blocksprint,31,31
2Eq6YD8P8QXTeoz9h6JHjgZ55t8RSxNdx4waMDCoPmQU,bloxroute,51,51
2Eq6YD8P8QXTeoz9h6JHjgZ55t8RSxNdx4waMDCoPmQU,landX,170,170
2Eq6YD8P8QXTeoz9h6JHjgZ55t8RSxNdx4waMDCoPmQU,stellium,227,227
2GUnfxZavKoPfS9s3VSEjaWDzB3vNf5RojUhprCS1rSx,(none),9848,0
2GUnfxZavKoPfS9s3VSEjaWDzB3vNf5RojUhprCS1rSx,0slot,877,877
2GUnfxZavKoPfS9s3VSEjaWDzB3vNf5RojUhprCS1rSx,AstraLane,1720,1720
2GUnfxZavKoPfS9s3VSEjaWDzB3vNf5RojUhprCS1rSx,BloxRoute,19,19
2GUnfxZavKoPfS9s3VSEjaWDzB3vNf5RojUhprCS1rSx,Falcon,2402,2402
2GUnfxZavKoPfS9s3VSEjaWDzB3vNf5RojUhprCS1rSx,Flashblock,9,9
2GUnfxZavKoPfS9s3VSEjaWDzB3vNf5RojUhprCS1rSx,Helius,4027,4026
2GUnfxZavKoPfS9s3VSEjaWDzB3vNf5RojUhprCS1rSx,Jito,794,794
2GUnfxZavKoPfS9s3VSEjaWDzB3vNf5RojUhprCS1rSx,Moon,1,1
2GUnfxZavKoPfS9s3VSEjaWDzB3vNf5RojUhprCS1rSx,Nextblock,548,548
2GUnfxZavKoPfS9s3VSEjaWDzB3vNf5RojUhprCS1rSx,NodeOne,1139,1139
2GUnfxZavKoPfS9s3VSEjaWDzB3vNf5RojUhprCS1rSx,Soyas,169,169
2GUnfxZavKoPfS9s3VSEjaWDzB3vNf5RojUhprCS1rSx,Stellium,1768,1768
2GUnfxZavKoPfS9s3VSEjaWDzB3vNf5RojUhprCS1rSx,Temporal,1418,1417
2GUnfxZavKoPfS9s3VSEjaWDzB3vNf5RojUhprCS1rSx,blockRazor,50,50
2GUnfxZavKoPfS9s3VSEjaWDzB3vNf5RojUhprCS1rSx,blockrazor,304,304
2GUnfxZavKoPfS9s3VSEjaWDzB3vNf5RojUhprCS1rSx,blocksprint,1160,1160
2GUnfxZavKoPfS9s3VSEjaWDzB3vNf5RojUhprCS1rSx,bloxroute,1013,1012
2GUnfxZavKoPfS9s3VSEjaWDzB3vNf5RojUhprCS1rSx,landX,4126,4126
2GUnfxZavKoPfS9s3VSEjaWDzB3vNf5RojUhprCS1rSx,stellium,6488,6488
2Le6TjeEescF87qDA8Ftdz6U8Kq6SNVwoLJLhzBCHUr5,(none),148,0
2Le6TjeEescF87qDA8Ftdz6U8Kq6SNVwoLJLhzBCHUr5,0slot,13,13
2Le6TjeEescF87qDA8Ftdz6U8Kq6SNVwoLJLhzBCHUr5,AstraLane,12,12
2Le6TjeEescF87qDA8Ftdz6U8Kq6SNVwoLJLhzBCHUr5,Falcon,59,59
2Le6TjeEescF87qDA8Ftdz6U8Kq6SNVwoLJLhzBCHUr5,Helius,50,50
2Le6TjeEescF87qDA8Ftdz6U8Kq6SNVwoLJLhzBCHUr5,Jito,30,30
2Le6TjeEescF87qDA8Ftdz6U8Kq6SNVwoLJLhzBCHUr5,Nextblock,7,7
2Le6TjeEescF87qDA8Ftdz6U8Kq6SNVwoLJLhzBCHUr5,NodeOne,25,25
2Le6TjeEescF87qDA8Ftdz6U8Kq6SNVwoLJLhzBCHUr5,Soyas,2,2
2Le6TjeEescF87qDA8Ftdz6U8Kq6SNVwoLJLhzBCHUr5,Stellium,33,33
2Le6TjeEescF87qDA8Ftdz6U8Kq6SNVwoLJLhzBCHUr5,Temporal,10,10
2Le6TjeEescF87qDA8Ftdz6U8Kq6SNVwoLJLhzBCHUr5,blockrazor,5,5
2Le6TjeEescF87qDA8Ftdz6U8Kq6SNVwoLJLhzBCHUr5,blocksprint,15,15
2Le6TjeEescF87qDA8Ftdz6U8Kq6SNVwoLJLhzBCHUr5,bloxroute,2,2
2Le6TjeEescF87qDA8Ftdz6U8Kq6SNVwoLJLhzBCHUr5,landX,88,88
2Le6TjeEescF87qDA8Ftdz6U8Kq6SNVwoLJLhzBCHUr5,stellium,115,115
2Mob8FJkb8chZY5pTBMpKfLwgZAQHE5i9jAC5zbASitD,(none),2173,0
2Mob8FJkb8chZY5pTBMpKfLwgZAQHE5i9jAC5zbASitD,0slot,168,168
2Mob8FJkb8chZY5pTBMpKfLwgZAQHE5i9jAC5zbASitD,AstraLane,230,230
2Mob8FJkb8chZY5pTBMpKfLwgZAQHE5i9jAC5zbASitD,BloxRoute,7,7
2Mob8FJkb8chZY5pTBMpKfLwgZAQHE5i9jAC5zbASitD,Falcon,508,508
2Mob8FJkb8chZY5pTBMpKfLwgZAQHE5i9jAC5zbASitD,Flashblock,2,2
2Mob8FJkb8chZY5pTBMpKfLwgZAQHE5i9jAC5zbASitD,Helius,632,632
2Mob8FJkb8chZY5pTBMpKfLwgZAQHE5i9jAC5zbASitD,Jito,149,149
2Mob8FJkb8chZY5pTBMpKfLwgZAQHE5i9jAC5zbASitD,Moon,1,1
2Mob8FJkb8chZY5pTBMpKfLwgZAQHE5i9jAC5zbASitD,Nextblock,71,71
2Mob8FJkb8chZY5pTBMpKfLwgZAQHE5i9jAC5zbASitD,NodeOne,187,187
2Mob8FJkb8chZY5pTBMpKfLwgZAQHE5i9jAC5zbASitD,Soyas,11,11
2Mob8FJkb8chZY5pTBMpKfLwgZAQHE5i9jAC5zbASitD,Stellium,371,371
2Mob8FJkb8chZY5pTBMpKfLwgZAQHE5i9jAC5zbASitD,Temporal,280,280
2Mob8FJkb8chZY5pTBMpKfLwgZAQHE5i9jAC5zbASitD,blockRazor,10,10
2Mob8FJkb8chZY5pTBMpKfLwgZAQHE5i9jAC5zbASitD,blockrazor,47,47
2Mob8FJkb8chZY5pTBMpKfLwgZAQHE5i9jAC5zbASitD,blocksprint,212,212
2Mob8FJkb8chZY5pTBMpKfLwgZAQHE5i9jAC5zbASitD,bloxroute,54,54
2Mob8FJkb8chZY5pTBMpKfLwgZAQHE5i9jAC5zbASitD,landX,771,771
2Mob8FJkb8chZY5pTBMpKfLwgZAQHE5i9jAC5zbASitD,stellium,1298,1298
2N7v8pDKDYhtBUJBQUgxvysUjgM9s4ULPCmeEiPWTf6Z,(none),306,0
2N7v8pDKDYhtBUJBQUgxvysUjgM9s4ULPCmeEiPWTf6Z,0slot,45,45
2N7v8pDKDYhtBUJBQUgxvysUjgM9s4ULPCmeEiPWTf6Z,AstraLane,55,55
2N7v8pDKDYhtBUJBQUgxvysUjgM9s4ULPCmeEiPWTf6Z,BloxRoute,2,2
2N7v8pDKDYhtBUJBQUgxvysUjgM9s4ULPCmeEiPWTf6Z,Falcon,108,108
2N7v8pDKDYhtBUJBQUgxvysUjgM9s4ULPCmeEiPWTf6Z,Helius,192,192
2N7v8pDKDYhtBUJBQUgxvysUjgM9s4ULPCmeEiPWTf6Z,Jito,33,33
2N7v8pDKDYhtBUJBQUgxvysUjgM9s4ULPCmeEiPWTf6Z,Nextblock,22,22
2N7v8pDKDYhtBUJBQUgxvysUjgM9s4ULPCmeEiPWTf6Z,NodeOne,30,30
2N7v8pDKDYhtBUJBQUgxvysUjgM9s4ULPCmeEiPWTf6Z,Soyas,6,6
2N7v8pDKDYhtBUJBQUgxvysUjgM9s4ULPCmeEiPWTf6Z,Stellium,84,84
2N7v8pDKDYhtBUJBQUgxvysUjgM9s4ULPCmeEiPWTf6Z,Temporal,35,35
2N7v8pDKDYhtBUJBQUgxvysUjgM9s4ULPCmeEiPWTf6Z,blockRazor,5,5
2N7v8pDKDYhtBUJBQUgxvysUjgM9s4ULPCmeEiPWTf6Z,blockrazor,9,9
2N7v8pDKDYhtBUJBQUgxvysUjgM9s4ULPCmeEiPWTf6Z,blocksprint,34,34
2N7v8pDKDYhtBUJBQUgxvysUjgM9s4ULPCmeEiPWTf6Z,bloxroute,8,8
2N7v8pDKDYhtBUJBQUgxvysUjgM9s4ULPCmeEiPWTf6Z,landX,151,151
2N7v8pDKDYhtBUJBQUgxvysUjgM9s4ULPCmeEiPWTf6Z,stellium,254,254
2P9ZYA4vBoBBr56hrEFTmrd5ctuz3r7wtvRYmbgk6jRL,(none),783,0
2P9ZYA4vBoBBr56hrEFTmrd5ctuz3r7wtvRYmbgk6jRL,0slot,98,98
2P9ZYA4vBoBBr56hrEFTmrd5ctuz3r7wtvRYmbgk6jRL,AstraLane,91,91
2P9ZYA4vBoBBr56hrEFTmrd5ctuz3r7wtvRYmbgk6jRL,Falcon,199,199
2P9ZYA4vBoBBr56hrEFTmrd5ctuz3r7wtvRYmbgk6jRL,Flashblock,2,2
2P9ZYA4vBoBBr56hrEFTmrd5ctuz3r7wtvRYmbgk6jRL,Helius,265,264
2P9ZYA4vBoBBr56hrEFTmrd5ctuz3r7wtvRYmbgk6jRL,Jito,110,110
2P9ZYA4vBoBBr56hrEFTmrd5ctuz3r7wtvRYmbgk6jRL,Nextblock,22,22
2P9ZYA4vBoBBr56hrEFTmrd5ctuz3r7wtvRYmbgk6jRL,NodeOne,72,72
2P9ZYA4vBoBBr56hrEFTmrd5ctuz3r7wtvRYmbgk6jRL,Soyas,6,6
2P9ZYA4vBoBBr56hrEFTmrd5ctuz3r7wtvRYmbgk6jRL,Stellium,100,100
2P9ZYA4vBoBBr56hrEFTmrd5ctuz3r7wtvRYmbgk6jRL,Temporal,79,79
2P9ZYA4vBoBBr56hrEFTmrd5ctuz3r7wtvRYmbgk6jRL,blockRazor,4,4
2P9ZYA4vBoBBr56hrEFTmrd5ctuz3r7wtvRYmbgk6jRL,blockrazor,17,17
2P9ZYA4vBoBBr56hrEFTmrd5ctuz3r7wtvRYmbgk6jRL,blocksprint,86,86
2P9ZYA4vBoBBr56hrEFTmrd5ctuz3r7wtvRYmbgk6jRL,bloxroute,49,49
2P9ZYA4vBoBBr56hrEFTmrd5ctuz3r7wtvRYmbgk6jRL,landX,196,196
2P9ZYA4vBoBBr56hrEFTmrd5ctuz3r7wtvRYmbgk6jRL,stellium,384,384
2Rv9npqdWE1mLPsT1r2obn3xtKmA5afkxt8GsWeLnKoc,(none),84,0
2Rv9npqdWE1mLPsT1r2obn3xtKmA5afkxt8GsWeLnKoc,0slot,8,8
2Rv9npqdWE1mLPsT1r2obn3xtKmA5afkxt8GsWeLnKoc,AstraLane,14,14
2Rv9npqdWE1mLPsT1r2obn3xtKmA5afkxt8GsWeLnKoc,Falcon,38,38
2Rv9npqdWE1mLPsT1r2obn3xtKmA5afkxt8GsWeLnKoc,Helius,35,35
2Rv9npqdWE1mLPsT1r2obn3xtKmA5afkxt8GsWeLnKoc,Jito,11,11
2Rv9npqdWE1mLPsT1r2obn3xtKmA5afkxt8GsWeLnKoc,Nextblock,9,9
2Rv9npqdWE1mLPsT1r2obn3xtKmA5afkxt8GsWeLnKoc,NodeOne,46,46
2Rv9npqdWE1mLPsT1r2obn3xtKmA5afkxt8GsWeLnKoc,Soyas,2,2
2Rv9npqdWE1mLPsT1r2obn3xtKmA5afkxt8GsWeLnKoc,Stellium,17,17
2Rv9npqdWE1mLPsT1r2obn3xtKmA5afkxt8GsWeLnKoc,Temporal,10,10
2Rv9npqdWE1mLPsT1r2obn3xtKmA5afkxt8GsWeLnKoc,blockrazor,3,3
2Rv9npqdWE1mLPsT1r2obn3xtKmA5afkxt8GsWeLnKoc,blocksprint,6,6
2Rv9npqdWE1mLPsT1r2obn3xtKmA5afkxt8GsWeLnKoc,bloxroute,3,3
2Rv9npqdWE1mLPsT1r2obn3xtKmA5afkxt8GsWeLnKoc,landX,14,14
2Rv9npqdWE1mLPsT1r2obn3xtKmA5afkxt8GsWeLnKoc,stellium,66,66
2UBhtRuyr9nvWsUnrbWrvJiYWEU8TVBD4PLYQJKiRa9H,(none),888,0
2UBhtRuyr9nvWsUnrbWrvJiYWEU8TVBD4PLYQJKiRa9H,0slot,120,120
2UBhtRuyr9nvWsUnrbWrvJiYWEU8TVBD4PLYQJKiRa9H,AstraLane,89,89
2UBhtRuyr9nvWsUnrbWrvJiYWEU8TVBD4PLYQJKiRa9H,Falcon,197,197
2UBhtRuyr9nvWsUnrbWrvJiYWEU8TVBD4PLYQJKiRa9H,Flashblock,1,1
2UBhtRuyr9nvWsUnrbWrvJiYWEU8TVBD4PLYQJKiRa9H,Helius,327,327
2UBhtRuyr9nvWsUnrbWrvJiYWEU8TVBD4PLYQJKiRa9H,Jito,102,102
2UBhtRuyr9nvWsUnrbWrvJiYWEU8TVBD4PLYQJKiRa9H,Nextblock,32,32
2UBhtRuyr9nvWsUnrbWrvJiYWEU8TVBD4PLYQJKiRa9H,NodeOne,72,72
2UBhtRuyr9nvWsUnrbWrvJiYWEU8TVBD4PLYQJKiRa9H,Soyas,10,10
2UBhtRuyr9nvWsUnrbWrvJiYWEU8TVBD4PLYQJKiRa9H,Stellium,148,148
2UBhtRuyr9nvWsUnrbWrvJiYWEU8TVBD4PLYQJKiRa9H,Temporal,70,70
2UBhtRuyr9nvWsUnrbWrvJiYWEU8TVBD4PLYQJKiRa9H,blockRazor,1,1
2UBhtRuyr9nvWsUnrbWrvJiYWEU8TVBD4PLYQJKiRa9H,blockrazor,18,18
2UBhtRuyr9nvWsUnrbWrvJiYWEU8TVBD4PLYQJKiRa9H,blocksprint,96,96
2UBhtRuyr9nvWsUnrbWrvJiYWEU8TVBD4PLYQJKiRa9H,bloxroute,37,37
2UBhtRuyr9nvWsUnrbWrvJiYWEU8TVBD4PLYQJKiRa9H,landX,285,285
2UBhtRuyr9nvWsUnrbWrvJiYWEU8TVBD4PLYQJKiRa9H,stellium,461,461
2VKu11f8zc3huqDQUN6WJTFpX32PgHpXXjf72P6YvYMd,(none),316,0
2VKu11f8zc3huqDQUN6WJTFpX32PgHpXXjf72P6YvYMd,0slot,19,19
2VKu11f8zc3huqDQUN6WJTFpX32PgHpXXjf72P6YvYMd,AstraLane,45,45
2VKu11f8zc3huqDQUN6WJTFpX32PgHpXXjf72P6YvYMd,BloxRoute,1,1
2VKu11f8zc3huqDQUN6WJTFpX32PgHpXXjf72P6YvYMd,Falcon,50,50
2VKu11f8zc3huqDQUN6WJTFpX32PgHpXXjf72P6YvYMd,Helius,119,119
2VKu11f8zc3huqDQUN6WJTFpX32PgHpXXjf72P6YvYMd,Jito,44,44
2VKu11f8zc3huqDQUN6WJTFpX32PgHpXXjf72P6YvYMd,Moon,2,2
2VKu11f8zc3huqDQUN6WJTFpX32PgHpXXjf72P6YvYMd,Nextblock,28,28
2VKu11f8zc3huqDQUN6WJTFpX32PgHpXXjf72P6YvYMd,NodeOne,74,74
2VKu11f8zc3huqDQUN6WJTFpX32PgHpXXjf72P6YvYMd,Soyas,7,7
2VKu11f8zc3huqDQUN6WJTFpX32PgHpXXjf72P6YvYMd,Stellium,41,41
2VKu11f8zc3huqDQUN6WJTFpX32PgHpXXjf72P6YvYMd,Temporal,54,54
2VKu11f8zc3huqDQUN6WJTFpX32PgHpXXjf72P6YvYMd,blockRazor,2,2
2VKu11f8zc3huqDQUN6WJTFpX32PgHpXXjf72P6YvYMd,blockrazor,10,10
2VKu11f8zc3huqDQUN6WJTFpX32PgHpXXjf72P6YvYMd,blocksprint,37,37
2VKu11f8zc3huqDQUN6WJTFpX32PgHpXXjf72P6YvYMd,bloxroute,39,39
2VKu11f8zc3huqDQUN6WJTFpX32PgHpXXjf72P6YvYMd,landX,172,172
2VKu11f8zc3huqDQUN6WJTFpX32PgHpXXjf72P6YvYMd,stellium,210,210
2Wf9V9rPeVRUTfmWdPedCJuWVr6MFfyLuigEq42DuMDc,(none),1990,0
2Wf9V9rPeVRUTfmWdPedCJuWVr6MFfyLuigEq42DuMDc,0slot,162,162
2Wf9V9rPeVRUTfmWdPedCJuWVr6MFfyLuigEq42DuMDc,AstraLane,259,259
2Wf9V9rPeVRUTfmWdPedCJuWVr6MFfyLuigEq42DuMDc,Astralane,1,1
2Wf9V9rPeVRUTfmWdPedCJuWVr6MFfyLuigEq42DuMDc,BloxRoute,4,4
2Wf9V9rPeVRUTfmWdPedCJuWVr6MFfyLuigEq42DuMDc,Falcon,148,148
2Wf9V9rPeVRUTfmWdPedCJuWVr6MFfyLuigEq42DuMDc,Helius,782,782
2Wf9V9rPeVRUTfmWdPedCJuWVr6MFfyLuigEq42DuMDc,Jito,203,203
2Wf9V9rPeVRUTfmWdPedCJuWVr6MFfyLuigEq42DuMDc,Moon,3,3
2Wf9V9rPeVRUTfmWdPedCJuWVr6MFfyLuigEq42DuMDc,Nextblock,103,103
2Wf9V9rPeVRUTfmWdPedCJuWVr6MFfyLuigEq42DuMDc,NodeOne,234,234
2Wf9V9rPeVRUTfmWdPedCJuWVr6MFfyLuigEq42DuMDc,Soyas,19,19
2Wf9V9rPeVRUTfmWdPedCJuWVr6MFfyLuigEq42DuMDc,Stellium,213,213
2Wf9V9rPeVRUTfmWdPedCJuWVr6MFfyLuigEq42DuMDc,Temporal,233,232
2Wf9V9rPeVRUTfmWdPedCJuWVr6MFfyLuigEq42DuMDc,blockRazor,7,7
2Wf9V9rPeVRUTfmWdPedCJuWVr6MFfyLuigEq42DuMDc,blockrazor,57,57
2Wf9V9rPeVRUTfmWdPedCJuWVr6MFfyLuigEq42DuMDc,blocksprint,189,189
2Wf9V9rPeVRUTfmWdPedCJuWVr6MFfyLuigEq42DuMDc,bloxroute,142,142
2Wf9V9rPeVRUTfmWdPedCJuWVr6MFfyLuigEq42DuMDc,landX,717,717
2Wf9V9rPeVRUTfmWdPedCJuWVr6MFfyLuigEq42DuMDc,stellium,936,936
2X5yarNUWGyyiJDtRoPATvJYeNecvWG7zCkBrY2J1to1,(none),1307,0
2X5yarNUWGyyiJDtRoPATvJYeNecvWG7zCkBrY2J1to1,0slot,85,85
2X5yarNUWGyyiJDtRoPATvJYeNecvWG7zCkBrY2J1to1,AstraLane,148,148
2X5yarNUWGyyiJDtRoPATvJYeNecvWG7zCkBrY2J1to1,BloxRoute,5,5
2X5yarNUWGyyiJDtRoPATvJYeNecvWG7zCkBrY2J1to1,Falcon,290,290
2X5yarNUWGyyiJDtRoPATvJYeNecvWG7zCkBrY2J1to1,Helius,500,500
2X5yarNUWGyyiJDtRoPATvJYeNecvWG7zCkBrY2J1to1,Jito,94,94
2X5yarNUWGyyiJDtRoPATvJYeNecvWG7zCkBrY2J1to1,Moon,2,2
2X5yarNUWGyyiJDtRoPATvJYeNecvWG7zCkBrY2J1to1,Nextblock,63,63
2X5yarNUWGyyiJDtRoPATvJYeNecvWG7zCkBrY2J1to1,NodeOne,126,126
2X5yarNUWGyyiJDtRoPATvJYeNecvWG7zCkBrY2J1to1,Soyas,16,16
2X5yarNUWGyyiJDtRoPATvJYeNecvWG7zCkBrY2J1to1,Stellium,194,194
2X5yarNUWGyyiJDtRoPATvJYeNecvWG7zCkBrY2J1to1,Temporal,86,86
2X5yarNUWGyyiJDtRoPATvJYeNecvWG7zCkBrY2J1to1,blockRazor,9,9
2X5yarNUWGyyiJDtRoPATvJYeNecvWG7zCkBrY2J1to1,blockrazor,28,28
2X5yarNUWGyyiJDtRoPATvJYeNecvWG7zCkBrY2J1to1,blocksprint,109,109
2X5yarNUWGyyiJDtRoPATvJYeNecvWG7zCkBrY2J1to1,bloxroute,38,38
2X5yarNUWGyyiJDtRoPATvJYeNecvWG7zCkBrY2J1to1,landX,545,545
2X5yarNUWGyyiJDtRoPATvJYeNecvWG7zCkBrY2J1to1,stellium,732,732
2X7WoaXX9KPqNrNfvguhnwo3rjFPNsfw2t75fGjWRthz,(none),231,0
2X7WoaXX9KPqNrNfvguhnwo3rjFPNsfw2t75fGjWRthz,0slot,39,39
2X7WoaXX9KPqNrNfvguhnwo3rjFPNsfw2t75fGjWRthz,AstraLane,36,36
2X7WoaXX9KPqNrNfvguhnwo3rjFPNsfw2t75fGjWRthz,BloxRoute,1,1
2X7WoaXX9KPqNrNfvguhnwo3rjFPNsfw2t75fGjWRthz,Falcon,38,38
2X7WoaXX9KPqNrNfvguhnwo3rjFPNsfw2t75fGjWRthz,Helius,117,117
2X7WoaXX9KPqNrNfvguhnwo3rjFPNsfw2t75fGjWRthz,Jito,35,35
2X7WoaXX9KPqNrNfvguhnwo3rjFPNsfw2t75fGjWRthz,Nextblock,11,11
2X7WoaXX9KPqNrNfvguhnwo3rjFPNsfw2t75fGjWRthz,NodeOne,32,32
2X7WoaXX9KPqNrNfvguhnwo3rjFPNsfw2t75fGjWRthz,Soyas,3,3
2X7WoaXX9KPqNrNfvguhnwo3rjFPNsfw2t75fGjWRthz,Stellium,34,34
2X7WoaXX9KPqNrNfvguhnwo3rjFPNsfw2t75fGjWRthz,Temporal,29,29
2X7WoaXX9KPqNrNfvguhnwo3rjFPNsfw2t75fGjWRthz,blockRazor,2,2
2X7WoaXX9KPqNrNfvguhnwo3rjFPNsfw2t75fGjWRthz,blockrazor,11,11
2X7WoaXX9KPqNrNfvguhnwo3rjFPNsfw2t75fGjWRthz,blocksprint,34,34
2X7WoaXX9KPqNrNfvguhnwo3rjFPNsfw2t75fGjWRthz,bloxroute,2,2
2X7WoaXX9KPqNrNfvguhnwo3rjFPNsfw2t75fGjWRthz,landX,55,55
2X7WoaXX9KPqNrNfvguhnwo3rjFPNsfw2t75fGjWRthz,stellium,77,77
2XmhZKHmfjku3T3nC9xKhgr5bm1CAmWXqNsNt49mo82C,(none),452,0
2XmhZKHmfjku3T3nC9xKhgr5bm1CAmWXqNsNt49mo82C,0slot,29,29
2XmhZKHmfjku3T3nC9xKhgr5bm1CAmWXqNsNt49mo82C,AstraLane,61,61
2XmhZKHmfjku3T3nC9xKhgr5bm1CAmWXqNsNt49mo82C,BloxRoute,3,3
2XmhZKHmfjku3T3nC9xKhgr5bm1CAmWXqNsNt49mo82C,Falcon,194,194
2XmhZKHmfjku3T3nC9xKhgr5bm1CAmWXqNsNt49mo82C,Helius,157,157
2XmhZKHmfjku3T3nC9xKhgr5bm1CAmWXqNsNt49mo82C,Jito,60,60
2XmhZKHmfjku3T3nC9xKhgr5bm1CAmWXqNsNt49mo82C,Nextblock,19,19
2XmhZKHmfjku3T3nC9xKhgr5bm1CAmWXqNsNt49mo82C,NodeOne,50,50
2XmhZKHmfjku3T3nC9xKhgr5bm1CAmWXqNsNt49mo82C,Soyas,7,7
2XmhZKHmfjku3T3nC9xKhgr5bm1CAmWXqNsNt49mo82C,Stellium,110,110
2XmhZKHmfjku3T3nC9xKhgr5bm1CAmWXqNsNt49mo82C,Temporal,40,40
2XmhZKHmfjku3T3nC9xKhgr5bm1CAmWXqNsNt49mo82C,blockRazor,5,5
2XmhZKHmfjku3T3nC9xKhgr5bm1CAmWXqNsNt49mo82C,blockrazor,13,13
2XmhZKHmfjku3T3nC9xKhgr5bm1CAmWXqNsNt49mo82C,blocksprint,49,49
2XmhZKHmfjku3T3nC9xKhgr5bm1CAmWXqNsNt49mo82C,bloxroute,8,8
2XmhZKHmfjku3T3nC9xKhgr5bm1CAmWXqNsNt49mo82C,landX,181,181
2XmhZKHmfjku3T3nC9xKhgr5bm1CAmWXqNsNt49mo82C,stellium,288,288
2abwQG3v2xRemFxRszVHSfnjJNe9zu5X8duKgxjyLeaK,(none),434,0
2abwQG3v2xRemFxRszVHSfnjJNe9zu5X8duKgxjyLeaK,0slot,57,57
2abwQG3v2xRemFxRszVHSfnjJNe9zu5X8duKgxjyLeaK,AstraLane,66,66
2abwQG3v2xRemFxRszVHSfnjJNe9zu5X8duKgxjyLeaK,Falcon,48,48
2abwQG3v2xRemFxRszVHSfnjJNe9zu5X8duKgxjyLeaK,Helius,163,163
2abwQG3v2xRemFxRszVHSfnjJNe9zu5X8duKgxjyLeaK,Jito,91,91
2abwQG3v2xRemFxRszVHSfnjJNe9zu5X8duKgxjyLeaK,Nextblock,28,28
2abwQG3v2xRemFxRszVHSfnjJNe9zu5X8duKgxjyLeaK,NodeOne,35,35
2abwQG3v2xRemFxRszVHSfnjJNe9zu5X8duKgxjyLeaK,Soyas,5,5
2abwQG3v2xRemFxRszVHSfnjJNe9zu5X8duKgxjyLeaK,Stellium,55,55
2abwQG3v2xRemFxRszVHSfnjJNe9zu5X8duKgxjyLeaK,Temporal,65,65
2abwQG3v2xRemFxRszVHSfnjJNe9zu5X8duKgxjyLeaK,blockRazor,2,2
2abwQG3v2xRemFxRszVHSfnjJNe9zu5X8duKgxjyLeaK,blockrazor,14,14
2abwQG3v2xRemFxRszVHSfnjJNe9zu5X8duKgxjyLeaK,blocksprint,40,40
2abwQG3v2xRemFxRszVHSfnjJNe9zu5X8duKgxjyLeaK,bloxroute,2,2
2abwQG3v2xRemFxRszVHSfnjJNe9zu5X8duKgxjyLeaK,landX,21,21
2abwQG3v2xRemFxRszVHSfnjJNe9zu5X8duKgxjyLeaK,stellium,136,136
2bpfa8JbFfZUGUsedDsemu6vQUxbhcEM8ALSH3PgXd2d,(none),232,0
2bpfa8JbFfZUGUsedDsemu6vQUxbhcEM8ALSH3PgXd2d,0slot,29,29
2bpfa8JbFfZUGUsedDsemu6vQUxbhcEM8ALSH3PgXd2d,AstraLane,46,46
2bpfa8JbFfZUGUsedDsemu6vQUxbhcEM8ALSH3PgXd2d,Falcon,49,49
2bpfa8JbFfZUGUsedDsemu6vQUxbhcEM8ALSH3PgXd2d,Helius,131,131
2bpfa8JbFfZUGUsedDsemu6vQUxbhcEM8ALSH3PgXd2d,Jito,3,3
2bpfa8JbFfZUGUsedDsemu6vQUxbhcEM8ALSH3PgXd2d,Nextblock,29,29
2bpfa8JbFfZUGUsedDsemu6vQUxbhcEM8ALSH3PgXd2d,NodeOne,134,134
2bpfa8JbFfZUGUsedDsemu6vQUxbhcEM8ALSH3PgXd2d,Soyas,7,7
2bpfa8JbFfZUGUsedDsemu6vQUxbhcEM8ALSH3PgXd2d,Stellium,52,52
2bpfa8JbFfZUGUsedDsemu6vQUxbhcEM8ALSH3PgXd2d,Temporal,29,29
2bpfa8JbFfZUGUsedDsemu6vQUxbhcEM8ALSH3PgXd2d,blockRazor,2,2
2bpfa8JbFfZUGUsedDsemu6vQUxbhcEM8ALSH3PgXd2d,blockrazor,11,11
2bpfa8JbFfZUGUsedDsemu6vQUxbhcEM8ALSH3PgXd2d,blocksprint,42,42
2bpfa8JbFfZUGUsedDsemu6vQUxbhcEM8ALSH3PgXd2d,bloxroute,36,36
2bpfa8JbFfZUGUsedDsemu6vQUxbhcEM8ALSH3PgXd2d,landX,100,100
2bpfa8JbFfZUGUsedDsemu6vQUxbhcEM8ALSH3PgXd2d,stellium,180,180
2dfgsiSaZ51QYPsECMYMG247PXxyKdwkV9wTHoQb8YEC,(none),1772,0
2dfgsiSaZ51QYPsECMYMG247PXxyKdwkV9wTHoQb8YEC,0slot,171,171
2dfgsiSaZ51QYPsECMYMG247PXxyKdwkV9wTHoQb8YEC,AstraLane,303,303
2dfgsiSaZ51QYPsECMYMG247PXxyKdwkV9wTHoQb8YEC,BloxRoute,6,6
2dfgsiSaZ51QYPsECMYMG247PXxyKdwkV9wTHoQb8YEC,Falcon,475,475
2dfgsiSaZ51QYPsECMYMG247PXxyKdwkV9wTHoQb8YEC,Flashblock,3,3
2dfgsiSaZ51QYPsECMYMG247PXxyKdwkV9wTHoQb8YEC,Helius,776,776
2dfgsiSaZ51QYPsECMYMG247PXxyKdwkV9wTHoQb8YEC,Jito,166,166
2dfgsiSaZ51QYPsECMYMG247PXxyKdwkV9wTHoQb8YEC,Moon,2,2
2dfgsiSaZ51QYPsECMYMG247PXxyKdwkV9wTHoQb8YEC,Nextblock,93,93
2dfgsiSaZ51QYPsECMYMG247PXxyKdwkV9wTHoQb8YEC,NodeOne,199,199
2dfgsiSaZ51QYPsECMYMG247PXxyKdwkV9wTHoQb8YEC,Soyas,19,19
2dfgsiSaZ51QYPsECMYMG247PXxyKdwkV9wTHoQb8YEC,Stellium,282,282
2dfgsiSaZ51QYPsECMYMG247PXxyKdwkV9wTHoQb8YEC,Temporal,156,156
2dfgsiSaZ51QYPsECMYMG247PXxyKdwkV9wTHoQb8YEC,blockRazor,12,12
2dfgsiSaZ51QYPsECMYMG247PXxyKdwkV9wTHoQb8YEC,blockrazor,47,47
2dfgsiSaZ51QYPsECMYMG247PXxyKdwkV9wTHoQb8YEC,blocksprint,190,190
2dfgsiSaZ51QYPsECMYMG247PXxyKdwkV9wTHoQb8YEC,bloxroute,158,158
2dfgsiSaZ51QYPsECMYMG247PXxyKdwkV9wTHoQb8YEC,landX,650,650
2dfgsiSaZ51QYPsECMYMG247PXxyKdwkV9wTHoQb8YEC,stellium,976,976
2dxz129YxB1xtf7Mx6HUT5JspexArNNtQt84FYueWZV7,(none),501,0
2dxz129YxB1xtf7Mx6HUT5JspexArNNtQt84FYueWZV7,0slot,35,35
2dxz129YxB1xtf7Mx6HUT5JspexArNNtQt84FYueWZV7,AstraLane,51,51
2dxz129YxB1xtf7Mx6HUT5JspexArNNtQt84FYueWZV7,Astralane,1,1
2dxz129YxB1xtf7Mx6HUT5JspexArNNtQt84FYueWZV7,Falcon,113,113
2dxz129YxB1xtf7Mx6HUT5JspexArNNtQt84FYueWZV7,Flashblock,1,1
2dxz129YxB1xtf7Mx6HUT5JspexArNNtQt84FYueWZV7,Helius,195,195
2dxz129YxB1xtf7Mx6HUT5JspexArNNtQt84FYueWZV7,Jito,28,28
2dxz129YxB1xtf7Mx6HUT5JspexArNNtQt84FYueWZV7,Nextblock,21,21
2dxz129YxB1xtf7Mx6HUT5JspexArNNtQt84FYueWZV7,NodeOne,49,49
2dxz129YxB1xtf7Mx6HUT5JspexArNNtQt84FYueWZV7,Soyas,4,4
2dxz129YxB1xtf7Mx6HUT5JspexArNNtQt84FYueWZV7,Stellium,88,88
2dxz129YxB1xtf7Mx6HUT5JspexArNNtQt84FYueWZV7,Temporal,60,60
2dxz129YxB1xtf7Mx6HUT5JspexArNNtQt84FYueWZV7,blockRazor,3,3
2dxz129YxB1xtf7Mx6HUT5JspexArNNtQt84FYueWZV7,blockrazor,11,11
2dxz129YxB1xtf7Mx6HUT5JspexArNNtQt84FYueWZV7,blocksprint,48,48
2dxz129YxB1xtf7Mx6HUT5JspexArNNtQt84FYueWZV7,bloxroute,13,13
2dxz129YxB1xtf7Mx6HUT5JspexArNNtQt84FYueWZV7,landX,161,161
2dxz129YxB1xtf7Mx6HUT5JspexArNNtQt84FYueWZV7,stellium,275,275
2gDeeRa3mwPPtw1CMWPkEhRWo9v5izNBBfEXanr8uibX,(none),1297,0
2gDeeRa3mwPPtw1CMWPkEhRWo9v5izNBBfEXanr8uibX,0slot,60,60
2gDeeRa3mwPPtw1CMWPkEhRWo9v5izNBBfEXanr8uibX,AstraLane,134,134
2gDeeRa3mwPPtw1CMWPkEhRWo9v5izNBBfEXanr8uibX,BloxRoute,1,1
2gDeeRa3mwPPtw1CMWPkEhRWo9v5izNBBfEXanr8uibX,Falcon,385,385
2gDeeRa3mwPPtw1CMWPkEhRWo9v5izNBBfEXanr8uibX,Flashblock,1,1
2gDeeRa3mwPPtw1CMWPkEhRWo9v5izNBBfEXanr8uibX,Helius,440,440
2gDeeRa3mwPPtw1CMWPkEhRWo9v5izNBBfEXanr8uibX,Jito,153,153
2gDeeRa3mwPPtw1CMWPkEhRWo9v5izNBBfEXanr8uibX,Nextblock,62,62
2gDeeRa3mwPPtw1CMWPkEhRWo9v5izNBBfEXanr8uibX,NodeOne,131,131
2gDeeRa3mwPPtw1CMWPkEhRWo9v5izNBBfEXanr8uibX,Soyas,14,14
2gDeeRa3mwPPtw1CMWPkEhRWo9v5izNBBfEXanr8uibX,Stellium,218,218
2gDeeRa3mwPPtw1CMWPkEhRWo9v5izNBBfEXanr8uibX,Temporal,92,92
2gDeeRa3mwPPtw1CMWPkEhRWo9v5izNBBfEXanr8uibX,blockRazor,8,8
2gDeeRa3mwPPtw1CMWPkEhRWo9v5izNBBfEXanr8uibX,blockrazor,24,24
2gDeeRa3mwPPtw1CMWPkEhRWo9v5izNBBfEXanr8uibX,blocksprint,118,118
2gDeeRa3mwPPtw1CMWPkEhRWo9v5izNBBfEXanr8uibX,bloxroute,51,51
2gDeeRa3mwPPtw1CMWPkEhRWo9v5izNBBfEXanr8uibX,landX,308,308
2gDeeRa3mwPPtw1CMWPkEhRWo9v5izNBBfEXanr8uibX,stellium,597,597
2icWF7TvxyycF7d1NHpMZYuJJqiRy2h7wmjFSbqUij1B,(none),419,0
2icWF7TvxyycF7d1NHpMZYuJJqiRy2h7wmjFSbqUij1B,0slot,37,37
2icWF7TvxyycF7d1NHpMZYuJJqiRy2h7wmjFSbqUij1B,AstraLane,78,78
2icWF7TvxyycF7d1NHpMZYuJJqiRy2h7wmjFSbqUij1B,BloxRoute,1,1
2icWF7TvxyycF7d1NHpMZYuJJqiRy2h7wmjFSbqUij1B,Falcon,96,96
2icWF7TvxyycF7d1NHpMZYuJJqiRy2h7wmjFSbqUij1B,Flashblock,2,2
2icWF7TvxyycF7d1NHpMZYuJJqiRy2h7wmjFSbqUij1B,Helius,182,182
2icWF7TvxyycF7d1NHpMZYuJJqiRy2h7wmjFSbqUij1B,Jito,73,73
2icWF7TvxyycF7d1NHpMZYuJJqiRy2h7wmjFSbqUij1B,Nextblock,24,24
2icWF7TvxyycF7d1NHpMZYuJJqiRy2h7wmjFSbqUij1B,NodeOne,112,112
2icWF7TvxyycF7d1NHpMZYuJJqiRy2h7wmjFSbqUij1B,Soyas,8,8
2icWF7TvxyycF7d1NHpMZYuJJqiRy2h7wmjFSbqUij1B,Stellium,62,62
2icWF7TvxyycF7d1NHpMZYuJJqiRy2h7wmjFSbqUij1B,Temporal,44,44
2icWF7TvxyycF7d1NHpMZYuJJqiRy2h7wmjFSbqUij1B,blockRazor,1,1
2icWF7TvxyycF7d1NHpMZYuJJqiRy2h7wmjFSbqUij1B,blockrazor,9,9
2icWF7TvxyycF7d1NHpMZYuJJqiRy2h7wmjFSbqUij1B,blocksprint,36,36
2icWF7TvxyycF7d1NHpMZYuJJqiRy2h7wmjFSbqUij1B,bloxroute,40,40
2icWF7TvxyycF7d1NHpMZYuJJqiRy2h7wmjFSbqUij1B,landX,168,168
2icWF7TvxyycF7d1NHpMZYuJJqiRy2h7wmjFSbqUij1B,stellium,242,242
2jS8AX38m8F9C5juToW1FmTufEbb1DfDzZJj9HSJcWwo,(none),853,0
2jS8AX38m8F9C5juToW1FmTufEbb1DfDzZJj9HSJcWwo,0slot,71,71
2jS8AX38m8F9C5juToW1FmTufEbb1DfDzZJj9HSJcWwo,AstraLane,102,102
2jS8AX38m8F9C5juToW1FmTufEbb1DfDzZJj9HSJcWwo,BloxRoute,2,2
2jS8AX38m8F9C5juToW1FmTufEbb1DfDzZJj9HSJcWwo,Falcon,155,155
2jS8AX38m8F9C5juToW1FmTufEbb1DfDzZJj9HSJcWwo,Helius,276,276
2jS8AX38m8F9C5juToW1FmTufEbb1DfDzZJj9HSJcWwo,Jito,86,86
2jS8AX38m8F9C5juToW1FmTufEbb1DfDzZJj9HSJcWwo,Nextblock,48,48
2jS8AX38m8F9C5juToW1FmTufEbb1DfDzZJj9HSJcWwo,NodeOne,185,185
2jS8AX38m8F9C5juToW1FmTufEbb1DfDzZJj9HSJcWwo,Soyas,7,7
2jS8AX38m8F9C5juToW1FmTufEbb1DfDzZJj9HSJcWwo,Stellium,115,115
2jS8AX38m8F9C5juToW1FmTufEbb1DfDzZJj9HSJcWwo,Temporal,82,82
2jS8AX38m8F9C5juToW1FmTufEbb1DfDzZJj9HSJcWwo,blockRazor,6,6
2jS8AX38m8F9C5juToW1FmTufEbb1DfDzZJj9HSJcWwo,blockrazor,23,23
2jS8AX38m8F9C5juToW1FmTufEbb1DfDzZJj9HSJcWwo,blocksprint,79,79
2jS8AX38m8F9C5juToW1FmTufEbb1DfDzZJj9HSJcWwo,bloxroute,48,48
2jS8AX38m8F9C5juToW1FmTufEbb1DfDzZJj9HSJcWwo,landX,268,268
2jS8AX38m8F9C5juToW1FmTufEbb1DfDzZJj9HSJcWwo,stellium,395,395
2m1A2WM1vte7RWz5xTTw4i1SiXmngVtXhqFERaUjoAAb,(none),9243,0
2m1A2WM1vte7RWz5xTTw4i1SiXmngVtXhqFERaUjoAAb,0slot,759,759
2m1A2WM1vte7RWz5xTTw4i1SiXmngVtXhqFERaUjoAAb,AstraLane,1297,1297
2m1A2WM1vte7RWz5xTTw4i1SiXmngVtXhqFERaUjoAAb,Astralane,1,1
2m1A2WM1vte7RWz5xTTw4i1SiXmngVtXhqFERaUjoAAb,BloxRoute,25,25
2m1A2WM1vte7RWz5xTTw4i1SiXmngVtXhqFERaUjoAAb,Falcon,2028,2028
2m1A2WM1vte7RWz5xTTw4i1SiXmngVtXhqFERaUjoAAb,Flashblock,7,7
2m1A2WM1vte7RWz5xTTw4i1SiXmngVtXhqFERaUjoAAb,Helius,3090,3090
2m1A2WM1vte7RWz5xTTw4i1SiXmngVtXhqFERaUjoAAb,Jito,996,996
2m1A2WM1vte7RWz5xTTw4i1SiXmngVtXhqFERaUjoAAb,Moon,2,2
2m1A2WM1vte7RWz5xTTw4i1SiXmngVtXhqFERaUjoAAb,Nextblock,463,463
2m1A2WM1vte7RWz5xTTw4i1SiXmngVtXhqFERaUjoAAb,NodeOne,870,870
2m1A2WM1vte7RWz5xTTw4i1SiXmngVtXhqFERaUjoAAb,Soyas,108,108
2m1A2WM1vte7RWz5xTTw4i1SiXmngVtXhqFERaUjoAAb,Stellium,1447,1447
2m1A2WM1vte7RWz5xTTw4i1SiXmngVtXhqFERaUjoAAb,Temporal,1078,1078
2m1A2WM1vte7RWz5xTTw4i1SiXmngVtXhqFERaUjoAAb,blockRazor,55,55
2m1A2WM1vte7RWz5xTTw4i1SiXmngVtXhqFERaUjoAAb,blockrazor,231,231
2m1A2WM1vte7RWz5xTTw4i1SiXmngVtXhqFERaUjoAAb,blocksprint,931,931
2m1A2WM1vte7RWz5xTTw4i1SiXmngVtXhqFERaUjoAAb,bloxroute,590,590
2m1A2WM1vte7RWz5xTTw4i1SiXmngVtXhqFERaUjoAAb,landX,2773,2773
2m1A2WM1vte7RWz5xTTw4i1SiXmngVtXhqFERaUjoAAb,stellium,4569,4569
2mDrrmhSzpSyaF12izGk8hnFjtKCGeCFPwQHpRiJDby2,(none),1192,0
2mDrrmhSzpSyaF12izGk8hnFjtKCGeCFPwQHpRiJDby2,0slot,95,95
2mDrrmhSzpSyaF12izGk8hnFjtKCGeCFPwQHpRiJDby2,AstraLane,170,170
2mDrrmhSzpSyaF12izGk8hnFjtKCGeCFPwQHpRiJDby2,BloxRoute,6,6
2mDrrmhSzpSyaF12izGk8hnFjtKCGeCFPwQHpRiJDby2,Falcon,221,221
2mDrrmhSzpSyaF12izGk8hnFjtKCGeCFPwQHpRiJDby2,Flashblock,4,4
2mDrrmhSzpSyaF12izGk8hnFjtKCGeCFPwQHpRiJDby2,Helius,397,397
2mDrrmhSzpSyaF12izGk8hnFjtKCGeCFPwQHpRiJDby2,Jito,137,137
2mDrrmhSzpSyaF12izGk8hnFjtKCGeCFPwQHpRiJDby2,Moon,1,1
2mDrrmhSzpSyaF12izGk8hnFjtKCGeCFPwQHpRiJDby2,Nextblock,63,63
2mDrrmhSzpSyaF12izGk8hnFjtKCGeCFPwQHpRiJDby2,NodeOne,140,140
2mDrrmhSzpSyaF12izGk8hnFjtKCGeCFPwQHpRiJDby2,Soyas,18,18
2mDrrmhSzpSyaF12izGk8hnFjtKCGeCFPwQHpRiJDby2,Stellium,173,173
2mDrrmhSzpSyaF12izGk8hnFjtKCGeCFPwQHpRiJDby2,Temporal,112,111
2mDrrmhSzpSyaF12izGk8hnFjtKCGeCFPwQHpRiJDby2,blockRazor,5,5
2mDrrmhSzpSyaF12izGk8hnFjtKCGeCFPwQHpRiJDby2,blockrazor,32,32
2mDrrmhSzpSyaF12izGk8hnFjtKCGeCFPwQHpRiJDby2,blocksprint,102,102
2mDrrmhSzpSyaF12izGk8hnFjtKCGeCFPwQHpRiJDby2,bloxroute,74,74
2mDrrmhSzpSyaF12izGk8hnFjtKCGeCFPwQHpRiJDby2,landX,276,276
2mDrrmhSzpSyaF12izGk8hnFjtKCGeCFPwQHpRiJDby2,stellium,441,441
2mMGsb5uy1Q4Dvezr8HK2E8SJoChcb2X7b61tJPaVHHd,(none),2643,0
2mMGsb5uy1Q4Dvezr8HK2E8SJoChcb2X7b61tJPaVHHd,0slot,253,253
2mMGsb5uy1Q4Dvezr8HK2E8SJoChcb2X7b61tJPaVHHd,AstraLane,952,952
2mMGsb5uy1Q4Dvezr8HK2E8SJoChcb2X7b61tJPaVHHd,Astralane,3,3
2mMGsb5uy1Q4Dvezr8HK2E8SJoChcb2X7b61tJPaVHHd,BloxRoute,2,2
2mMGsb5uy1Q4Dvezr8HK2E8SJoChcb2X7b61tJPaVHHd,Falcon,829,829
2mMGsb5uy1Q4Dvezr8HK2E8SJoChcb2X7b61tJPaVHHd,Flashblock,6,6
2mMGsb5uy1Q4Dvezr8HK2E8SJoChcb2X7b61tJPaVHHd,Helius,838,838
2mMGsb5uy1Q4Dvezr8HK2E8SJoChcb2X7b61tJPaVHHd,Jito,291,291
2mMGsb5uy1Q4Dvezr8HK2E8SJoChcb2X7b61tJPaVHHd,Moon,1,1
2mMGsb5uy1Q4Dvezr8HK2E8SJoChcb2X7b61tJPaVHHd,Nextblock,113,113
2mMGsb5uy1Q4Dvezr8HK2E8SJoChcb2X7b61tJPaVHHd,NodeOne,308,308
2mMGsb5uy1Q4Dvezr8HK2E8SJoChcb2X7b61tJPaVHHd,Soyas,25,25
2mMGsb5uy1Q4Dvezr8HK2E8SJoChcb2X7b61tJPaVHHd,Stellium,475,475
2mMGsb5uy1Q4Dvezr8HK2E8SJoChcb2X7b61tJPaVHHd,Temporal,457,457
2mMGsb5uy1Q4Dvezr8HK2E8SJoChcb2X7b61tJPaVHHd,blockRazor,13,13
2mMGsb5uy1Q4Dvezr8HK2E8SJoChcb2X7b61tJPaVHHd,blockrazor,66,66
2mMGsb5uy1Q4Dvezr8HK2E8SJoChcb2X7b61tJPaVHHd,blocksprint,324,324
2mMGsb5uy1Q4Dvezr8HK2E8SJoChcb2X7b61tJPaVHHd,bloxroute,600,599
2mMGsb5uy1Q4Dvezr8HK2E8SJoChcb2X7b61tJPaVHHd,landX,758,758
2mMGsb5uy1Q4Dvezr8HK2E8SJoChcb2X7b61tJPaVHHd,stellium,1460,1460
2nhGaJvR17TeytzJVajPfABHQcAwinKoCG8F69gRdQot,(none),342,0
2nhGaJvR17TeytzJVajPfABHQcAwinKoCG8F69gRdQot,0slot,19,19
2nhGaJvR17TeytzJVajPfABHQcAwinKoCG8F69gRdQot,AstraLane,74,74
2nhGaJvR17TeytzJVajPfABHQcAwinKoCG8F69gRdQot,BloxRoute,2,2
2nhGaJvR17TeytzJVajPfABHQcAwinKoCG8F69gRdQot,Falcon,73,73
2nhGaJvR17TeytzJVajPfABHQcAwinKoCG8F69gRdQot,Helius,136,136
2nhGaJvR17TeytzJVajPfABHQcAwinKoCG8F69gRdQot,Jito,54,54
2nhGaJvR17TeytzJVajPfABHQcAwinKoCG8F69gRdQot,Nextblock,19,19
2nhGaJvR17TeytzJVajPfABHQcAwinKoCG8F69gRdQot,NodeOne,30,30
2nhGaJvR17TeytzJVajPfABHQcAwinKoCG8F69gRdQot,Soyas,2,2
2nhGaJvR17TeytzJVajPfABHQcAwinKoCG8F69gRdQot,Stellium,44,44
2nhGaJvR17TeytzJVajPfABHQcAwinKoCG8F69gRdQot,Temporal,44,44
2nhGaJvR17TeytzJVajPfABHQcAwinKoCG8F69gRdQot,blockRazor,2,2
2nhGaJvR17TeytzJVajPfABHQcAwinKoCG8F69gRdQot,blockrazor,8,8
2nhGaJvR17TeytzJVajPfABHQcAwinKoCG8F69gRdQot,blocksprint,39,39
2nhGaJvR17TeytzJVajPfABHQcAwinKoCG8F69gRdQot,bloxroute,40,40
2nhGaJvR17TeytzJVajPfABHQcAwinKoCG8F69gRdQot,landX,89,89
2nhGaJvR17TeytzJVajPfABHQcAwinKoCG8F69gRdQot,stellium,153,153
2oHUYyW2PU9VJh4XBs5TbGgzdernunvGqyKth3kxW4ns,(none),1063,0
2oHUYyW2PU9VJh4XBs5TbGgzdernunvGqyKth3kxW4ns,0slot,111,111
2oHUYyW2PU9VJh4XBs5TbGgzdernunvGqyKth3kxW4ns,AstraLane,142,142
2oHUYyW2PU9VJh4XBs5TbGgzdernunvGqyKth3kxW4ns,Astralane,1,1
2oHUYyW2PU9VJh4XBs5TbGgzdernunvGqyKth3kxW4ns,BloxRoute,1,1
2oHUYyW2PU9VJh4XBs5TbGgzdernunvGqyKth3kxW4ns,Falcon,224,224
2oHUYyW2PU9VJh4XBs5TbGgzdernunvGqyKth3kxW4ns,Flashblock,2,2
2oHUYyW2PU9VJh4XBs5TbGgzdernunvGqyKth3kxW4ns,Helius,362,362
2oHUYyW2PU9VJh4XBs5TbGgzdernunvGqyKth3kxW4ns,Jito,182,182
2oHUYyW2PU9VJh4XBs5TbGgzdernunvGqyKth3kxW4ns,Nextblock,50,50
2oHUYyW2PU9VJh4XBs5TbGgzdernunvGqyKth3kxW4ns,NodeOne,118,118
2oHUYyW2PU9VJh4XBs5TbGgzdernunvGqyKth3kxW4ns,Soyas,6,6
2oHUYyW2PU9VJh4XBs5TbGgzdernunvGqyKth3kxW4ns,Stellium,178,178
2oHUYyW2PU9VJh4XBs5TbGgzdernunvGqyKth3kxW4ns,Temporal,101,101
2oHUYyW2PU9VJh4XBs5TbGgzdernunvGqyKth3kxW4ns,blockRazor,6,6
2oHUYyW2PU9VJh4XBs5TbGgzdernunvGqyKth3kxW4ns,blockrazor,26,26
2oHUYyW2PU9VJh4XBs5TbGgzdernunvGqyKth3kxW4ns,blocksprint,98,98
2oHUYyW2PU9VJh4XBs5TbGgzdernunvGqyKth3kxW4ns,bloxroute,89,89
2oHUYyW2PU9VJh4XBs5TbGgzdernunvGqyKth3kxW4ns,landX,263,263
2oHUYyW2PU9VJh4XBs5TbGgzdernunvGqyKth3kxW4ns,stellium,494,494
2t53LvZfskcpXkdwLaBnfZLbNgyVHPu2BNFpcRBaEBhM,(none),650,0
2t53LvZfskcpXkdwLaBnfZLbNgyVHPu2BNFpcRBaEBhM,0slot,39,39
2t53LvZfskcpXkdwLaBnfZLbNgyVHPu2BNFpcRBaEBhM,AstraLane,58,58
2t53LvZfskcpXkdwLaBnfZLbNgyVHPu2BNFpcRBaEBhM,BloxRoute,4,4
2t53LvZfskcpXkdwLaBnfZLbNgyVHPu2BNFpcRBaEBhM,Falcon,160,160
2t53LvZfskcpXkdwLaBnfZLbNgyVHPu2BNFpcRBaEBhM,Helius,207,207
2t53LvZfskcpXkdwLaBnfZLbNgyVHPu2BNFpcRBaEBhM,Jito,128,128
2t53LvZfskcpXkdwLaBnfZLbNgyVHPu2BNFpcRBaEBhM,Moon,3,3
2t53LvZfskcpXkdwLaBnfZLbNgyVHPu2BNFpcRBaEBhM,Nextblock,24,24
2t53LvZfskcpXkdwLaBnfZLbNgyVHPu2BNFpcRBaEBhM,NodeOne,81,81
2t53LvZfskcpXkdwLaBnfZLbNgyVHPu2BNFpcRBaEBhM,Soyas,5,5
2t53LvZfskcpXkdwLaBnfZLbNgyVHPu2BNFpcRBaEBhM,Stellium,102,102
2t53LvZfskcpXkdwLaBnfZLbNgyVHPu2BNFpcRBaEBhM,Temporal,54,54
2t53LvZfskcpXkdwLaBnfZLbNgyVHPu2BNFpcRBaEBhM,blockRazor,3,3
2t53LvZfskcpXkdwLaBnfZLbNgyVHPu2BNFpcRBaEBhM,blockrazor,7,7
2t53LvZfskcpXkdwLaBnfZLbNgyVHPu2BNFpcRBaEBhM,blocksprint,37,37
2t53LvZfskcpXkdwLaBnfZLbNgyVHPu2BNFpcRBaEBhM,bloxroute,33,33
2t53LvZfskcpXkdwLaBnfZLbNgyVHPu2BNFpcRBaEBhM,landX,171,171
2t53LvZfskcpXkdwLaBnfZLbNgyVHPu2BNFpcRBaEBhM,stellium,292,292
2ufnDYz755WuHqGCczry1ACTNUVZdn2cm43bCyyPSZtH,(none),57,0
2ufnDYz755WuHqGCczry1ACTNUVZdn2cm43bCyyPSZtH,0slot,10,10
2ufnDYz755WuHqGCczry1ACTNUVZdn2cm43bCyyPSZtH,AstraLane,11,11
2ufnDYz755WuHqGCczry1ACTNUVZdn2cm43bCyyPSZtH,Astralane,1,1
2ufnDYz755WuHqGCczry1ACTNUVZdn2cm43bCyyPSZtH,Falcon,27,27
2ufnDYz755WuHqGCczry1ACTNUVZdn2cm43bCyyPSZtH,Helius,18,18
2ufnDYz755WuHqGCczry1ACTNUVZdn2cm43bCyyPSZtH,Jito,1,1
2ufnDYz755WuHqGCczry1ACTNUVZdn2cm43bCyyPSZtH,NodeOne,23,23
2ufnDYz755WuHqGCczry1ACTNUVZdn2cm43bCyyPSZtH,Stellium,9,9
2ufnDYz755WuHqGCczry1ACTNUVZdn2cm43bCyyPSZtH,Temporal,7,7
2ufnDYz755WuHqGCczry1ACTNUVZdn2cm43bCyyPSZtH,blockrazor,2,2
2ufnDYz755WuHqGCczry1ACTNUVZdn2cm43bCyyPSZtH,blocksprint,4,4
2ufnDYz755WuHqGCczry1ACTNUVZdn2cm43bCyyPSZtH,bloxroute,7,7
2ufnDYz755WuHqGCczry1ACTNUVZdn2cm43bCyyPSZtH,landX,18,18
2ufnDYz755WuHqGCczry1ACTNUVZdn2cm43bCyyPSZtH,stellium,41,41
2uxEHizFmmnLekKG2LZJwxNabhpymEYfdVCpgDxjt87m,(none),171,0
2uxEHizFmmnLekKG2LZJwxNabhpymEYfdVCpgDxjt87m,0slot,17,17
2uxEHizFmmnLekKG2LZJwxNabhpymEYfdVCpgDxjt87m,AstraLane,11,11
2uxEHizFmmnLekKG2LZJwxNabhpymEYfdVCpgDxjt87m,Falcon,38,38
2uxEHizFmmnLekKG2LZJwxNabhpymEYfdVCpgDxjt87m,Helius,23,23
2uxEHizFmmnLekKG2LZJwxNabhpymEYfdVCpgDxjt87m,Jito,40,40
2uxEHizFmmnLekKG2LZJwxNabhpymEYfdVCpgDxjt87m,Nextblock,5,5
2uxEHizFmmnLekKG2LZJwxNabhpymEYfdVCpgDxjt87m,NodeOne,12,12
2uxEHizFmmnLekKG2LZJwxNabhpymEYfdVCpgDxjt87m,Soyas,1,1
2uxEHizFmmnLekKG2LZJwxNabhpymEYfdVCpgDxjt87m,Stellium,19,19
2uxEHizFmmnLekKG2LZJwxNabhpymEYfdVCpgDxjt87m,Temporal,13,13
2uxEHizFmmnLekKG2LZJwxNabhpymEYfdVCpgDxjt87m,blockrazor,3,3
2uxEHizFmmnLekKG2LZJwxNabhpymEYfdVCpgDxjt87m,blocksprint,10,10
2uxEHizFmmnLekKG2LZJwxNabhpymEYfdVCpgDxjt87m,bloxroute,13,13
2uxEHizFmmnLekKG2LZJwxNabhpymEYfdVCpgDxjt87m,landX,20,20
2uxEHizFmmnLekKG2LZJwxNabhpymEYfdVCpgDxjt87m,stellium,53,53
2zykwzzo1pd3H2oSj5j5SRLTvmpa9Nr2S2Bh8tTVd5Tq,(none),659,0
2zykwzzo1pd3H2oSj5j5SRLTvmpa9Nr2S2Bh8tTVd5Tq,0slot,74,74
2zykwzzo1pd3H2oSj5j5SRLTvmpa9Nr2S2Bh8tTVd5Tq,AstraLane,108,108
2zykwzzo1pd3H2oSj5j5SRLTvmpa9Nr2S2Bh8tTVd5Tq,Falcon,154,154
2zykwzzo1pd3H2oSj5j5SRLTvmpa9Nr2S2Bh8tTVd5Tq,Helius,238,238
2zykwzzo1pd3H2oSj5j5SRLTvmpa9Nr2S2Bh8tTVd5Tq,Jito,68,68
2zykwzzo1pd3H2oSj5j5SRLTvmpa9Nr2S2Bh8tTVd5Tq,Nextblock,37,37
2zykwzzo1pd3H2oSj5j5SRLTvmpa9Nr2S2Bh8tTVd5Tq,NodeOne,79,79
2zykwzzo1pd3H2oSj5j5SRLTvmpa9Nr2S2Bh8tTVd5Tq,Soyas,9,9
2zykwzzo1pd3H2oSj5j5SRLTvmpa9Nr2S2Bh8tTVd5Tq,Stellium,121,121
2zykwzzo1pd3H2oSj5j5SRLTvmpa9Nr2S2Bh8tTVd5Tq,Temporal,50,50
2zykwzzo1pd3H2oSj5j5SRLTvmpa9Nr2S2Bh8tTVd5Tq,blockRazor,3,3
2zykwzzo1pd3H2oSj5j5SRLTvmpa9Nr2S2Bh8tTVd5Tq,blockrazor,15,15
2zykwzzo1pd3H2oSj5j5SRLTvmpa9Nr2S2Bh8tTVd5Tq,blocksprint,64,64
2zykwzzo1pd3H2oSj5j5SRLTvmpa9Nr2S2Bh8tTVd5Tq,bloxroute,69,69
2zykwzzo1pd3H2oSj5j5SRLTvmpa9Nr2S2Bh8tTVd5Tq,landX,180,180
2zykwzzo1pd3H2oSj5j5SRLTvmpa9Nr2S2Bh8tTVd5Tq,stellium,327,327
32jCuWyy4aJjyv4gd4DSGBHmFU5KUSSfqbmPb9GpMin6,(none),252,0
32jCuWyy4aJjyv4gd4DSGBHmFU5KUSSfqbmPb9GpMin6,0slot,13,13
32jCuWyy4aJjyv4gd4DSGBHmFU5KUSSfqbmPb9GpMin6,AstraLane,26,26
32jCuWyy4aJjyv4gd4DSGBHmFU5KUSSfqbmPb9GpMin6,BloxRoute,2,2
32jCuWyy4aJjyv4gd4DSGBHmFU5KUSSfqbmPb9GpMin6,Falcon,92,92
32jCuWyy4aJjyv4gd4DSGBHmFU5KUSSfqbmPb9GpMin6,Helius,72,72
32jCuWyy4aJjyv4gd4DSGBHmFU5KUSSfqbmPb9GpMin6,Jito,32,32
32jCuWyy4aJjyv4gd4DSGBHmFU5KUSSfqbmPb9GpMin6,Nextblock,8,8
32jCuWyy4aJjyv4gd4DSGBHmFU5KUSSfqbmPb9GpMin6,NodeOne,26,26
32jCuWyy4aJjyv4gd4DSGBHmFU5KUSSfqbmPb9GpMin6,Soyas,3,3
32jCuWyy4aJjyv4gd4DSGBHmFU5KUSSfqbmPb9GpMin6,Stellium,56,56
32jCuWyy4aJjyv4gd4DSGBHmFU5KUSSfqbmPb9GpMin6,Temporal,13,13
32jCuWyy4aJjyv4gd4DSGBHmFU5KUSSfqbmPb9GpMin6,blockRazor,2,2
32jCuWyy4aJjyv4gd4DSGBHmFU5KUSSfqbmPb9GpMin6,blockrazor,5,5
32jCuWyy4aJjyv4gd4DSGBHmFU5KUSSfqbmPb9GpMin6,blocksprint,18,18
32jCuWyy4aJjyv4gd4DSGBHmFU5KUSSfqbmPb9GpMin6,bloxroute,10,10
32jCuWyy4aJjyv4gd4DSGBHmFU5KUSSfqbmPb9GpMin6,landX,138,138
32jCuWyy4aJjyv4gd4DSGBHmFU5KUSSfqbmPb9GpMin6,stellium,240,240
32ke3uf1qL3xLqbwzU76T2sbG2XaJrGuSCNdUnien3zm,(none),1519,0
32ke3uf1qL3xLqbwzU76T2sbG2XaJrGuSCNdUnien3zm,0slot,125,125
32ke3uf1qL3xLqbwzU76T2sbG2XaJrGuSCNdUnien3zm,AstraLane,268,268
32ke3uf1qL3xLqbwzU76T2sbG2XaJrGuSCNdUnien3zm,BloxRoute,3,3
32ke3uf1qL3xLqbwzU76T2sbG2XaJrGuSCNdUnien3zm,Falcon,212,212
32ke3uf1qL3xLqbwzU76T2sbG2XaJrGuSCNdUnien3zm,Flashblock,2,2
32ke3uf1qL3xLqbwzU76T2sbG2XaJrGuSCNdUnien3zm,Helius,700,695
32ke3uf1qL3xLqbwzU76T2sbG2XaJrGuSCNdUnien3zm,Jito,284,284
32ke3uf1qL3xLqbwzU76T2sbG2XaJrGuSCNdUnien3zm,Moon,2,2
32ke3uf1qL3xLqbwzU76T2sbG2XaJrGuSCNdUnien3zm,Nextblock,61,61
32ke3uf1qL3xLqbwzU76T2sbG2XaJrGuSCNdUnien3zm,NodeOne,123,123
32ke3uf1qL3xLqbwzU76T2sbG2XaJrGuSCNdUnien3zm,Soyas,21,21
32ke3uf1qL3xLqbwzU76T2sbG2XaJrGuSCNdUnien3zm,Stellium,269,269
32ke3uf1qL3xLqbwzU76T2sbG2XaJrGuSCNdUnien3zm,Temporal,255,254
32ke3uf1qL3xLqbwzU76T2sbG2XaJrGuSCNdUnien3zm,blockRazor,11,11
32ke3uf1qL3xLqbwzU76T2sbG2XaJrGuSCNdUnien3zm,blockrazor,38,38
32ke3uf1qL3xLqbwzU76T2sbG2XaJrGuSCNdUnien3zm,blocksprint,138,138
32ke3uf1qL3xLqbwzU76T2sbG2XaJrGuSCNdUnien3zm,bloxroute,67,67
32ke3uf1qL3xLqbwzU76T2sbG2XaJrGuSCNdUnien3zm,landX,541,541
32ke3uf1qL3xLqbwzU76T2sbG2XaJrGuSCNdUnien3zm,stellium,921,921
38zm5bBgDaNRSQBDUAL72kMH3RsX4UKmZiNmmrjuTq8W,(none),716,0
38zm5bBgDaNRSQBDUAL72kMH3RsX4UKmZiNmmrjuTq8W,0slot,75,75
38zm5bBgDaNRSQBDUAL72kMH3RsX4UKmZiNmmrjuTq8W,AstraLane,102,102
38zm5bBgDaNRSQBDUAL72kMH3RsX4UKmZiNmmrjuTq8W,BloxRoute,2,2
38zm5bBgDaNRSQBDUAL72kMH3RsX4UKmZiNmmrjuTq8W,Falcon,171,171
38zm5bBgDaNRSQBDUAL72kMH3RsX4UKmZiNmmrjuTq8W,Helius,294,294
38zm5bBgDaNRSQBDUAL72kMH3RsX4UKmZiNmmrjuTq8W,Jito,82,82
38zm5bBgDaNRSQBDUAL72kMH3RsX4UKmZiNmmrjuTq8W,Nextblock,21,21
38zm5bBgDaNRSQBDUAL72kMH3RsX4UKmZiNmmrjuTq8W,NodeOne,89,89
38zm5bBgDaNRSQBDUAL72kMH3RsX4UKmZiNmmrjuTq8W,Soyas,10,10
38zm5bBgDaNRSQBDUAL72kMH3RsX4UKmZiNmmrjuTq8W,Stellium,86,86
38zm5bBgDaNRSQBDUAL72kMH3RsX4UKmZiNmmrjuTq8W,Temporal,100,99
38zm5bBgDaNRSQBDUAL72kMH3RsX4UKmZiNmmrjuTq8W,blockrazor,15,15
38zm5bBgDaNRSQBDUAL72kMH3RsX4UKmZiNmmrjuTq8W,blocksprint,67,67
38zm5bBgDaNRSQBDUAL72kMH3RsX4UKmZiNmmrjuTq8W,bloxroute,38,38
38zm5bBgDaNRSQBDUAL72kMH3RsX4UKmZiNmmrjuTq8W,landX,163,163
38zm5bBgDaNRSQBDUAL72kMH3RsX4UKmZiNmmrjuTq8W,stellium,253,253
3B2mGaZoFwzAnWCoZ4EAKdps4FbYbDKQ48jo8u1XWynU,(none),1592,0
3B2mGaZoFwzAnWCoZ4EAKdps4FbYbDKQ48jo8u1XWynU,0slot,182,182
3B2mGaZoFwzAnWCoZ4EAKdps4FbYbDKQ48jo8u1XWynU,AstraLane,212,212
3B2mGaZoFwzAnWCoZ4EAKdps4FbYbDKQ48jo8u1XWynU,Astralane,1,1
3B2mGaZoFwzAnWCoZ4EAKdps4FbYbDKQ48jo8u1XWynU,BloxRoute,5,5
3B2mGaZoFwzAnWCoZ4EAKdps4FbYbDKQ48jo8u1XWynU,Falcon,471,471
3B2mGaZoFwzAnWCoZ4EAKdps4FbYbDKQ48jo8u1XWynU,Flashblock,1,1
3B2mGaZoFwzAnWCoZ4EAKdps4FbYbDKQ48jo8u1XWynU,Helius,630,630
3B2mGaZoFwzAnWCoZ4EAKdps4FbYbDKQ48jo8u1XWynU,Jito,288,288
3B2mGaZoFwzAnWCoZ4EAKdps4FbYbDKQ48jo8u1XWynU,Moon,2,2
3B2mGaZoFwzAnWCoZ4EAKdps4FbYbDKQ48jo8u1XWynU,Nextblock,101,101
3B2mGaZoFwzAnWCoZ4EAKdps4FbYbDKQ48jo8u1XWynU,NodeOne,242,242
3B2mGaZoFwzAnWCoZ4EAKdps4FbYbDKQ48jo8u1XWynU,Soyas,14,14
3B2mGaZoFwzAnWCoZ4EAKdps4FbYbDKQ48jo8u1XWynU,Stellium,306,306
3B2mGaZoFwzAnWCoZ4EAKdps4FbYbDKQ48jo8u1XWynU,Temporal,153,153
3B2mGaZoFwzAnWCoZ4EAKdps4FbYbDKQ48jo8u1XWynU,blockRazor,12,12
3B2mGaZoFwzAnWCoZ4EAKdps4FbYbDKQ48jo8u1XWynU,blockrazor,42,42
3B2mGaZoFwzAnWCoZ4EAKdps4FbYbDKQ48jo8u1XWynU,blocksprint,226,226
3B2mGaZoFwzAnWCoZ4EAKdps4FbYbDKQ48jo8u1XWynU,bloxroute,195,194
3B2mGaZoFwzAnWCoZ4EAKdps4FbYbDKQ48jo8u1XWynU,landX,473,473
3B2mGaZoFwzAnWCoZ4EAKdps4FbYbDKQ48jo8u1XWynU,stellium,867,867
3BeharBd3j4sKQp7Qze27JLQLd9AEEwGTX9TC7dXYSNw,(none),453,0
3BeharBd3j4sKQp7Qze27JLQLd9AEEwGTX9TC7dXYSNw,0slot,49,49
3BeharBd3j4sKQp7Qze27JLQLd9AEEwGTX9TC7dXYSNw,AstraLane,67,67
3BeharBd3j4sKQp7Qze27JLQLd9AEEwGTX9TC7dXYSNw,Falcon,121,121
3BeharBd3j4sKQp7Qze27JLQLd9AEEwGTX9TC7dXYSNw,Flashblock,1,1
3BeharBd3j4sKQp7Qze27JLQLd9AEEwGTX9TC7dXYSNw,Helius,143,143
3BeharBd3j4sKQp7Qze27JLQLd9AEEwGTX9TC7dXYSNw,Jito,53,53
3BeharBd3j4sKQp7Qze27JLQLd9AEEwGTX9TC7dXYSNw,Nextblock,36,36
3BeharBd3j4sKQp7Qze27JLQLd9AEEwGTX9TC7dXYSNw,NodeOne,43,43
3BeharBd3j4sKQp7Qze27JLQLd9AEEwGTX9TC7dXYSNw,Soyas,4,4
3BeharBd3j4sKQp7Qze27JLQLd9AEEwGTX9TC7dXYSNw,Stellium,77,77
3BeharBd3j4sKQp7Qze27JLQLd9AEEwGTX9TC7dXYSNw,Temporal,67,67
3BeharBd3j4sKQp7Qze27JLQLd9AEEwGTX9TC7dXYSNw,blockRazor,1,1
3BeharBd3j4sKQp7Qze27JLQLd9AEEwGTX9TC7dXYSNw,blockrazor,14,14
3BeharBd3j4sKQp7Qze27JLQLd9AEEwGTX9TC7dXYSNw,blocksprint,52,52
3BeharBd3j4sKQp7Qze27JLQLd9AEEwGTX9TC7dXYSNw,bloxroute,27,27
3BeharBd3j4sKQp7Qze27JLQLd9AEEwGTX9TC7dXYSNw,landX,59,59
3BeharBd3j4sKQp7Qze27JLQLd9AEEwGTX9TC7dXYSNw,stellium,193,193
3CKKAoVi94EnfX8QcVxEmk8CAvZTc6nAYzXp1WkSUofX,(none),721,0
3CKKAoVi94EnfX8QcVxEmk8CAvZTc6nAYzXp1WkSUofX,0slot,47,47
3CKKAoVi94EnfX8QcVxEmk8CAvZTc6nAYzXp1WkSUofX,AstraLane,67,67
3CKKAoVi94EnfX8QcVxEmk8CAvZTc6nAYzXp1WkSUofX,BloxRoute,1,1
3CKKAoVi94EnfX8QcVxEmk8CAvZTc6nAYzXp1WkSUofX,Falcon,101,101
3CKKAoVi94EnfX8QcVxEmk8CAvZTc6nAYzXp1WkSUofX,Flashblock,1,1
3CKKAoVi94EnfX8QcVxEmk8CAvZTc6nAYzXp1WkSUofX,Helius,197,197
3CKKAoVi94EnfX8QcVxEmk8CAvZTc6nAYzXp1WkSUofX,Jito,80,80
3CKKAoVi94EnfX8QcVxEmk8CAvZTc6nAYzXp1WkSUofX,Nextblock,20,20
3CKKAoVi94EnfX8QcVxEmk8CAvZTc6nAYzXp1WkSUofX,NodeOne,74,74
3CKKAoVi94EnfX8QcVxEmk8CAvZTc6nAYzXp1WkSUofX,Soyas,6,6
3CKKAoVi94EnfX8QcVxEmk8CAvZTc6nAYzXp1WkSUofX,Stellium,84,84
3CKKAoVi94EnfX8QcVxEmk8CAvZTc6nAYzXp1WkSUofX,Temporal,62,62
3CKKAoVi94EnfX8QcVxEmk8CAvZTc6nAYzXp1WkSUofX,blockRazor,1,1
3CKKAoVi94EnfX8QcVxEmk8CAvZTc6nAYzXp1WkSUofX,blockrazor,8,8
3CKKAoVi94EnfX8QcVxEmk8CAvZTc6nAYzXp1WkSUofX,blocksprint,36,36
3CKKAoVi94EnfX8QcVxEmk8CAvZTc6nAYzXp1WkSUofX,bloxroute,54,54
3CKKAoVi94EnfX8QcVxEmk8CAvZTc6nAYzXp1WkSUofX,landX,168,168
3CKKAoVi94EnfX8QcVxEmk8CAvZTc6nAYzXp1WkSUofX,stellium,272,272
3DaPk6TdeGnEBwTR8fEyZSLkdayk6vZXrqGZhAgYK8BV,(none),352,0
3DaPk6TdeGnEBwTR8fEyZSLkdayk6vZXrqGZhAgYK8BV,0slot,26,26
3DaPk6TdeGnEBwTR8fEyZSLkdayk6vZXrqGZhAgYK8BV,AstraLane,29,29
3DaPk6TdeGnEBwTR8fEyZSLkdayk6vZXrqGZhAgYK8BV,Falcon,27,27
3DaPk6TdeGnEBwTR8fEyZSLkdayk6vZXrqGZhAgYK8BV,Helius,115,115
3DaPk6TdeGnEBwTR8fEyZSLkdayk6vZXrqGZhAgYK8BV,Jito,48,48
3DaPk6TdeGnEBwTR8fEyZSLkdayk6vZXrqGZhAgYK8BV,Moon,1,1
3DaPk6TdeGnEBwTR8fEyZSLkdayk6vZXrqGZhAgYK8BV,Nextblock,13,13
3DaPk6TdeGnEBwTR8fEyZSLkdayk6vZXrqGZhAgYK8BV,NodeOne,16,16
3DaPk6TdeGnEBwTR8fEyZSLkdayk6vZXrqGZhAgYK8BV,Soyas,1,1
3DaPk6TdeGnEBwTR8fEyZSLkdayk6vZXrqGZhAgYK8BV,Stellium,43,43
3DaPk6TdeGnEBwTR8fEyZSLkdayk6vZXrqGZhAgYK8BV,Temporal,44,44
3DaPk6TdeGnEBwTR8fEyZSLkdayk6vZXrqGZhAgYK8BV,blockRazor,1,1
3DaPk6TdeGnEBwTR8fEyZSLkdayk6vZXrqGZhAgYK8BV,blockrazor,10,10
3DaPk6TdeGnEBwTR8fEyZSLkdayk6vZXrqGZhAgYK8BV,blocksprint,19,19
3DaPk6TdeGnEBwTR8fEyZSLkdayk6vZXrqGZhAgYK8BV,bloxroute,1,1
3DaPk6TdeGnEBwTR8fEyZSLkdayk6vZXrqGZhAgYK8BV,landX,79,79
3DaPk6TdeGnEBwTR8fEyZSLkdayk6vZXrqGZhAgYK8BV,stellium,147,147
3DaifGfDESUzer5ggUeo6UDjqEKMkCpdNSrrvyuggHVe,(none),77,0
3DaifGfDESUzer5ggUeo6UDjqEKMkCpdNSrrvyuggHVe,0slot,10,10
3DaifGfDESUzer5ggUeo6UDjqEKMkCpdNSrrvyuggHVe,AstraLane,13,13
3DaifGfDESUzer5ggUeo6UDjqEKMkCpdNSrrvyuggHVe,Falcon,24,24
3DaifGfDESUzer5ggUeo6UDjqEKMkCpdNSrrvyuggHVe,Helius,40,40
3DaifGfDESUzer5ggUeo6UDjqEKMkCpdNSrrvyuggHVe,Jito,2,2
3DaifGfDESUzer5ggUeo6UDjqEKMkCpdNSrrvyuggHVe,Nextblock,7,7
3DaifGfDESUzer5ggUeo6UDjqEKMkCpdNSrrvyuggHVe,NodeOne,11,11
3DaifGfDESUzer5ggUeo6UDjqEKMkCpdNSrrvyuggHVe,Soyas,2,2
3DaifGfDESUzer5ggUeo6UDjqEKMkCpdNSrrvyuggHVe,Stellium,16,16
3DaifGfDESUzer5ggUeo6UDjqEKMkCpdNSrrvyuggHVe,Temporal,5,5
3DaifGfDESUzer5ggUeo6UDjqEKMkCpdNSrrvyuggHVe,blockRazor,1,1
3DaifGfDESUzer5ggUeo6UDjqEKMkCpdNSrrvyuggHVe,blockrazor,5,5
3DaifGfDESUzer5ggUeo6UDjqEKMkCpdNSrrvyuggHVe,blocksprint,8,8
3DaifGfDESUzer5ggUeo6UDjqEKMkCpdNSrrvyuggHVe,bloxroute,5,5
3DaifGfDESUzer5ggUeo6UDjqEKMkCpdNSrrvyuggHVe,landX,46,46
3DaifGfDESUzer5ggUeo6UDjqEKMkCpdNSrrvyuggHVe,stellium,57,57
3JotfSFPaod4KVK7nj7ULvcq5PjUBdZNVGracNkJNhrt,(none),6081,0
3JotfSFPaod4KVK7nj7ULvcq5PjUBdZNVGracNkJNhrt,0slot,560,560
3JotfSFPaod4KVK7nj7ULvcq5PjUBdZNVGracNkJNhrt,AstraLane,777,777
3JotfSFPaod4KVK7nj7ULvcq5PjUBdZNVGracNkJNhrt,Astralane,2,2
3JotfSFPaod4KVK7nj7ULvcq5PjUBdZNVGracNkJNhrt,BloxRoute,19,19
3JotfSFPaod4KVK7nj7ULvcq5PjUBdZNVGracNkJNhrt,Falcon,1545,1545
3JotfSFPaod4KVK7nj7ULvcq5PjUBdZNVGracNkJNhrt,Flashblock,5,5
3JotfSFPaod4KVK7nj7ULvcq5PjUBdZNVGracNkJNhrt,Helius,2190,2189
3JotfSFPaod4KVK7nj7ULvcq5PjUBdZNVGracNkJNhrt,Jito,767,767
3JotfSFPaod4KVK7nj7ULvcq5PjUBdZNVGracNkJNhrt,Nextblock,323,323
3JotfSFPaod4KVK7nj7ULvcq5PjUBdZNVGracNkJNhrt,NodeOne,948,948
3JotfSFPaod4KVK7nj7ULvcq5PjUBdZNVGracNkJNhrt,Soyas,78,78
3JotfSFPaod4KVK7nj7ULvcq5PjUBdZNVGracNkJNhrt,Stellium,1106,1106
3JotfSFPaod4KVK7nj7ULvcq5PjUBdZNVGracNkJNhrt,Temporal,723,723
3JotfSFPaod4KVK7nj7ULvcq5PjUBdZNVGracNkJNhrt,blockRazor,33,33
3JotfSFPaod4KVK7nj7ULvcq5PjUBdZNVGracNkJNhrt,blockrazor,144,144
3JotfSFPaod4KVK7nj7ULvcq5PjUBdZNVGracNkJNhrt,blocksprint,558,558
3JotfSFPaod4KVK7nj7ULvcq5PjUBdZNVGracNkJNhrt,bloxroute,341,341
3JotfSFPaod4KVK7nj7ULvcq5PjUBdZNVGracNkJNhrt,landX,1975,1975
3JotfSFPaod4KVK7nj7ULvcq5PjUBdZNVGracNkJNhrt,stellium,3298,3298
3KNGMiXwhy2CAWVNpLoUt25sNngFnX1mZpaiEeVccBA6,(none),141,0
3KNGMiXwhy2CAWVNpLoUt25sNngFnX1mZpaiEeVccBA6,0slot,12,12
3KNGMiXwhy2CAWVNpLoUt25sNngFnX1mZpaiEeVccBA6,AstraLane,11,11
3KNGMiXwhy2CAWVNpLoUt25sNngFnX1mZpaiEeVccBA6,Falcon,33,33
3KNGMiXwhy2CAWVNpLoUt25sNngFnX1mZpaiEeVccBA6,Helius,42,42
3KNGMiXwhy2CAWVNpLoUt25sNngFnX1mZpaiEeVccBA6,Jito,13,13
3KNGMiXwhy2CAWVNpLoUt25sNngFnX1mZpaiEeVccBA6,Moon,1,1
3KNGMiXwhy2CAWVNpLoUt25sNngFnX1mZpaiEeVccBA6,Nextblock,2,2
3KNGMiXwhy2CAWVNpLoUt25sNngFnX1mZpaiEeVccBA6,NodeOne,16,16
3KNGMiXwhy2CAWVNpLoUt25sNngFnX1mZpaiEeVccBA6,Soyas,1,1
3KNGMiXwhy2CAWVNpLoUt25sNngFnX1mZpaiEeVccBA6,Stellium,21,21
3KNGMiXwhy2CAWVNpLoUt25sNngFnX1mZpaiEeVccBA6,Temporal,9,9
3KNGMiXwhy2CAWVNpLoUt25sNngFnX1mZpaiEeVccBA6,blockrazor,1,1
3KNGMiXwhy2CAWVNpLoUt25sNngFnX1mZpaiEeVccBA6,blocksprint,6,6
3KNGMiXwhy2CAWVNpLoUt25sNngFnX1mZpaiEeVccBA6,bloxroute,5,5
3KNGMiXwhy2CAWVNpLoUt25sNngFnX1mZpaiEeVccBA6,landX,27,27
3KNGMiXwhy2CAWVNpLoUt25sNngFnX1mZpaiEeVccBA6,stellium,63,63
3KiDz3wuZrJfsgKt5KEvRb1WPpbci1PWj78aPVF5ei3F,(none),1226,0
3KiDz3wuZrJfsgKt5KEvRb1WPpbci1PWj78aPVF5ei3F,0slot,128,128
3KiDz3wuZrJfsgKt5KEvRb1WPpbci1PWj78aPVF5ei3F,AstraLane,187,187
3KiDz3wuZrJfsgKt5KEvRb1WPpbci1PWj78aPVF5ei3F,BloxRoute,3,3
3KiDz3wuZrJfsgKt5KEvRb1WPpbci1PWj78aPVF5ei3F,Falcon,311,311
3KiDz3wuZrJfsgKt5KEvRb1WPpbci1PWj78aPVF5ei3F,Helius,457,457
3KiDz3wuZrJfsgKt5KEvRb1WPpbci1PWj78aPVF5ei3F,Jito,108,108
3KiDz3wuZrJfsgKt5KEvRb1WPpbci1PWj78aPVF5ei3F,Nextblock,78,78
3KiDz3wuZrJfsgKt5KEvRb1WPpbci1PWj78aPVF5ei3F,NodeOne,150,150
3KiDz3wuZrJfsgKt5KEvRb1WPpbci1PWj78aPVF5ei3F,Soyas,10,10
3KiDz3wuZrJfsgKt5KEvRb1WPpbci1PWj78aPVF5ei3F,Stellium,202,202
3KiDz3wuZrJfsgKt5KEvRb1WPpbci1PWj78aPVF5ei3F,Temporal,142,142
3KiDz3wuZrJfsgKt5KEvRb1WPpbci1PWj78aPVF5ei3F,blockRazor,5,5
3KiDz3wuZrJfsgKt5KEvRb1WPpbci1PWj78aPVF5ei3F,blockrazor,35,35
3KiDz3wuZrJfsgKt5KEvRb1WPpbci1PWj78aPVF5ei3F,blocksprint,124,124
3KiDz3wuZrJfsgKt5KEvRb1WPpbci1PWj78aPVF5ei3F,bloxroute,50,50
3KiDz3wuZrJfsgKt5KEvRb1WPpbci1PWj78aPVF5ei3F,landX,329,329
3KiDz3wuZrJfsgKt5KEvRb1WPpbci1PWj78aPVF5ei3F,stellium,586,586
3Pfubj3ytkRxFAGwFb5vtacuZJUxko5Du39xie9MBXuC,(none),310,0
3Pfubj3ytkRxFAGwFb5vtacuZJUxko5Du39xie9MBXuC,0slot,33,33
3Pfubj3ytkRxFAGwFb5vtacuZJUxko5Du39xie9MBXuC,AstraLane,31,31
3Pfubj3ytkRxFAGwFb5vtacuZJUxko5Du39xie9MBXuC,Falcon,44,44
3Pfubj3ytkRxFAGwFb5vtacuZJUxko5Du39xie9MBXuC,Flashblock,1,1
3Pfubj3ytkRxFAGwFb5vtacuZJUxko5Du39xie9MBXuC,Helius,97,96
3Pfubj3ytkRxFAGwFb5vtacuZJUxko5Du39xie9MBXuC,Jito,61,61
3Pfubj3ytkRxFAGwFb5vtacuZJUxko5Du39xie9MBXuC,Nextblock,14,14
3Pfubj3ytkRxFAGwFb5vtacuZJUxko5Du39xie9MBXuC,NodeOne,39,39
3Pfubj3ytkRxFAGwFb5vtacuZJUxko5Du39xie9MBXuC,Soyas,3,3
3Pfubj3ytkRxFAGwFb5vtacuZJUxko5Du39xie9MBXuC,Stellium,31,31
3Pfubj3ytkRxFAGwFb5vtacuZJUxko5Du39xie9MBXuC,Temporal,28,28
3Pfubj3ytkRxFAGwFb5vtacuZJUxko5Du39xie9MBXuC,blockRazor,2,2
3Pfubj3ytkRxFAGwFb5vtacuZJUxko5Du39xie9MBXuC,blockrazor,6,6
3Pfubj3ytkRxFAGwFb5vtacuZJUxko5Du39xie9MBXuC,blocksprint,13,13
3Pfubj3ytkRxFAGwFb5vtacuZJUxko5Du39xie9MBXuC,bloxroute,32,32
3Pfubj3ytkRxFAGwFb5vtacuZJUxko5Du39xie9MBXuC,landX,66,66
3Pfubj3ytkRxFAGwFb5vtacuZJUxko5Du39xie9MBXuC,stellium,124,124
3RXKQBRv7xKTQeNdLSPhCiD4QcUfxEQ12rtgUkMf5LnS,(none),2035,0
3RXKQBRv7xKTQeNdLSPhCiD4QcUfxEQ12rtgUkMf5LnS,0slot,111,111
3RXKQBRv7xKTQeNdLSPhCiD4QcUfxEQ12rtgUkMf5LnS,AstraLane,201,201
3RXKQBRv7xKTQeNdLSPhCiD4QcUfxEQ12rtgUkMf5LnS,BloxRoute,3,3
3RXKQBRv7xKTQeNdLSPhCiD4QcUfxEQ12rtgUkMf5LnS,Falcon,307,307
3RXKQBRv7xKTQeNdLSPhCiD4QcUfxEQ12rtgUkMf5LnS,Flashblock,2,2
3RXKQBRv7xKTQeNdLSPhCiD4QcUfxEQ12rtgUkMf5LnS,Helius,667,667
3RXKQBRv7xKTQeNdLSPhCiD4QcUfxEQ12rtgUkMf5LnS,Jito,149,149
3RXKQBRv7xKTQeNdLSPhCiD4QcUfxEQ12rtgUkMf5LnS,Nextblock,75,75
3RXKQBRv7xKTQeNdLSPhCiD4QcUfxEQ12rtgUkMf5LnS,NodeOne,266,266
3RXKQBRv7xKTQeNdLSPhCiD4QcUfxEQ12rtgUkMf5LnS,Soyas,14,14
3RXKQBRv7xKTQeNdLSPhCiD4QcUfxEQ12rtgUkMf5LnS,Stellium,298,298
3RXKQBRv7xKTQeNdLSPhCiD4QcUfxEQ12rtgUkMf5LnS,Temporal,240,240
3RXKQBRv7xKTQeNdLSPhCiD4QcUfxEQ12rtgUkMf5LnS,blockRazor,6,6
3RXKQBRv7xKTQeNdLSPhCiD4QcUfxEQ12rtgUkMf5LnS,blockrazor,37,37
3RXKQBRv7xKTQeNdLSPhCiD4QcUfxEQ12rtgUkMf5LnS,blocksprint,150,150
3RXKQBRv7xKTQeNdLSPhCiD4QcUfxEQ12rtgUkMf5LnS,bloxroute,91,91
3RXKQBRv7xKTQeNdLSPhCiD4QcUfxEQ12rtgUkMf5LnS,landX,513,513
3RXKQBRv7xKTQeNdLSPhCiD4QcUfxEQ12rtgUkMf5LnS,stellium,931,931
3Rv6ZVGUuRczP76322LyhTTYw2iM4avV4B5xFJocQJer,(none),625,0
3Rv6ZVGUuRczP76322LyhTTYw2iM4avV4B5xFJocQJer,0slot,63,63
3Rv6ZVGUuRczP76322LyhTTYw2iM4avV4B5xFJocQJer,AstraLane,100,100
3Rv6ZVGUuRczP76322LyhTTYw2iM4avV4B5xFJocQJer,BloxRoute,1,1
3Rv6ZVGUuRczP76322LyhTTYw2iM4avV4B5xFJocQJer,Falcon,191,191
3Rv6ZVGUuRczP76322LyhTTYw2iM4avV4B5xFJocQJer,Helius,243,243
3Rv6ZVGUuRczP76322LyhTTYw2iM4avV4B5xFJocQJer,Jito,53,53
3Rv6ZVGUuRczP76322LyhTTYw2iM4avV4B5xFJocQJer,Nextblock,27,27
3Rv6ZVGUuRczP76322LyhTTYw2iM4avV4B5xFJocQJer,NodeOne,43,43
3Rv6ZVGUuRczP76322LyhTTYw2iM4avV4B5xFJocQJer,Soyas,7,7
3Rv6ZVGUuRczP76322LyhTTYw2iM4avV4B5xFJocQJer,Stellium,132,132
3Rv6ZVGUuRczP76322LyhTTYw2iM4avV4B5xFJocQJer,Temporal,88,88
3Rv6ZVGUuRczP76322LyhTTYw2iM4avV4B5xFJocQJer,blockRazor,1,1
3Rv6ZVGUuRczP76322LyhTTYw2iM4avV4B5xFJocQJer,blockrazor,19,19
3Rv6ZVGUuRczP76322LyhTTYw2iM4avV4B5xFJocQJer,blocksprint,78,78
3Rv6ZVGUuRczP76322LyhTTYw2iM4avV4B5xFJocQJer,bloxroute,59,59
3Rv6ZVGUuRczP76322LyhTTYw2iM4avV4B5xFJocQJer,landX,202,202
3Rv6ZVGUuRczP76322LyhTTYw2iM4avV4B5xFJocQJer,stellium,390,390
3SkE34PVeGck2ArEffFKjihrQgURsvnoTAhitsNXNzXd,(none),12536,0
3SkE34PVeGck2ArEffFKjihrQgURsvnoTAhitsNXNzXd,0slot,1062,1062
3SkE34PVeGck2ArEffFKjihrQgURsvnoTAhitsNXNzXd,AstraLane,1775,1775
3SkE34PVeGck2ArEffFKjihrQgURsvnoTAhitsNXNzXd,Astralane,5,5
3SkE34PVeGck2ArEffFKjihrQgURsvnoTAhitsNXNzXd,BloxRoute,37,37
3SkE34PVeGck2ArEffFKjihrQgURsvnoTAhitsNXNzXd,Falcon,2598,2598
3SkE34PVeGck2ArEffFKjihrQgURsvnoTAhitsNXNzXd,Flashblock,11,11
3SkE34PVeGck2ArEffFKjihrQgURsvnoTAhitsNXNzXd,Helius,4190,4189
3SkE34PVeGck2ArEffFKjihrQgURsvnoTAhitsNXNzXd,Jito,1083,1083
3SkE34PVeGck2ArEffFKjihrQgURsvnoTAhitsNXNzXd,Moon,5,5
3SkE34PVeGck2ArEffFKjihrQgURsvnoTAhitsNXNzXd,Nextblock,636,636
3SkE34PVeGck2ArEffFKjihrQgURsvnoTAhitsNXNzXd,NodeOne,2351,2351
3SkE34PVeGck2ArEffFKjihrQgURsvnoTAhitsNXNzXd,Soyas,162,162
3SkE34PVeGck2ArEffFKjihrQgURsvnoTAhitsNXNzXd,Stellium,1932,1932
3SkE34PVeGck2ArEffFKjihrQgURsvnoTAhitsNXNzXd,Temporal,1485,1483
3SkE34PVeGck2ArEffFKjihrQgURsvnoTAhitsNXNzXd,blockRazor,59,59
3SkE34PVeGck2ArEffFKjihrQgURsvnoTAhitsNXNzXd,blockrazor,309,309
3SkE34PVeGck2ArEffFKjihrQgURsvnoTAhitsNXNzXd,blocksprint,1259,1259
3SkE34PVeGck2ArEffFKjihrQgURsvnoTAhitsNXNzXd,bloxroute,957,957
3SkE34PVeGck2ArEffFKjihrQgURsvnoTAhitsNXNzXd,landX,4025,4025
3SkE34PVeGck2ArEffFKjihrQgURsvnoTAhitsNXNzXd,stellium,6346,6346
3V2xaccDpFib4DbTksdiveNDmiwpXBqSWyjSof3w1Bg7,(none),375,0
3V2xaccDpFib4DbTksdiveNDmiwpXBqSWyjSof3w1Bg7,0slot,32,32
3V2xaccDpFib4DbTksdiveNDmiwpXBqSWyjSof3w1Bg7,AstraLane,199,199
3V2xaccDpFib4DbTksdiveNDmiwpXBqSWyjSof3w1Bg7,BloxRoute,3,3
3V2xaccDpFib4DbTksdiveNDmiwpXBqSWyjSof3w1Bg7,Falcon,93,93
3V2xaccDpFib4DbTksdiveNDmiwpXBqSWyjSof3w1Bg7,Flashblock,1,1
3V2xaccDpFib4DbTksdiveNDmiwpXBqSWyjSof3w1Bg7,Helius,133,133
3V2xaccDpFib4DbTksdiveNDmiwpXBqSWyjSof3w1Bg7,Jito,58,58
3V2xaccDpFib4DbTksdiveNDmiwpXBqSWyjSof3w1Bg7,Nextblock,17,17
3V2xaccDpFib4DbTksdiveNDmiwpXBqSWyjSof3w1Bg7,NodeOne,45,45
3V2xaccDpFib4DbTksdiveNDmiwpXBqSWyjSof3w1Bg7,Soyas,6,6
3V2xaccDpFib4DbTksdiveNDmiwpXBqSWyjSof3w1Bg7,Stellium,60,60
3V2xaccDpFib4DbTksdiveNDmiwpXBqSWyjSof3w1Bg7,Temporal,55,55
3V2xaccDpFib4DbTksdiveNDmiwpXBqSWyjSof3w1Bg7,blockrazor,5,5
3V2xaccDpFib4DbTksdiveNDmiwpXBqSWyjSof3w1Bg7,blocksprint,27,27
3V2xaccDpFib4DbTksdiveNDmiwpXBqSWyjSof3w1Bg7,bloxroute,29,29
3V2xaccDpFib4DbTksdiveNDmiwpXBqSWyjSof3w1Bg7,landX,111,111
3V2xaccDpFib4DbTksdiveNDmiwpXBqSWyjSof3w1Bg7,stellium,182,182
3WDh9HgusCujDmXCVhophLrHvoKHQd1Sd4uFHz1Awo35,(none),1737,0
3WDh9HgusCujDmXCVhophLrHvoKHQd1Sd4uFHz1Awo35,0slot,155,155
3WDh9HgusCujDmXCVhophLrHvoKHQd1Sd4uFHz1Awo35,AstraLane,246,246
3WDh9HgusCujDmXCVhophLrHvoKHQd1Sd4uFHz1Awo35,BloxRoute,3,3
3WDh9HgusCujDmXCVhophLrHvoKHQd1Sd4uFHz1Awo35,Falcon,389,389
3WDh9HgusCujDmXCVhophLrHvoKHQd1Sd4uFHz1Awo35,Flashblock,2,2
3WDh9HgusCujDmXCVhophLrHvoKHQd1Sd4uFHz1Awo35,Helius,645,645
3WDh9HgusCujDmXCVhophLrHvoKHQd1Sd4uFHz1Awo35,Jito,115,115
3WDh9HgusCujDmXCVhophLrHvoKHQd1Sd4uFHz1Awo35,Nextblock,116,116
3WDh9HgusCujDmXCVhophLrHvoKHQd1Sd4uFHz1Awo35,NodeOne,316,316
3WDh9HgusCujDmXCVhophLrHvoKHQd1Sd4uFHz1Awo35,Soyas,37,37
3WDh9HgusCujDmXCVhophLrHvoKHQd1Sd4uFHz1Awo35,Stellium,282,282
3WDh9HgusCujDmXCVhophLrHvoKHQd1Sd4uFHz1Awo35,Temporal,175,175
3WDh9HgusCujDmXCVhophLrHvoKHQd1Sd4uFHz1Awo35,blockRazor,13,13
3WDh9HgusCujDmXCVhophLrHvoKHQd1Sd4uFHz1Awo35,blockrazor,39,39
3WDh9HgusCujDmXCVhophLrHvoKHQd1Sd4uFHz1Awo35,blocksprint,193,193
3WDh9HgusCujDmXCVhophLrHvoKHQd1Sd4uFHz1Awo35,bloxroute,80,80
3WDh9HgusCujDmXCVhophLrHvoKHQd1Sd4uFHz1Awo35,landX,543,543
3WDh9HgusCujDmXCVhophLrHvoKHQd1Sd4uFHz1Awo35,stellium,901,901
3YVoK8UN62dyiPZnGBzBTkGdwsVmmK1MpRoLcxNRs9BE,(none),912,0
3YVoK8UN62dyiPZnGBzBTkGdwsVmmK1MpRoLcxNRs9BE,0slot,106,106
3YVoK8UN62dyiPZnGBzBTkGdwsVmmK1MpRoLcxNRs9BE,AstraLane,301,301
3YVoK8UN62dyiPZnGBzBTkGdwsVmmK1MpRoLcxNRs9BE,Astralane,1,1
3YVoK8UN62dyiPZnGBzBTkGdwsVmmK1MpRoLcxNRs9BE,BloxRoute,2,2
3YVoK8UN62dyiPZnGBzBTkGdwsVmmK1MpRoLcxNRs9BE,Falcon,124,124
3YVoK8UN62dyiPZnGBzBTkGdwsVmmK1MpRoLcxNRs9BE,Helius,344,344
3YVoK8UN62dyiPZnGBzBTkGdwsVmmK1MpRoLcxNRs9BE,Jito,122,122
3YVoK8UN62dyiPZnGBzBTkGdwsVmmK1MpRoLcxNRs9BE,Moon,1,1
3YVoK8UN62dyiPZnGBzBTkGdwsVmmK1MpRoLcxNRs9BE,Nextblock,44,44
3YVoK8UN62dyiPZnGBzBTkGdwsVmmK1MpRoLcxNRs9BE,NodeOne,124,124
3YVoK8UN62dyiPZnGBzBTkGdwsVmmK1MpRoLcxNRs9BE,Soyas,6,6
3YVoK8UN62dyiPZnGBzBTkGdwsVmmK1MpRoLcxNRs9BE,Stellium,134,134
3YVoK8UN62dyiPZnGBzBTkGdwsVmmK1MpRoLcxNRs9BE,Temporal,108,108
3YVoK8UN62dyiPZnGBzBTkGdwsVmmK1MpRoLcxNRs9BE,blockRazor,3,3
3YVoK8UN62dyiPZnGBzBTkGdwsVmmK1MpRoLcxNRs9BE,blockrazor,38,38
3YVoK8UN62dyiPZnGBzBTkGdwsVmmK1MpRoLcxNRs9BE,blocksprint,66,66
3YVoK8UN62dyiPZnGBzBTkGdwsVmmK1MpRoLcxNRs9BE,bloxroute,204,204
3YVoK8UN62dyiPZnGBzBTkGdwsVmmK1MpRoLcxNRs9BE,landX,535,535
3YVoK8UN62dyiPZnGBzBTkGdwsVmmK1MpRoLcxNRs9BE,stellium,569,569
3YX7PQuESmR2h95FDgjahEQjyCBhmY1Ts2MsrM1Kg9DS,(none),79,0
3YX7PQuESmR2h95FDgjahEQjyCBhmY1Ts2MsrM1Kg9DS,0slot,3,3
3YX7PQuESmR2h95FDgjahEQjyCBhmY1Ts2MsrM1Kg9DS,AstraLane,5,5
3YX7PQuESmR2h95FDgjahEQjyCBhmY1Ts2MsrM1Kg9DS,Falcon,19,19
3YX7PQuESmR2h95FDgjahEQjyCBhmY1Ts2MsrM1Kg9DS,Helius,10,10
3YX7PQuESmR2h95FDgjahEQjyCBhmY1Ts2MsrM1Kg9DS,Jito,16,16
3YX7PQuESmR2h95FDgjahEQjyCBhmY1Ts2MsrM1Kg9DS,Moon,1,1
3YX7PQuESmR2h95FDgjahEQjyCBhmY1Ts2MsrM1Kg9DS,Nextblock,1,1
3YX7PQuESmR2h95FDgjahEQjyCBhmY1Ts2MsrM1Kg9DS,Soyas,4,4
3YX7PQuESmR2h95FDgjahEQjyCBhmY1Ts2MsrM1Kg9DS,Stellium,8,8
3YX7PQuESmR2h95FDgjahEQjyCBhmY1Ts2MsrM1Kg9DS,Temporal,1,1
3YX7PQuESmR2h95FDgjahEQjyCBhmY1Ts2MsrM1Kg9DS,blocksprint,2,2
3YX7PQuESmR2h95FDgjahEQjyCBhmY1Ts2MsrM1Kg9DS,bloxroute,1,1
3YX7PQuESmR2h95FDgjahEQjyCBhmY1Ts2MsrM1Kg9DS,landX,8,8
3YX7PQuESmR2h95FDgjahEQjyCBhmY1Ts2MsrM1Kg9DS,stellium,28,28
3cZSHGfNdaULpFAvGbWbxpVwzXB4gHdk8NFucPNR5pgA,(none),2781,0
3cZSHGfNdaULpFAvGbWbxpVwzXB4gHdk8NFucPNR5pgA,0slot,141,141
3cZSHGfNdaULpFAvGbWbxpVwzXB4gHdk8NFucPNR5pgA,AstraLane,391,391
3cZSHGfNdaULpFAvGbWbxpVwzXB4gHdk8NFucPNR5pgA,Astralane,8,8
3cZSHGfNdaULpFAvGbWbxpVwzXB4gHdk8NFucPNR5pgA,BloxRoute,7,7
3cZSHGfNdaULpFAvGbWbxpVwzXB4gHdk8NFucPNR5pgA,Falcon,672,672
3cZSHGfNdaULpFAvGbWbxpVwzXB4gHdk8NFucPNR5pgA,Flashblock,2,2
3cZSHGfNdaULpFAvGbWbxpVwzXB4gHdk8NFucPNR5pgA,Helius,1012,1012
3cZSHGfNdaULpFAvGbWbxpVwzXB4gHdk8NFucPNR5pgA,Jito,190,189
3cZSHGfNdaULpFAvGbWbxpVwzXB4gHdk8NFucPNR5pgA,Moon,1,1
3cZSHGfNdaULpFAvGbWbxpVwzXB4gHdk8NFucPNR5pgA,Nextblock,140,140
3cZSHGfNdaULpFAvGbWbxpVwzXB4gHdk8NFucPNR5pgA,NodeOne,266,266
3cZSHGfNdaULpFAvGbWbxpVwzXB4gHdk8NFucPNR5pgA,Soyas,40,40
3cZSHGfNdaULpFAvGbWbxpVwzXB4gHdk8NFucPNR5pgA,Stellium,482,482
3cZSHGfNdaULpFAvGbWbxpVwzXB4gHdk8NFucPNR5pgA,Temporal,288,288
3cZSHGfNdaULpFAvGbWbxpVwzXB4gHdk8NFucPNR5pgA,blockRazor,13,13
3cZSHGfNdaULpFAvGbWbxpVwzXB4gHdk8NFucPNR5pgA,blockrazor,68,68
3cZSHGfNdaULpFAvGbWbxpVwzXB4gHdk8NFucPNR5pgA,blocksprint,241,241
3cZSHGfNdaULpFAvGbWbxpVwzXB4gHdk8NFucPNR5pgA,bloxroute,205,205
3cZSHGfNdaULpFAvGbWbxpVwzXB4gHdk8NFucPNR5pgA,landX,1100,1100
3cZSHGfNdaULpFAvGbWbxpVwzXB4gHdk8NFucPNR5pgA,stellium,1774,1774
3iQqh65Gby53aaYUF8ocoiEyhBs4aoe7BTYYWvy1c9dF,(none),19,0
3iQqh65Gby53aaYUF8ocoiEyhBs4aoe7BTYYWvy1c9dF,0slot,4,4
3iQqh65Gby53aaYUF8ocoiEyhBs4aoe7BTYYWvy1c9dF,AstraLane,1,1
3iQqh65Gby53aaYUF8ocoiEyhBs4aoe7BTYYWvy1c9dF,Falcon,3,3
3iQqh65Gby53aaYUF8ocoiEyhBs4aoe7BTYYWvy1c9dF,Helius,7,7
3iQqh65Gby53aaYUF8ocoiEyhBs4aoe7BTYYWvy1c9dF,Jito,5,5
3iQqh65Gby53aaYUF8ocoiEyhBs4aoe7BTYYWvy1c9dF,Nextblock,1,1
3iQqh65Gby53aaYUF8ocoiEyhBs4aoe7BTYYWvy1c9dF,NodeOne,2,2
3iQqh65Gby53aaYUF8ocoiEyhBs4aoe7BTYYWvy1c9dF,Soyas,1,1
3iQqh65Gby53aaYUF8ocoiEyhBs4aoe7BTYYWvy1c9dF,Stellium,2,2
3iQqh65Gby53aaYUF8ocoiEyhBs4aoe7BTYYWvy1c9dF,Temporal,5,5
3iQqh65Gby53aaYUF8ocoiEyhBs4aoe7BTYYWvy1c9dF,blockrazor,1,1
3iQqh65Gby53aaYUF8ocoiEyhBs4aoe7BTYYWvy1c9dF,blocksprint,3,3
3iQqh65Gby53aaYUF8ocoiEyhBs4aoe7BTYYWvy1c9dF,stellium,6,6
3psxMyr7rQzywVp1MXKd1XFmFz33NjydzCoJx9t2sMQW,(none),12743,0
3psxMyr7rQzywVp1MXKd1XFmFz33NjydzCoJx9t2sMQW,0slot,956,956
3psxMyr7rQzywVp1MXKd1XFmFz33NjydzCoJx9t2sMQW,AstraLane,3556,3556
3psxMyr7rQzywVp1MXKd1XFmFz33NjydzCoJx9t2sMQW,Astralane,13,13
3psxMyr7rQzywVp1MXKd1XFmFz33NjydzCoJx9t2sMQW,BloxRoute,36,36
3psxMyr7rQzywVp1MXKd1XFmFz33NjydzCoJx9t2sMQW,Falcon,3166,3166
3psxMyr7rQzywVp1MXKd1XFmFz33NjydzCoJx9t2sMQW,Flashblock,22,22
3psxMyr7rQzywVp1MXKd1XFmFz33NjydzCoJx9t2sMQW,Helius,4143,4143
3psxMyr7rQzywVp1MXKd1XFmFz33NjydzCoJx9t2sMQW,Jito,1503,1503
3psxMyr7rQzywVp1MXKd1XFmFz33NjydzCoJx9t2sMQW,Moon,8,8
3psxMyr7rQzywVp1MXKd1XFmFz33NjydzCoJx9t2sMQW,Nextblock,629,629
3psxMyr7rQzywVp1MXKd1XFmFz33NjydzCoJx9t2sMQW,NodeOne,1211,1211
3psxMyr7rQzywVp1MXKd1XFmFz33NjydzCoJx9t2sMQW,Soyas,131,131
3psxMyr7rQzywVp1MXKd1XFmFz33NjydzCoJx9t2sMQW,Stellium,2053,2053
3psxMyr7rQzywVp1MXKd1XFmFz33NjydzCoJx9t2sMQW,Temporal,1709,1709
3psxMyr7rQzywVp1MXKd1XFmFz33NjydzCoJx9t2sMQW,blockRazor,71,71
3psxMyr7rQzywVp1MXKd1XFmFz33NjydzCoJx9t2sMQW,blockrazor,299,299
3psxMyr7rQzywVp1MXKd1XFmFz33NjydzCoJx9t2sMQW,blocksprint,1228,1228
3psxMyr7rQzywVp1MXKd1XFmFz33NjydzCoJx9t2sMQW,bloxroute,2234,2234
3psxMyr7rQzywVp1MXKd1XFmFz33NjydzCoJx9t2sMQW,landX,2495,2495
3psxMyr7rQzywVp1MXKd1XFmFz33NjydzCoJx9t2sMQW,stellium,5316,5316
3rqEEEGjHRyndHuduBcjkf17rX3hgmGACpYTQYeZ5Ltk,(none),380,0
3rqEEEGjHRyndHuduBcjkf17rX3hgmGACpYTQYeZ5Ltk,0slot,31,31
3rqEEEGjHRyndHuduBcjkf17rX3hgmGACpYTQYeZ5Ltk,AstraLane,58,58
3rqEEEGjHRyndHuduBcjkf17rX3hgmGACpYTQYeZ5Ltk,BloxRoute,2,2
3rqEEEGjHRyndHuduBcjkf17rX3hgmGACpYTQYeZ5Ltk,Falcon,63,63
3rqEEEGjHRyndHuduBcjkf17rX3hgmGACpYTQYeZ5Ltk,Helius,139,139
3rqEEEGjHRyndHuduBcjkf17rX3hgmGACpYTQYeZ5Ltk,Jito,54,54
3rqEEEGjHRyndHuduBcjkf17rX3hgmGACpYTQYeZ5Ltk,Nextblock,20,20
3rqEEEGjHRyndHuduBcjkf17rX3hgmGACpYTQYeZ5Ltk,NodeOne,41,41
3rqEEEGjHRyndHuduBcjkf17rX3hgmGACpYTQYeZ5Ltk,Soyas,8,8
3rqEEEGjHRyndHuduBcjkf17rX3hgmGACpYTQYeZ5Ltk,Stellium,53,53
3rqEEEGjHRyndHuduBcjkf17rX3hgmGACpYTQYeZ5Ltk,Temporal,29,29
3rqEEEGjHRyndHuduBcjkf17rX3hgmGACpYTQYeZ5Ltk,blockRazor,1,1
3rqEEEGjHRyndHuduBcjkf17rX3hgmGACpYTQYeZ5Ltk,blockrazor,5,5
3rqEEEGjHRyndHuduBcjkf17rX3hgmGACpYTQYeZ5Ltk,blocksprint,37,37
3rqEEEGjHRyndHuduBcjkf17rX3hgmGACpYTQYeZ5Ltk,bloxroute,17,17
3rqEEEGjHRyndHuduBcjkf17rX3hgmGACpYTQYeZ5Ltk,landX,90,90
3rqEEEGjHRyndHuduBcjkf17rX3hgmGACpYTQYeZ5Ltk,stellium,170,170
3s97yjq2MhoPVPC3U9VeE3Z5S643Pweovg88ysvrQPw5,(none),1172,0
3s97yjq2MhoPVPC3U9VeE3Z5S643Pweovg88ysvrQPw5,0slot,62,62
3s97yjq2MhoPVPC3U9VeE3Z5S643Pweovg88ysvrQPw5,AstraLane,112,112
3s97yjq2MhoPVPC3U9VeE3Z5S643Pweovg88ysvrQPw5,BloxRoute,3,3
3s97yjq2MhoPVPC3U9VeE3Z5S643Pweovg88ysvrQPw5,Falcon,285,285
3s97yjq2MhoPVPC3U9VeE3Z5S643Pweovg88ysvrQPw5,Helius,343,343
3s97yjq2MhoPVPC3U9VeE3Z5S643Pweovg88ysvrQPw5,Jito,117,117
3s97yjq2MhoPVPC3U9VeE3Z5S643Pweovg88ysvrQPw5,Nextblock,52,52
3s97yjq2MhoPVPC3U9VeE3Z5S643Pweovg88ysvrQPw5,NodeOne,64,64
3s97yjq2MhoPVPC3U9VeE3Z5S643Pweovg88ysvrQPw5,Soyas,10,10
3s97yjq2MhoPVPC3U9VeE3Z5S643Pweovg88ysvrQPw5,Stellium,178,178
3s97yjq2MhoPVPC3U9VeE3Z5S643Pweovg88ysvrQPw5,Temporal,128,128
3s97yjq2MhoPVPC3U9VeE3Z5S643Pweovg88ysvrQPw5,blockRazor,5,5
3s97yjq2MhoPVPC3U9VeE3Z5S643Pweovg88ysvrQPw5,blockrazor,19,19
3s97yjq2MhoPVPC3U9VeE3Z5S643Pweovg88ysvrQPw5,blocksprint,106,106
3s97yjq2MhoPVPC3U9VeE3Z5S643Pweovg88ysvrQPw5,bloxroute,54,54
3s97yjq2MhoPVPC3U9VeE3Z5S643Pweovg88ysvrQPw5,landX,185,185
3s97yjq2MhoPVPC3U9VeE3Z5S643Pweovg88ysvrQPw5,stellium,461,461
3tm92VTxwyZ5MDhGoYR4tVTkwWYkzfam6hwBjauUACCk,(none),240,0
3tm92VTxwyZ5MDhGoYR4tVTkwWYkzfam6hwBjauUACCk,0slot,36,36
3tm92VTxwyZ5MDhGoYR4tVTkwWYkzfam6hwBjauUACCk,AstraLane,48,48
3tm92VTxwyZ5MDhGoYR4tVTkwWYkzfam6hwBjauUACCk,BloxRoute,1,1
3tm92VTxwyZ5MDhGoYR4tVTkwWYkzfam6hwBjauUACCk,Falcon,37,37
3tm92VTxwyZ5MDhGoYR4tVTkwWYkzfam6hwBjauUACCk,Flashblock,1,1
3tm92VTxwyZ5MDhGoYR4tVTkwWYkzfam6hwBjauUACCk,Helius,154,154
3tm92VTxwyZ5MDhGoYR4tVTkwWYkzfam6hwBjauUACCk,Jito,21,21
3tm92VTxwyZ5MDhGoYR4tVTkwWYkzfam6hwBjauUACCk,Nextblock,24,24
3tm92VTxwyZ5MDhGoYR4tVTkwWYkzfam6hwBjauUACCk,NodeOne,42,42
3tm92VTxwyZ5MDhGoYR4tVTkwWYkzfam6hwBjauUACCk,Soyas,2,2
3tm92VTxwyZ5MDhGoYR4tVTkwWYkzfam6hwBjauUACCk,Stellium,45,45
3tm92VTxwyZ5MDhGoYR4tVTkwWYkzfam6hwBjauUACCk,Temporal,25,25
3tm92VTxwyZ5MDhGoYR4tVTkwWYkzfam6hwBjauUACCk,blockRazor,2,2
3tm92VTxwyZ5MDhGoYR4tVTkwWYkzfam6hwBjauUACCk,blockrazor,10,10
3tm92VTxwyZ5MDhGoYR4tVTkwWYkzfam6hwBjauUACCk,blocksprint,40,40
3tm92VTxwyZ5MDhGoYR4tVTkwWYkzfam6hwBjauUACCk,bloxroute,68,68
3tm92VTxwyZ5MDhGoYR4tVTkwWYkzfam6hwBjauUACCk,landX,190,190
3tm92VTxwyZ5MDhGoYR4tVTkwWYkzfam6hwBjauUACCk,stellium,195,195
3tzpLMWRkWucvTRWU5PjgKzN1iwJuV69yCCjmuuo4gTk,(none),1711,0
3tzpLMWRkWucvTRWU5PjgKzN1iwJuV69yCCjmuuo4gTk,0slot,66,66
3tzpLMWRkWucvTRWU5PjgKzN1iwJuV69yCCjmuuo4gTk,AstraLane,302,302
3tzpLMWRkWucvTRWU5PjgKzN1iwJuV69yCCjmuuo4gTk,Astralane,1,1
3tzpLMWRkWucvTRWU5PjgKzN1iwJuV69yCCjmuuo4gTk,BloxRoute,4,4
3tzpLMWRkWucvTRWU5PjgKzN1iwJuV69yCCjmuuo4gTk,Falcon,463,463
3tzpLMWRkWucvTRWU5PjgKzN1iwJuV69yCCjmuuo4gTk,Flashblock,2,2
3tzpLMWRkWucvTRWU5PjgKzN1iwJuV69yCCjmuuo4gTk,Helius,387,387
3tzpLMWRkWucvTRWU5PjgKzN1iwJuV69yCCjmuuo4gTk,Jito,113,113
3tzpLMWRkWucvTRWU5PjgKzN1iwJuV69yCCjmuuo4gTk,Nextblock,70,70
3tzpLMWRkWucvTRWU5PjgKzN1iwJuV69yCCjmuuo4gTk,NodeOne,121,121
3tzpLMWRkWucvTRWU5PjgKzN1iwJuV69yCCjmuuo4gTk,Soyas,17,17
3tzpLMWRkWucvTRWU5PjgKzN1iwJuV69yCCjmuuo4gTk,Stellium,283,283
3tzpLMWRkWucvTRWU5PjgKzN1iwJuV69yCCjmuuo4gTk,Temporal,127,127
3tzpLMWRkWucvTRWU5PjgKzN1iwJuV69yCCjmuuo4gTk,blockRazor,9,9
3tzpLMWRkWucvTRWU5PjgKzN1iwJuV69yCCjmuuo4gTk,blockrazor,30,30
3tzpLMWRkWucvTRWU5PjgKzN1iwJuV69yCCjmuuo4gTk,blocksprint,124,124
3tzpLMWRkWucvTRWU5PjgKzN1iwJuV69yCCjmuuo4gTk,bloxroute,134,134
3tzpLMWRkWucvTRWU5PjgKzN1iwJuV69yCCjmuuo4gTk,landX,353,353
3tzpLMWRkWucvTRWU5PjgKzN1iwJuV69yCCjmuuo4gTk,stellium,704,704
3x9nibnhgBHWKMRiGnsXJELRBjviQpKyigfrXtKW27KJ,(none),505,0
3x9nibnhgBHWKMRiGnsXJELRBjviQpKyigfrXtKW27KJ,0slot,43,43
3x9nibnhgBHWKMRiGnsXJELRBjviQpKyigfrXtKW27KJ,AstraLane,70,70
3x9nibnhgBHWKMRiGnsXJELRBjviQpKyigfrXtKW27KJ,Astralane,3,3
3x9nibnhgBHWKMRiGnsXJELRBjviQpKyigfrXtKW27KJ,BloxRoute,4,4
3x9nibnhgBHWKMRiGnsXJELRBjviQpKyigfrXtKW27KJ,Falcon,54,54
3x9nibnhgBHWKMRiGnsXJELRBjviQpKyigfrXtKW27KJ,Flashblock,2,2
3x9nibnhgBHWKMRiGnsXJELRBjviQpKyigfrXtKW27KJ,Helius,208,208
3x9nibnhgBHWKMRiGnsXJELRBjviQpKyigfrXtKW27KJ,Jito,76,76
3x9nibnhgBHWKMRiGnsXJELRBjviQpKyigfrXtKW27KJ,Moon,4,4
3x9nibnhgBHWKMRiGnsXJELRBjviQpKyigfrXtKW27KJ,Nextblock,16,16
3x9nibnhgBHWKMRiGnsXJELRBjviQpKyigfrXtKW27KJ,NodeOne,63,63
3x9nibnhgBHWKMRiGnsXJELRBjviQpKyigfrXtKW27KJ,Soyas,11,11
3x9nibnhgBHWKMRiGnsXJELRBjviQpKyigfrXtKW27KJ,Stellium,88,88
3x9nibnhgBHWKMRiGnsXJELRBjviQpKyigfrXtKW27KJ,Temporal,86,86
3x9nibnhgBHWKMRiGnsXJELRBjviQpKyigfrXtKW27KJ,blockRazor,2,2
3x9nibnhgBHWKMRiGnsXJELRBjviQpKyigfrXtKW27KJ,blockrazor,14,14
3x9nibnhgBHWKMRiGnsXJELRBjviQpKyigfrXtKW27KJ,blocksprint,44,44
3x9nibnhgBHWKMRiGnsXJELRBjviQpKyigfrXtKW27KJ,bloxroute,36,36
3x9nibnhgBHWKMRiGnsXJELRBjviQpKyigfrXtKW27KJ,landX,109,109
3x9nibnhgBHWKMRiGnsXJELRBjviQpKyigfrXtKW27KJ,stellium,209,209
43Am3PKFeo9cACpqYL5Sk95rpVdxLw3Mc22PqRqZXEW2,(none),1566,0
43Am3PKFeo9cACpqYL5Sk95rpVdxLw3Mc22PqRqZXEW2,0slot,151,151
43Am3PKFeo9cACpqYL5Sk95rpVdxLw3Mc22PqRqZXEW2,AstraLane,179,179
43Am3PKFeo9cACpqYL5Sk95rpVdxLw3Mc22PqRqZXEW2,BloxRoute,4,4
43Am3PKFeo9cACpqYL5Sk95rpVdxLw3Mc22PqRqZXEW2,Falcon,273,273
43Am3PKFeo9cACpqYL5Sk95rpVdxLw3Mc22PqRqZXEW2,Flashblock,3,3
43Am3PKFeo9cACpqYL5Sk95rpVdxLw3Mc22PqRqZXEW2,Helius,673,673
43Am3PKFeo9cACpqYL5Sk95rpVdxLw3Mc22PqRqZXEW2,Jito,163,163
43Am3PKFeo9cACpqYL5Sk95rpVdxLw3Mc22PqRqZXEW2,Nextblock,64,64
43Am3PKFeo9cACpqYL5Sk95rpVdxLw3Mc22PqRqZXEW2,NodeOne,177,177
43Am3PKFeo9cACpqYL5Sk95rpVdxLw3Mc22PqRqZXEW2,Soyas,13,13
43Am3PKFeo9cACpqYL5Sk95rpVdxLw3Mc22PqRqZXEW2,Stellium,223,223
43Am3PKFeo9cACpqYL5Sk95rpVdxLw3Mc22PqRqZXEW2,Temporal,176,176
43Am3PKFeo9cACpqYL5Sk95rpVdxLw3Mc22PqRqZXEW2,blockRazor,9,9
43Am3PKFeo9cACpqYL5Sk95rpVdxLw3Mc22PqRqZXEW2,blockrazor,34,34
43Am3PKFeo9cACpqYL5Sk95rpVdxLw3Mc22PqRqZXEW2,blocksprint,144,144
43Am3PKFeo9cACpqYL5Sk95rpVdxLw3Mc22PqRqZXEW2,bloxroute,110,110
43Am3PKFeo9cACpqYL5Sk95rpVdxLw3Mc22PqRqZXEW2,landX,496,496
43Am3PKFeo9cACpqYL5Sk95rpVdxLw3Mc22PqRqZXEW2,stellium,750,750
49j9bnkdgVNxLwsZ9h88sPR5MYEmsUyKrrJ6ZW8ijBrb,(none),156,0
49j9bnkdgVNxLwsZ9h88sPR5MYEmsUyKrrJ6ZW8ijBrb,0slot,27,27
49j9bnkdgVNxLwsZ9h88sPR5MYEmsUyKrrJ6ZW8ijBrb,AstraLane,21,21
49j9bnkdgVNxLwsZ9h88sPR5MYEmsUyKrrJ6ZW8ijBrb,Falcon,43,43
49j9bnkdgVNxLwsZ9h88sPR5MYEmsUyKrrJ6ZW8ijBrb,Helius,51,51
49j9bnkdgVNxLwsZ9h88sPR5MYEmsUyKrrJ6ZW8ijBrb,Jito,26,26
49j9bnkdgVNxLwsZ9h88sPR5MYEmsUyKrrJ6ZW8ijBrb,Nextblock,11,11
49j9bnkdgVNxLwsZ9h88sPR5MYEmsUyKrrJ6ZW8ijBrb,NodeOne,11,11
49j9bnkdgVNxLwsZ9h88sPR5MYEmsUyKrrJ6ZW8ijBrb,Soyas,1,1
49j9bnkdgVNxLwsZ9h88sPR5MYEmsUyKrrJ6ZW8ijBrb,Stellium,26,26
49j9bnkdgVNxLwsZ9h88sPR5MYEmsUyKrrJ6ZW8ijBrb,Temporal,32,32
49j9bnkdgVNxLwsZ9h88sPR5MYEmsUyKrrJ6ZW8ijBrb,blockRazor,1,1
49j9bnkdgVNxLwsZ9h88sPR5MYEmsUyKrrJ6ZW8ijBrb,blockrazor,4,4
49j9bnkdgVNxLwsZ9h88sPR5MYEmsUyKrrJ6ZW8ijBrb,blocksprint,21,21
49j9bnkdgVNxLwsZ9h88sPR5MYEmsUyKrrJ6ZW8ijBrb,bloxroute,1,1
49j9bnkdgVNxLwsZ9h88sPR5MYEmsUyKrrJ6ZW8ijBrb,landX,35,35
49j9bnkdgVNxLwsZ9h88sPR5MYEmsUyKrrJ6ZW8ijBrb,stellium,62,62
4DraK9wUrMSpzbGjUbSWTHAhJimMyB49HyKhvfwe6e51,(none),1155,0
4DraK9wUrMSpzbGjUbSWTHAhJimMyB49HyKhvfwe6e51,0slot,141,141
4DraK9wUrMSpzbGjUbSWTHAhJimMyB49HyKhvfwe6e51,AstraLane,123,123
4DraK9wUrMSpzbGjUbSWTHAhJimMyB49HyKhvfwe6e51,BloxRoute,3,3
4DraK9wUrMSpzbGjUbSWTHAhJimMyB49HyKhvfwe6e51,Falcon,193,193
4DraK9wUrMSpzbGjUbSWTHAhJimMyB49HyKhvfwe6e51,Flashblock,2,2
4DraK9wUrMSpzbGjUbSWTHAhJimMyB49HyKhvfwe6e51,Helius,313,313
4DraK9wUrMSpzbGjUbSWTHAhJimMyB49HyKhvfwe6e51,Jito,107,107
4DraK9wUrMSpzbGjUbSWTHAhJimMyB49HyKhvfwe6e51,Moon,1,1
4DraK9wUrMSpzbGjUbSWTHAhJimMyB49HyKhvfwe6e51,Nextblock,49,49
4DraK9wUrMSpzbGjUbSWTHAhJimMyB49HyKhvfwe6e51,NodeOne,77,77
4DraK9wUrMSpzbGjUbSWTHAhJimMyB49HyKhvfwe6e51,Soyas,8,8
4DraK9wUrMSpzbGjUbSWTHAhJimMyB49HyKhvfwe6e51,Stellium,117,117
4DraK9wUrMSpzbGjUbSWTHAhJimMyB49HyKhvfwe6e51,Temporal,77,77
4DraK9wUrMSpzbGjUbSWTHAhJimMyB49HyKhvfwe6e51,blockRazor,5,5
4DraK9wUrMSpzbGjUbSWTHAhJimMyB49HyKhvfwe6e51,blockrazor,19,19
4DraK9wUrMSpzbGjUbSWTHAhJimMyB49HyKhvfwe6e51,blocksprint,66,66
4DraK9wUrMSpzbGjUbSWTHAhJimMyB49HyKhvfwe6e51,bloxroute,56,56
4DraK9wUrMSpzbGjUbSWTHAhJimMyB49HyKhvfwe6e51,landX,236,236
4DraK9wUrMSpzbGjUbSWTHAhJimMyB49HyKhvfwe6e51,stellium,386,386
4GEEKSwuiBHWTff9WaqrDcToZjbX6KYdyB4c578Zxse2,(none),259,0
4GEEKSwuiBHWTff9WaqrDcToZjbX6KYdyB4c578Zxse2,0slot,14,14
4GEEKSwuiBHWTff9WaqrDcToZjbX6KYdyB4c578Zxse2,AstraLane,6,6
4GEEKSwuiBHWTff9WaqrDcToZjbX6KYdyB4c578Zxse2,Falcon,31,31
4GEEKSwuiBHWTff9WaqrDcToZjbX6KYdyB4c578Zxse2,Helius,27,27
4GEEKSwuiBHWTff9WaqrDcToZjbX6KYdyB4c578Zxse2,Jito,15,15
4GEEKSwuiBHWTff9WaqrDcToZjbX6KYdyB4c578Zxse2,Nextblock,2,2
4GEEKSwuiBHWTff9WaqrDcToZjbX6KYdyB4c578Zxse2,NodeOne,6,6
4GEEKSwuiBHWTff9WaqrDcToZjbX6KYdyB4c578Zxse2,Soyas,1,1
4GEEKSwuiBHWTff9WaqrDcToZjbX6KYdyB4c578Zxse2,Stellium,20,20
4GEEKSwuiBHWTff9WaqrDcToZjbX6KYdyB4c578Zxse2,Temporal,9,9
4GEEKSwuiBHWTff9WaqrDcToZjbX6KYdyB4c578Zxse2,blockrazor,1,1
4GEEKSwuiBHWTff9WaqrDcToZjbX6KYdyB4c578Zxse2,blocksprint,6,6
4GEEKSwuiBHWTff9WaqrDcToZjbX6KYdyB4c578Zxse2,landX,125,125
4GEEKSwuiBHWTff9WaqrDcToZjbX6KYdyB4c578Zxse2,stellium,83,83
4JahMMrVRS1gimWoXpD5H6KwKc2MrsoTDFMaStMttL1E,(none),318,0
4JahMMrVRS1gimWoXpD5H6KwKc2MrsoTDFMaStMttL1E,0slot,31,31
4JahMMrVRS1gimWoXpD5H6KwKc2MrsoTDFMaStMttL1E,AstraLane,50,50
4JahMMrVRS1gimWoXpD5H6KwKc2MrsoTDFMaStMttL1E,Falcon,111,111
4JahMMrVRS1gimWoXpD5H6KwKc2MrsoTDFMaStMttL1E,Flashblock,1,1
4JahMMrVRS1gimWoXpD5H6KwKc2MrsoTDFMaStMttL1E,Helius,127,127
4JahMMrVRS1gimWoXpD5H6KwKc2MrsoTDFMaStMttL1E,Jito,50,50
4JahMMrVRS1gimWoXpD5H6KwKc2MrsoTDFMaStMttL1E,Nextblock,17,17
4JahMMrVRS1gimWoXpD5H6KwKc2MrsoTDFMaStMttL1E,NodeOne,25,25
4JahMMrVRS1gimWoXpD5H6KwKc2MrsoTDFMaStMttL1E,Soyas,5,5
4JahMMrVRS1gimWoXpD5H6KwKc2MrsoTDFMaStMttL1E,Stellium,76,76
4JahMMrVRS1gimWoXpD5H6KwKc2MrsoTDFMaStMttL1E,Temporal,37,37
4JahMMrVRS1gimWoXpD5H6KwKc2MrsoTDFMaStMttL1E,blockRazor,3,3
4JahMMrVRS1gimWoXpD5H6KwKc2MrsoTDFMaStMttL1E,blockrazor,8,8
4JahMMrVRS1gimWoXpD5H6KwKc2MrsoTDFMaStMttL1E,blocksprint,44,44
4JahMMrVRS1gimWoXpD5H6KwKc2MrsoTDFMaStMttL1E,landX,127,127
4JahMMrVRS1gimWoXpD5H6KwKc2MrsoTDFMaStMttL1E,stellium,214,214
4Kbcyn7JVPAWLRLPsNGTPmcNMvCkLTw51ZLRhqsUC6jP,(none),585,0
4Kbcyn7JVPAWLRLPsNGTPmcNMvCkLTw51ZLRhqsUC6jP,0slot,68,68
4Kbcyn7JVPAWLRLPsNGTPmcNMvCkLTw51ZLRhqsUC6jP,AstraLane,61,61
4Kbcyn7JVPAWLRLPsNGTPmcNMvCkLTw51ZLRhqsUC6jP,BloxRoute,1,1
4Kbcyn7JVPAWLRLPsNGTPmcNMvCkLTw51ZLRhqsUC6jP,Falcon,150,150
4Kbcyn7JVPAWLRLPsNGTPmcNMvCkLTw51ZLRhqsUC6jP,Helius,94,94
4Kbcyn7JVPAWLRLPsNGTPmcNMvCkLTw51ZLRhqsUC6jP,Jito,65,65
4Kbcyn7JVPAWLRLPsNGTPmcNMvCkLTw51ZLRhqsUC6jP,Nextblock,16,16
4Kbcyn7JVPAWLRLPsNGTPmcNMvCkLTw51ZLRhqsUC6jP,NodeOne,26,26
4Kbcyn7JVPAWLRLPsNGTPmcNMvCkLTw51ZLRhqsUC6jP,Soyas,1,1
4Kbcyn7JVPAWLRLPsNGTPmcNMvCkLTw51ZLRhqsUC6jP,Stellium,157,157
4Kbcyn7JVPAWLRLPsNGTPmcNMvCkLTw51ZLRhqsUC6jP,Temporal,60,60
4Kbcyn7JVPAWLRLPsNGTPmcNMvCkLTw51ZLRhqsUC6jP,blockRazor,4,4
4Kbcyn7JVPAWLRLPsNGTPmcNMvCkLTw51ZLRhqsUC6jP,blockrazor,5,5
4Kbcyn7JVPAWLRLPsNGTPmcNMvCkLTw51ZLRhqsUC6jP,blocksprint,56,56
4Kbcyn7JVPAWLRLPsNGTPmcNMvCkLTw51ZLRhqsUC6jP,bloxroute,11,11
4Kbcyn7JVPAWLRLPsNGTPmcNMvCkLTw51ZLRhqsUC6jP,landX,99,99
4Kbcyn7JVPAWLRLPsNGTPmcNMvCkLTw51ZLRhqsUC6jP,stellium,305,305
4NwpynvugnHvyLzr5h9Y7mw44saGJXDNoBjm6wgMiYDr,(none),1350,0
4NwpynvugnHvyLzr5h9Y7mw44saGJXDNoBjm6wgMiYDr,0slot,128,128
4NwpynvugnHvyLzr5h9Y7mw44saGJXDNoBjm6wgMiYDr,AstraLane,213,213
4NwpynvugnHvyLzr5h9Y7mw44saGJXDNoBjm6wgMiYDr,BloxRoute,7,7
4NwpynvugnHvyLzr5h9Y7mw44saGJXDNoBjm6wgMiYDr,Falcon,225,225
4NwpynvugnHvyLzr5h9Y7mw44saGJXDNoBjm6wgMiYDr,Flashblock,4,4
4NwpynvugnHvyLzr5h9Y7mw44saGJXDNoBjm6wgMiYDr,Helius,572,572
4NwpynvugnHvyLzr5h9Y7mw44saGJXDNoBjm6wgMiYDr,Jito,164,164
4NwpynvugnHvyLzr5h9Y7mw44saGJXDNoBjm6wgMiYDr,Moon,2,2
4NwpynvugnHvyLzr5h9Y7mw44saGJXDNoBjm6wgMiYDr,Nextblock,77,77
4NwpynvugnHvyLzr5h9Y7mw44saGJXDNoBjm6wgMiYDr,NodeOne,157,157
4NwpynvugnHvyLzr5h9Y7mw44saGJXDNoBjm6wgMiYDr,Soyas,16,16
4NwpynvugnHvyLzr5h9Y7mw44saGJXDNoBjm6wgMiYDr,Stellium,191,191
4NwpynvugnHvyLzr5h9Y7mw44saGJXDNoBjm6wgMiYDr,Temporal,224,224
4NwpynvugnHvyLzr5h9Y7mw44saGJXDNoBjm6wgMiYDr,blockRazor,9,9
4NwpynvugnHvyLzr5h9Y7mw44saGJXDNoBjm6wgMiYDr,blockrazor,45,45
4NwpynvugnHvyLzr5h9Y7mw44saGJXDNoBjm6wgMiYDr,blocksprint,136,136
4NwpynvugnHvyLzr5h9Y7mw44saGJXDNoBjm6wgMiYDr,bloxroute,117,117
4NwpynvugnHvyLzr5h9Y7mw44saGJXDNoBjm6wgMiYDr,landX,526,526
4NwpynvugnHvyLzr5h9Y7mw44saGJXDNoBjm6wgMiYDr,stellium,701,701
4QNekaDqrLmUENqkVhGCJrgHziPxkX9kridbKwunx9su,(none),540,0
4QNekaDqrLmUENqkVhGCJrgHziPxkX9kridbKwunx9su,0slot,46,46
4QNekaDqrLmUENqkVhGCJrgHziPxkX9kridbKwunx9su,AstraLane,74,74
4QNekaDqrLmUENqkVhGCJrgHziPxkX9kridbKwunx9su,BloxRoute,1,1
4QNekaDqrLmUENqkVhGCJrgHziPxkX9kridbKwunx9su,Falcon,114,114
4QNekaDqrLmUENqkVhGCJrgHziPxkX9kridbKwunx9su,Helius,164,164
4QNekaDqrLmUENqkVhGCJrgHziPxkX9kridbKwunx9su,Jito,59,58
4QNekaDqrLmUENqkVhGCJrgHziPxkX9kridbKwunx9su,Moon,1,1
4QNekaDqrLmUENqkVhGCJrgHziPxkX9kridbKwunx9su,Nextblock,16,16
4QNekaDqrLmUENqkVhGCJrgHziPxkX9kridbKwunx9su,NodeOne,52,52
4QNekaDqrLmUENqkVhGCJrgHziPxkX9kridbKwunx9su,Soyas,6,6
4QNekaDqrLmUENqkVhGCJrgHziPxkX9kridbKwunx9su,Stellium,75,75
4QNekaDqrLmUENqkVhGCJrgHziPxkX9kridbKwunx9su,Temporal,64,64
4QNekaDqrLmUENqkVhGCJrgHziPxkX9kridbKwunx9su,blockRazor,3,3
4QNekaDqrLmUENqkVhGCJrgHziPxkX9kridbKwunx9su,blockrazor,12,12
4QNekaDqrLmUENqkVhGCJrgHziPxkX9kridbKwunx9su,blocksprint,25,25
4QNekaDqrLmUENqkVhGCJrgHziPxkX9kridbKwunx9su,bloxroute,23,23
4QNekaDqrLmUENqkVhGCJrgHziPxkX9kridbKwunx9su,landX,115,115
4QNekaDqrLmUENqkVhGCJrgHziPxkX9kridbKwunx9su,stellium,206,206
4SNKY7GCp7ohY4AawND5Cc2D71sWMWN3Uifo854yvtks,(none),2508,0
4SNKY7GCp7ohY4AawND5Cc2D71sWMWN3Uifo854yvtks,0slot,247,247
4SNKY7GCp7ohY4AawND5Cc2D71sWMWN3Uifo854yvtks,AstraLane,270,270
4SNKY7GCp7ohY4AawND5Cc2D71sWMWN3Uifo854yvtks,Astralane,1,1
4SNKY7GCp7ohY4AawND5Cc2D71sWMWN3Uifo854yvtks,BloxRoute,9,9
4SNKY7GCp7ohY4AawND5Cc2D71sWMWN3Uifo854yvtks,Falcon,730,730
4SNKY7GCp7ohY4AawND5Cc2D71sWMWN3Uifo854yvtks,Flashblock,5,5
4SNKY7GCp7ohY4AawND5Cc2D71sWMWN3Uifo854yvtks,Helius,730,730
4SNKY7GCp7ohY4AawND5Cc2D71sWMWN3Uifo854yvtks,Jito,279,279
4SNKY7GCp7ohY4AawND5Cc2D71sWMWN3Uifo854yvtks,Moon,1,1
4SNKY7GCp7ohY4AawND5Cc2D71sWMWN3Uifo854yvtks,Nextblock,104,104
4SNKY7GCp7ohY4AawND5Cc2D71sWMWN3Uifo854yvtks,NodeOne,217,217
4SNKY7GCp7ohY4AawND5Cc2D71sWMWN3Uifo854yvtks,Soyas,22,22
4SNKY7GCp7ohY4AawND5Cc2D71sWMWN3Uifo854yvtks,Stellium,396,396
4SNKY7GCp7ohY4AawND5Cc2D71sWMWN3Uifo854yvtks,Temporal,316,316
4SNKY7GCp7ohY4AawND5Cc2D71sWMWN3Uifo854yvtks,blockRazor,14,14
4SNKY7GCp7ohY4AawND5Cc2D71sWMWN3Uifo854yvtks,blockrazor,60,60
4SNKY7GCp7ohY4AawND5Cc2D71sWMWN3Uifo854yvtks,blocksprint,348,348
4SNKY7GCp7ohY4AawND5Cc2D71sWMWN3Uifo854yvtks,bloxroute,138,138
4SNKY7GCp7ohY4AawND5Cc2D71sWMWN3Uifo854yvtks,landX,928,928
4SNKY7GCp7ohY4AawND5Cc2D71sWMWN3Uifo854yvtks,stellium,1334,1334
4SgoyAwN26iu9Gpf12Bk1rnzp4G4yDUM3XVv4w7VQcAf,(none),5,0
4SgoyAwN26iu9Gpf12Bk1rnzp4G4yDUM3XVv4w7VQcAf,0slot,1,1
4SgoyAwN26iu9Gpf12Bk1rnzp4G4yDUM3XVv4w7VQcAf,Helius,6,6
4SgoyAwN26iu9Gpf12Bk1rnzp4G4yDUM3XVv4w7VQcAf,Jito,2,2
4SgoyAwN26iu9Gpf12Bk1rnzp4G4yDUM3XVv4w7VQcAf,Temporal,1,1
4SgoyAwN26iu9Gpf12Bk1rnzp4G4yDUM3XVv4w7VQcAf,blocksprint,1,1
4SsMncJdtKiUcDtukkX15mqei7WiuQ9yvRtQrQW4reWC,(none),2378,0
4SsMncJdtKiUcDtukkX15mqei7WiuQ9yvRtQrQW4reWC,0slot,202,202
4SsMncJdtKiUcDtukkX15mqei7WiuQ9yvRtQrQW4reWC,AstraLane,328,328
4SsMncJdtKiUcDtukkX15mqei7WiuQ9yvRtQrQW4reWC,BloxRoute,5,5
4SsMncJdtKiUcDtukkX15mqei7WiuQ9yvRtQrQW4reWC,Falcon,549,549
4SsMncJdtKiUcDtukkX15mqei7WiuQ9yvRtQrQW4reWC,Flashblock,2,2
4SsMncJdtKiUcDtukkX15mqei7WiuQ9yvRtQrQW4reWC,Helius,830,828
4SsMncJdtKiUcDtukkX15mqei7WiuQ9yvRtQrQW4reWC,Jito,368,368
4SsMncJdtKiUcDtukkX15mqei7WiuQ9yvRtQrQW4reWC,Nextblock,122,122
4SsMncJdtKiUcDtukkX15mqei7WiuQ9yvRtQrQW4reWC,NodeOne,283,283
4SsMncJdtKiUcDtukkX15mqei7WiuQ9yvRtQrQW4reWC,Soyas,28,28
4SsMncJdtKiUcDtukkX15mqei7WiuQ9yvRtQrQW4reWC,Stellium,349,349
4SsMncJdtKiUcDtukkX15mqei7WiuQ9yvRtQrQW4reWC,Temporal,237,237
4SsMncJdtKiUcDtukkX15mqei7WiuQ9yvRtQrQW4reWC,blockRazor,17,17
4SsMncJdtKiUcDtukkX15mqei7WiuQ9yvRtQrQW4reWC,blockrazor,51,51
4SsMncJdtKiUcDtukkX15mqei7WiuQ9yvRtQrQW4reWC,blocksprint,211,211
4SsMncJdtKiUcDtukkX15mqei7WiuQ9yvRtQrQW4reWC,bloxroute,161,160
4SsMncJdtKiUcDtukkX15mqei7WiuQ9yvRtQrQW4reWC,landX,676,676
4SsMncJdtKiUcDtukkX15mqei7WiuQ9yvRtQrQW4reWC,stellium,1178,1178
4VrjyXQT61WFSjuG3ehgqZUK1jqvYqB46veQbXLotq3n,(none),584,0
4VrjyXQT61WFSjuG3ehgqZUK1jqvYqB46veQbXLotq3n,0slot,40,40
4VrjyXQT61WFSjuG3ehgqZUK1jqvYqB46veQbXLotq3n,AstraLane,64,64
4VrjyXQT61WFSjuG3ehgqZUK1jqvYqB46veQbXLotq3n,Astralane,1,1
4VrjyXQT61WFSjuG3ehgqZUK1jqvYqB46veQbXLotq3n,BloxRoute,2,2
4VrjyXQT61WFSjuG3ehgqZUK1jqvYqB46veQbXLotq3n,Falcon,86,86
4VrjyXQT61WFSjuG3ehgqZUK1jqvYqB46veQbXLotq3n,Helius,233,233
4VrjyXQT61WFSjuG3ehgqZUK1jqvYqB46veQbXLotq3n,Jito,61,61
4VrjyXQT61WFSjuG3ehgqZUK1jqvYqB46veQbXLotq3n,Moon,1,1
4VrjyXQT61WFSjuG3ehgqZUK1jqvYqB46veQbXLotq3n,Nextblock,27,27
4VrjyXQT61WFSjuG3ehgqZUK1jqvYqB46veQbXLotq3n,NodeOne,76,76
4VrjyXQT61WFSjuG3ehgqZUK1jqvYqB46veQbXLotq3n,Soyas,4,4
4VrjyXQT61WFSjuG3ehgqZUK1jqvYqB46veQbXLotq3n,Stellium,78,78
4VrjyXQT61WFSjuG3ehgqZUK1jqvYqB46veQbXLotq3n,Temporal,77,77
4VrjyXQT61WFSjuG3ehgqZUK1jqvYqB46veQbXLotq3n,blockRazor,1,1
4VrjyXQT61WFSjuG3ehgqZUK1jqvYqB46veQbXLotq3n,blockrazor,15,15
4VrjyXQT61WFSjuG3ehgqZUK1jqvYqB46veQbXLotq3n,blocksprint,41,41
4VrjyXQT61WFSjuG3ehgqZUK1jqvYqB46veQbXLotq3n,bloxroute,25,25
4VrjyXQT61WFSjuG3ehgqZUK1jqvYqB46veQbXLotq3n,landX,207,207
4VrjyXQT61WFSjuG3ehgqZUK1jqvYqB46veQbXLotq3n,stellium,286,286
4W3jdXyqhLCjzA3Liu8ZNjViwrc6N9YjSB7obbxfjcKE,(none),321,0
4W3jdXyqhLCjzA3Liu8ZNjViwrc6N9YjSB7obbxfjcKE,0slot,28,28
4W3jdXyqhLCjzA3Liu8ZNjViwrc6N9YjSB7obbxfjcKE,AstraLane,25,25
4W3jdXyqhLCjzA3Liu8ZNjViwrc6N9YjSB7obbxfjcKE,BloxRoute,2,2
4W3jdXyqhLCjzA3Liu8ZNjViwrc6N9YjSB7obbxfjcKE,Falcon,42,42
4W3jdXyqhLCjzA3Liu8ZNjViwrc6N9YjSB7obbxfjcKE,Helius,67,67
4W3jdXyqhLCjzA3Liu8ZNjViwrc6N9YjSB7obbxfjcKE,Jito,25,25
4W3jdXyqhLCjzA3Liu8ZNjViwrc6N9YjSB7obbxfjcKE,Nextblock,13,13
4W3jdXyqhLCjzA3Liu8ZNjViwrc6N9YjSB7obbxfjcKE,NodeOne,20,20
4W3jdXyqhLCjzA3Liu8ZNjViwrc6N9YjSB7obbxfjcKE,Soyas,4,4
4W3jdXyqhLCjzA3Liu8ZNjViwrc6N9YjSB7obbxfjcKE,Stellium,18,18
4W3jdXyqhLCjzA3Liu8ZNjViwrc6N9YjSB7obbxfjcKE,Temporal,21,21
4W3jdXyqhLCjzA3Liu8ZNjViwrc6N9YjSB7obbxfjcKE,blockrazor,6,6
4W3jdXyqhLCjzA3Liu8ZNjViwrc6N9YjSB7obbxfjcKE,blocksprint,8,8
4W3jdXyqhLCjzA3Liu8ZNjViwrc6N9YjSB7obbxfjcKE,bloxroute,12,12
4W3jdXyqhLCjzA3Liu8ZNjViwrc6N9YjSB7obbxfjcKE,landX,78,78
4W3jdXyqhLCjzA3Liu8ZNjViwrc6N9YjSB7obbxfjcKE,stellium,92,92
4XspXDcJy3DWZsVdaXrt8pE1xhcLpXDKkhj9XyjmWWNy,(none),1641,0
4XspXDcJy3DWZsVdaXrt8pE1xhcLpXDKkhj9XyjmWWNy,0slot,110,110
4XspXDcJy3DWZsVdaXrt8pE1xhcLpXDKkhj9XyjmWWNy,AstraLane,181,181
4XspXDcJy3DWZsVdaXrt8pE1xhcLpXDKkhj9XyjmWWNy,Astralane,1,1
4XspXDcJy3DWZsVdaXrt8pE1xhcLpXDKkhj9XyjmWWNy,BloxRoute,3,3
4XspXDcJy3DWZsVdaXrt8pE1xhcLpXDKkhj9XyjmWWNy,Falcon,241,241
4XspXDcJy3DWZsVdaXrt8pE1xhcLpXDKkhj9XyjmWWNy,Flashblock,2,2
4XspXDcJy3DWZsVdaXrt8pE1xhcLpXDKkhj9XyjmWWNy,Helius,591,591
4XspXDcJy3DWZsVdaXrt8pE1xhcLpXDKkhj9XyjmWWNy,Jito,121,121
4XspXDcJy3DWZsVdaXrt8pE1xhcLpXDKkhj9XyjmWWNy,Nextblock,75,75
4XspXDcJy3DWZsVdaXrt8pE1xhcLpXDKkhj9XyjmWWNy,NodeOne,203,203
4XspXDcJy3DWZsVdaXrt8pE1xhcLpXDKkhj9XyjmWWNy,Soyas,19,19
4XspXDcJy3DWZsVdaXrt8pE1xhcLpXDKkhj9XyjmWWNy,Stellium,175,175
4XspXDcJy3DWZsVdaXrt8pE1xhcLpXDKkhj9XyjmWWNy,Temporal,173,173
4XspXDcJy3DWZsVdaXrt8pE1xhcLpXDKkhj9XyjmWWNy,blockRazor,4,4
4XspXDcJy3DWZsVdaXrt8pE1xhcLpXDKkhj9XyjmWWNy,blockrazor,37,37
4XspXDcJy3DWZsVdaXrt8pE1xhcLpXDKkhj9XyjmWWNy,blocksprint,135,135
4XspXDcJy3DWZsVdaXrt8pE1xhcLpXDKkhj9XyjmWWNy,bloxroute,26,26
4XspXDcJy3DWZsVdaXrt8pE1xhcLpXDKkhj9XyjmWWNy,landX,401,401
4XspXDcJy3DWZsVdaXrt8pE1xhcLpXDKkhj9XyjmWWNy,stellium,645,645
4YGgmwyqztpJeAi3pzHQ4Gf9cWrMHCjZaWeWoCK6zz6X,(none),226,0
4YGgmwyqztpJeAi3pzHQ4Gf9cWrMHCjZaWeWoCK6zz6X,0slot,15,15
4YGgmwyqztpJeAi3pzHQ4Gf9cWrMHCjZaWeWoCK6zz6X,AstraLane,23,23
4YGgmwyqztpJeAi3pzHQ4Gf9cWrMHCjZaWeWoCK6zz6X,BloxRoute,1,1
4YGgmwyqztpJeAi3pzHQ4Gf9cWrMHCjZaWeWoCK6zz6X,Falcon,81,81
4YGgmwyqztpJeAi3pzHQ4Gf9cWrMHCjZaWeWoCK6zz6X,Flashblock,2,2
4YGgmwyqztpJeAi3pzHQ4Gf9cWrMHCjZaWeWoCK6zz6X,Helius,65,65
4YGgmwyqztpJeAi3pzHQ4Gf9cWrMHCjZaWeWoCK6zz6X,Jito,18,18
4YGgmwyqztpJeAi3pzHQ4Gf9cWrMHCjZaWeWoCK6zz6X,Nextblock,8,8
4YGgmwyqztpJeAi3pzHQ4Gf9cWrMHCjZaWeWoCK6zz6X,NodeOne,27,27
4YGgmwyqztpJeAi3pzHQ4Gf9cWrMHCjZaWeWoCK6zz6X,Soyas,3,3
4YGgmwyqztpJeAi3pzHQ4Gf9cWrMHCjZaWeWoCK6zz6X,Stellium,42,42
4YGgmwyqztpJeAi3pzHQ4Gf9cWrMHCjZaWeWoCK6zz6X,Temporal,26,26
4YGgmwyqztpJeAi3pzHQ4Gf9cWrMHCjZaWeWoCK6zz6X,blockRazor,1,1
4YGgmwyqztpJeAi3pzHQ4Gf9cWrMHCjZaWeWoCK6zz6X,blockrazor,6,6
4YGgmwyqztpJeAi3pzHQ4Gf9cWrMHCjZaWeWoCK6zz6X,blocksprint,15,15
4YGgmwyqztpJeAi3pzHQ4Gf9cWrMHCjZaWeWoCK6zz6X,bloxroute,9,9
4YGgmwyqztpJeAi3pzHQ4Gf9cWrMHCjZaWeWoCK6zz6X,landX,73,73
4YGgmwyqztpJeAi3pzHQ4Gf9cWrMHCjZaWeWoCK6zz6X,stellium,127,127
4aRPyjsqqFsf5488a9QAaHJLQJMGwoL5P6wRtLmroe2d,(none),612,0
4aRPyjsqqFsf5488a9QAaHJLQJMGwoL5P6wRtLmroe2d,0slot,56,56
4aRPyjsqqFsf5488a9QAaHJLQJMGwoL5P6wRtLmroe2d,AstraLane,100,100
4aRPyjsqqFsf5488a9QAaHJLQJMGwoL5P6wRtLmroe2d,Falcon,182,182
4aRPyjsqqFsf5488a9QAaHJLQJMGwoL5P6wRtLmroe2d,Flashblock,2,2
4aRPyjsqqFsf5488a9QAaHJLQJMGwoL5P6wRtLmroe2d,Helius,183,183
4aRPyjsqqFsf5488a9QAaHJLQJMGwoL5P6wRtLmroe2d,Jito,88,88
4aRPyjsqqFsf5488a9QAaHJLQJMGwoL5P6wRtLmroe2d,Nextblock,34,34
4aRPyjsqqFsf5488a9QAaHJLQJMGwoL5P6wRtLmroe2d,NodeOne,73,73
4aRPyjsqqFsf5488a9QAaHJLQJMGwoL5P6wRtLmroe2d,Soyas,2,2
4aRPyjsqqFsf5488a9QAaHJLQJMGwoL5P6wRtLmroe2d,Stellium,132,132
4aRPyjsqqFsf5488a9QAaHJLQJMGwoL5P6wRtLmroe2d,Temporal,70,70
4aRPyjsqqFsf5488a9QAaHJLQJMGwoL5P6wRtLmroe2d,blockRazor,2,2
4aRPyjsqqFsf5488a9QAaHJLQJMGwoL5P6wRtLmroe2d,blockrazor,15,15
4aRPyjsqqFsf5488a9QAaHJLQJMGwoL5P6wRtLmroe2d,blocksprint,76,76
4aRPyjsqqFsf5488a9QAaHJLQJMGwoL5P6wRtLmroe2d,bloxroute,36,36
4aRPyjsqqFsf5488a9QAaHJLQJMGwoL5P6wRtLmroe2d,landX,114,114
4aRPyjsqqFsf5488a9QAaHJLQJMGwoL5P6wRtLmroe2d,stellium,299,299
4b1onMDEasBh4BuPekQWijx3BYR64hAE1z2jJyeZUkck,(none),824,0
4b1onMDEasBh4BuPekQWijx3BYR64hAE1z2jJyeZUkck,0slot,79,79
4b1onMDEasBh4BuPekQWijx3BYR64hAE1z2jJyeZUkck,AstraLane,112,112
4b1onMDEasBh4BuPekQWijx3BYR64hAE1z2jJyeZUkck,BloxRoute,2,2
4b1onMDEasBh4BuPekQWijx3BYR64hAE1z2jJyeZUkck,Falcon,127,127
4b1onMDEasBh4BuPekQWijx3BYR64hAE1z2jJyeZUkck,Helius,385,385
4b1onMDEasBh4BuPekQWijx3BYR64hAE1z2jJyeZUkck,Jito,22,22
4b1onMDEasBh4BuPekQWijx3BYR64hAE1z2jJyeZUkck,Nextblock,51,51
4b1onMDEasBh4BuPekQWijx3BYR64hAE1z2jJyeZUkck,NodeOne,73,73
4b1onMDEasBh4BuPekQWijx3BYR64hAE1z2jJyeZUkck,Soyas,6,6
4b1onMDEasBh4BuPekQWijx3BYR64hAE1z2jJyeZUkck,Stellium,128,128
4b1onMDEasBh4BuPekQWijx3BYR64hAE1z2jJyeZUkck,Temporal,106,105
4b1onMDEasBh4BuPekQWijx3BYR64hAE1z2jJyeZUkck,blockRazor,6,6
4b1onMDEasBh4BuPekQWijx3BYR64hAE1z2jJyeZUkck,blockrazor,23,23
4b1onMDEasBh4BuPekQWijx3BYR64hAE1z2jJyeZUkck,blocksprint,65,65
4b1onMDEasBh4BuPekQWijx3BYR64hAE1z2jJyeZUkck,bloxroute,60,60
4b1onMDEasBh4BuPekQWijx3BYR64hAE1z2jJyeZUkck,landX,211,211
4b1onMDEasBh4BuPekQWijx3BYR64hAE1z2jJyeZUkck,stellium,372,372
4k6wgP5WPBKQpsFGtzuXNrjcTE2fKWLj17nDvFeG5zSF,(none),1094,0
4k6wgP5WPBKQpsFGtzuXNrjcTE2fKWLj17nDvFeG5zSF,0slot,89,89
4k6wgP5WPBKQpsFGtzuXNrjcTE2fKWLj17nDvFeG5zSF,AstraLane,133,133
4k6wgP5WPBKQpsFGtzuXNrjcTE2fKWLj17nDvFeG5zSF,BloxRoute,3,3
4k6wgP5WPBKQpsFGtzuXNrjcTE2fKWLj17nDvFeG5zSF,Falcon,285,285
4k6wgP5WPBKQpsFGtzuXNrjcTE2fKWLj17nDvFeG5zSF,Flashblock,1,1
4k6wgP5WPBKQpsFGtzuXNrjcTE2fKWLj17nDvFeG5zSF,Helius,350,350
4k6wgP5WPBKQpsFGtzuXNrjcTE2fKWLj17nDvFeG5zSF,Jito,154,154
4k6wgP5WPBKQpsFGtzuXNrjcTE2fKWLj17nDvFeG5zSF,Nextblock,47,47
4k6wgP5WPBKQpsFGtzuXNrjcTE2fKWLj17nDvFeG5zSF,NodeOne,190,190
4k6wgP5WPBKQpsFGtzuXNrjcTE2fKWLj17nDvFeG5zSF,Soyas,11,11
4k6wgP5WPBKQpsFGtzuXNrjcTE2fKWLj17nDvFeG5zSF,Stellium,165,165
4k6wgP5WPBKQpsFGtzuXNrjcTE2fKWLj17nDvFeG5zSF,Temporal,120,120
4k6wgP5WPBKQpsFGtzuXNrjcTE2fKWLj17nDvFeG5zSF,blockRazor,5,5
4k6wgP5WPBKQpsFGtzuXNrjcTE2fKWLj17nDvFeG5zSF,blockrazor,25,25
4k6wgP5WPBKQpsFGtzuXNrjcTE2fKWLj17nDvFeG5zSF,blocksprint,92,92
4k6wgP5WPBKQpsFGtzuXNrjcTE2fKWLj17nDvFeG5zSF,bloxroute,91,91
4k6wgP5WPBKQpsFGtzuXNrjcTE2fKWLj17nDvFeG5zSF,landX,327,327
4k6wgP5WPBKQpsFGtzuXNrjcTE2fKWLj17nDvFeG5zSF,stellium,470,470
4mtXJ5pUcMMB4t8cLbi7zfDJCHfYLRrQb4qSLmh57sKL,(none),9141,0
4mtXJ5pUcMMB4t8cLbi7zfDJCHfYLRrQb4qSLmh57sKL,0slot,683,683
4mtXJ5pUcMMB4t8cLbi7zfDJCHfYLRrQb4qSLmh57sKL,AstraLane,3781,3781
4mtXJ5pUcMMB4t8cLbi7zfDJCHfYLRrQb4qSLmh57sKL,Astralane,6,6
4mtXJ5pUcMMB4t8cLbi7zfDJCHfYLRrQb4qSLmh57sKL,BloxRoute,31,31
4mtXJ5pUcMMB4t8cLbi7zfDJCHfYLRrQb4qSLmh57sKL,Falcon,2920,2920
4mtXJ5pUcMMB4t8cLbi7zfDJCHfYLRrQb4qSLmh57sKL,Flashblock,13,13
4mtXJ5pUcMMB4t8cLbi7zfDJCHfYLRrQb4qSLmh57sKL,Helius,3414,3414
4mtXJ5pUcMMB4t8cLbi7zfDJCHfYLRrQb4qSLmh57sKL,Jito,937,937
4mtXJ5pUcMMB4t8cLbi7zfDJCHfYLRrQb4qSLmh57sKL,Moon,8,8
4mtXJ5pUcMMB4t8cLbi7zfDJCHfYLRrQb4qSLmh57sKL,Nextblock,493,493
4mtXJ5pUcMMB4t8cLbi7zfDJCHfYLRrQb4qSLmh57sKL,NodeOne,676,676
4mtXJ5pUcMMB4t8cLbi7zfDJCHfYLRrQb4qSLmh57sKL,Soyas,94,94
4mtXJ5pUcMMB4t8cLbi7zfDJCHfYLRrQb4qSLmh57sKL,Stellium,1945,1945
4mtXJ5pUcMMB4t8cLbi7zfDJCHfYLRrQb4qSLmh57sKL,Temporal,1275,1275
4mtXJ5pUcMMB4t8cLbi7zfDJCHfYLRrQb4qSLmh57sKL,blockRazor,82,82
4mtXJ5pUcMMB4t8cLbi7zfDJCHfYLRrQb4qSLmh57sKL,blockrazor,178,178
4mtXJ5pUcMMB4t8cLbi7zfDJCHfYLRrQb4qSLmh57sKL,blocksprint,1002,1002
4mtXJ5pUcMMB4t8cLbi7zfDJCHfYLRrQb4qSLmh57sKL,bloxroute,2893,2892
4mtXJ5pUcMMB4t8cLbi7zfDJCHfYLRrQb4qSLmh57sKL,landX,1858,1858
4mtXJ5pUcMMB4t8cLbi7zfDJCHfYLRrQb4qSLmh57sKL,stellium,4470,4470
4uH4G6YiD5G8rU3mtPg73C2Uqamrqedy3FboTZcZrh6x,(none),249,0
4uH4G6YiD5G8rU3mtPg73C2Uqamrqedy3FboTZcZrh6x,0slot,12,12
4uH4G6YiD5G8rU3mtPg73C2Uqamrqedy3FboTZcZrh6x,AstraLane,25,25
4uH4G6YiD5G8rU3mtPg73C2Uqamrqedy3FboTZcZrh6x,Astralane,2,2
4uH4G6YiD5G8rU3mtPg73C2Uqamrqedy3FboTZcZrh6x,Falcon,60,60
4uH4G6YiD5G8rU3mtPg73C2Uqamrqedy3FboTZcZrh6x,Helius,80,80
4uH4G6YiD5G8rU3mtPg73C2Uqamrqedy3FboTZcZrh6x,Jito,61,61
4uH4G6YiD5G8rU3mtPg73C2Uqamrqedy3FboTZcZrh6x,Moon,1,1
4uH4G6YiD5G8rU3mtPg73C2Uqamrqedy3FboTZcZrh6x,Nextblock,8,8
4uH4G6YiD5G8rU3mtPg73C2Uqamrqedy3FboTZcZrh6x,NodeOne,16,16
4uH4G6YiD5G8rU3mtPg73C2Uqamrqedy3FboTZcZrh6x,Soyas,2,2
4uH4G6YiD5G8rU3mtPg73C2Uqamrqedy3FboTZcZrh6x,Stellium,37,37
4uH4G6YiD5G8rU3mtPg73C2Uqamrqedy3FboTZcZrh6x,Temporal,43,43
4uH4G6YiD5G8rU3mtPg73C2Uqamrqedy3FboTZcZrh6x,blockrazor,9,9
4uH4G6YiD5G8rU3mtPg73C2Uqamrqedy3FboTZcZrh6x,blocksprint,24,24
4uH4G6YiD5G8rU3mtPg73C2Uqamrqedy3FboTZcZrh6x,bloxroute,4,4
4uH4G6YiD5G8rU3mtPg73C2Uqamrqedy3FboTZcZrh6x,landX,81,81
4uH4G6YiD5G8rU3mtPg73C2Uqamrqedy3FboTZcZrh6x,stellium,113,113
4vcmYPfLztUckU3c3FvXDwSq8aDNDqwEpvEiqAv97LGJ,(none),793,0
4vcmYPfLztUckU3c3FvXDwSq8aDNDqwEpvEiqAv97LGJ,0slot,54,54
4vcmYPfLztUckU3c3FvXDwSq8aDNDqwEpvEiqAv97LGJ,AstraLane,112,112
4vcmYPfLztUckU3c3FvXDwSq8aDNDqwEpvEiqAv97LGJ,BloxRoute,1,1
4vcmYPfLztUckU3c3FvXDwSq8aDNDqwEpvEiqAv97LGJ,Falcon,208,208
4vcmYPfLztUckU3c3FvXDwSq8aDNDqwEpvEiqAv97LGJ,Flashblock,1,1
4vcmYPfLztUckU3c3FvXDwSq8aDNDqwEpvEiqAv97LGJ,Helius,309,309
4vcmYPfLztUckU3c3FvXDwSq8aDNDqwEpvEiqAv97LGJ,Jito,58,58
4vcmYPfLztUckU3c3FvXDwSq8aDNDqwEpvEiqAv97LGJ,Nextblock,42,42
4vcmYPfLztUckU3c3FvXDwSq8aDNDqwEpvEiqAv97LGJ,NodeOne,141,141
4vcmYPfLztUckU3c3FvXDwSq8aDNDqwEpvEiqAv97LGJ,Soyas,10,10
4vcmYPfLztUckU3c3FvXDwSq8aDNDqwEpvEiqAv97LGJ,Stellium,126,126
4vcmYPfLztUckU3c3FvXDwSq8aDNDqwEpvEiqAv97LGJ,Temporal,74,74
4vcmYPfLztUckU3c3FvXDwSq8aDNDqwEpvEiqAv97LGJ,blockRazor,5,5
4vcmYPfLztUckU3c3FvXDwSq8aDNDqwEpvEiqAv97LGJ,blockrazor,23,23
4vcmYPfLztUckU3c3FvXDwSq8aDNDqwEpvEiqAv97LGJ,blocksprint,103,103
4vcmYPfLztUckU3c3FvXDwSq8aDNDqwEpvEiqAv97LGJ,bloxroute,85,85
4vcmYPfLztUckU3c3FvXDwSq8aDNDqwEpvEiqAv97LGJ,landX,230,230
4vcmYPfLztUckU3c3FvXDwSq8aDNDqwEpvEiqAv97LGJ,stellium,346,346
5429ouKuzSkH8TV5GULMLtqkEGnJ7H6RsfhDLyscqXoB,(none),67,0
5429ouKuzSkH8TV5GULMLtqkEGnJ7H6RsfhDLyscqXoB,0slot,2,2
5429ouKuzSkH8TV5GULMLtqkEGnJ7H6RsfhDLyscqXoB,AstraLane,6,6
5429ouKuzSkH8TV5GULMLtqkEGnJ7H6RsfhDLyscqXoB,BloxRoute,1,1
5429ouKuzSkH8TV5GULMLtqkEGnJ7H6RsfhDLyscqXoB,Falcon,11,11
5429ouKuzSkH8TV5GULMLtqkEGnJ7H6RsfhDLyscqXoB,Helius,8,8
5429ouKuzSkH8TV5GULMLtqkEGnJ7H6RsfhDLyscqXoB,Nextblock,1,1
5429ouKuzSkH8TV5GULMLtqkEGnJ7H6RsfhDLyscqXoB,NodeOne,2,2
5429ouKuzSkH8TV5GULMLtqkEGnJ7H6RsfhDLyscqXoB,Stellium,6,6
5429ouKuzSkH8TV5GULMLtqkEGnJ7H6RsfhDLyscqXoB,Temporal,3,3
5429ouKuzSkH8TV5GULMLtqkEGnJ7H6RsfhDLyscqXoB,blockrazor,1,1
5429ouKuzSkH8TV5GULMLtqkEGnJ7H6RsfhDLyscqXoB,blocksprint,1,1
5429ouKuzSkH8TV5GULMLtqkEGnJ7H6RsfhDLyscqXoB,landX,4,4
5429ouKuzSkH8TV5GULMLtqkEGnJ7H6RsfhDLyscqXoB,stellium,13,13
57i31UEyDg4koaZMZ1wAHbYuezXv3AVaHtvJgJarxt3f,(none),922,0
57i31UEyDg4koaZMZ1wAHbYuezXv3AVaHtvJgJarxt3f,0slot,57,57
57i31UEyDg4koaZMZ1wAHbYuezXv3AVaHtvJgJarxt3f,AstraLane,82,82
57i31UEyDg4koaZMZ1wAHbYuezXv3AVaHtvJgJarxt3f,BloxRoute,2,2
57i31UEyDg4koaZMZ1wAHbYuezXv3AVaHtvJgJarxt3f,Falcon,227,227
57i31UEyDg4koaZMZ1wAHbYuezXv3AVaHtvJgJarxt3f,Helius,240,240
57i31UEyDg4koaZMZ1wAHbYuezXv3AVaHtvJgJarxt3f,Jito,105,105
57i31UEyDg4koaZMZ1wAHbYuezXv3AVaHtvJgJarxt3f,Nextblock,35,35
57i31UEyDg4koaZMZ1wAHbYuezXv3AVaHtvJgJarxt3f,NodeOne,52,52
57i31UEyDg4koaZMZ1wAHbYuezXv3AVaHtvJgJarxt3f,Soyas,6,6
57i31UEyDg4koaZMZ1wAHbYuezXv3AVaHtvJgJarxt3f,Stellium,137,137
57i31UEyDg4koaZMZ1wAHbYuezXv3AVaHtvJgJarxt3f,Temporal,104,104
57i31UEyDg4koaZMZ1wAHbYuezXv3AVaHtvJgJarxt3f,blockRazor,3,3
57i31UEyDg4koaZMZ1wAHbYuezXv3AVaHtvJgJarxt3f,blockrazor,18,18
57i31UEyDg4koaZMZ1wAHbYuezXv3AVaHtvJgJarxt3f,blocksprint,79,79
57i31UEyDg4koaZMZ1wAHbYuezXv3AVaHtvJgJarxt3f,bloxroute,44,44
57i31UEyDg4koaZMZ1wAHbYuezXv3AVaHtvJgJarxt3f,landX,155,155
57i31UEyDg4koaZMZ1wAHbYuezXv3AVaHtvJgJarxt3f,stellium,370,370
58KprHKFNHgH1Cvo4QwxWkDeJNaSQVteCoAAFUWjtESn,(none),3576,0
58KprHKFNHgH1Cvo4QwxWkDeJNaSQVteCoAAFUWjtESn,0slot,260,260
58KprHKFNHgH1Cvo4QwxWkDeJNaSQVteCoAAFUWjtESn,AstraLane,527,527
58KprHKFNHgH1Cvo4QwxWkDeJNaSQVteCoAAFUWjtESn,BloxRoute,4,4
58KprHKFNHgH1Cvo4QwxWkDeJNaSQVteCoAAFUWjtESn,Falcon,858,858
58KprHKFNHgH1Cvo4QwxWkDeJNaSQVteCoAAFUWjtESn,Flashblock,3,3
58KprHKFNHgH1Cvo4QwxWkDeJNaSQVteCoAAFUWjtESn,Helius,1197,1197
58KprHKFNHgH1Cvo4QwxWkDeJNaSQVteCoAAFUWjtESn,Jito,391,391
58KprHKFNHgH1Cvo4QwxWkDeJNaSQVteCoAAFUWjtESn,Moon,1,1
58KprHKFNHgH1Cvo4QwxWkDeJNaSQVteCoAAFUWjtESn,Nextblock,154,154
58KprHKFNHgH1Cvo4QwxWkDeJNaSQVteCoAAFUWjtESn,NodeOne,559,559
58KprHKFNHgH1Cvo4QwxWkDeJNaSQVteCoAAFUWjtESn,Soyas,35,35
58KprHKFNHgH1Cvo4QwxWkDeJNaSQVteCoAAFUWjtESn,Stellium,532,532
58KprHKFNHgH1Cvo4QwxWkDeJNaSQVteCoAAFUWjtESn,Temporal,513,513
58KprHKFNHgH1Cvo4QwxWkDeJNaSQVteCoAAFUWjtESn,blockRazor,17,17
58KprHKFNHgH1Cvo4QwxWkDeJNaSQVteCoAAFUWjtESn,blockrazor,85,85
58KprHKFNHgH1Cvo4QwxWkDeJNaSQVteCoAAFUWjtESn,blocksprint,381,381
58KprHKFNHgH1Cvo4QwxWkDeJNaSQVteCoAAFUWjtESn,bloxroute,362,361
58KprHKFNHgH1Cvo4QwxWkDeJNaSQVteCoAAFUWjtESn,landX,1044,1044
58KprHKFNHgH1Cvo4QwxWkDeJNaSQVteCoAAFUWjtESn,stellium,1687,1687
5AsoSeQtLoN8eLsf3wKrR3LwxHME4sTBGR6dpTCP1k3H,(none),1273,0
5AsoSeQtLoN8eLsf3wKrR3LwxHME4sTBGR6dpTCP1k3H,0slot,102,102
5AsoSeQtLoN8eLsf3wKrR3LwxHME4sTBGR6dpTCP1k3H,AstraLane,139,139
5AsoSeQtLoN8eLsf3wKrR3LwxHME4sTBGR6dpTCP1k3H,BloxRoute,3,3
5AsoSeQtLoN8eLsf3wKrR3LwxHME4sTBGR6dpTCP1k3H,Falcon,223,223
5AsoSeQtLoN8eLsf3wKrR3LwxHME4sTBGR6dpTCP1k3H,Flashblock,1,1
5AsoSeQtLoN8eLsf3wKrR3LwxHME4sTBGR6dpTCP1k3H,Helius,436,436
5AsoSeQtLoN8eLsf3wKrR3LwxHME4sTBGR6dpTCP1k3H,Jito,78,78
5AsoSeQtLoN8eLsf3wKrR3LwxHME4sTBGR6dpTCP1k3H,Nextblock,59,59
5AsoSeQtLoN8eLsf3wKrR3LwxHME4sTBGR6dpTCP1k3H,NodeOne,75,75
5AsoSeQtLoN8eLsf3wKrR3LwxHME4sTBGR6dpTCP1k3H,Soyas,10,10
5AsoSeQtLoN8eLsf3wKrR3LwxHME4sTBGR6dpTCP1k3H,Stellium,135,135
5AsoSeQtLoN8eLsf3wKrR3LwxHME4sTBGR6dpTCP1k3H,Temporal,125,125
5AsoSeQtLoN8eLsf3wKrR3LwxHME4sTBGR6dpTCP1k3H,blockRazor,7,7
5AsoSeQtLoN8eLsf3wKrR3LwxHME4sTBGR6dpTCP1k3H,blockrazor,35,35
5AsoSeQtLoN8eLsf3wKrR3LwxHME4sTBGR6dpTCP1k3H,blocksprint,113,113
5AsoSeQtLoN8eLsf3wKrR3LwxHME4sTBGR6dpTCP1k3H,bloxroute,61,61
5AsoSeQtLoN8eLsf3wKrR3LwxHME4sTBGR6dpTCP1k3H,landX,364,364
5AsoSeQtLoN8eLsf3wKrR3LwxHME4sTBGR6dpTCP1k3H,stellium,548,548
5Cchr1XGEg7dbBXByV5NY2ad8jfxAM7HA3x8D56rq9Ux,(none),25349,0
5Cchr1XGEg7dbBXByV5NY2ad8jfxAM7HA3x8D56rq9Ux,0slot,2182,2182
5Cchr1XGEg7dbBXByV5NY2ad8jfxAM7HA3x8D56rq9Ux,96gYZGLnJYVFmbjzopPSU6QiEV5fGqZNyN9nmNhvrZU5,1,1
5Cchr1XGEg7dbBXByV5NY2ad8jfxAM7HA3x8D56rq9Ux,AstraLane,3725,3725
5Cchr1XGEg7dbBXByV5NY2ad8jfxAM7HA3x8D56rq9Ux,Astralane,16,16
5Cchr1XGEg7dbBXByV5NY2ad8jfxAM7HA3x8D56rq9Ux,BloxRoute,68,68
5Cchr1XGEg7dbBXByV5NY2ad8jfxAM7HA3x8D56rq9Ux,Falcon,6942,6942
5Cchr1XGEg7dbBXByV5NY2ad8jfxAM7HA3x8D56rq9Ux,Flashblock,44,44
5Cchr1XGEg7dbBXByV5NY2ad8jfxAM7HA3x8D56rq9Ux,Helius,9225,9224
5Cchr1XGEg7dbBXByV5NY2ad8jfxAM7HA3x8D56rq9Ux,Jito,666,666
5Cchr1XGEg7dbBXByV5NY2ad8jfxAM7HA3x8D56rq9Ux,Moon,11,11
5Cchr1XGEg7dbBXByV5NY2ad8jfxAM7HA3x8D56rq9Ux,Nextblock,1292,1292
5Cchr1XGEg7dbBXByV5NY2ad8jfxAM7HA3x8D56rq9Ux,NodeOne,2389,2389
5Cchr1XGEg7dbBXByV5NY2ad8jfxAM7HA3x8D56rq9Ux,Soyas,395,395
5Cchr1XGEg7dbBXByV5NY2ad8jfxAM7HA3x8D56rq9Ux,Stellium,4508,4508
5Cchr1XGEg7dbBXByV5NY2ad8jfxAM7HA3x8D56rq9Ux,Temporal,2965,2961
5Cchr1XGEg7dbBXByV5NY2ad8jfxAM7HA3x8D56rq9Ux,blockRazor,169,169
5Cchr1XGEg7dbBXByV5NY2ad8jfxAM7HA3x8D56rq9Ux,blockrazor,658,658
5Cchr1XGEg7dbBXByV5NY2ad8jfxAM7HA3x8D56rq9Ux,blocksprint,2737,2737
5Cchr1XGEg7dbBXByV5NY2ad8jfxAM7HA3x8D56rq9Ux,bloxroute,2271,2271
5Cchr1XGEg7dbBXByV5NY2ad8jfxAM7HA3x8D56rq9Ux,landX,8936,8936
5Cchr1XGEg7dbBXByV5NY2ad8jfxAM7HA3x8D56rq9Ux,stellium,14872,14872
5DYpYgKgHV5aswMXBLp3UfJnbbzzFnGiJPpcxVAm56bG,(none),2092,0
5DYpYgKgHV5aswMXBLp3UfJnbbzzFnGiJPpcxVAm56bG,0slot,134,134
5DYpYgKgHV5aswMXBLp3UfJnbbzzFnGiJPpcxVAm56bG,AstraLane,235,235
5DYpYgKgHV5aswMXBLp3UfJnbbzzFnGiJPpcxVAm56bG,BloxRoute,4,4
5DYpYgKgHV5aswMXBLp3UfJnbbzzFnGiJPpcxVAm56bG,Falcon,542,542
5DYpYgKgHV5aswMXBLp3UfJnbbzzFnGiJPpcxVAm56bG,Helius,723,723
5DYpYgKgHV5aswMXBLp3UfJnbbzzFnGiJPpcxVAm56bG,Jito,123,123
5DYpYgKgHV5aswMXBLp3UfJnbbzzFnGiJPpcxVAm56bG,Moon,1,1
5DYpYgKgHV5aswMXBLp3UfJnbbzzFnGiJPpcxVAm56bG,Nextblock,77,77
5DYpYgKgHV5aswMXBLp3UfJnbbzzFnGiJPpcxVAm56bG,NodeOne,199,199
5DYpYgKgHV5aswMXBLp3UfJnbbzzFnGiJPpcxVAm56bG,Soyas,16,16
5DYpYgKgHV5aswMXBLp3UfJnbbzzFnGiJPpcxVAm56bG,Stellium,307,307
5DYpYgKgHV5aswMXBLp3UfJnbbzzFnGiJPpcxVAm56bG,Temporal,173,173
5DYpYgKgHV5aswMXBLp3UfJnbbzzFnGiJPpcxVAm56bG,blockRazor,14,14
5DYpYgKgHV5aswMXBLp3UfJnbbzzFnGiJPpcxVAm56bG,blockrazor,31,31
5DYpYgKgHV5aswMXBLp3UfJnbbzzFnGiJPpcxVAm56bG,blocksprint,168,168
5DYpYgKgHV5aswMXBLp3UfJnbbzzFnGiJPpcxVAm56bG,bloxroute,7,7
5DYpYgKgHV5aswMXBLp3UfJnbbzzFnGiJPpcxVAm56bG,landX,944,944
5DYpYgKgHV5aswMXBLp3UfJnbbzzFnGiJPpcxVAm56bG,stellium,1317,1317
5EhGYUyQNrxgUbuYF4vbL2SZDT6RMfhq3yjeyevvULeC,(none),13894,0
5EhGYUyQNrxgUbuYF4vbL2SZDT6RMfhq3yjeyevvULeC,0slot,1224,1224
5EhGYUyQNrxgUbuYF4vbL2SZDT6RMfhq3yjeyevvULeC,AstraLane,1958,1958
5EhGYUyQNrxgUbuYF4vbL2SZDT6RMfhq3yjeyevvULeC,Astralane,3,3
5EhGYUyQNrxgUbuYF4vbL2SZDT6RMfhq3yjeyevvULeC,BloxRoute,38,38
5EhGYUyQNrxgUbuYF4vbL2SZDT6RMfhq3yjeyevvULeC,Falcon,2905,2905
5EhGYUyQNrxgUbuYF4vbL2SZDT6RMfhq3yjeyevvULeC,Flashblock,26,26
5EhGYUyQNrxgUbuYF4vbL2SZDT6RMfhq3yjeyevvULeC,Helius,5254,5254
5EhGYUyQNrxgUbuYF4vbL2SZDT6RMfhq3yjeyevvULeC,Jito,1487,1486
5EhGYUyQNrxgUbuYF4vbL2SZDT6RMfhq3yjeyevvULeC,Moon,7,7
5EhGYUyQNrxgUbuYF4vbL2SZDT6RMfhq3yjeyevvULeC,Nextblock,633,633
5EhGYUyQNrxgUbuYF4vbL2SZDT6RMfhq3yjeyevvULeC,NodeOne,1340,1340
5EhGYUyQNrxgUbuYF4vbL2SZDT6RMfhq3yjeyevvULeC,Soyas,140,140
5EhGYUyQNrxgUbuYF4vbL2SZDT6RMfhq3yjeyevvULeC,Stellium,2341,2341
5EhGYUyQNrxgUbuYF4vbL2SZDT6RMfhq3yjeyevvULeC,Temporal,1541,1538
5EhGYUyQNrxgUbuYF4vbL2SZDT6RMfhq3yjeyevvULeC,blockRazor,72,72
5EhGYUyQNrxgUbuYF4vbL2SZDT6RMfhq3yjeyevvULeC,blockrazor,373,373
5EhGYUyQNrxgUbuYF4vbL2SZDT6RMfhq3yjeyevvULeC,blocksprint,1418,1418
5EhGYUyQNrxgUbuYF4vbL2SZDT6RMfhq3yjeyevvULeC,bloxroute,942,942
5EhGYUyQNrxgUbuYF4vbL2SZDT6RMfhq3yjeyevvULeC,landX,4386,4386
5EhGYUyQNrxgUbuYF4vbL2SZDT6RMfhq3yjeyevvULeC,stellium,7472,7472
5FbKKGdEaFcxGxxaLKVvBes2JxiKbreh8w2ZpMcSQ2a5,(none),446,0
5FbKKGdEaFcxGxxaLKVvBes2JxiKbreh8w2ZpMcSQ2a5,0slot,50,50
5FbKKGdEaFcxGxxaLKVvBes2JxiKbreh8w2ZpMcSQ2a5,AstraLane,70,70
5FbKKGdEaFcxGxxaLKVvBes2JxiKbreh8w2ZpMcSQ2a5,Falcon,80,80
5FbKKGdEaFcxGxxaLKVvBes2JxiKbreh8w2ZpMcSQ2a5,Helius,201,201
5FbKKGdEaFcxGxxaLKVvBes2JxiKbreh8w2ZpMcSQ2a5,Jito,47,47
5FbKKGdEaFcxGxxaLKVvBes2JxiKbreh8w2ZpMcSQ2a5,Nextblock,32,32
5FbKKGdEaFcxGxxaLKVvBes2JxiKbreh8w2ZpMcSQ2a5,NodeOne,146,146
5FbKKGdEaFcxGxxaLKVvBes2JxiKbreh8w2ZpMcSQ2a5,Soyas,7,7
5FbKKGdEaFcxGxxaLKVvBes2JxiKbreh8w2ZpMcSQ2a5,Stellium,62,62
5FbKKGdEaFcxGxxaLKVvBes2JxiKbreh8w2ZpMcSQ2a5,Temporal,70,70
5FbKKGdEaFcxGxxaLKVvBes2JxiKbreh8w2ZpMcSQ2a5,blockRazor,5,5
5FbKKGdEaFcxGxxaLKVvBes2JxiKbreh8w2ZpMcSQ2a5,blockrazor,21,21
5FbKKGdEaFcxGxxaLKVvBes2JxiKbreh8w2ZpMcSQ2a5,blocksprint,61,61
5FbKKGdEaFcxGxxaLKVvBes2JxiKbreh8w2ZpMcSQ2a5,bloxroute,47,47
5FbKKGdEaFcxGxxaLKVvBes2JxiKbreh8w2ZpMcSQ2a5,landX,113,113
5FbKKGdEaFcxGxxaLKVvBes2JxiKbreh8w2ZpMcSQ2a5,stellium,220,220
5HCTsoKM7vwjubSZSyVWChaHQ9sNNRB1d2SuvL3eZ6Y6,(none),270,0
5HCTsoKM7vwjubSZSyVWChaHQ9sNNRB1d2SuvL3eZ6Y6,0slot,41,41
5HCTsoKM7vwjubSZSyVWChaHQ9sNNRB1d2SuvL3eZ6Y6,AstraLane,24,24
5HCTsoKM7vwjubSZSyVWChaHQ9sNNRB1d2SuvL3eZ6Y6,BloxRoute,1,1
5HCTsoKM7vwjubSZSyVWChaHQ9sNNRB1d2SuvL3eZ6Y6,Falcon,118,118
5HCTsoKM7vwjubSZSyVWChaHQ9sNNRB1d2SuvL3eZ6Y6,Helius,57,57
5HCTsoKM7vwjubSZSyVWChaHQ9sNNRB1d2SuvL3eZ6Y6,Jito,39,39
5HCTsoKM7vwjubSZSyVWChaHQ9sNNRB1d2SuvL3eZ6Y6,Nextblock,6,6
5HCTsoKM7vwjubSZSyVWChaHQ9sNNRB1d2SuvL3eZ6Y6,NodeOne,94,94
5HCTsoKM7vwjubSZSyVWChaHQ9sNNRB1d2SuvL3eZ6Y6,Soyas,1,1
5HCTsoKM7vwjubSZSyVWChaHQ9sNNRB1d2SuvL3eZ6Y6,Stellium,44,44
5HCTsoKM7vwjubSZSyVWChaHQ9sNNRB1d2SuvL3eZ6Y6,Temporal,25,25
5HCTsoKM7vwjubSZSyVWChaHQ9sNNRB1d2SuvL3eZ6Y6,blockrazor,6,6
5HCTsoKM7vwjubSZSyVWChaHQ9sNNRB1d2SuvL3eZ6Y6,blocksprint,24,24
5HCTsoKM7vwjubSZSyVWChaHQ9sNNRB1d2SuvL3eZ6Y6,bloxroute,43,43
5HCTsoKM7vwjubSZSyVWChaHQ9sNNRB1d2SuvL3eZ6Y6,landX,124,124
5HCTsoKM7vwjubSZSyVWChaHQ9sNNRB1d2SuvL3eZ6Y6,stellium,211,211
5HYjArGt81naevDdwMaEx8yeGNw9jYBSDJa8YavT9Mp4,(none),629,0
5HYjArGt81naevDdwMaEx8yeGNw9jYBSDJa8YavT9Mp4,0slot,55,55
5HYjArGt81naevDdwMaEx8yeGNw9jYBSDJa8YavT9Mp4,AstraLane,188,188
5HYjArGt81naevDdwMaEx8yeGNw9jYBSDJa8YavT9Mp4,BloxRoute,1,1
5HYjArGt81naevDdwMaEx8yeGNw9jYBSDJa8YavT9Mp4,Falcon,249,249
5HYjArGt81naevDdwMaEx8yeGNw9jYBSDJa8YavT9Mp4,Helius,175,175
5HYjArGt81naevDdwMaEx8yeGNw9jYBSDJa8YavT9Mp4,Jito,85,85
5HYjArGt81naevDdwMaEx8yeGNw9jYBSDJa8YavT9Mp4,Nextblock,28,28
5HYjArGt81naevDdwMaEx8yeGNw9jYBSDJa8YavT9Mp4,NodeOne,46,46
5HYjArGt81naevDdwMaEx8yeGNw9jYBSDJa8YavT9Mp4,Soyas,6,6
5HYjArGt81naevDdwMaEx8yeGNw9jYBSDJa8YavT9Mp4,Stellium,138,138
5HYjArGt81naevDdwMaEx8yeGNw9jYBSDJa8YavT9Mp4,Temporal,71,70
5HYjArGt81naevDdwMaEx8yeGNw9jYBSDJa8YavT9Mp4,blockRazor,6,6
5HYjArGt81naevDdwMaEx8yeGNw9jYBSDJa8YavT9Mp4,blockrazor,18,18
5HYjArGt81naevDdwMaEx8yeGNw9jYBSDJa8YavT9Mp4,blocksprint,64,64
5HYjArGt81naevDdwMaEx8yeGNw9jYBSDJa8YavT9Mp4,bloxroute,142,142
5HYjArGt81naevDdwMaEx8yeGNw9jYBSDJa8YavT9Mp4,landX,178,178
5HYjArGt81naevDdwMaEx8yeGNw9jYBSDJa8YavT9Mp4,stellium,334,334
5LNEDitSMhApT2uFnmtN7FmjCiGuatpnb2uU4f3shrk,(none),69,0
5LNEDitSMhApT2uFnmtN7FmjCiGuatpnb2uU4f3shrk,0slot,36,36
5LNEDitSMhApT2uFnmtN7FmjCiGuatpnb2uU4f3shrk,AstraLane,7,7
5LNEDitSMhApT2uFnmtN7FmjCiGuatpnb2uU4f3shrk,Falcon,13,13
5LNEDitSMhApT2uFnmtN7FmjCiGuatpnb2uU4f3shrk,Helius,15,15
5LNEDitSMhApT2uFnmtN7FmjCiGuatpnb2uU4f3shrk,Jito,14,14
5LNEDitSMhApT2uFnmtN7FmjCiGuatpnb2uU4f3shrk,NodeOne,2,2
5LNEDitSMhApT2uFnmtN7FmjCiGuatpnb2uU4f3shrk,Soyas,1,1
5LNEDitSMhApT2uFnmtN7FmjCiGuatpnb2uU4f3shrk,Stellium,6,6
5LNEDitSMhApT2uFnmtN7FmjCiGuatpnb2uU4f3shrk,Temporal,9,9
5LNEDitSMhApT2uFnmtN7FmjCiGuatpnb2uU4f3shrk,blocksprint,4,4
5LNEDitSMhApT2uFnmtN7FmjCiGuatpnb2uU4f3shrk,landX,2,2
5LNEDitSMhApT2uFnmtN7FmjCiGuatpnb2uU4f3shrk,stellium,22,22
5MAGJ3zShtXMMVXjZRoFqtFF7XhP8iLSyZrxdL7KpjcB,(none),1599,0
5MAGJ3zShtXMMVXjZRoFqtFF7XhP8iLSyZrxdL7KpjcB,0slot,150,150
5MAGJ3zShtXMMVXjZRoFqtFF7XhP8iLSyZrxdL7KpjcB,AstraLane,185,185
5MAGJ3zShtXMMVXjZRoFqtFF7XhP8iLSyZrxdL7KpjcB,BloxRoute,11,11
5MAGJ3zShtXMMVXjZRoFqtFF7XhP8iLSyZrxdL7KpjcB,Falcon,487,487
5MAGJ3zShtXMMVXjZRoFqtFF7XhP8iLSyZrxdL7KpjcB,Flashblock,1,1
5MAGJ3zShtXMMVXjZRoFqtFF7XhP8iLSyZrxdL7KpjcB,Helius,506,505
5MAGJ3zShtXMMVXjZRoFqtFF7XhP8iLSyZrxdL7KpjcB,Jito,138,138
5MAGJ3zShtXMMVXjZRoFqtFF7XhP8iLSyZrxdL7KpjcB,Nextblock,81,81
5MAGJ3zShtXMMVXjZRoFqtFF7XhP8iLSyZrxdL7KpjcB,NodeOne,156,156
5MAGJ3zShtXMMVXjZRoFqtFF7XhP8iLSyZrxdL7KpjcB,Soyas,21,21
5MAGJ3zShtXMMVXjZRoFqtFF7XhP8iLSyZrxdL7KpjcB,Stellium,277,277
5MAGJ3zShtXMMVXjZRoFqtFF7XhP8iLSyZrxdL7KpjcB,Temporal,145,145
5MAGJ3zShtXMMVXjZRoFqtFF7XhP8iLSyZrxdL7KpjcB,blockRazor,7,7
5MAGJ3zShtXMMVXjZRoFqtFF7XhP8iLSyZrxdL7KpjcB,blockrazor,41,41
5MAGJ3zShtXMMVXjZRoFqtFF7XhP8iLSyZrxdL7KpjcB,blocksprint,145,145
5MAGJ3zShtXMMVXjZRoFqtFF7XhP8iLSyZrxdL7KpjcB,bloxroute,150,150
5MAGJ3zShtXMMVXjZRoFqtFF7XhP8iLSyZrxdL7KpjcB,landX,511,511
5MAGJ3zShtXMMVXjZRoFqtFF7XhP8iLSyZrxdL7KpjcB,stellium,939,939
5RvfTSowms7BTYaBj8SxVjj7ELAAKdQadKsuNpmBAwCs,(none),3925,0
5RvfTSowms7BTYaBj8SxVjj7ELAAKdQadKsuNpmBAwCs,0slot,345,345
5RvfTSowms7BTYaBj8SxVjj7ELAAKdQadKsuNpmBAwCs,AstraLane,1007,1007
5RvfTSowms7BTYaBj8SxVjj7ELAAKdQadKsuNpmBAwCs,Astralane,2,2
5RvfTSowms7BTYaBj8SxVjj7ELAAKdQadKsuNpmBAwCs,BloxRoute,11,11
5RvfTSowms7BTYaBj8SxVjj7ELAAKdQadKsuNpmBAwCs,Falcon,1023,1023
5RvfTSowms7BTYaBj8SxVjj7ELAAKdQadKsuNpmBAwCs,Flashblock,8,8
5RvfTSowms7BTYaBj8SxVjj7ELAAKdQadKsuNpmBAwCs,Helius,1206,1206
5RvfTSowms7BTYaBj8SxVjj7ELAAKdQadKsuNpmBAwCs,Jito,403,403
5RvfTSowms7BTYaBj8SxVjj7ELAAKdQadKsuNpmBAwCs,Moon,1,1
5RvfTSowms7BTYaBj8SxVjj7ELAAKdQadKsuNpmBAwCs,Nextblock,198,198
5RvfTSowms7BTYaBj8SxVjj7ELAAKdQadKsuNpmBAwCs,NodeOne,376,376
5RvfTSowms7BTYaBj8SxVjj7ELAAKdQadKsuNpmBAwCs,Soyas,34,34
5RvfTSowms7BTYaBj8SxVjj7ELAAKdQadKsuNpmBAwCs,Stellium,687,687
5RvfTSowms7BTYaBj8SxVjj7ELAAKdQadKsuNpmBAwCs,Temporal,448,448
5RvfTSowms7BTYaBj8SxVjj7ELAAKdQadKsuNpmBAwCs,blockRazor,14,14
5RvfTSowms7BTYaBj8SxVjj7ELAAKdQadKsuNpmBAwCs,blockrazor,87,87
5RvfTSowms7BTYaBj8SxVjj7ELAAKdQadKsuNpmBAwCs,blocksprint,404,404
5RvfTSowms7BTYaBj8SxVjj7ELAAKdQadKsuNpmBAwCs,bloxroute,556,556
5RvfTSowms7BTYaBj8SxVjj7ELAAKdQadKsuNpmBAwCs,landX,751,751
5RvfTSowms7BTYaBj8SxVjj7ELAAKdQadKsuNpmBAwCs,stellium,1646,1646
5TGfVQV1S3wHE9hkgGaQkRoPC7xZxiqwMcjQZxVYsf1j,(none),11038,0
5TGfVQV1S3wHE9hkgGaQkRoPC7xZxiqwMcjQZxVYsf1j,0slot,775,775
5TGfVQV1S3wHE9hkgGaQkRoPC7xZxiqwMcjQZxVYsf1j,AstraLane,1544,1544
5TGfVQV1S3wHE9hkgGaQkRoPC7xZxiqwMcjQZxVYsf1j,Astralane,2,2
5TGfVQV1S3wHE9hkgGaQkRoPC7xZxiqwMcjQZxVYsf1j,BlockRazor,1,1
5TGfVQV1S3wHE9hkgGaQkRoPC7xZxiqwMcjQZxVYsf1j,BloxRoute,38,38
5TGfVQV1S3wHE9hkgGaQkRoPC7xZxiqwMcjQZxVYsf1j,Falcon,2691,2691
5TGfVQV1S3wHE9hkgGaQkRoPC7xZxiqwMcjQZxVYsf1j,Flashblock,15,15
5TGfVQV1S3wHE9hkgGaQkRoPC7xZxiqwMcjQZxVYsf1j,Helius,4089,4089
5TGfVQV1S3wHE9hkgGaQkRoPC7xZxiqwMcjQZxVYsf1j,Jito,1158,1158
5TGfVQV1S3wHE9hkgGaQkRoPC7xZxiqwMcjQZxVYsf1j,Moon,9,9
5TGfVQV1S3wHE9hkgGaQkRoPC7xZxiqwMcjQZxVYsf1j,Nextblock,561,561
5TGfVQV1S3wHE9hkgGaQkRoPC7xZxiqwMcjQZxVYsf1j,NodeOne,1524,1524
5TGfVQV1S3wHE9hkgGaQkRoPC7xZxiqwMcjQZxVYsf1j,Soyas,159,159
5TGfVQV1S3wHE9hkgGaQkRoPC7xZxiqwMcjQZxVYsf1j,Stellium,1806,1806
5TGfVQV1S3wHE9hkgGaQkRoPC7xZxiqwMcjQZxVYsf1j,Temporal,1139,1138
5TGfVQV1S3wHE9hkgGaQkRoPC7xZxiqwMcjQZxVYsf1j,blockRazor,76,76
5TGfVQV1S3wHE9hkgGaQkRoPC7xZxiqwMcjQZxVYsf1j,blockrazor,252,252
5TGfVQV1S3wHE9hkgGaQkRoPC7xZxiqwMcjQZxVYsf1j,blocksprint,1077,1077
5TGfVQV1S3wHE9hkgGaQkRoPC7xZxiqwMcjQZxVYsf1j,bloxroute,836,835
5TGfVQV1S3wHE9hkgGaQkRoPC7xZxiqwMcjQZxVYsf1j,landX,4161,4161
5TGfVQV1S3wHE9hkgGaQkRoPC7xZxiqwMcjQZxVYsf1j,stellium,6610,6610
5Us18hLZPXJTS4QVuGSsUw137Dyd2tgBaem24Xsf5nBS,(none),6186,0
5Us18hLZPXJTS4QVuGSsUw137Dyd2tgBaem24Xsf5nBS,0slot,426,426
5Us18hLZPXJTS4QVuGSsUw137Dyd2tgBaem24Xsf5nBS,AstraLane,845,845
5Us18hLZPXJTS4QVuGSsUw137Dyd2tgBaem24Xsf5nBS,Astralane,2,2
5Us18hLZPXJTS4QVuGSsUw137Dyd2tgBaem24Xsf5nBS,BloxRoute,15,15
5Us18hLZPXJTS4QVuGSsUw137Dyd2tgBaem24Xsf5nBS,Falcon,1363,1363
5Us18hLZPXJTS4QVuGSsUw137Dyd2tgBaem24Xsf5nBS,Flashblock,4,4
5Us18hLZPXJTS4QVuGSsUw137Dyd2tgBaem24Xsf5nBS,Helius,2194,2194
5Us18hLZPXJTS4QVuGSsUw137Dyd2tgBaem24Xsf5nBS,Jito,139,139
5Us18hLZPXJTS4QVuGSsUw137Dyd2tgBaem24Xsf5nBS,Moon,3,3
5Us18hLZPXJTS4QVuGSsUw137Dyd2tgBaem24Xsf5nBS,Nextblock,305,305
5Us18hLZPXJTS4QVuGSsUw137Dyd2tgBaem24Xsf5nBS,NodeOne,879,879
5Us18hLZPXJTS4QVuGSsUw137Dyd2tgBaem24Xsf5nBS,Soyas,62,62
5Us18hLZPXJTS4QVuGSsUw137Dyd2tgBaem24Xsf5nBS,Stellium,979,979
5Us18hLZPXJTS4QVuGSsUw137Dyd2tgBaem24Xsf5nBS,Temporal,717,717
5Us18hLZPXJTS4QVuGSsUw137Dyd2tgBaem24Xsf5nBS,blockRazor,25,25
5Us18hLZPXJTS4QVuGSsUw137Dyd2tgBaem24Xsf5nBS,blockrazor,159,159
5Us18hLZPXJTS4QVuGSsUw137Dyd2tgBaem24Xsf5nBS,blocksprint,583,583
5Us18hLZPXJTS4QVuGSsUw137Dyd2tgBaem24Xsf5nBS,bloxroute,357,356
5Us18hLZPXJTS4QVuGSsUw137Dyd2tgBaem24Xsf5nBS,landX,2261,2261
5Us18hLZPXJTS4QVuGSsUw137Dyd2tgBaem24Xsf5nBS,stellium,3536,3536
5VrW7YNBccVnhnZVmooCePdLFcs2UjfxRT3hoY9mN8Ec,(none),1154,0
5VrW7YNBccVnhnZVmooCePdLFcs2UjfxRT3hoY9mN8Ec,0slot,106,106
5VrW7YNBccVnhnZVmooCePdLFcs2UjfxRT3hoY9mN8Ec,AstraLane,145,145
5VrW7YNBccVnhnZVmooCePdLFcs2UjfxRT3hoY9mN8Ec,BloxRoute,4,4
5VrW7YNBccVnhnZVmooCePdLFcs2UjfxRT3hoY9mN8Ec,Falcon,155,155
5VrW7YNBccVnhnZVmooCePdLFcs2UjfxRT3hoY9mN8Ec,Flashblock,4,4
5VrW7YNBccVnhnZVmooCePdLFcs2UjfxRT3hoY9mN8Ec,Helius,493,493
5VrW7YNBccVnhnZVmooCePdLFcs2UjfxRT3hoY9mN8Ec,Jito,131,131
5VrW7YNBccVnhnZVmooCePdLFcs2UjfxRT3hoY9mN8Ec,Moon,1,1
5VrW7YNBccVnhnZVmooCePdLFcs2UjfxRT3hoY9mN8Ec,Nextblock,76,76
5VrW7YNBccVnhnZVmooCePdLFcs2UjfxRT3hoY9mN8Ec,NodeOne,222,222
5VrW7YNBccVnhnZVmooCePdLFcs2UjfxRT3hoY9mN8Ec,Soyas,20,20
5VrW7YNBccVnhnZVmooCePdLFcs2UjfxRT3hoY9mN8Ec,Stellium,213,213
5VrW7YNBccVnhnZVmooCePdLFcs2UjfxRT3hoY9mN8Ec,Temporal,165,165
5VrW7YNBccVnhnZVmooCePdLFcs2UjfxRT3hoY9mN8Ec,blockRazor,10,10
5VrW7YNBccVnhnZVmooCePdLFcs2UjfxRT3hoY9mN8Ec,blockrazor,38,38
5VrW7YNBccVnhnZVmooCePdLFcs2UjfxRT3hoY9mN8Ec,blocksprint,113,113
5VrW7YNBccVnhnZVmooCePdLFcs2UjfxRT3hoY9mN8Ec,bloxroute,97,97
5VrW7YNBccVnhnZVmooCePdLFcs2UjfxRT3hoY9mN8Ec,landX,313,313
5VrW7YNBccVnhnZVmooCePdLFcs2UjfxRT3hoY9mN8Ec,stellium,558,558
5XKJwdKB2Hs7pkEXzifAysjSk6q7Rt6k5KfHwmAMPtoQ,(none),565,0
5XKJwdKB2Hs7pkEXzifAysjSk6q7Rt6k5KfHwmAMPtoQ,0slot,47,47
5XKJwdKB2Hs7pkEXzifAysjSk6q7Rt6k5KfHwmAMPtoQ,AstraLane,91,91
5XKJwdKB2Hs7pkEXzifAysjSk6q7Rt6k5KfHwmAMPtoQ,Falcon,93,93
5XKJwdKB2Hs7pkEXzifAysjSk6q7Rt6k5KfHwmAMPtoQ,Helius,230,230
5XKJwdKB2Hs7pkEXzifAysjSk6q7Rt6k5KfHwmAMPtoQ,Jito,55,55
5XKJwdKB2Hs7pkEXzifAysjSk6q7Rt6k5KfHwmAMPtoQ,Nextblock,21,21
5XKJwdKB2Hs7pkEXzifAysjSk6q7Rt6k5KfHwmAMPtoQ,NodeOne,52,52
5XKJwdKB2Hs7pkEXzifAysjSk6q7Rt6k5KfHwmAMPtoQ,Soyas,5,5
5XKJwdKB2Hs7pkEXzifAysjSk6q7Rt6k5KfHwmAMPtoQ,Stellium,86,86
5XKJwdKB2Hs7pkEXzifAysjSk6q7Rt6k5KfHwmAMPtoQ,Temporal,57,57
5XKJwdKB2Hs7pkEXzifAysjSk6q7Rt6k5KfHwmAMPtoQ,blockRazor,5,5
5XKJwdKB2Hs7pkEXzifAysjSk6q7Rt6k5KfHwmAMPtoQ,blockrazor,11,11
5XKJwdKB2Hs7pkEXzifAysjSk6q7Rt6k5KfHwmAMPtoQ,blocksprint,55,55
5XKJwdKB2Hs7pkEXzifAysjSk6q7Rt6k5KfHwmAMPtoQ,bloxroute,38,38
5XKJwdKB2Hs7pkEXzifAysjSk6q7Rt6k5KfHwmAMPtoQ,landX,198,198
5XKJwdKB2Hs7pkEXzifAysjSk6q7Rt6k5KfHwmAMPtoQ,stellium,298,298
5ZqveVffQPiUbkjBg4KD9kib1MKHLqiFno4ke9jSq9qk,(none),20955,0
5ZqveVffQPiUbkjBg4KD9kib1MKHLqiFno4ke9jSq9qk,0slot,1588,1588
5ZqveVffQPiUbkjBg4KD9kib1MKHLqiFno4ke9jSq9qk,AstraLane,5875,5875
5ZqveVffQPiUbkjBg4KD9kib1MKHLqiFno4ke9jSq9qk,Astralane,16,16
5ZqveVffQPiUbkjBg4KD9kib1MKHLqiFno4ke9jSq9qk,BloxRoute,62,62
5ZqveVffQPiUbkjBg4KD9kib1MKHLqiFno4ke9jSq9qk,Falcon,5375,5375
5ZqveVffQPiUbkjBg4KD9kib1MKHLqiFno4ke9jSq9qk,Flashblock,39,39
5ZqveVffQPiUbkjBg4KD9kib1MKHLqiFno4ke9jSq9qk,Helius,6867,6866
5ZqveVffQPiUbkjBg4KD9kib1MKHLqiFno4ke9jSq9qk,Jito,2187,2183
5ZqveVffQPiUbkjBg4KD9kib1MKHLqiFno4ke9jSq9qk,Moon,8,8
5ZqveVffQPiUbkjBg4KD9kib1MKHLqiFno4ke9jSq9qk,Nextblock,989,989
5ZqveVffQPiUbkjBg4KD9kib1MKHLqiFno4ke9jSq9qk,NodeOne,2351,2351
5ZqveVffQPiUbkjBg4KD9kib1MKHLqiFno4ke9jSq9qk,Soyas,198,198
5ZqveVffQPiUbkjBg4KD9kib1MKHLqiFno4ke9jSq9qk,Stellium,3356,3356
5ZqveVffQPiUbkjBg4KD9kib1MKHLqiFno4ke9jSq9qk,Temporal,2613,2610
5ZqveVffQPiUbkjBg4KD9kib1MKHLqiFno4ke9jSq9qk,blockRazor,134,134
5ZqveVffQPiUbkjBg4KD9kib1MKHLqiFno4ke9jSq9qk,blockrazor,510,510
5ZqveVffQPiUbkjBg4KD9kib1MKHLqiFno4ke9jSq9qk,blocksprint,2335,2335
5ZqveVffQPiUbkjBg4KD9kib1MKHLqiFno4ke9jSq9qk,bloxroute,4118,4115
5ZqveVffQPiUbkjBg4KD9kib1MKHLqiFno4ke9jSq9qk,landX,4272,4272
5ZqveVffQPiUbkjBg4KD9kib1MKHLqiFno4ke9jSq9qk,stellium,8887,8887
5aD6KB8g4MPt3xJafmMmun86hHMDnoFiGbd5gYiMFZw7,(none),231,0
5aD6KB8g4MPt3xJafmMmun86hHMDnoFiGbd5gYiMFZw7,0slot,25,25
5aD6KB8g4MPt3xJafmMmun86hHMDnoFiGbd5gYiMFZw7,AstraLane,31,31
5aD6KB8g4MPt3xJafmMmun86hHMDnoFiGbd5gYiMFZw7,Falcon,18,18
5aD6KB8g4MPt3xJafmMmun86hHMDnoFiGbd5gYiMFZw7,Helius,66,66
5aD6KB8g4MPt3xJafmMmun86hHMDnoFiGbd5gYiMFZw7,Jito,49,49
5aD6KB8g4MPt3xJafmMmun86hHMDnoFiGbd5gYiMFZw7,Nextblock,10,10
5aD6KB8g4MPt3xJafmMmun86hHMDnoFiGbd5gYiMFZw7,NodeOne,14,14
5aD6KB8g4MPt3xJafmMmun86hHMDnoFiGbd5gYiMFZw7,Soyas,3,3
5aD6KB8g4MPt3xJafmMmun86hHMDnoFiGbd5gYiMFZw7,Stellium,30,30
5aD6KB8g4MPt3xJafmMmun86hHMDnoFiGbd5gYiMFZw7,Temporal,34,34
5aD6KB8g4MPt3xJafmMmun86hHMDnoFiGbd5gYiMFZw7,blockRazor,1,1
5aD6KB8g4MPt3xJafmMmun86hHMDnoFiGbd5gYiMFZw7,blockrazor,9,9
5aD6KB8g4MPt3xJafmMmun86hHMDnoFiGbd5gYiMFZw7,blocksprint,22,22
5aD6KB8g4MPt3xJafmMmun86hHMDnoFiGbd5gYiMFZw7,bloxroute,3,3
5aD6KB8g4MPt3xJafmMmun86hHMDnoFiGbd5gYiMFZw7,landX,42,42
5aD6KB8g4MPt3xJafmMmun86hHMDnoFiGbd5gYiMFZw7,stellium,86,86
5d9Mdc2Zk8as8GL1AxQeXxv5htBBvC5bjfmsXC7UUWwG,(none),1411,0
5d9Mdc2Zk8as8GL1AxQeXxv5htBBvC5bjfmsXC7UUWwG,0slot,135,135
5d9Mdc2Zk8as8GL1AxQeXxv5htBBvC5bjfmsXC7UUWwG,AstraLane,248,248
5d9Mdc2Zk8as8GL1AxQeXxv5htBBvC5bjfmsXC7UUWwG,BloxRoute,6,6
5d9Mdc2Zk8as8GL1AxQeXxv5htBBvC5bjfmsXC7UUWwG,Falcon,78,78
5d9Mdc2Zk8as8GL1AxQeXxv5htBBvC5bjfmsXC7UUWwG,Flashblock,1,1
5d9Mdc2Zk8as8GL1AxQeXxv5htBBvC5bjfmsXC7UUWwG,Helius,709,709
5d9Mdc2Zk8as8GL1AxQeXxv5htBBvC5bjfmsXC7UUWwG,Jito,150,150
5d9Mdc2Zk8as8GL1AxQeXxv5htBBvC5bjfmsXC7UUWwG,Moon,1,1
5d9Mdc2Zk8as8GL1AxQeXxv5htBBvC5bjfmsXC7UUWwG,Nextblock,68,68
5d9Mdc2Zk8as8GL1AxQeXxv5htBBvC5bjfmsXC7UUWwG,NodeOne,24,24
5d9Mdc2Zk8as8GL1AxQeXxv5htBBvC5bjfmsXC7UUWwG,Soyas,36,36
5d9Mdc2Zk8as8GL1AxQeXxv5htBBvC5bjfmsXC7UUWwG,Stellium,146,146
5d9Mdc2Zk8as8GL1AxQeXxv5htBBvC5bjfmsXC7UUWwG,Temporal,230,229
5d9Mdc2Zk8as8GL1AxQeXxv5htBBvC5bjfmsXC7UUWwG,blockRazor,9,9
5d9Mdc2Zk8as8GL1AxQeXxv5htBBvC5bjfmsXC7UUWwG,blockrazor,45,45
5d9Mdc2Zk8as8GL1AxQeXxv5htBBvC5bjfmsXC7UUWwG,blocksprint,37,37
5d9Mdc2Zk8as8GL1AxQeXxv5htBBvC5bjfmsXC7UUWwG,bloxroute,195,194
5d9Mdc2Zk8as8GL1AxQeXxv5htBBvC5bjfmsXC7UUWwG,landX,780,780
5d9Mdc2Zk8as8GL1AxQeXxv5htBBvC5bjfmsXC7UUWwG,stellium,618,618
5ejbTALcBsKQ7Cj1iSuu2mY5jqbYHqh9gF5ERXLiYj1z,(none),11841,0
5ejbTALcBsKQ7Cj1iSuu2mY5jqbYHqh9gF5ERXLiYj1z,0slot,934,934
5ejbTALcBsKQ7Cj1iSuu2mY5jqbYHqh9gF5ERXLiYj1z,AstraLane,1502,1502
5ejbTALcBsKQ7Cj1iSuu2mY5jqbYHqh9gF5ERXLiYj1z,Astralane,2,2
5ejbTALcBsKQ7Cj1iSuu2mY5jqbYHqh9gF5ERXLiYj1z,BloxRoute,31,31
5ejbTALcBsKQ7Cj1iSuu2mY5jqbYHqh9gF5ERXLiYj1z,Falcon,2506,2506
5ejbTALcBsKQ7Cj1iSuu2mY5jqbYHqh9gF5ERXLiYj1z,Flashblock,11,11
5ejbTALcBsKQ7Cj1iSuu2mY5jqbYHqh9gF5ERXLiYj1z,Helius,3992,3992
5ejbTALcBsKQ7Cj1iSuu2mY5jqbYHqh9gF5ERXLiYj1z,Jito,1264,1263
5ejbTALcBsKQ7Cj1iSuu2mY5jqbYHqh9gF5ERXLiYj1z,Moon,11,11
5ejbTALcBsKQ7Cj1iSuu2mY5jqbYHqh9gF5ERXLiYj1z,Nextblock,551,551
5ejbTALcBsKQ7Cj1iSuu2mY5jqbYHqh9gF5ERXLiYj1z,NodeOne,1813,1813
5ejbTALcBsKQ7Cj1iSuu2mY5jqbYHqh9gF5ERXLiYj1z,Soyas,120,120
5ejbTALcBsKQ7Cj1iSuu2mY5jqbYHqh9gF5ERXLiYj1z,Stellium,1889,1889
5ejbTALcBsKQ7Cj1iSuu2mY5jqbYHqh9gF5ERXLiYj1z,Temporal,1410,1410
5ejbTALcBsKQ7Cj1iSuu2mY5jqbYHqh9gF5ERXLiYj1z,blockRazor,70,70
5ejbTALcBsKQ7Cj1iSuu2mY5jqbYHqh9gF5ERXLiYj1z,blockrazor,279,279
5ejbTALcBsKQ7Cj1iSuu2mY5jqbYHqh9gF5ERXLiYj1z,blocksprint,1074,1074
5ejbTALcBsKQ7Cj1iSuu2mY5jqbYHqh9gF5ERXLiYj1z,bloxroute,847,846
5ejbTALcBsKQ7Cj1iSuu2mY5jqbYHqh9gF5ERXLiYj1z,landX,3001,3001
5ejbTALcBsKQ7Cj1iSuu2mY5jqbYHqh9gF5ERXLiYj1z,stellium,5389,5389
5essVpBYvocZkQnkrWsMDfRPwtp4BeihJRaweKLR4dRn,(none),4317,0
5essVpBYvocZkQnkrWsMDfRPwtp4BeihJRaweKLR4dRn,0slot,323,323
5essVpBYvocZkQnkrWsMDfRPwtp4BeihJRaweKLR4dRn,AstraLane,575,575
5essVpBYvocZkQnkrWsMDfRPwtp4BeihJRaweKLR4dRn,BloxRoute,9,9
5essVpBYvocZkQnkrWsMDfRPwtp4BeihJRaweKLR4dRn,Falcon,845,845
5essVpBYvocZkQnkrWsMDfRPwtp4BeihJRaweKLR4dRn,Flashblock,4,4
5essVpBYvocZkQnkrWsMDfRPwtp4BeihJRaweKLR4dRn,Helius,1311,1310
5essVpBYvocZkQnkrWsMDfRPwtp4BeihJRaweKLR4dRn,Jito,455,455
5essVpBYvocZkQnkrWsMDfRPwtp4BeihJRaweKLR4dRn,Moon,1,1
5essVpBYvocZkQnkrWsMDfRPwtp4BeihJRaweKLR4dRn,Nextblock,190,190
5essVpBYvocZkQnkrWsMDfRPwtp4BeihJRaweKLR4dRn,NodeOne,671,671
5essVpBYvocZkQnkrWsMDfRPwtp4BeihJRaweKLR4dRn,Soyas,44,44
5essVpBYvocZkQnkrWsMDfRPwtp4BeihJRaweKLR4dRn,Stellium,636,636
5essVpBYvocZkQnkrWsMDfRPwtp4BeihJRaweKLR4dRn,Temporal,395,395
5essVpBYvocZkQnkrWsMDfRPwtp4BeihJRaweKLR4dRn,blockRazor,23,23
5essVpBYvocZkQnkrWsMDfRPwtp4BeihJRaweKLR4dRn,blockrazor,101,101
5essVpBYvocZkQnkrWsMDfRPwtp4BeihJRaweKLR4dRn,blocksprint,356,356
5essVpBYvocZkQnkrWsMDfRPwtp4BeihJRaweKLR4dRn,bloxroute,363,363
5essVpBYvocZkQnkrWsMDfRPwtp4BeihJRaweKLR4dRn,landX,1275,1275
5essVpBYvocZkQnkrWsMDfRPwtp4BeihJRaweKLR4dRn,stellium,2081,2081
5fSQdv4zsAJNx6RKpGho6sL6rY6a8nziaqcmwaRJB9NE,(none),343,0
5fSQdv4zsAJNx6RKpGho6sL6rY6a8nziaqcmwaRJB9NE,0slot,61,61
5fSQdv4zsAJNx6RKpGho6sL6rY6a8nziaqcmwaRJB9NE,AstraLane,64,64
5fSQdv4zsAJNx6RKpGho6sL6rY6a8nziaqcmwaRJB9NE,Astralane,1,1
5fSQdv4zsAJNx6RKpGho6sL6rY6a8nziaqcmwaRJB9NE,BloxRoute,2,2
5fSQdv4zsAJNx6RKpGho6sL6rY6a8nziaqcmwaRJB9NE,Falcon,23,23
5fSQdv4zsAJNx6RKpGho6sL6rY6a8nziaqcmwaRJB9NE,Helius,156,156
5fSQdv4zsAJNx6RKpGho6sL6rY6a8nziaqcmwaRJB9NE,Jito,31,31
5fSQdv4zsAJNx6RKpGho6sL6rY6a8nziaqcmwaRJB9NE,Nextblock,24,24
5fSQdv4zsAJNx6RKpGho6sL6rY6a8nziaqcmwaRJB9NE,NodeOne,53,53
5fSQdv4zsAJNx6RKpGho6sL6rY6a8nziaqcmwaRJB9NE,Soyas,3,3
5fSQdv4zsAJNx6RKpGho6sL6rY6a8nziaqcmwaRJB9NE,Stellium,61,61
5fSQdv4zsAJNx6RKpGho6sL6rY6a8nziaqcmwaRJB9NE,Temporal,74,74
5fSQdv4zsAJNx6RKpGho6sL6rY6a8nziaqcmwaRJB9NE,blockrazor,24,24
5fSQdv4zsAJNx6RKpGho6sL6rY6a8nziaqcmwaRJB9NE,blocksprint,28,28
5fSQdv4zsAJNx6RKpGho6sL6rY6a8nziaqcmwaRJB9NE,bloxroute,25,25
5fSQdv4zsAJNx6RKpGho6sL6rY6a8nziaqcmwaRJB9NE,landX,102,102
5fSQdv4zsAJNx6RKpGho6sL6rY6a8nziaqcmwaRJB9NE,stellium,167,167
5ghoFEVrsXeAPB6SUmBpZ2xq3KvHEjNMeSaBnxEBXkHV,(none),263,0
5ghoFEVrsXeAPB6SUmBpZ2xq3KvHEjNMeSaBnxEBXkHV,0slot,13,13
5ghoFEVrsXeAPB6SUmBpZ2xq3KvHEjNMeSaBnxEBXkHV,AstraLane,34,34
5ghoFEVrsXeAPB6SUmBpZ2xq3KvHEjNMeSaBnxEBXkHV,Astralane,2,2
5ghoFEVrsXeAPB6SUmBpZ2xq3KvHEjNMeSaBnxEBXkHV,BloxRoute,1,1
5ghoFEVrsXeAPB6SUmBpZ2xq3KvHEjNMeSaBnxEBXkHV,Falcon,13,13
5ghoFEVrsXeAPB6SUmBpZ2xq3KvHEjNMeSaBnxEBXkHV,Helius,164,164
5ghoFEVrsXeAPB6SUmBpZ2xq3KvHEjNMeSaBnxEBXkHV,Jito,25,25
5ghoFEVrsXeAPB6SUmBpZ2xq3KvHEjNMeSaBnxEBXkHV,Nextblock,10,10
5ghoFEVrsXeAPB6SUmBpZ2xq3KvHEjNMeSaBnxEBXkHV,NodeOne,6,6
5ghoFEVrsXeAPB6SUmBpZ2xq3KvHEjNMeSaBnxEBXkHV,Soyas,1,1
5ghoFEVrsXeAPB6SUmBpZ2xq3KvHEjNMeSaBnxEBXkHV,Stellium,31,31
5ghoFEVrsXeAPB6SUmBpZ2xq3KvHEjNMeSaBnxEBXkHV,Temporal,34,34
5ghoFEVrsXeAPB6SUmBpZ2xq3KvHEjNMeSaBnxEBXkHV,blockrazor,6,6
5ghoFEVrsXeAPB6SUmBpZ2xq3KvHEjNMeSaBnxEBXkHV,blocksprint,104,104
5ghoFEVrsXeAPB6SUmBpZ2xq3KvHEjNMeSaBnxEBXkHV,bloxroute,3,3
5ghoFEVrsXeAPB6SUmBpZ2xq3KvHEjNMeSaBnxEBXkHV,landX,68,68
5ghoFEVrsXeAPB6SUmBpZ2xq3KvHEjNMeSaBnxEBXkHV,stellium,124,124
5ikB9XZNVsjwKb6hHT3FS3So1Z1SrDvU5yaniWEQyDEG,(none),842,0
5ikB9XZNVsjwKb6hHT3FS3So1Z1SrDvU5yaniWEQyDEG,0slot,97,97
5ikB9XZNVsjwKb6hHT3FS3So1Z1SrDvU5yaniWEQyDEG,AstraLane,205,205
5ikB9XZNVsjwKb6hHT3FS3So1Z1SrDvU5yaniWEQyDEG,BloxRoute,3,3
5ikB9XZNVsjwKb6hHT3FS3So1Z1SrDvU5yaniWEQyDEG,Falcon,89,89
5ikB9XZNVsjwKb6hHT3FS3So1Z1SrDvU5yaniWEQyDEG,Flashblock,1,1
5ikB9XZNVsjwKb6hHT3FS3So1Z1SrDvU5yaniWEQyDEG,Helius,402,402
5ikB9XZNVsjwKb6hHT3FS3So1Z1SrDvU5yaniWEQyDEG,Jito,133,133
5ikB9XZNVsjwKb6hHT3FS3So1Z1SrDvU5yaniWEQyDEG,Nextblock,29,29
5ikB9XZNVsjwKb6hHT3FS3So1Z1SrDvU5yaniWEQyDEG,NodeOne,56,56
5ikB9XZNVsjwKb6hHT3FS3So1Z1SrDvU5yaniWEQyDEG,Soyas,5,5
5ikB9XZNVsjwKb6hHT3FS3So1Z1SrDvU5yaniWEQyDEG,Stellium,147,147
5ikB9XZNVsjwKb6hHT3FS3So1Z1SrDvU5yaniWEQyDEG,Temporal,154,154
5ikB9XZNVsjwKb6hHT3FS3So1Z1SrDvU5yaniWEQyDEG,blockRazor,2,2
5ikB9XZNVsjwKb6hHT3FS3So1Z1SrDvU5yaniWEQyDEG,blockrazor,28,28
5ikB9XZNVsjwKb6hHT3FS3So1Z1SrDvU5yaniWEQyDEG,blocksprint,72,72
5ikB9XZNVsjwKb6hHT3FS3So1Z1SrDvU5yaniWEQyDEG,bloxroute,56,56
5ikB9XZNVsjwKb6hHT3FS3So1Z1SrDvU5yaniWEQyDEG,landX,332,332
5ikB9XZNVsjwKb6hHT3FS3So1Z1SrDvU5yaniWEQyDEG,stellium,451,451
5ivRNcK1yThcK3koZR1oikAfuNm6rj1LceMskayoVSzc,(none),1308,0
5ivRNcK1yThcK3koZR1oikAfuNm6rj1LceMskayoVSzc,0slot,109,109
5ivRNcK1yThcK3koZR1oikAfuNm6rj1LceMskayoVSzc,AstraLane,503,503
5ivRNcK1yThcK3koZR1oikAfuNm6rj1LceMskayoVSzc,BloxRoute,4,4
5ivRNcK1yThcK3koZR1oikAfuNm6rj1LceMskayoVSzc,Falcon,632,632
5ivRNcK1yThcK3koZR1oikAfuNm6rj1LceMskayoVSzc,Flashblock,1,1
5ivRNcK1yThcK3koZR1oikAfuNm6rj1LceMskayoVSzc,Helius,513,513
5ivRNcK1yThcK3koZR1oikAfuNm6rj1LceMskayoVSzc,Jito,120,120
5ivRNcK1yThcK3koZR1oikAfuNm6rj1LceMskayoVSzc,Moon,1,1
5ivRNcK1yThcK3koZR1oikAfuNm6rj1LceMskayoVSzc,Nextblock,68,68
5ivRNcK1yThcK3koZR1oikAfuNm6rj1LceMskayoVSzc,NodeOne,214,214
5ivRNcK1yThcK3koZR1oikAfuNm6rj1LceMskayoVSzc,Soyas,9,9
5ivRNcK1yThcK3koZR1oikAfuNm6rj1LceMskayoVSzc,Stellium,384,384
5ivRNcK1yThcK3koZR1oikAfuNm6rj1LceMskayoVSzc,Temporal,149,149
5ivRNcK1yThcK3koZR1oikAfuNm6rj1LceMskayoVSzc,blockRazor,8,8
5ivRNcK1yThcK3koZR1oikAfuNm6rj1LceMskayoVSzc,blockrazor,36,36
5ivRNcK1yThcK3koZR1oikAfuNm6rj1LceMskayoVSzc,blocksprint,190,190
5ivRNcK1yThcK3koZR1oikAfuNm6rj1LceMskayoVSzc,bloxroute,461,461
5ivRNcK1yThcK3koZR1oikAfuNm6rj1LceMskayoVSzc,landX,573,573
5ivRNcK1yThcK3koZR1oikAfuNm6rj1LceMskayoVSzc,stellium,1088,1088
5marvipGzf98hxnoJFXsZbGHSXcEQ3yRGJ4ps7D3V4ou,(none),851,0
5marvipGzf98hxnoJFXsZbGHSXcEQ3yRGJ4ps7D3V4ou,0slot,87,87
5marvipGzf98hxnoJFXsZbGHSXcEQ3yRGJ4ps7D3V4ou,AstraLane,105,105
5marvipGzf98hxnoJFXsZbGHSXcEQ3yRGJ4ps7D3V4ou,BloxRoute,1,1
5marvipGzf98hxnoJFXsZbGHSXcEQ3yRGJ4ps7D3V4ou,Falcon,256,256
5marvipGzf98hxnoJFXsZbGHSXcEQ3yRGJ4ps7D3V4ou,Helius,251,251
5marvipGzf98hxnoJFXsZbGHSXcEQ3yRGJ4ps7D3V4ou,Jito,103,103
5marvipGzf98hxnoJFXsZbGHSXcEQ3yRGJ4ps7D3V4ou,Moon,2,2
5marvipGzf98hxnoJFXsZbGHSXcEQ3yRGJ4ps7D3V4ou,Nextblock,42,42
5marvipGzf98hxnoJFXsZbGHSXcEQ3yRGJ4ps7D3V4ou,NodeOne,79,79
5marvipGzf98hxnoJFXsZbGHSXcEQ3yRGJ4ps7D3V4ou,Soyas,17,17
5marvipGzf98hxnoJFXsZbGHSXcEQ3yRGJ4ps7D3V4ou,Stellium,148,148
5marvipGzf98hxnoJFXsZbGHSXcEQ3yRGJ4ps7D3V4ou,Temporal,89,89
5marvipGzf98hxnoJFXsZbGHSXcEQ3yRGJ4ps7D3V4ou,blockRazor,8,8
5marvipGzf98hxnoJFXsZbGHSXcEQ3yRGJ4ps7D3V4ou,blockrazor,23,23
5marvipGzf98hxnoJFXsZbGHSXcEQ3yRGJ4ps7D3V4ou,blocksprint,103,103
5marvipGzf98hxnoJFXsZbGHSXcEQ3yRGJ4ps7D3V4ou,bloxroute,58,58
5marvipGzf98hxnoJFXsZbGHSXcEQ3yRGJ4ps7D3V4ou,landX,253,253
5marvipGzf98hxnoJFXsZbGHSXcEQ3yRGJ4ps7D3V4ou,stellium,468,468
5pPRHniefFjkiaArbGX3Y8NUysJmQ9tMZg3FrFGwHzSm,(none),24325,0
5pPRHniefFjkiaArbGX3Y8NUysJmQ9tMZg3FrFGwHzSm,0slot,2298,2298
5pPRHniefFjkiaArbGX3Y8NUysJmQ9tMZg3FrFGwHzSm,AstraLane,3661,3661
5pPRHniefFjkiaArbGX3Y8NUysJmQ9tMZg3FrFGwHzSm,Astralane,11,11
5pPRHniefFjkiaArbGX3Y8NUysJmQ9tMZg3FrFGwHzSm,BloxRoute,69,69
5pPRHniefFjkiaArbGX3Y8NUysJmQ9tMZg3FrFGwHzSm,Falcon,2258,2258
5pPRHniefFjkiaArbGX3Y8NUysJmQ9tMZg3FrFGwHzSm,Flashblock,27,27
5pPRHniefFjkiaArbGX3Y8NUysJmQ9tMZg3FrFGwHzSm,Helius,10913,10912
5pPRHniefFjkiaArbGX3Y8NUysJmQ9tMZg3FrFGwHzSm,Jito,4233,4233
5pPRHniefFjkiaArbGX3Y8NUysJmQ9tMZg3FrFGwHzSm,Moon,8,8
5pPRHniefFjkiaArbGX3Y8NUysJmQ9tMZg3FrFGwHzSm,Nextblock,1320,1320
5pPRHniefFjkiaArbGX3Y8NUysJmQ9tMZg3FrFGwHzSm,NodeOne,3665,3665
5pPRHniefFjkiaArbGX3Y8NUysJmQ9tMZg3FrFGwHzSm,Soyas,249,249
5pPRHniefFjkiaArbGX3Y8NUysJmQ9tMZg3FrFGwHzSm,Stellium,3320,3320
5pPRHniefFjkiaArbGX3Y8NUysJmQ9tMZg3FrFGwHzSm,Temporal,3745,3741
5pPRHniefFjkiaArbGX3Y8NUysJmQ9tMZg3FrFGwHzSm,blockRazor,160,160
5pPRHniefFjkiaArbGX3Y8NUysJmQ9tMZg3FrFGwHzSm,blockrazor,665,665
5pPRHniefFjkiaArbGX3Y8NUysJmQ9tMZg3FrFGwHzSm,blocksprint,2275,2275
5pPRHniefFjkiaArbGX3Y8NUysJmQ9tMZg3FrFGwHzSm,bloxroute,1893,1890
5pPRHniefFjkiaArbGX3Y8NUysJmQ9tMZg3FrFGwHzSm,landX,8987,8987
5pPRHniefFjkiaArbGX3Y8NUysJmQ9tMZg3FrFGwHzSm,stellium,11660,11660
5pZvwjSpGYCxpJeySwSbSAji7kZe4YntL7rQvXM3YcNT,(none),1332,0
5pZvwjSpGYCxpJeySwSbSAji7kZe4YntL7rQvXM3YcNT,0slot,146,146
5pZvwjSpGYCxpJeySwSbSAji7kZe4YntL7rQvXM3YcNT,AstraLane,168,168
5pZvwjSpGYCxpJeySwSbSAji7kZe4YntL7rQvXM3YcNT,BloxRoute,4,4
5pZvwjSpGYCxpJeySwSbSAji7kZe4YntL7rQvXM3YcNT,Falcon,287,287
5pZvwjSpGYCxpJeySwSbSAji7kZe4YntL7rQvXM3YcNT,Flashblock,2,2
5pZvwjSpGYCxpJeySwSbSAji7kZe4YntL7rQvXM3YcNT,Helius,514,514
5pZvwjSpGYCxpJeySwSbSAji7kZe4YntL7rQvXM3YcNT,Jito,133,133
5pZvwjSpGYCxpJeySwSbSAji7kZe4YntL7rQvXM3YcNT,Moon,1,1
5pZvwjSpGYCxpJeySwSbSAji7kZe4YntL7rQvXM3YcNT,Nextblock,65,65
5pZvwjSpGYCxpJeySwSbSAji7kZe4YntL7rQvXM3YcNT,NodeOne,226,226
5pZvwjSpGYCxpJeySwSbSAji7kZe4YntL7rQvXM3YcNT,Soyas,11,11
5pZvwjSpGYCxpJeySwSbSAji7kZe4YntL7rQvXM3YcNT,Stellium,229,229
5pZvwjSpGYCxpJeySwSbSAji7kZe4YntL7rQvXM3YcNT,Temporal,138,138
5pZvwjSpGYCxpJeySwSbSAji7kZe4YntL7rQvXM3YcNT,blockRazor,5,5
5pZvwjSpGYCxpJeySwSbSAji7kZe4YntL7rQvXM3YcNT,blockrazor,33,33
5pZvwjSpGYCxpJeySwSbSAji7kZe4YntL7rQvXM3YcNT,blocksprint,98,98
5pZvwjSpGYCxpJeySwSbSAji7kZe4YntL7rQvXM3YcNT,bloxroute,94,94
5pZvwjSpGYCxpJeySwSbSAji7kZe4YntL7rQvXM3YcNT,landX,368,368
5pZvwjSpGYCxpJeySwSbSAji7kZe4YntL7rQvXM3YcNT,stellium,703,703
5t4shVsKnUqgjmhK3fFNsvyju2E6Rd7cc4S5pmqqEVEW,(none),792,0
5t4shVsKnUqgjmhK3fFNsvyju2E6Rd7cc4S5pmqqEVEW,0slot,42,42
5t4shVsKnUqgjmhK3fFNsvyju2E6Rd7cc4S5pmqqEVEW,AstraLane,92,92
5t4shVsKnUqgjmhK3fFNsvyju2E6Rd7cc4S5pmqqEVEW,BloxRoute,2,2
5t4shVsKnUqgjmhK3fFNsvyju2E6Rd7cc4S5pmqqEVEW,Falcon,182,182
5t4shVsKnUqgjmhK3fFNsvyju2E6Rd7cc4S5pmqqEVEW,Flashblock,1,1
5t4shVsKnUqgjmhK3fFNsvyju2E6Rd7cc4S5pmqqEVEW,Helius,189,189
5t4shVsKnUqgjmhK3fFNsvyju2E6Rd7cc4S5pmqqEVEW,Jito,45,45
5t4shVsKnUqgjmhK3fFNsvyju2E6Rd7cc4S5pmqqEVEW,Nextblock,41,41
5t4shVsKnUqgjmhK3fFNsvyju2E6Rd7cc4S5pmqqEVEW,NodeOne,55,55
5t4shVsKnUqgjmhK3fFNsvyju2E6Rd7cc4S5pmqqEVEW,Soyas,4,4
5t4shVsKnUqgjmhK3fFNsvyju2E6Rd7cc4S5pmqqEVEW,Stellium,151,151
5t4shVsKnUqgjmhK3fFNsvyju2E6Rd7cc4S5pmqqEVEW,Temporal,95,95
5t4shVsKnUqgjmhK3fFNsvyju2E6Rd7cc4S5pmqqEVEW,blockRazor,1,1
5t4shVsKnUqgjmhK3fFNsvyju2E6Rd7cc4S5pmqqEVEW,blockrazor,18,18
5t4shVsKnUqgjmhK3fFNsvyju2E6Rd7cc4S5pmqqEVEW,blocksprint,81,81
5t4shVsKnUqgjmhK3fFNsvyju2E6Rd7cc4S5pmqqEVEW,bloxroute,111,111
5t4shVsKnUqgjmhK3fFNsvyju2E6Rd7cc4S5pmqqEVEW,landX,250,250
5t4shVsKnUqgjmhK3fFNsvyju2E6Rd7cc4S5pmqqEVEW,stellium,454,454
5tfcGyf3NQFcufDigvbRt9kWoVN2KPEkBRUY3UaC3Zwm,(none),1692,0
5tfcGyf3NQFcufDigvbRt9kWoVN2KPEkBRUY3UaC3Zwm,0slot,157,157
5tfcGyf3NQFcufDigvbRt9kWoVN2KPEkBRUY3UaC3Zwm,AstraLane,247,247
5tfcGyf3NQFcufDigvbRt9kWoVN2KPEkBRUY3UaC3Zwm,BloxRoute,5,5
5tfcGyf3NQFcufDigvbRt9kWoVN2KPEkBRUY3UaC3Zwm,Falcon,408,408
5tfcGyf3NQFcufDigvbRt9kWoVN2KPEkBRUY3UaC3Zwm,Flashblock,1,1
5tfcGyf3NQFcufDigvbRt9kWoVN2KPEkBRUY3UaC3Zwm,Helius,617,617
5tfcGyf3NQFcufDigvbRt9kWoVN2KPEkBRUY3UaC3Zwm,Jito,222,221
5tfcGyf3NQFcufDigvbRt9kWoVN2KPEkBRUY3UaC3Zwm,Moon,1,1
5tfcGyf3NQFcufDigvbRt9kWoVN2KPEkBRUY3UaC3Zwm,Nextblock,87,87
5tfcGyf3NQFcufDigvbRt9kWoVN2KPEkBRUY3UaC3Zwm,NodeOne,344,344
5tfcGyf3NQFcufDigvbRt9kWoVN2KPEkBRUY3UaC3Zwm,Soyas,12,12
5tfcGyf3NQFcufDigvbRt9kWoVN2KPEkBRUY3UaC3Zwm,Stellium,281,281
5tfcGyf3NQFcufDigvbRt9kWoVN2KPEkBRUY3UaC3Zwm,Temporal,162,162
5tfcGyf3NQFcufDigvbRt9kWoVN2KPEkBRUY3UaC3Zwm,blockRazor,5,5
5tfcGyf3NQFcufDigvbRt9kWoVN2KPEkBRUY3UaC3Zwm,blockrazor,40,40
5tfcGyf3NQFcufDigvbRt9kWoVN2KPEkBRUY3UaC3Zwm,blocksprint,148,148
5tfcGyf3NQFcufDigvbRt9kWoVN2KPEkBRUY3UaC3Zwm,bloxroute,171,171
5tfcGyf3NQFcufDigvbRt9kWoVN2KPEkBRUY3UaC3Zwm,landX,535,535
5tfcGyf3NQFcufDigvbRt9kWoVN2KPEkBRUY3UaC3Zwm,stellium,847,847
5yEnvhM4Ld3UZs2n173J2iR369E1ddcbQYeLSZxk4cYj,(none),34,0
5yEnvhM4Ld3UZs2n173J2iR369E1ddcbQYeLSZxk4cYj,0slot,3,3
5yEnvhM4Ld3UZs2n173J2iR369E1ddcbQYeLSZxk4cYj,AstraLane,7,7
5yEnvhM4Ld3UZs2n173J2iR369E1ddcbQYeLSZxk4cYj,Falcon,20,20
5yEnvhM4Ld3UZs2n173J2iR369E1ddcbQYeLSZxk4cYj,Helius,30,30
5yEnvhM4Ld3UZs2n173J2iR369E1ddcbQYeLSZxk4cYj,Jito,1,1
5yEnvhM4Ld3UZs2n173J2iR369E1ddcbQYeLSZxk4cYj,Nextblock,4,4
5yEnvhM4Ld3UZs2n173J2iR369E1ddcbQYeLSZxk4cYj,NodeOne,5,5
5yEnvhM4Ld3UZs2n173J2iR369E1ddcbQYeLSZxk4cYj,Soyas,1,1
5yEnvhM4Ld3UZs2n173J2iR369E1ddcbQYeLSZxk4cYj,Stellium,14,14
5yEnvhM4Ld3UZs2n173J2iR369E1ddcbQYeLSZxk4cYj,Temporal,4,4
5yEnvhM4Ld3UZs2n173J2iR369E1ddcbQYeLSZxk4cYj,blockrazor,2,2
5yEnvhM4Ld3UZs2n173J2iR369E1ddcbQYeLSZxk4cYj,blocksprint,9,9
5yEnvhM4Ld3UZs2n173J2iR369E1ddcbQYeLSZxk4cYj,landX,14,14
5yEnvhM4Ld3UZs2n173J2iR369E1ddcbQYeLSZxk4cYj,stellium,27,27
5ysfTZ42VT1TjnjzQShZSrix7wdVtjXwssocSeYKDs5d,(none),485,0
5ysfTZ42VT1TjnjzQShZSrix7wdVtjXwssocSeYKDs5d,0slot,40,40
5ysfTZ42VT1TjnjzQShZSrix7wdVtjXwssocSeYKDs5d,AstraLane,58,58
5ysfTZ42VT1TjnjzQShZSrix7wdVtjXwssocSeYKDs5d,BloxRoute,2,2
5ysfTZ42VT1TjnjzQShZSrix7wdVtjXwssocSeYKDs5d,Falcon,143,143
5ysfTZ42VT1TjnjzQShZSrix7wdVtjXwssocSeYKDs5d,Helius,162,162
5ysfTZ42VT1TjnjzQShZSrix7wdVtjXwssocSeYKDs5d,Jito,40,40
5ysfTZ42VT1TjnjzQShZSrix7wdVtjXwssocSeYKDs5d,Nextblock,28,28
5ysfTZ42VT1TjnjzQShZSrix7wdVtjXwssocSeYKDs5d,NodeOne,94,94
5ysfTZ42VT1TjnjzQShZSrix7wdVtjXwssocSeYKDs5d,Soyas,5,5
5ysfTZ42VT1TjnjzQShZSrix7wdVtjXwssocSeYKDs5d,Stellium,82,82
5ysfTZ42VT1TjnjzQShZSrix7wdVtjXwssocSeYKDs5d,Temporal,75,75
5ysfTZ42VT1TjnjzQShZSrix7wdVtjXwssocSeYKDs5d,blockRazor,3,3
5ysfTZ42VT1TjnjzQShZSrix7wdVtjXwssocSeYKDs5d,blockrazor,15,15
5ysfTZ42VT1TjnjzQShZSrix7wdVtjXwssocSeYKDs5d,blocksprint,30,30
5ysfTZ42VT1TjnjzQShZSrix7wdVtjXwssocSeYKDs5d,bloxroute,52,52
5ysfTZ42VT1TjnjzQShZSrix7wdVtjXwssocSeYKDs5d,landX,203,203
5ysfTZ42VT1TjnjzQShZSrix7wdVtjXwssocSeYKDs5d,stellium,280,280
5zm9g3zgAPWzX3wmUB2JtTkcwCqe74NWsTmt5wLFwCKK,(none),702,0
5zm9g3zgAPWzX3wmUB2JtTkcwCqe74NWsTmt5wLFwCKK,0slot,50,50
5zm9g3zgAPWzX3wmUB2JtTkcwCqe74NWsTmt5wLFwCKK,AstraLane,87,87
5zm9g3zgAPWzX3wmUB2JtTkcwCqe74NWsTmt5wLFwCKK,BloxRoute,5,5
5zm9g3zgAPWzX3wmUB2JtTkcwCqe74NWsTmt5wLFwCKK,Falcon,145,145
5zm9g3zgAPWzX3wmUB2JtTkcwCqe74NWsTmt5wLFwCKK,Helius,284,284
5zm9g3zgAPWzX3wmUB2JtTkcwCqe74NWsTmt5wLFwCKK,Jito,52,52
5zm9g3zgAPWzX3wmUB2JtTkcwCqe74NWsTmt5wLFwCKK,Nextblock,33,33
5zm9g3zgAPWzX3wmUB2JtTkcwCqe74NWsTmt5wLFwCKK,NodeOne,55,55
5zm9g3zgAPWzX3wmUB2JtTkcwCqe74NWsTmt5wLFwCKK,Soyas,7,7
5zm9g3zgAPWzX3wmUB2JtTkcwCqe74NWsTmt5wLFwCKK,Stellium,113,113
5zm9g3zgAPWzX3wmUB2JtTkcwCqe74NWsTmt5wLFwCKK,Temporal,79,79
5zm9g3zgAPWzX3wmUB2JtTkcwCqe74NWsTmt5wLFwCKK,blockRazor,4,4
5zm9g3zgAPWzX3wmUB2JtTkcwCqe74NWsTmt5wLFwCKK,blockrazor,11,11
5zm9g3zgAPWzX3wmUB2JtTkcwCqe74NWsTmt5wLFwCKK,blocksprint,75,75
5zm9g3zgAPWzX3wmUB2JtTkcwCqe74NWsTmt5wLFwCKK,bloxroute,24,24
5zm9g3zgAPWzX3wmUB2JtTkcwCqe74NWsTmt5wLFwCKK,landX,168,168
5zm9g3zgAPWzX3wmUB2JtTkcwCqe74NWsTmt5wLFwCKK,stellium,294,294
5zuNci3TV79w6zLoJZzbZujMvkVZb2FcSPhgv9aT24AK,(none),404,0
5zuNci3TV79w6zLoJZzbZujMvkVZb2FcSPhgv9aT24AK,0slot,33,33
5zuNci3TV79w6zLoJZzbZujMvkVZb2FcSPhgv9aT24AK,AstraLane,37,37
5zuNci3TV79w6zLoJZzbZujMvkVZb2FcSPhgv9aT24AK,BloxRoute,1,1
5zuNci3TV79w6zLoJZzbZujMvkVZb2FcSPhgv9aT24AK,Falcon,128,128
5zuNci3TV79w6zLoJZzbZujMvkVZb2FcSPhgv9aT24AK,Helius,156,156
5zuNci3TV79w6zLoJZzbZujMvkVZb2FcSPhgv9aT24AK,Jito,30,30
5zuNci3TV79w6zLoJZzbZujMvkVZb2FcSPhgv9aT24AK,Nextblock,27,27
5zuNci3TV79w6zLoJZzbZujMvkVZb2FcSPhgv9aT24AK,NodeOne,52,52
5zuNci3TV79w6zLoJZzbZujMvkVZb2FcSPhgv9aT24AK,Soyas,38,38
5zuNci3TV79w6zLoJZzbZujMvkVZb2FcSPhgv9aT24AK,Stellium,76,76
5zuNci3TV79w6zLoJZzbZujMvkVZb2FcSPhgv9aT24AK,Temporal,48,48
5zuNci3TV79w6zLoJZzbZujMvkVZb2FcSPhgv9aT24AK,blockRazor,3,3
5zuNci3TV79w6zLoJZzbZujMvkVZb2FcSPhgv9aT24AK,blockrazor,11,11
5zuNci3TV79w6zLoJZzbZujMvkVZb2FcSPhgv9aT24AK,blocksprint,71,71
5zuNci3TV79w6zLoJZzbZujMvkVZb2FcSPhgv9aT24AK,bloxroute,46,46
5zuNci3TV79w6zLoJZzbZujMvkVZb2FcSPhgv9aT24AK,landX,155,155
5zuNci3TV79w6zLoJZzbZujMvkVZb2FcSPhgv9aT24AK,stellium,249,249
61QB1Evn9E3noQtpJm4auFYyHSXS5FPgqKtPgwJJfEQk,(none),1966,0
61QB1Evn9E3noQtpJm4auFYyHSXS5FPgqKtPgwJJfEQk,0slot,169,169
61QB1Evn9E3noQtpJm4auFYyHSXS5FPgqKtPgwJJfEQk,AstraLane,204,204
61QB1Evn9E3noQtpJm4auFYyHSXS5FPgqKtPgwJJfEQk,BloxRoute,2,2
61QB1Evn9E3noQtpJm4auFYyHSXS5FPgqKtPgwJJfEQk,Falcon,409,409
61QB1Evn9E3noQtpJm4auFYyHSXS5FPgqKtPgwJJfEQk,Flashblock,5,5
61QB1Evn9E3noQtpJm4auFYyHSXS5FPgqKtPgwJJfEQk,Helius,616,616
61QB1Evn9E3noQtpJm4auFYyHSXS5FPgqKtPgwJJfEQk,Jito,206,206
61QB1Evn9E3noQtpJm4auFYyHSXS5FPgqKtPgwJJfEQk,Moon,1,1
61QB1Evn9E3noQtpJm4auFYyHSXS5FPgqKtPgwJJfEQk,Nextblock,82,82
61QB1Evn9E3noQtpJm4auFYyHSXS5FPgqKtPgwJJfEQk,NodeOne,137,137
61QB1Evn9E3noQtpJm4auFYyHSXS5FPgqKtPgwJJfEQk,Soyas,8,8
61QB1Evn9E3noQtpJm4auFYyHSXS5FPgqKtPgwJJfEQk,Stellium,281,281
61QB1Evn9E3noQtpJm4auFYyHSXS5FPgqKtPgwJJfEQk,Temporal,244,243
61QB1Evn9E3noQtpJm4auFYyHSXS5FPgqKtPgwJJfEQk,blockRazor,6,6
61QB1Evn9E3noQtpJm4auFYyHSXS5FPgqKtPgwJJfEQk,blockrazor,42,42
61QB1Evn9E3noQtpJm4auFYyHSXS5FPgqKtPgwJJfEQk,blocksprint,176,176
61QB1Evn9E3noQtpJm4auFYyHSXS5FPgqKtPgwJJfEQk,bloxroute,66,66
61QB1Evn9E3noQtpJm4auFYyHSXS5FPgqKtPgwJJfEQk,landX,420,420
61QB1Evn9E3noQtpJm4auFYyHSXS5FPgqKtPgwJJfEQk,stellium,945,945
65pHd5P2VrehonT1cdJ2JUnq5wi3WUgfL3A8RhYH7Kg7,(none),328,0
65pHd5P2VrehonT1cdJ2JUnq5wi3WUgfL3A8RhYH7Kg7,0slot,38,38
65pHd5P2VrehonT1cdJ2JUnq5wi3WUgfL3A8RhYH7Kg7,AstraLane,62,62
65pHd5P2VrehonT1cdJ2JUnq5wi3WUgfL3A8RhYH7Kg7,BloxRoute,1,1
65pHd5P2VrehonT1cdJ2JUnq5wi3WUgfL3A8RhYH7Kg7,Falcon,99,99
65pHd5P2VrehonT1cdJ2JUnq5wi3WUgfL3A8RhYH7Kg7,Flashblock,1,1
65pHd5P2VrehonT1cdJ2JUnq5wi3WUgfL3A8RhYH7Kg7,Helius,155,155
65pHd5P2VrehonT1cdJ2JUnq5wi3WUgfL3A8RhYH7Kg7,Jito,23,23
65pHd5P2VrehonT1cdJ2JUnq5wi3WUgfL3A8RhYH7Kg7,Nextblock,24,24
65pHd5P2VrehonT1cdJ2JUnq5wi3WUgfL3A8RhYH7Kg7,NodeOne,97,97
65pHd5P2VrehonT1cdJ2JUnq5wi3WUgfL3A8RhYH7Kg7,Soyas,3,3
65pHd5P2VrehonT1cdJ2JUnq5wi3WUgfL3A8RhYH7Kg7,Stellium,72,72
65pHd5P2VrehonT1cdJ2JUnq5wi3WUgfL3A8RhYH7Kg7,Temporal,61,61
65pHd5P2VrehonT1cdJ2JUnq5wi3WUgfL3A8RhYH7Kg7,blockRazor,3,3
65pHd5P2VrehonT1cdJ2JUnq5wi3WUgfL3A8RhYH7Kg7,blockrazor,19,19
65pHd5P2VrehonT1cdJ2JUnq5wi3WUgfL3A8RhYH7Kg7,blocksprint,48,48
65pHd5P2VrehonT1cdJ2JUnq5wi3WUgfL3A8RhYH7Kg7,bloxroute,22,22
65pHd5P2VrehonT1cdJ2JUnq5wi3WUgfL3A8RhYH7Kg7,landX,111,111
65pHd5P2VrehonT1cdJ2JUnq5wi3WUgfL3A8RhYH7Kg7,stellium,202,202
6NDen7aDi65apHo8m1Vea4nuS6LyjQeM6pDNqcW4Q5Pg,(none),475,0
6NDen7aDi65apHo8m1Vea4nuS6LyjQeM6pDNqcW4Q5Pg,0slot,45,45
6NDen7aDi65apHo8m1Vea4nuS6LyjQeM6pDNqcW4Q5Pg,AstraLane,41,41
6NDen7aDi65apHo8m1Vea4nuS6LyjQeM6pDNqcW4Q5Pg,BloxRoute,2,2
6NDen7aDi65apHo8m1Vea4nuS6LyjQeM6pDNqcW4Q5Pg,Falcon,64,64
6NDen7aDi65apHo8m1Vea4nuS6LyjQeM6pDNqcW4Q5Pg,Flashblock,3,3
6NDen7aDi65apHo8m1Vea4nuS6LyjQeM6pDNqcW4Q5Pg,Helius,134,134
6NDen7aDi65apHo8m1Vea4nuS6LyjQeM6pDNqcW4Q5Pg,Jito,58,58
6NDen7aDi65apHo8m1Vea4nuS6LyjQeM6pDNqcW4Q5Pg,Nextblock,12,12
6NDen7aDi65apHo8m1Vea4nuS6LyjQeM6pDNqcW4Q5Pg,NodeOne,56,56
6NDen7aDi65apHo8m1Vea4nuS6LyjQeM6pDNqcW4Q5Pg,Soyas,7,7
6NDen7aDi65apHo8m1Vea4nuS6LyjQeM6pDNqcW4Q5Pg,Stellium,61,61
6NDen7aDi65apHo8m1Vea4nuS6LyjQeM6pDNqcW4Q5Pg,Temporal,39,39
6NDen7aDi65apHo8m1Vea4nuS6LyjQeM6pDNqcW4Q5Pg,blockrazor,7,7
6NDen7aDi65apHo8m1Vea4nuS6LyjQeM6pDNqcW4Q5Pg,blocksprint,39,39
6NDen7aDi65apHo8m1Vea4nuS6LyjQeM6pDNqcW4Q5Pg,bloxroute,26,26
6NDen7aDi65apHo8m1Vea4nuS6LyjQeM6pDNqcW4Q5Pg,landX,119,119
6NDen7aDi65apHo8m1Vea4nuS6LyjQeM6pDNqcW4Q5Pg,stellium,188,188
6Rk694kh1QTyQkirdb1uDZmS5xqG9bNaYtxx8d311Mr7,(none),574,0
6Rk694kh1QTyQkirdb1uDZmS5xqG9bNaYtxx8d311Mr7,0slot,49,49
6Rk694kh1QTyQkirdb1uDZmS5xqG9bNaYtxx8d311Mr7,AstraLane,58,58
6Rk694kh1QTyQkirdb1uDZmS5xqG9bNaYtxx8d311Mr7,BloxRoute,1,1
6Rk694kh1QTyQkirdb1uDZmS5xqG9bNaYtxx8d311Mr7,Falcon,89,89
6Rk694kh1QTyQkirdb1uDZmS5xqG9bNaYtxx8d311Mr7,Helius,234,234
6Rk694kh1QTyQkirdb1uDZmS5xqG9bNaYtxx8d311Mr7,Jito,44,44
6Rk694kh1QTyQkirdb1uDZmS5xqG9bNaYtxx8d311Mr7,Nextblock,25,25
6Rk694kh1QTyQkirdb1uDZmS5xqG9bNaYtxx8d311Mr7,NodeOne,35,35
6Rk694kh1QTyQkirdb1uDZmS5xqG9bNaYtxx8d311Mr7,Soyas,6,6
6Rk694kh1QTyQkirdb1uDZmS5xqG9bNaYtxx8d311Mr7,Stellium,70,70
6Rk694kh1QTyQkirdb1uDZmS5xqG9bNaYtxx8d311Mr7,Temporal,40,40
6Rk694kh1QTyQkirdb1uDZmS5xqG9bNaYtxx8d311Mr7,blockRazor,8,8
6Rk694kh1QTyQkirdb1uDZmS5xqG9bNaYtxx8d311Mr7,blockrazor,9,9
6Rk694kh1QTyQkirdb1uDZmS5xqG9bNaYtxx8d311Mr7,blocksprint,56,56
6Rk694kh1QTyQkirdb1uDZmS5xqG9bNaYtxx8d311Mr7,bloxroute,41,41
6Rk694kh1QTyQkirdb1uDZmS5xqG9bNaYtxx8d311Mr7,landX,179,179
6Rk694kh1QTyQkirdb1uDZmS5xqG9bNaYtxx8d311Mr7,stellium,296,296
6TkKqq15wXjqEjNg9zqTKADwuVATR9dW3rkNnsYme1ea,(none),5856,0
6TkKqq15wXjqEjNg9zqTKADwuVATR9dW3rkNnsYme1ea,0slot,573,573
6TkKqq15wXjqEjNg9zqTKADwuVATR9dW3rkNnsYme1ea,AstraLane,846,846
6TkKqq15wXjqEjNg9zqTKADwuVATR9dW3rkNnsYme1ea,Astralane,6,6
6TkKqq15wXjqEjNg9zqTKADwuVATR9dW3rkNnsYme1ea,BloxRoute,14,14
6TkKqq15wXjqEjNg9zqTKADwuVATR9dW3rkNnsYme1ea,Falcon,1178,1178
6TkKqq15wXjqEjNg9zqTKADwuVATR9dW3rkNnsYme1ea,Flashblock,12,12
6TkKqq15wXjqEjNg9zqTKADwuVATR9dW3rkNnsYme1ea,Helius,2479,2478
6TkKqq15wXjqEjNg9zqTKADwuVATR9dW3rkNnsYme1ea,Jito,734,734
6TkKqq15wXjqEjNg9zqTKADwuVATR9dW3rkNnsYme1ea,Moon,3,3
6TkKqq15wXjqEjNg9zqTKADwuVATR9dW3rkNnsYme1ea,Nextblock,280,280
6TkKqq15wXjqEjNg9zqTKADwuVATR9dW3rkNnsYme1ea,NodeOne,704,704
6TkKqq15wXjqEjNg9zqTKADwuVATR9dW3rkNnsYme1ea,Soyas,63,63
6TkKqq15wXjqEjNg9zqTKADwuVATR9dW3rkNnsYme1ea,Stellium,938,938
6TkKqq15wXjqEjNg9zqTKADwuVATR9dW3rkNnsYme1ea,Temporal,758,758
6TkKqq15wXjqEjNg9zqTKADwuVATR9dW3rkNnsYme1ea,blockRazor,34,34
6TkKqq15wXjqEjNg9zqTKADwuVATR9dW3rkNnsYme1ea,blockrazor,151,151
6TkKqq15wXjqEjNg9zqTKADwuVATR9dW3rkNnsYme1ea,blocksprint,561,561
6TkKqq15wXjqEjNg9zqTKADwuVATR9dW3rkNnsYme1ea,bloxroute,552,550
6TkKqq15wXjqEjNg9zqTKADwuVATR9dW3rkNnsYme1ea,landX,1854,1854
6TkKqq15wXjqEjNg9zqTKADwuVATR9dW3rkNnsYme1ea,stellium,2927,2927
6WgdYhhGE53WrZ7ywJA15hBVkw7CRbQ8yDBBTwmBtAHN,(none),10016,0
6WgdYhhGE53WrZ7ywJA15hBVkw7CRbQ8yDBBTwmBtAHN,0slot,776,776
6WgdYhhGE53WrZ7ywJA15hBVkw7CRbQ8yDBBTwmBtAHN,AstraLane,1099,1099
6WgdYhhGE53WrZ7ywJA15hBVkw7CRbQ8yDBBTwmBtAHN,BloxRoute,30,30
6WgdYhhGE53WrZ7ywJA15hBVkw7CRbQ8yDBBTwmBtAHN,Falcon,2384,2384
6WgdYhhGE53WrZ7ywJA15hBVkw7CRbQ8yDBBTwmBtAHN,Flashblock,16,16
6WgdYhhGE53WrZ7ywJA15hBVkw7CRbQ8yDBBTwmBtAHN,Helius,3261,3261
6WgdYhhGE53WrZ7ywJA15hBVkw7CRbQ8yDBBTwmBtAHN,Jito,1133,1132
6WgdYhhGE53WrZ7ywJA15hBVkw7CRbQ8yDBBTwmBtAHN,Moon,8,8
6WgdYhhGE53WrZ7ywJA15hBVkw7CRbQ8yDBBTwmBtAHN,Nextblock,413,413
6WgdYhhGE53WrZ7ywJA15hBVkw7CRbQ8yDBBTwmBtAHN,NodeOne,1147,1147
6WgdYhhGE53WrZ7ywJA15hBVkw7CRbQ8yDBBTwmBtAHN,Soyas,106,106
6WgdYhhGE53WrZ7ywJA15hBVkw7CRbQ8yDBBTwmBtAHN,Stellium,1508,1508
6WgdYhhGE53WrZ7ywJA15hBVkw7CRbQ8yDBBTwmBtAHN,Temporal,1222,1220
6WgdYhhGE53WrZ7ywJA15hBVkw7CRbQ8yDBBTwmBtAHN,blockRazor,42,42
6WgdYhhGE53WrZ7ywJA15hBVkw7CRbQ8yDBBTwmBtAHN,blockrazor,227,227
6WgdYhhGE53WrZ7ywJA15hBVkw7CRbQ8yDBBTwmBtAHN,blocksprint,876,876
6WgdYhhGE53WrZ7ywJA15hBVkw7CRbQ8yDBBTwmBtAHN,bloxroute,351,350
6WgdYhhGE53WrZ7ywJA15hBVkw7CRbQ8yDBBTwmBtAHN,landX,3039,3039
6WgdYhhGE53WrZ7ywJA15hBVkw7CRbQ8yDBBTwmBtAHN,stellium,5062,5062
6XKqyUVUcpe3CNucjF6gk5zonJDqNGvob6kaTy4Ps1U,(none),3424,0
6XKqyUVUcpe3CNucjF6gk5zonJDqNGvob6kaTy4Ps1U,0slot,279,279
6XKqyUVUcpe3CNucjF6gk5zonJDqNGvob6kaTy4Ps1U,AstraLane,462,462
6XKqyUVUcpe3CNucjF6gk5zonJDqNGvob6kaTy4Ps1U,Astralane,2,2
6XKqyUVUcpe3CNucjF6gk5zonJDqNGvob6kaTy4Ps1U,BloxRoute,6,6
6XKqyUVUcpe3CNucjF6gk5zonJDqNGvob6kaTy4Ps1U,Falcon,709,709
6XKqyUVUcpe3CNucjF6gk5zonJDqNGvob6kaTy4Ps1U,Flashblock,5,5
6XKqyUVUcpe3CNucjF6gk5zonJDqNGvob6kaTy4Ps1U,Helius,1069,1069
6XKqyUVUcpe3CNucjF6gk5zonJDqNGvob6kaTy4Ps1U,Jito,357,357
6XKqyUVUcpe3CNucjF6gk5zonJDqNGvob6kaTy4Ps1U,Moon,2,2
6XKqyUVUcpe3CNucjF6gk5zonJDqNGvob6kaTy4Ps1U,Nextblock,161,161
6XKqyUVUcpe3CNucjF6gk5zonJDqNGvob6kaTy4Ps1U,NodeOne,233,233
6XKqyUVUcpe3CNucjF6gk5zonJDqNGvob6kaTy4Ps1U,Soyas,31,31
6XKqyUVUcpe3CNucjF6gk5zonJDqNGvob6kaTy4Ps1U,Stellium,623,623
6XKqyUVUcpe3CNucjF6gk5zonJDqNGvob6kaTy4Ps1U,Temporal,344,344
6XKqyUVUcpe3CNucjF6gk5zonJDqNGvob6kaTy4Ps1U,blockRazor,23,23
6XKqyUVUcpe3CNucjF6gk5zonJDqNGvob6kaTy4Ps1U,blockrazor,86,86
6XKqyUVUcpe3CNucjF6gk5zonJDqNGvob6kaTy4Ps1U,blocksprint,511,511
6XKqyUVUcpe3CNucjF6gk5zonJDqNGvob6kaTy4Ps1U,bloxroute,199,199
6XKqyUVUcpe3CNucjF6gk5zonJDqNGvob6kaTy4Ps1U,landX,1155,1155
6XKqyUVUcpe3CNucjF6gk5zonJDqNGvob6kaTy4Ps1U,stellium,1961,1961
6aDs9tUm2gErcPn2c1TZnp5cu2bQV9BzyuwW4baWQYd4,(none),6609,0
6aDs9tUm2gErcPn2c1TZnp5cu2bQV9BzyuwW4baWQYd4,0slot,600,600
6aDs9tUm2gErcPn2c1TZnp5cu2bQV9BzyuwW4baWQYd4,AstraLane,789,789
6aDs9tUm2gErcPn2c1TZnp5cu2bQV9BzyuwW4baWQYd4,BloxRoute,15,15
6aDs9tUm2gErcPn2c1TZnp5cu2bQV9BzyuwW4baWQYd4,Falcon,1460,1460
6aDs9tUm2gErcPn2c1TZnp5cu2bQV9BzyuwW4baWQYd4,Flashblock,6,6
6aDs9tUm2gErcPn2c1TZnp5cu2bQV9BzyuwW4baWQYd4,Helius,2470,2469
6aDs9tUm2gErcPn2c1TZnp5cu2bQV9BzyuwW4baWQYd4,Jito,737,737
6aDs9tUm2gErcPn2c1TZnp5cu2bQV9BzyuwW4baWQYd4,Moon,1,1
6aDs9tUm2gErcPn2c1TZnp5cu2bQV9BzyuwW4baWQYd4,Nextblock,320,320
6aDs9tUm2gErcPn2c1TZnp5cu2bQV9BzyuwW4baWQYd4,NodeOne,830,830
6aDs9tUm2gErcPn2c1TZnp5cu2bQV9BzyuwW4baWQYd4,Soyas,65,65
6aDs9tUm2gErcPn2c1TZnp5cu2bQV9BzyuwW4baWQYd4,Stellium,969,969
6aDs9tUm2gErcPn2c1TZnp5cu2bQV9BzyuwW4baWQYd4,Temporal,756,756
6aDs9tUm2gErcPn2c1TZnp5cu2bQV9BzyuwW4baWQYd4,blockRazor,31,31
6aDs9tUm2gErcPn2c1TZnp5cu2bQV9BzyuwW4baWQYd4,blockrazor,153,153
6aDs9tUm2gErcPn2c1TZnp5cu2bQV9BzyuwW4baWQYd4,blocksprint,566,566
6aDs9tUm2gErcPn2c1TZnp5cu2bQV9BzyuwW4baWQYd4,bloxroute,365,365
6aDs9tUm2gErcPn2c1TZnp5cu2bQV9BzyuwW4baWQYd4,landX,1926,1926
6aDs9tUm2gErcPn2c1TZnp5cu2bQV9BzyuwW4baWQYd4,stellium,3172,3172
6bBw4LYVzXQoNs1TH4yVavtpCu5cdwYGvmuXVcZmNeKy,(none),136,0
6bBw4LYVzXQoNs1TH4yVavtpCu5cdwYGvmuXVcZmNeKy,0slot,3,3
6bBw4LYVzXQoNs1TH4yVavtpCu5cdwYGvmuXVcZmNeKy,AstraLane,14,14
6bBw4LYVzXQoNs1TH4yVavtpCu5cdwYGvmuXVcZmNeKy,Falcon,15,15
6bBw4LYVzXQoNs1TH4yVavtpCu5cdwYGvmuXVcZmNeKy,Helius,30,30
6bBw4LYVzXQoNs1TH4yVavtpCu5cdwYGvmuXVcZmNeKy,Jito,18,18
6bBw4LYVzXQoNs1TH4yVavtpCu5cdwYGvmuXVcZmNeKy,Nextblock,4,4
6bBw4LYVzXQoNs1TH4yVavtpCu5cdwYGvmuXVcZmNeKy,NodeOne,8,8
6bBw4LYVzXQoNs1TH4yVavtpCu5cdwYGvmuXVcZmNeKy,Soyas,2,2
6bBw4LYVzXQoNs1TH4yVavtpCu5cdwYGvmuXVcZmNeKy,Stellium,9,9
6bBw4LYVzXQoNs1TH4yVavtpCu5cdwYGvmuXVcZmNeKy,Temporal,10,10
6bBw4LYVzXQoNs1TH4yVavtpCu5cdwYGvmuXVcZmNeKy,blockrazor,2,2
6bBw4LYVzXQoNs1TH4yVavtpCu5cdwYGvmuXVcZmNeKy,blocksprint,5,5
6bBw4LYVzXQoNs1TH4yVavtpCu5cdwYGvmuXVcZmNeKy,landX,40,40
6bBw4LYVzXQoNs1TH4yVavtpCu5cdwYGvmuXVcZmNeKy,stellium,52,52
6c6RrC9TWNgiVXnbZ6hehNuhyh81pZK1yAj5w2nXZTwi,(none),18,0
6c6RrC9TWNgiVXnbZ6hehNuhyh81pZK1yAj5w2nXZTwi,Helius,1,1
6c6RrC9TWNgiVXnbZ6hehNuhyh81pZK1yAj5w2nXZTwi,Jito,2,2
6c6RrC9TWNgiVXnbZ6hehNuhyh81pZK1yAj5w2nXZTwi,Soyas,1,1
6c6RrC9TWNgiVXnbZ6hehNuhyh81pZK1yAj5w2nXZTwi,Stellium,1,1
6gL3uHvuUjaPp9mTBf2VZ4tpKiYhbWyPrAPboGByzEHd,(none),306,0
6gL3uHvuUjaPp9mTBf2VZ4tpKiYhbWyPrAPboGByzEHd,0slot,20,20
6gL3uHvuUjaPp9mTBf2VZ4tpKiYhbWyPrAPboGByzEHd,AstraLane,32,32
6gL3uHvuUjaPp9mTBf2VZ4tpKiYhbWyPrAPboGByzEHd,Astralane,1,1
6gL3uHvuUjaPp9mTBf2VZ4tpKiYhbWyPrAPboGByzEHd,BloxRoute,1,1
6gL3uHvuUjaPp9mTBf2VZ4tpKiYhbWyPrAPboGByzEHd,Falcon,78,78
6gL3uHvuUjaPp9mTBf2VZ4tpKiYhbWyPrAPboGByzEHd,Helius,88,88
6gL3uHvuUjaPp9mTBf2VZ4tpKiYhbWyPrAPboGByzEHd,Jito,22,22
6gL3uHvuUjaPp9mTBf2VZ4tpKiYhbWyPrAPboGByzEHd,Nextblock,10,10
6gL3uHvuUjaPp9mTBf2VZ4tpKiYhbWyPrAPboGByzEHd,NodeOne,6,6
6gL3uHvuUjaPp9mTBf2VZ4tpKiYhbWyPrAPboGByzEHd,Soyas,4,4
6gL3uHvuUjaPp9mTBf2VZ4tpKiYhbWyPrAPboGByzEHd,Stellium,43,43
6gL3uHvuUjaPp9mTBf2VZ4tpKiYhbWyPrAPboGByzEHd,Temporal,13,13
6gL3uHvuUjaPp9mTBf2VZ4tpKiYhbWyPrAPboGByzEHd,blockrazor,2,2
6gL3uHvuUjaPp9mTBf2VZ4tpKiYhbWyPrAPboGByzEHd,blocksprint,22,22
6gL3uHvuUjaPp9mTBf2VZ4tpKiYhbWyPrAPboGByzEHd,bloxroute,12,12
6gL3uHvuUjaPp9mTBf2VZ4tpKiYhbWyPrAPboGByzEHd,landX,84,84
6gL3uHvuUjaPp9mTBf2VZ4tpKiYhbWyPrAPboGByzEHd,stellium,124,124
6gnbmed7kzwQVQ7ghsjgEuCoYmGeWciV2qCwni6WS6HU,(none),1056,0
6gnbmed7kzwQVQ7ghsjgEuCoYmGeWciV2qCwni6WS6HU,0slot,76,76
6gnbmed7kzwQVQ7ghsjgEuCoYmGeWciV2qCwni6WS6HU,AstraLane,101,101
6gnbmed7kzwQVQ7ghsjgEuCoYmGeWciV2qCwni6WS6HU,Falcon,278,278
6gnbmed7kzwQVQ7ghsjgEuCoYmGeWciV2qCwni6WS6HU,Helius,321,321
6gnbmed7kzwQVQ7ghsjgEuCoYmGeWciV2qCwni6WS6HU,Jito,105,105
6gnbmed7kzwQVQ7ghsjgEuCoYmGeWciV2qCwni6WS6HU,Moon,1,1
6gnbmed7kzwQVQ7ghsjgEuCoYmGeWciV2qCwni6WS6HU,Nextblock,35,35
6gnbmed7kzwQVQ7ghsjgEuCoYmGeWciV2qCwni6WS6HU,NodeOne,86,86
6gnbmed7kzwQVQ7ghsjgEuCoYmGeWciV2qCwni6WS6HU,Soyas,6,6
6gnbmed7kzwQVQ7ghsjgEuCoYmGeWciV2qCwni6WS6HU,Stellium,181,181
6gnbmed7kzwQVQ7ghsjgEuCoYmGeWciV2qCwni6WS6HU,Temporal,124,124
6gnbmed7kzwQVQ7ghsjgEuCoYmGeWciV2qCwni6WS6HU,blockRazor,5,5
6gnbmed7kzwQVQ7ghsjgEuCoYmGeWciV2qCwni6WS6HU,blockrazor,21,21
6gnbmed7kzwQVQ7ghsjgEuCoYmGeWciV2qCwni6WS6HU,blocksprint,71,71
6gnbmed7kzwQVQ7ghsjgEuCoYmGeWciV2qCwni6WS6HU,bloxroute,24,24
6gnbmed7kzwQVQ7ghsjgEuCoYmGeWciV2qCwni6WS6HU,landX,325,325
6gnbmed7kzwQVQ7ghsjgEuCoYmGeWciV2qCwni6WS6HU,stellium,572,572
6k1YkmTKwPRUhChnxA9ryJmbtuQMbro4xFTL6mL9jycB,(none),720,0
6k1YkmTKwPRUhChnxA9ryJmbtuQMbro4xFTL6mL9jycB,0slot,79,79
6k1YkmTKwPRUhChnxA9ryJmbtuQMbro4xFTL6mL9jycB,AstraLane,175,175
6k1YkmTKwPRUhChnxA9ryJmbtuQMbro4xFTL6mL9jycB,Astralane,1,1
6k1YkmTKwPRUhChnxA9ryJmbtuQMbro4xFTL6mL9jycB,BloxRoute,2,2
6k1YkmTKwPRUhChnxA9ryJmbtuQMbro4xFTL6mL9jycB,Falcon,190,190
6k1YkmTKwPRUhChnxA9ryJmbtuQMbro4xFTL6mL9jycB,Flashblock,1,1
6k1YkmTKwPRUhChnxA9ryJmbtuQMbro4xFTL6mL9jycB,Helius,303,303
6k1YkmTKwPRUhChnxA9ryJmbtuQMbro4xFTL6mL9jycB,Jito,77,77
6k1YkmTKwPRUhChnxA9ryJmbtuQMbro4xFTL6mL9jycB,Nextblock,45,45
6k1YkmTKwPRUhChnxA9ryJmbtuQMbro4xFTL6mL9jycB,NodeOne,101,101
6k1YkmTKwPRUhChnxA9ryJmbtuQMbro4xFTL6mL9jycB,Soyas,11,11
6k1YkmTKwPRUhChnxA9ryJmbtuQMbro4xFTL6mL9jycB,Stellium,134,134
6k1YkmTKwPRUhChnxA9ryJmbtuQMbro4xFTL6mL9jycB,Temporal,87,87
6k1YkmTKwPRUhChnxA9ryJmbtuQMbro4xFTL6mL9jycB,blockRazor,5,5
6k1YkmTKwPRUhChnxA9ryJmbtuQMbro4xFTL6mL9jycB,blockrazor,15,15
6k1YkmTKwPRUhChnxA9ryJmbtuQMbro4xFTL6mL9jycB,blocksprint,111,111
6k1YkmTKwPRUhChnxA9ryJmbtuQMbro4xFTL6mL9jycB,bloxroute,141,141
6k1YkmTKwPRUhChnxA9ryJmbtuQMbro4xFTL6mL9jycB,landX,187,187
6k1YkmTKwPRUhChnxA9ryJmbtuQMbro4xFTL6mL9jycB,stellium,359,359
6k5hZkHGa4x3xEU7Wz2LxWwueqZtVvX3fpymGugB14yB,(none),1509,0
6k5hZkHGa4x3xEU7Wz2LxWwueqZtVvX3fpymGugB14yB,0slot,130,130
6k5hZkHGa4x3xEU7Wz2LxWwueqZtVvX3fpymGugB14yB,AstraLane,400,400
6k5hZkHGa4x3xEU7Wz2LxWwueqZtVvX3fpymGugB14yB,BloxRoute,4,4
6k5hZkHGa4x3xEU7Wz2LxWwueqZtVvX3fpymGugB14yB,Falcon,407,407
6k5hZkHGa4x3xEU7Wz2LxWwueqZtVvX3fpymGugB14yB,Flashblock,1,1
6k5hZkHGa4x3xEU7Wz2LxWwueqZtVvX3fpymGugB14yB,Helius,651,651
6k5hZkHGa4x3xEU7Wz2LxWwueqZtVvX3fpymGugB14yB,Jito,67,67
6k5hZkHGa4x3xEU7Wz2LxWwueqZtVvX3fpymGugB14yB,Moon,1,1
6k5hZkHGa4x3xEU7Wz2LxWwueqZtVvX3fpymGugB14yB,Nextblock,92,92
6k5hZkHGa4x3xEU7Wz2LxWwueqZtVvX3fpymGugB14yB,NodeOne,179,179
6k5hZkHGa4x3xEU7Wz2LxWwueqZtVvX3fpymGugB14yB,Soyas,27,27
6k5hZkHGa4x3xEU7Wz2LxWwueqZtVvX3fpymGugB14yB,Stellium,326,326
6k5hZkHGa4x3xEU7Wz2LxWwueqZtVvX3fpymGugB14yB,Temporal,236,236
6k5hZkHGa4x3xEU7Wz2LxWwueqZtVvX3fpymGugB14yB,blockRazor,9,9
6k5hZkHGa4x3xEU7Wz2LxWwueqZtVvX3fpymGugB14yB,blockrazor,51,51
6k5hZkHGa4x3xEU7Wz2LxWwueqZtVvX3fpymGugB14yB,blocksprint,184,184
6k5hZkHGa4x3xEU7Wz2LxWwueqZtVvX3fpymGugB14yB,bloxroute,97,97
6k5hZkHGa4x3xEU7Wz2LxWwueqZtVvX3fpymGugB14yB,landX,659,659
6k5hZkHGa4x3xEU7Wz2LxWwueqZtVvX3fpymGugB14yB,stellium,1021,1021
6pEtDovpyd1zUMYPuNhMCPU37sUTEAtzzgoVVAh1G1JL,(none),514,0
6pEtDovpyd1zUMYPuNhMCPU37sUTEAtzzgoVVAh1G1JL,0slot,29,29
6pEtDovpyd1zUMYPuNhMCPU37sUTEAtzzgoVVAh1G1JL,AstraLane,51,51
6pEtDovpyd1zUMYPuNhMCPU37sUTEAtzzgoVVAh1G1JL,Falcon,116,116
6pEtDovpyd1zUMYPuNhMCPU37sUTEAtzzgoVVAh1G1JL,Flashblock,1,1
6pEtDovpyd1zUMYPuNhMCPU37sUTEAtzzgoVVAh1G1JL,Helius,174,174
6pEtDovpyd1zUMYPuNhMCPU37sUTEAtzzgoVVAh1G1JL,Jito,35,35
6pEtDovpyd1zUMYPuNhMCPU37sUTEAtzzgoVVAh1G1JL,Moon,1,1
6pEtDovpyd1zUMYPuNhMCPU37sUTEAtzzgoVVAh1G1JL,Nextblock,21,21
6pEtDovpyd1zUMYPuNhMCPU37sUTEAtzzgoVVAh1G1JL,NodeOne,24,24
6pEtDovpyd1zUMYPuNhMCPU37sUTEAtzzgoVVAh1G1JL,Soyas,7,7
6pEtDovpyd1zUMYPuNhMCPU37sUTEAtzzgoVVAh1G1JL,Stellium,51,51
6pEtDovpyd1zUMYPuNhMCPU37sUTEAtzzgoVVAh1G1JL,Temporal,46,46
6pEtDovpyd1zUMYPuNhMCPU37sUTEAtzzgoVVAh1G1JL,blockRazor,1,1
6pEtDovpyd1zUMYPuNhMCPU37sUTEAtzzgoVVAh1G1JL,blockrazor,8,8
6pEtDovpyd1zUMYPuNhMCPU37sUTEAtzzgoVVAh1G1JL,blocksprint,29,29
6pEtDovpyd1zUMYPuNhMCPU37sUTEAtzzgoVVAh1G1JL,bloxroute,11,11
6pEtDovpyd1zUMYPuNhMCPU37sUTEAtzzgoVVAh1G1JL,landX,132,132
6pEtDovpyd1zUMYPuNhMCPU37sUTEAtzzgoVVAh1G1JL,stellium,201,201
6ptuwW4rg5A3wP9hNKxeymG3QhSagugPd3grnMTGJwWG,(none),5197,0
6ptuwW4rg5A3wP9hNKxeymG3QhSagugPd3grnMTGJwWG,0slot,393,393
6ptuwW4rg5A3wP9hNKxeymG3QhSagugPd3grnMTGJwWG,96gYZGLnJYVFmbjzopPSU6QiEV5fGqZNyN9nmNhvrZU5,1,1
6ptuwW4rg5A3wP9hNKxeymG3QhSagugPd3grnMTGJwWG,AstraLane,515,515
6ptuwW4rg5A3wP9hNKxeymG3QhSagugPd3grnMTGJwWG,BloxRoute,6,6
6ptuwW4rg5A3wP9hNKxeymG3QhSagugPd3grnMTGJwWG,Falcon,1201,1201
6ptuwW4rg5A3wP9hNKxeymG3QhSagugPd3grnMTGJwWG,Flashblock,8,8
6ptuwW4rg5A3wP9hNKxeymG3QhSagugPd3grnMTGJwWG,Helius,1295,1294
6ptuwW4rg5A3wP9hNKxeymG3QhSagugPd3grnMTGJwWG,Jito,434,434
6ptuwW4rg5A3wP9hNKxeymG3QhSagugPd3grnMTGJwWG,Moon,3,3
6ptuwW4rg5A3wP9hNKxeymG3QhSagugPd3grnMTGJwWG,Nextblock,260,260
6ptuwW4rg5A3wP9hNKxeymG3QhSagugPd3grnMTGJwWG,NodeOne,464,464
6ptuwW4rg5A3wP9hNKxeymG3QhSagugPd3grnMTGJwWG,Soyas,58,58
6ptuwW4rg5A3wP9hNKxeymG3QhSagugPd3grnMTGJwWG,Stellium,799,799
6ptuwW4rg5A3wP9hNKxeymG3QhSagugPd3grnMTGJwWG,Temporal,527,527
6ptuwW4rg5A3wP9hNKxeymG3QhSagugPd3grnMTGJwWG,blockRazor,18,18
6ptuwW4rg5A3wP9hNKxeymG3QhSagugPd3grnMTGJwWG,blockrazor,123,123
6ptuwW4rg5A3wP9hNKxeymG3QhSagugPd3grnMTGJwWG,blocksprint,493,493
6ptuwW4rg5A3wP9hNKxeymG3QhSagugPd3grnMTGJwWG,bloxroute,166,165
6ptuwW4rg5A3wP9hNKxeymG3QhSagugPd3grnMTGJwWG,landX,1327,1327
6ptuwW4rg5A3wP9hNKxeymG3QhSagugPd3grnMTGJwWG,stellium,2369,2369
6qwYjs5vCSEKaTMBbHinnW8fvdGj1r8cpzPoAV1EHKsw,(none),913,0
6qwYjs5vCSEKaTMBbHinnW8fvdGj1r8cpzPoAV1EHKsw,0slot,111,111
6qwYjs5vCSEKaTMBbHinnW8fvdGj1r8cpzPoAV1EHKsw,AstraLane,159,159
6qwYjs5vCSEKaTMBbHinnW8fvdGj1r8cpzPoAV1EHKsw,Astralane,1,1
6qwYjs5vCSEKaTMBbHinnW8fvdGj1r8cpzPoAV1EHKsw,BloxRoute,1,1
6qwYjs5vCSEKaTMBbHinnW8fvdGj1r8cpzPoAV1EHKsw,Falcon,130,130
6qwYjs5vCSEKaTMBbHinnW8fvdGj1r8cpzPoAV1EHKsw,Flashblock,3,3
6qwYjs5vCSEKaTMBbHinnW8fvdGj1r8cpzPoAV1EHKsw,Helius,224,224
6qwYjs5vCSEKaTMBbHinnW8fvdGj1r8cpzPoAV1EHKsw,Jito,69,69
6qwYjs5vCSEKaTMBbHinnW8fvdGj1r8cpzPoAV1EHKsw,Nextblock,35,35
6qwYjs5vCSEKaTMBbHinnW8fvdGj1r8cpzPoAV1EHKsw,NodeOne,50,50
6qwYjs5vCSEKaTMBbHinnW8fvdGj1r8cpzPoAV1EHKsw,Soyas,8,8
6qwYjs5vCSEKaTMBbHinnW8fvdGj1r8cpzPoAV1EHKsw,Stellium,154,154
6qwYjs5vCSEKaTMBbHinnW8fvdGj1r8cpzPoAV1EHKsw,Temporal,96,96
6qwYjs5vCSEKaTMBbHinnW8fvdGj1r8cpzPoAV1EHKsw,blockRazor,3,3
6qwYjs5vCSEKaTMBbHinnW8fvdGj1r8cpzPoAV1EHKsw,blockrazor,15,15
6qwYjs5vCSEKaTMBbHinnW8fvdGj1r8cpzPoAV1EHKsw,blocksprint,73,73
6qwYjs5vCSEKaTMBbHinnW8fvdGj1r8cpzPoAV1EHKsw,bloxroute,44,44
6qwYjs5vCSEKaTMBbHinnW8fvdGj1r8cpzPoAV1EHKsw,landX,140,140
6qwYjs5vCSEKaTMBbHinnW8fvdGj1r8cpzPoAV1EHKsw,stellium,377,377
6vG7fgweSfvY7JRViG4HwKgV9u6JKhMpf2bqr6TKNjUW,(none),1207,0
6vG7fgweSfvY7JRViG4HwKgV9u6JKhMpf2bqr6TKNjUW,0slot,104,104
6vG7fgweSfvY7JRViG4HwKgV9u6JKhMpf2bqr6TKNjUW,AstraLane,184,184
6vG7fgweSfvY7JRViG4HwKgV9u6JKhMpf2bqr6TKNjUW,BloxRoute,5,5
6vG7fgweSfvY7JRViG4HwKgV9u6JKhMpf2bqr6TKNjUW,Falcon,101,101
6vG7fgweSfvY7JRViG4HwKgV9u6JKhMpf2bqr6TKNjUW,Flashblock,4,4
6vG7fgweSfvY7JRViG4HwKgV9u6JKhMpf2bqr6TKNjUW,Helius,553,553
6vG7fgweSfvY7JRViG4HwKgV9u6JKhMpf2bqr6TKNjUW,Jito,107,107
6vG7fgweSfvY7JRViG4HwKgV9u6JKhMpf2bqr6TKNjUW,Moon,4,4
6vG7fgweSfvY7JRViG4HwKgV9u6JKhMpf2bqr6TKNjUW,Nextblock,84,84
6vG7fgweSfvY7JRViG4HwKgV9u6JKhMpf2bqr6TKNjUW,NodeOne,193,193
6vG7fgweSfvY7JRViG4HwKgV9u6JKhMpf2bqr6TKNjUW,Soyas,16,16
6vG7fgweSfvY7JRViG4HwKgV9u6JKhMpf2bqr6TKNjUW,Stellium,125,125
6vG7fgweSfvY7JRViG4HwKgV9u6JKhMpf2bqr6TKNjUW,Temporal,147,147
6vG7fgweSfvY7JRViG4HwKgV9u6JKhMpf2bqr6TKNjUW,blockRazor,14,14
6vG7fgweSfvY7JRViG4HwKgV9u6JKhMpf2bqr6TKNjUW,blockrazor,36,36
6vG7fgweSfvY7JRViG4HwKgV9u6JKhMpf2bqr6TKNjUW,blocksprint,119,119
6vG7fgweSfvY7JRViG4HwKgV9u6JKhMpf2bqr6TKNjUW,bloxroute,110,110
6vG7fgweSfvY7JRViG4HwKgV9u6JKhMpf2bqr6TKNjUW,landX,520,520
6vG7fgweSfvY7JRViG4HwKgV9u6JKhMpf2bqr6TKNjUW,stellium,525,525
6xFDLX751L7H9d5fQT9sf2SM5RWWE9LDgqz25pPDbWoJ,(none),577,0
6xFDLX751L7H9d5fQT9sf2SM5RWWE9LDgqz25pPDbWoJ,0slot,62,62
6xFDLX751L7H9d5fQT9sf2SM5RWWE9LDgqz25pPDbWoJ,AstraLane,56,56
6xFDLX751L7H9d5fQT9sf2SM5RWWE9LDgqz25pPDbWoJ,Falcon,85,85
6xFDLX751L7H9d5fQT9sf2SM5RWWE9LDgqz25pPDbWoJ,Flashblock,3,3
6xFDLX751L7H9d5fQT9sf2SM5RWWE9LDgqz25pPDbWoJ,Helius,208,208
6xFDLX751L7H9d5fQT9sf2SM5RWWE9LDgqz25pPDbWoJ,Jito,91,91
6xFDLX751L7H9d5fQT9sf2SM5RWWE9LDgqz25pPDbWoJ,Nextblock,17,17
6xFDLX751L7H9d5fQT9sf2SM5RWWE9LDgqz25pPDbWoJ,NodeOne,71,71
6xFDLX751L7H9d5fQT9sf2SM5RWWE9LDgqz25pPDbWoJ,Soyas,4,4
6xFDLX751L7H9d5fQT9sf2SM5RWWE9LDgqz25pPDbWoJ,Stellium,99,99
6xFDLX751L7H9d5fQT9sf2SM5RWWE9LDgqz25pPDbWoJ,Temporal,92,92
6xFDLX751L7H9d5fQT9sf2SM5RWWE9LDgqz25pPDbWoJ,blockRazor,3,3
6xFDLX751L7H9d5fQT9sf2SM5RWWE9LDgqz25pPDbWoJ,blockrazor,15,15
6xFDLX751L7H9d5fQT9sf2SM5RWWE9LDgqz25pPDbWoJ,blocksprint,40,40
6xFDLX751L7H9d5fQT9sf2SM5RWWE9LDgqz25pPDbWoJ,bloxroute,29,29
6xFDLX751L7H9d5fQT9sf2SM5RWWE9LDgqz25pPDbWoJ,landX,135,135
6xFDLX751L7H9d5fQT9sf2SM5RWWE9LDgqz25pPDbWoJ,stellium,259,259
6xUK9Nbonr4eoJNtHGoUEMmYKoPz5mipKzyDBv6deX4d,(none),653,0
6xUK9Nbonr4eoJNtHGoUEMmYKoPz5mipKzyDBv6deX4d,0slot,49,49
6xUK9Nbonr4eoJNtHGoUEMmYKoPz5mipKzyDBv6deX4d,AstraLane,63,63
6xUK9Nbonr4eoJNtHGoUEMmYKoPz5mipKzyDBv6deX4d,BloxRoute,3,3
6xUK9Nbonr4eoJNtHGoUEMmYKoPz5mipKzyDBv6deX4d,Falcon,178,178
6xUK9Nbonr4eoJNtHGoUEMmYKoPz5mipKzyDBv6deX4d,Helius,213,213
6xUK9Nbonr4eoJNtHGoUEMmYKoPz5mipKzyDBv6deX4d,Jito,90,90
6xUK9Nbonr4eoJNtHGoUEMmYKoPz5mipKzyDBv6deX4d,Moon,1,1
6xUK9Nbonr4eoJNtHGoUEMmYKoPz5mipKzyDBv6deX4d,Nextblock,26,26
6xUK9Nbonr4eoJNtHGoUEMmYKoPz5mipKzyDBv6deX4d,NodeOne,52,52
6xUK9Nbonr4eoJNtHGoUEMmYKoPz5mipKzyDBv6deX4d,Soyas,3,3
6xUK9Nbonr4eoJNtHGoUEMmYKoPz5mipKzyDBv6deX4d,Stellium,129,129
6xUK9Nbonr4eoJNtHGoUEMmYKoPz5mipKzyDBv6deX4d,Temporal,49,49
6xUK9Nbonr4eoJNtHGoUEMmYKoPz5mipKzyDBv6deX4d,blockRazor,4,4
6xUK9Nbonr4eoJNtHGoUEMmYKoPz5mipKzyDBv6deX4d,blockrazor,7,7
6xUK9Nbonr4eoJNtHGoUEMmYKoPz5mipKzyDBv6deX4d,blocksprint,61,61
6xUK9Nbonr4eoJNtHGoUEMmYKoPz5mipKzyDBv6deX4d,bloxroute,13,13
6xUK9Nbonr4eoJNtHGoUEMmYKoPz5mipKzyDBv6deX4d,landX,295,295
6xUK9Nbonr4eoJNtHGoUEMmYKoPz5mipKzyDBv6deX4d,stellium,454,454
6xWLi1TDSh65fWsSqE1zdvANTSuVDRMx4ghsGJwgunS8,(none),2807,0
6xWLi1TDSh65fWsSqE1zdvANTSuVDRMx4ghsGJwgunS8,0slot,282,282
6xWLi1TDSh65fWsSqE1zdvANTSuVDRMx4ghsGJwgunS8,AstraLane,436,436
6xWLi1TDSh65fWsSqE1zdvANTSuVDRMx4ghsGJwgunS8,BloxRoute,10,10
6xWLi1TDSh65fWsSqE1zdvANTSuVDRMx4ghsGJwgunS8,Falcon,310,310
6xWLi1TDSh65fWsSqE1zdvANTSuVDRMx4ghsGJwgunS8,Flashblock,1,1
6xWLi1TDSh65fWsSqE1zdvANTSuVDRMx4ghsGJwgunS8,Helius,1346,1346
6xWLi1TDSh65fWsSqE1zdvANTSuVDRMx4ghsGJwgunS8,Jito,259,259
6xWLi1TDSh65fWsSqE1zdvANTSuVDRMx4ghsGJwgunS8,Moon,8,8
6xWLi1TDSh65fWsSqE1zdvANTSuVDRMx4ghsGJwgunS8,Nextblock,198,198
6xWLi1TDSh65fWsSqE1zdvANTSuVDRMx4ghsGJwgunS8,NodeOne,571,571
6xWLi1TDSh65fWsSqE1zdvANTSuVDRMx4ghsGJwgunS8,Soyas,24,24
6xWLi1TDSh65fWsSqE1zdvANTSuVDRMx4ghsGJwgunS8,Stellium,457,457
6xWLi1TDSh65fWsSqE1zdvANTSuVDRMx4ghsGJwgunS8,Temporal,375,371
6xWLi1TDSh65fWsSqE1zdvANTSuVDRMx4ghsGJwgunS8,blockRazor,19,19
6xWLi1TDSh65fWsSqE1zdvANTSuVDRMx4ghsGJwgunS8,blockrazor,105,105
6xWLi1TDSh65fWsSqE1zdvANTSuVDRMx4ghsGJwgunS8,blocksprint,286,286
6xWLi1TDSh65fWsSqE1zdvANTSuVDRMx4ghsGJwgunS8,bloxroute,155,154
6xWLi1TDSh65fWsSqE1zdvANTSuVDRMx4ghsGJwgunS8,landX,1312,1312
6xWLi1TDSh65fWsSqE1zdvANTSuVDRMx4ghsGJwgunS8,stellium,1736,1736
6y7V8dL673XFzm9QyC5vvh3itWkp7wztahBd2yDqsyrK,(none),12473,0
6y7V8dL673XFzm9QyC5vvh3itWkp7wztahBd2yDqsyrK,0slot,1020,1020
6y7V8dL673XFzm9QyC5vvh3itWkp7wztahBd2yDqsyrK,AstraLane,1528,1528
6y7V8dL673XFzm9QyC5vvh3itWkp7wztahBd2yDqsyrK,BloxRoute,27,27
6y7V8dL673XFzm9QyC5vvh3itWkp7wztahBd2yDqsyrK,Falcon,3047,3047
6y7V8dL673XFzm9QyC5vvh3itWkp7wztahBd2yDqsyrK,Flashblock,18,18
6y7V8dL673XFzm9QyC5vvh3itWkp7wztahBd2yDqsyrK,Helius,4424,4420
6y7V8dL673XFzm9QyC5vvh3itWkp7wztahBd2yDqsyrK,Jito,1291,1291
6y7V8dL673XFzm9QyC5vvh3itWkp7wztahBd2yDqsyrK,Moon,4,4
6y7V8dL673XFzm9QyC5vvh3itWkp7wztahBd2yDqsyrK,Nextblock,592,592
6y7V8dL673XFzm9QyC5vvh3itWkp7wztahBd2yDqsyrK,NodeOne,1493,1493
6y7V8dL673XFzm9QyC5vvh3itWkp7wztahBd2yDqsyrK,Soyas,119,119
6y7V8dL673XFzm9QyC5vvh3itWkp7wztahBd2yDqsyrK,Stellium,2085,2085
6y7V8dL673XFzm9QyC5vvh3itWkp7wztahBd2yDqsyrK,Temporal,1531,1529
6y7V8dL673XFzm9QyC5vvh3itWkp7wztahBd2yDqsyrK,blockRazor,55,55
6y7V8dL673XFzm9QyC5vvh3itWkp7wztahBd2yDqsyrK,blockrazor,291,291
6y7V8dL673XFzm9QyC5vvh3itWkp7wztahBd2yDqsyrK,blocksprint,1280,1280
6y7V8dL673XFzm9QyC5vvh3itWkp7wztahBd2yDqsyrK,bloxroute,654,654
6y7V8dL673XFzm9QyC5vvh3itWkp7wztahBd2yDqsyrK,landX,3641,3641
6y7V8dL673XFzm9QyC5vvh3itWkp7wztahBd2yDqsyrK,stellium,6247,6247
6yFGGAgYpBxgYPuHW4rv7hJmhKrUiXKyHkpVGaYtKrwE,(none),3731,0
6yFGGAgYpBxgYPuHW4rv7hJmhKrUiXKyHkpVGaYtKrwE,0slot,264,264
6yFGGAgYpBxgYPuHW4rv7hJmhKrUiXKyHkpVGaYtKrwE,AstraLane,1063,1063
6yFGGAgYpBxgYPuHW4rv7hJmhKrUiXKyHkpVGaYtKrwE,Astralane,5,5
6yFGGAgYpBxgYPuHW4rv7hJmhKrUiXKyHkpVGaYtKrwE,BloxRoute,10,10
6yFGGAgYpBxgYPuHW4rv7hJmhKrUiXKyHkpVGaYtKrwE,Falcon,971,971
6yFGGAgYpBxgYPuHW4rv7hJmhKrUiXKyHkpVGaYtKrwE,Flashblock,6,6
6yFGGAgYpBxgYPuHW4rv7hJmhKrUiXKyHkpVGaYtKrwE,Helius,1449,1449
6yFGGAgYpBxgYPuHW4rv7hJmhKrUiXKyHkpVGaYtKrwE,Jito,380,380
6yFGGAgYpBxgYPuHW4rv7hJmhKrUiXKyHkpVGaYtKrwE,Moon,3,3
6yFGGAgYpBxgYPuHW4rv7hJmhKrUiXKyHkpVGaYtKrwE,Nextblock,170,170
6yFGGAgYpBxgYPuHW4rv7hJmhKrUiXKyHkpVGaYtKrwE,NodeOne,381,381
6yFGGAgYpBxgYPuHW4rv7hJmhKrUiXKyHkpVGaYtKrwE,Soyas,40,40
6yFGGAgYpBxgYPuHW4rv7hJmhKrUiXKyHkpVGaYtKrwE,Stellium,676,676
6yFGGAgYpBxgYPuHW4rv7hJmhKrUiXKyHkpVGaYtKrwE,Temporal,423,421
6yFGGAgYpBxgYPuHW4rv7hJmhKrUiXKyHkpVGaYtKrwE,blockRazor,39,39
6yFGGAgYpBxgYPuHW4rv7hJmhKrUiXKyHkpVGaYtKrwE,blockrazor,74,74
6yFGGAgYpBxgYPuHW4rv7hJmhKrUiXKyHkpVGaYtKrwE,blocksprint,381,381
6yFGGAgYpBxgYPuHW4rv7hJmhKrUiXKyHkpVGaYtKrwE,bloxroute,526,525
6yFGGAgYpBxgYPuHW4rv7hJmhKrUiXKyHkpVGaYtKrwE,landX,868,868
6yFGGAgYpBxgYPuHW4rv7hJmhKrUiXKyHkpVGaYtKrwE,stellium,1652,1652
71F3mXrwguQ7euZkJAuSZ8o8N4EDAVnTsjMpffXEhaPy,(none),9,0
71F3mXrwguQ7euZkJAuSZ8o8N4EDAVnTsjMpffXEhaPy,0slot,3,3
71F3mXrwguQ7euZkJAuSZ8o8N4EDAVnTsjMpffXEhaPy,Falcon,18,18
71F3mXrwguQ7euZkJAuSZ8o8N4EDAVnTsjMpffXEhaPy,Helius,4,4
71F3mXrwguQ7euZkJAuSZ8o8N4EDAVnTsjMpffXEhaPy,Jito,1,1
71F3mXrwguQ7euZkJAuSZ8o8N4EDAVnTsjMpffXEhaPy,Stellium,4,4
71F3mXrwguQ7euZkJAuSZ8o8N4EDAVnTsjMpffXEhaPy,Temporal,5,5
71F3mXrwguQ7euZkJAuSZ8o8N4EDAVnTsjMpffXEhaPy,landX,9,9
71F3mXrwguQ7euZkJAuSZ8o8N4EDAVnTsjMpffXEhaPy,stellium,17,17
722RdWmHC5TGXBjTejzNjbc8xEiduVDLqZvoUGz6Xzbp,(none),6115,0
722RdWmHC5TGXBjTejzNjbc8xEiduVDLqZvoUGz6Xzbp,0slot,518,518
722RdWmHC5TGXBjTejzNjbc8xEiduVDLqZvoUGz6Xzbp,AstraLane,706,706
722RdWmHC5TGXBjTejzNjbc8xEiduVDLqZvoUGz6Xzbp,Astralane,1,1
722RdWmHC5TGXBjTejzNjbc8xEiduVDLqZvoUGz6Xzbp,BloxRoute,17,17
722RdWmHC5TGXBjTejzNjbc8xEiduVDLqZvoUGz6Xzbp,Falcon,1662,1662
722RdWmHC5TGXBjTejzNjbc8xEiduVDLqZvoUGz6Xzbp,Flashblock,11,11
722RdWmHC5TGXBjTejzNjbc8xEiduVDLqZvoUGz6Xzbp,Helius,2190,2190
722RdWmHC5TGXBjTejzNjbc8xEiduVDLqZvoUGz6Xzbp,Jito,673,673
722RdWmHC5TGXBjTejzNjbc8xEiduVDLqZvoUGz6Xzbp,Moon,3,3
722RdWmHC5TGXBjTejzNjbc8xEiduVDLqZvoUGz6Xzbp,Nextblock,306,306
722RdWmHC5TGXBjTejzNjbc8xEiduVDLqZvoUGz6Xzbp,NodeOne,879,879
722RdWmHC5TGXBjTejzNjbc8xEiduVDLqZvoUGz6Xzbp,Soyas,56,56
722RdWmHC5TGXBjTejzNjbc8xEiduVDLqZvoUGz6Xzbp,Stellium,1043,1043
722RdWmHC5TGXBjTejzNjbc8xEiduVDLqZvoUGz6Xzbp,Temporal,662,662
722RdWmHC5TGXBjTejzNjbc8xEiduVDLqZvoUGz6Xzbp,blockRazor,38,38
722RdWmHC5TGXBjTejzNjbc8xEiduVDLqZvoUGz6Xzbp,blockrazor,137,137
722RdWmHC5TGXBjTejzNjbc8xEiduVDLqZvoUGz6Xzbp,blocksprint,616,616
722RdWmHC5TGXBjTejzNjbc8xEiduVDLqZvoUGz6Xzbp,bloxroute,264,264
722RdWmHC5TGXBjTejzNjbc8xEiduVDLqZvoUGz6Xzbp,landX,1884,1884
722RdWmHC5TGXBjTejzNjbc8xEiduVDLqZvoUGz6Xzbp,stellium,3166,3166
73hojLdq1vZDSxeVQEqVFJ4iwLngdvEJPEpEHkSdv6BZ,(none),611,0
73hojLdq1vZDSxeVQEqVFJ4iwLngdvEJPEpEHkSdv6BZ,0slot,82,82
73hojLdq1vZDSxeVQEqVFJ4iwLngdvEJPEpEHkSdv6BZ,AstraLane,179,179
73hojLdq1vZDSxeVQEqVFJ4iwLngdvEJPEpEHkSdv6BZ,BloxRoute,2,2
73hojLdq1vZDSxeVQEqVFJ4iwLngdvEJPEpEHkSdv6BZ,Falcon,246,246
73hojLdq1vZDSxeVQEqVFJ4iwLngdvEJPEpEHkSdv6BZ,Flashblock,1,1
73hojLdq1vZDSxeVQEqVFJ4iwLngdvEJPEpEHkSdv6BZ,Helius,301,301
73hojLdq1vZDSxeVQEqVFJ4iwLngdvEJPEpEHkSdv6BZ,Jito,62,62
73hojLdq1vZDSxeVQEqVFJ4iwLngdvEJPEpEHkSdv6BZ,Moon,1,1
73hojLdq1vZDSxeVQEqVFJ4iwLngdvEJPEpEHkSdv6BZ,Nextblock,37,37
73hojLdq1vZDSxeVQEqVFJ4iwLngdvEJPEpEHkSdv6BZ,NodeOne,135,135
73hojLdq1vZDSxeVQEqVFJ4iwLngdvEJPEpEHkSdv6BZ,Soyas,4,4
73hojLdq1vZDSxeVQEqVFJ4iwLngdvEJPEpEHkSdv6BZ,Stellium,130,130
73hojLdq1vZDSxeVQEqVFJ4iwLngdvEJPEpEHkSdv6BZ,Temporal,97,97
73hojLdq1vZDSxeVQEqVFJ4iwLngdvEJPEpEHkSdv6BZ,blockRazor,3,3
73hojLdq1vZDSxeVQEqVFJ4iwLngdvEJPEpEHkSdv6BZ,blockrazor,21,21
73hojLdq1vZDSxeVQEqVFJ4iwLngdvEJPEpEHkSdv6BZ,blocksprint,70,70
73hojLdq1vZDSxeVQEqVFJ4iwLngdvEJPEpEHkSdv6BZ,bloxroute,136,136
73hojLdq1vZDSxeVQEqVFJ4iwLngdvEJPEpEHkSdv6BZ,landX,200,200
73hojLdq1vZDSxeVQEqVFJ4iwLngdvEJPEpEHkSdv6BZ,stellium,391,391
74Xkp2iLXm315h69sFRiCFjmKnaWkMV8W2LgJwPRSgN5,(none),947,0
74Xkp2iLXm315h69sFRiCFjmKnaWkMV8W2LgJwPRSgN5,0slot,59,59
74Xkp2iLXm315h69sFRiCFjmKnaWkMV8W2LgJwPRSgN5,AstraLane,108,108
74Xkp2iLXm315h69sFRiCFjmKnaWkMV8W2LgJwPRSgN5,BloxRoute,5,5
74Xkp2iLXm315h69sFRiCFjmKnaWkMV8W2LgJwPRSgN5,Falcon,182,182
74Xkp2iLXm315h69sFRiCFjmKnaWkMV8W2LgJwPRSgN5,Flashblock,2,2
74Xkp2iLXm315h69sFRiCFjmKnaWkMV8W2LgJwPRSgN5,Helius,234,234
74Xkp2iLXm315h69sFRiCFjmKnaWkMV8W2LgJwPRSgN5,Jito,68,68
74Xkp2iLXm315h69sFRiCFjmKnaWkMV8W2LgJwPRSgN5,Nextblock,35,35
74Xkp2iLXm315h69sFRiCFjmKnaWkMV8W2LgJwPRSgN5,NodeOne,89,89
74Xkp2iLXm315h69sFRiCFjmKnaWkMV8W2LgJwPRSgN5,Soyas,5,5
74Xkp2iLXm315h69sFRiCFjmKnaWkMV8W2LgJwPRSgN5,Stellium,105,105
74Xkp2iLXm315h69sFRiCFjmKnaWkMV8W2LgJwPRSgN5,Temporal,58,58
74Xkp2iLXm315h69sFRiCFjmKnaWkMV8W2LgJwPRSgN5,blockRazor,6,6
74Xkp2iLXm315h69sFRiCFjmKnaWkMV8W2LgJwPRSgN5,blockrazor,19,19
74Xkp2iLXm315h69sFRiCFjmKnaWkMV8W2LgJwPRSgN5,blocksprint,58,58
74Xkp2iLXm315h69sFRiCFjmKnaWkMV8W2LgJwPRSgN5,bloxroute,36,35
74Xkp2iLXm315h69sFRiCFjmKnaWkMV8W2LgJwPRSgN5,landX,237,237
74Xkp2iLXm315h69sFRiCFjmKnaWkMV8W2LgJwPRSgN5,stellium,360,360
76rcGHdPvgs8G1XrzCXUTWtwgT59AFDvpB4VbTS2TBBJ,(none),12571,0
76rcGHdPvgs8G1XrzCXUTWtwgT59AFDvpB4VbTS2TBBJ,0slot,1023,1023
76rcGHdPvgs8G1XrzCXUTWtwgT59AFDvpB4VbTS2TBBJ,AstraLane,1500,1500
76rcGHdPvgs8G1XrzCXUTWtwgT59AFDvpB4VbTS2TBBJ,Astralane,1,1
76rcGHdPvgs8G1XrzCXUTWtwgT59AFDvpB4VbTS2TBBJ,BloxRoute,24,24
76rcGHdPvgs8G1XrzCXUTWtwgT59AFDvpB4VbTS2TBBJ,Falcon,3174,3174
76rcGHdPvgs8G1XrzCXUTWtwgT59AFDvpB4VbTS2TBBJ,Flashblock,15,15
76rcGHdPvgs8G1XrzCXUTWtwgT59AFDvpB4VbTS2TBBJ,Helius,4462,4462
76rcGHdPvgs8G1XrzCXUTWtwgT59AFDvpB4VbTS2TBBJ,Jito,1338,1338
76rcGHdPvgs8G1XrzCXUTWtwgT59AFDvpB4VbTS2TBBJ,Moon,6,6
76rcGHdPvgs8G1XrzCXUTWtwgT59AFDvpB4VbTS2TBBJ,Nextblock,588,588
76rcGHdPvgs8G1XrzCXUTWtwgT59AFDvpB4VbTS2TBBJ,NodeOne,1618,1618
76rcGHdPvgs8G1XrzCXUTWtwgT59AFDvpB4VbTS2TBBJ,Soyas,148,148
76rcGHdPvgs8G1XrzCXUTWtwgT59AFDvpB4VbTS2TBBJ,Stellium,1979,1979
76rcGHdPvgs8G1XrzCXUTWtwgT59AFDvpB4VbTS2TBBJ,Temporal,1388,1386
76rcGHdPvgs8G1XrzCXUTWtwgT59AFDvpB4VbTS2TBBJ,blockRazor,66,66
76rcGHdPvgs8G1XrzCXUTWtwgT59AFDvpB4VbTS2TBBJ,blockrazor,305,305
76rcGHdPvgs8G1XrzCXUTWtwgT59AFDvpB4VbTS2TBBJ,blocksprint,1285,1285
76rcGHdPvgs8G1XrzCXUTWtwgT59AFDvpB4VbTS2TBBJ,bloxroute,857,856
76rcGHdPvgs8G1XrzCXUTWtwgT59AFDvpB4VbTS2TBBJ,landX,3466,3466
76rcGHdPvgs8G1XrzCXUTWtwgT59AFDvpB4VbTS2TBBJ,stellium,5860,5860
777idJ8gG2cZXjc5Wvcq7RBtkvcU1TJ8WoLQSHaU8nN2,(none),263,0
777idJ8gG2cZXjc5Wvcq7RBtkvcU1TJ8WoLQSHaU8nN2,0slot,30,30
777idJ8gG2cZXjc5Wvcq7RBtkvcU1TJ8WoLQSHaU8nN2,AstraLane,36,36
777idJ8gG2cZXjc5Wvcq7RBtkvcU1TJ8WoLQSHaU8nN2,BloxRoute,1,1
777idJ8gG2cZXjc5Wvcq7RBtkvcU1TJ8WoLQSHaU8nN2,Falcon,63,63
777idJ8gG2cZXjc5Wvcq7RBtkvcU1TJ8WoLQSHaU8nN2,Flashblock,2,2
777idJ8gG2cZXjc5Wvcq7RBtkvcU1TJ8WoLQSHaU8nN2,Helius,98,98
777idJ8gG2cZXjc5Wvcq7RBtkvcU1TJ8WoLQSHaU8nN2,Jito,19,19
777idJ8gG2cZXjc5Wvcq7RBtkvcU1TJ8WoLQSHaU8nN2,Nextblock,14,14
777idJ8gG2cZXjc5Wvcq7RBtkvcU1TJ8WoLQSHaU8nN2,NodeOne,76,76
777idJ8gG2cZXjc5Wvcq7RBtkvcU1TJ8WoLQSHaU8nN2,Soyas,4,4
777idJ8gG2cZXjc5Wvcq7RBtkvcU1TJ8WoLQSHaU8nN2,Stellium,40,40
777idJ8gG2cZXjc5Wvcq7RBtkvcU1TJ8WoLQSHaU8nN2,Temporal,24,24
777idJ8gG2cZXjc5Wvcq7RBtkvcU1TJ8WoLQSHaU8nN2,blockRazor,2,2
777idJ8gG2cZXjc5Wvcq7RBtkvcU1TJ8WoLQSHaU8nN2,blockrazor,6,6
777idJ8gG2cZXjc5Wvcq7RBtkvcU1TJ8WoLQSHaU8nN2,blocksprint,36,36
777idJ8gG2cZXjc5Wvcq7RBtkvcU1TJ8WoLQSHaU8nN2,bloxroute,13,13
777idJ8gG2cZXjc5Wvcq7RBtkvcU1TJ8WoLQSHaU8nN2,landX,58,58
777idJ8gG2cZXjc5Wvcq7RBtkvcU1TJ8WoLQSHaU8nN2,stellium,118,118
78sEMVmeecStjxWU7XMJMH8bMRBW9vSiEAhAjtZbt3fW,(none),22,0
78sEMVmeecStjxWU7XMJMH8bMRBW9vSiEAhAjtZbt3fW,0slot,6,6
78sEMVmeecStjxWU7XMJMH8bMRBW9vSiEAhAjtZbt3fW,AstraLane,1,1
78sEMVmeecStjxWU7XMJMH8bMRBW9vSiEAhAjtZbt3fW,Helius,1,1
78sEMVmeecStjxWU7XMJMH8bMRBW9vSiEAhAjtZbt3fW,Jito,5,5
78sEMVmeecStjxWU7XMJMH8bMRBW9vSiEAhAjtZbt3fW,NodeOne,1,1
78sEMVmeecStjxWU7XMJMH8bMRBW9vSiEAhAjtZbt3fW,Stellium,1,1
7CR3Jq4ny2tsr3DX3DvyjoU8TYs776MGkU6nLMWjAqCT,(none),2546,0
7CR3Jq4ny2tsr3DX3DvyjoU8TYs776MGkU6nLMWjAqCT,0slot,197,197
7CR3Jq4ny2tsr3DX3DvyjoU8TYs776MGkU6nLMWjAqCT,AstraLane,241,241
7CR3Jq4ny2tsr3DX3DvyjoU8TYs776MGkU6nLMWjAqCT,BloxRoute,6,6
7CR3Jq4ny2tsr3DX3DvyjoU8TYs776MGkU6nLMWjAqCT,Falcon,563,563
7CR3Jq4ny2tsr3DX3DvyjoU8TYs776MGkU6nLMWjAqCT,Flashblock,4,4
7CR3Jq4ny2tsr3DX3DvyjoU8TYs776MGkU6nLMWjAqCT,Helius,801,801
7CR3Jq4ny2tsr3DX3DvyjoU8TYs776MGkU6nLMWjAqCT,Jito,251,251
7CR3Jq4ny2tsr3DX3DvyjoU8TYs776MGkU6nLMWjAqCT,Nextblock,74,74
7CR3Jq4ny2tsr3DX3DvyjoU8TYs776MGkU6nLMWjAqCT,NodeOne,237,237
7CR3Jq4ny2tsr3DX3DvyjoU8TYs776MGkU6nLMWjAqCT,Soyas,18,18
7CR3Jq4ny2tsr3DX3DvyjoU8TYs776MGkU6nLMWjAqCT,Stellium,399,399
7CR3Jq4ny2tsr3DX3DvyjoU8TYs776MGkU6nLMWjAqCT,Temporal,270,270
7CR3Jq4ny2tsr3DX3DvyjoU8TYs776MGkU6nLMWjAqCT,blockRazor,10,10
7CR3Jq4ny2tsr3DX3DvyjoU8TYs776MGkU6nLMWjAqCT,blockrazor,35,35
7CR3Jq4ny2tsr3DX3DvyjoU8TYs776MGkU6nLMWjAqCT,blocksprint,213,213
7CR3Jq4ny2tsr3DX3DvyjoU8TYs776MGkU6nLMWjAqCT,bloxroute,112,111
7CR3Jq4ny2tsr3DX3DvyjoU8TYs776MGkU6nLMWjAqCT,landX,753,753
7CR3Jq4ny2tsr3DX3DvyjoU8TYs776MGkU6nLMWjAqCT,stellium,1289,1289
7CR6whiYULVf1Knj4J5PxUS37opdk8UAx2WnDzBQKiVe,(none),417,0
7CR6whiYULVf1Knj4J5PxUS37opdk8UAx2WnDzBQKiVe,0slot,46,46
7CR6whiYULVf1Knj4J5PxUS37opdk8UAx2WnDzBQKiVe,AstraLane,53,53
7CR6whiYULVf1Knj4J5PxUS37opdk8UAx2WnDzBQKiVe,BloxRoute,2,2
7CR6whiYULVf1Knj4J5PxUS37opdk8UAx2WnDzBQKiVe,Falcon,81,81
7CR6whiYULVf1Knj4J5PxUS37opdk8UAx2WnDzBQKiVe,Flashblock,1,1
7CR6whiYULVf1Knj4J5PxUS37opdk8UAx2WnDzBQKiVe,Helius,162,162
7CR6whiYULVf1Knj4J5PxUS37opdk8UAx2WnDzBQKiVe,Jito,49,49
7CR6whiYULVf1Knj4J5PxUS37opdk8UAx2WnDzBQKiVe,Nextblock,19,19
7CR6whiYULVf1Knj4J5PxUS37opdk8UAx2WnDzBQKiVe,NodeOne,39,39
7CR6whiYULVf1Knj4J5PxUS37opdk8UAx2WnDzBQKiVe,Soyas,6,6
7CR6whiYULVf1Knj4J5PxUS37opdk8UAx2WnDzBQKiVe,Stellium,74,74
7CR6whiYULVf1Knj4J5PxUS37opdk8UAx2WnDzBQKiVe,Temporal,66,66
7CR6whiYULVf1Knj4J5PxUS37opdk8UAx2WnDzBQKiVe,blockRazor,2,2
7CR6whiYULVf1Knj4J5PxUS37opdk8UAx2WnDzBQKiVe,blockrazor,9,9
7CR6whiYULVf1Knj4J5PxUS37opdk8UAx2WnDzBQKiVe,blocksprint,42,42
7CR6whiYULVf1Knj4J5PxUS37opdk8UAx2WnDzBQKiVe,bloxroute,8,8
7CR6whiYULVf1Knj4J5PxUS37opdk8UAx2WnDzBQKiVe,landX,154,154
7CR6whiYULVf1Knj4J5PxUS37opdk8UAx2WnDzBQKiVe,stellium,275,275
7EzbSahSfSjeRexHcNDLDpzHBAGBLjLKtjbmuoQnEtjE,(none),3681,0
7EzbSahSfSjeRexHcNDLDpzHBAGBLjLKtjbmuoQnEtjE,0slot,344,344
7EzbSahSfSjeRexHcNDLDpzHBAGBLjLKtjbmuoQnEtjE,AstraLane,616,616
7EzbSahSfSjeRexHcNDLDpzHBAGBLjLKtjbmuoQnEtjE,BloxRoute,10,10
7EzbSahSfSjeRexHcNDLDpzHBAGBLjLKtjbmuoQnEtjE,Falcon,823,823
7EzbSahSfSjeRexHcNDLDpzHBAGBLjLKtjbmuoQnEtjE,Flashblock,8,8
7EzbSahSfSjeRexHcNDLDpzHBAGBLjLKtjbmuoQnEtjE,Helius,1505,1505
7EzbSahSfSjeRexHcNDLDpzHBAGBLjLKtjbmuoQnEtjE,Jito,335,335
7EzbSahSfSjeRexHcNDLDpzHBAGBLjLKtjbmuoQnEtjE,Moon,3,3
7EzbSahSfSjeRexHcNDLDpzHBAGBLjLKtjbmuoQnEtjE,Nextblock,204,204
7EzbSahSfSjeRexHcNDLDpzHBAGBLjLKtjbmuoQnEtjE,NodeOne,240,240
7EzbSahSfSjeRexHcNDLDpzHBAGBLjLKtjbmuoQnEtjE,Soyas,45,45
7EzbSahSfSjeRexHcNDLDpzHBAGBLjLKtjbmuoQnEtjE,Stellium,703,703
7EzbSahSfSjeRexHcNDLDpzHBAGBLjLKtjbmuoQnEtjE,Temporal,428,428
7EzbSahSfSjeRexHcNDLDpzHBAGBLjLKtjbmuoQnEtjE,blockRazor,23,23
7EzbSahSfSjeRexHcNDLDpzHBAGBLjLKtjbmuoQnEtjE,blockrazor,93,93
7EzbSahSfSjeRexHcNDLDpzHBAGBLjLKtjbmuoQnEtjE,blocksprint,423,423
7EzbSahSfSjeRexHcNDLDpzHBAGBLjLKtjbmuoQnEtjE,bloxroute,425,425
7EzbSahSfSjeRexHcNDLDpzHBAGBLjLKtjbmuoQnEtjE,landX,1172,1172
7EzbSahSfSjeRexHcNDLDpzHBAGBLjLKtjbmuoQnEtjE,stellium,2099,2099
7G4RfctwLLgqG4ZWfCirU8dfJd87mKQWgB4EHQRv8i7v,(none),277,0
7G4RfctwLLgqG4ZWfCirU8dfJd87mKQWgB4EHQRv8i7v,0slot,28,28
7G4RfctwLLgqG4ZWfCirU8dfJd87mKQWgB4EHQRv8i7v,AstraLane,34,34
7G4RfctwLLgqG4ZWfCirU8dfJd87mKQWgB4EHQRv8i7v,Falcon,63,63
7G4RfctwLLgqG4ZWfCirU8dfJd87mKQWgB4EHQRv8i7v,Helius,101,101
7G4RfctwLLgqG4ZWfCirU8dfJd87mKQWgB4EHQRv8i7v,Jito,38,38
7G4RfctwLLgqG4ZWfCirU8dfJd87mKQWgB4EHQRv8i7v,Nextblock,8,8
7G4RfctwLLgqG4ZWfCirU8dfJd87mKQWgB4EHQRv8i7v,NodeOne,63,63
7G4RfctwLLgqG4ZWfCirU8dfJd87mKQWgB4EHQRv8i7v,Stellium,57,57
7G4RfctwLLgqG4ZWfCirU8dfJd87mKQWgB4EHQRv8i7v,Temporal,37,37
7G4RfctwLLgqG4ZWfCirU8dfJd87mKQWgB4EHQRv8i7v,blockrazor,5,5
7G4RfctwLLgqG4ZWfCirU8dfJd87mKQWgB4EHQRv8i7v,blocksprint,28,28
7G4RfctwLLgqG4ZWfCirU8dfJd87mKQWgB4EHQRv8i7v,bloxroute,22,22
7G4RfctwLLgqG4ZWfCirU8dfJd87mKQWgB4EHQRv8i7v,landX,75,75
7G4RfctwLLgqG4ZWfCirU8dfJd87mKQWgB4EHQRv8i7v,stellium,157,157
7GkMBmtrTZz8QbjSe1sXvAUtz7Pp42SQxfT5ymmJD4We,(none),2217,0
7GkMBmtrTZz8QbjSe1sXvAUtz7Pp42SQxfT5ymmJD4We,0slot,168,168
7GkMBmtrTZz8QbjSe1sXvAUtz7Pp42SQxfT5ymmJD4We,AstraLane,246,246
7GkMBmtrTZz8QbjSe1sXvAUtz7Pp42SQxfT5ymmJD4We,BloxRoute,3,3
7GkMBmtrTZz8QbjSe1sXvAUtz7Pp42SQxfT5ymmJD4We,Falcon,497,497
7GkMBmtrTZz8QbjSe1sXvAUtz7Pp42SQxfT5ymmJD4We,Helius,765,765
7GkMBmtrTZz8QbjSe1sXvAUtz7Pp42SQxfT5ymmJD4We,Jito,222,222
7GkMBmtrTZz8QbjSe1sXvAUtz7Pp42SQxfT5ymmJD4We,Moon,3,3
7GkMBmtrTZz8QbjSe1sXvAUtz7Pp42SQxfT5ymmJD4We,Nextblock,97,97
7GkMBmtrTZz8QbjSe1sXvAUtz7Pp42SQxfT5ymmJD4We,NodeOne,152,152
7GkMBmtrTZz8QbjSe1sXvAUtz7Pp42SQxfT5ymmJD4We,Soyas,25,25
7GkMBmtrTZz8QbjSe1sXvAUtz7Pp42SQxfT5ymmJD4We,Stellium,357,357
7GkMBmtrTZz8QbjSe1sXvAUtz7Pp42SQxfT5ymmJD4We,Temporal,226,226
7GkMBmtrTZz8QbjSe1sXvAUtz7Pp42SQxfT5ymmJD4We,blockRazor,8,8
7GkMBmtrTZz8QbjSe1sXvAUtz7Pp42SQxfT5ymmJD4We,blockrazor,54,54
7GkMBmtrTZz8QbjSe1sXvAUtz7Pp42SQxfT5ymmJD4We,blocksprint,196,196
7GkMBmtrTZz8QbjSe1sXvAUtz7Pp42SQxfT5ymmJD4We,bloxroute,100,100
7GkMBmtrTZz8QbjSe1sXvAUtz7Pp42SQxfT5ymmJD4We,landX,674,674
7GkMBmtrTZz8QbjSe1sXvAUtz7Pp42SQxfT5ymmJD4We,stellium,1059,1059
7HMHSdQkjDwz9Q5zAhEy83uzW3XHJchjdpMYapKXcKt5,(none),132,0
7HMHSdQkjDwz9Q5zAhEy83uzW3XHJchjdpMYapKXcKt5,0slot,14,14
7HMHSdQkjDwz9Q5zAhEy83uzW3XHJchjdpMYapKXcKt5,AstraLane,23,23
7HMHSdQkjDwz9Q5zAhEy83uzW3XHJchjdpMYapKXcKt5,Falcon,63,63
7HMHSdQkjDwz9Q5zAhEy83uzW3XHJchjdpMYapKXcKt5,Helius,39,39
7HMHSdQkjDwz9Q5zAhEy83uzW3XHJchjdpMYapKXcKt5,Jito,30,30
7HMHSdQkjDwz9Q5zAhEy83uzW3XHJchjdpMYapKXcKt5,Nextblock,8,8
7HMHSdQkjDwz9Q5zAhEy83uzW3XHJchjdpMYapKXcKt5,NodeOne,13,13
7HMHSdQkjDwz9Q5zAhEy83uzW3XHJchjdpMYapKXcKt5,Soyas,1,1
7HMHSdQkjDwz9Q5zAhEy83uzW3XHJchjdpMYapKXcKt5,Stellium,46,46
7HMHSdQkjDwz9Q5zAhEy83uzW3XHJchjdpMYapKXcKt5,Temporal,8,8
7HMHSdQkjDwz9Q5zAhEy83uzW3XHJchjdpMYapKXcKt5,blockRazor,1,1
7HMHSdQkjDwz9Q5zAhEy83uzW3XHJchjdpMYapKXcKt5,blockrazor,5,5
7HMHSdQkjDwz9Q5zAhEy83uzW3XHJchjdpMYapKXcKt5,blocksprint,16,16
7HMHSdQkjDwz9Q5zAhEy83uzW3XHJchjdpMYapKXcKt5,bloxroute,7,7
7HMHSdQkjDwz9Q5zAhEy83uzW3XHJchjdpMYapKXcKt5,landX,28,28
7HMHSdQkjDwz9Q5zAhEy83uzW3XHJchjdpMYapKXcKt5,stellium,90,90
7Hp1e6BrTBkbBN4wFiNmycPVPsjvyUUBL2tGhYEMT6gt,(none),85,0
7Hp1e6BrTBkbBN4wFiNmycPVPsjvyUUBL2tGhYEMT6gt,0slot,1,1
7Hp1e6BrTBkbBN4wFiNmycPVPsjvyUUBL2tGhYEMT6gt,AstraLane,11,11
7Hp1e6BrTBkbBN4wFiNmycPVPsjvyUUBL2tGhYEMT6gt,BloxRoute,1,1
7Hp1e6BrTBkbBN4wFiNmycPVPsjvyUUBL2tGhYEMT6gt,Falcon,2,2
7Hp1e6BrTBkbBN4wFiNmycPVPsjvyUUBL2tGhYEMT6gt,Helius,14,14
7Hp1e6BrTBkbBN4wFiNmycPVPsjvyUUBL2tGhYEMT6gt,Jito,9,9
7Hp1e6BrTBkbBN4wFiNmycPVPsjvyUUBL2tGhYEMT6gt,Nextblock,2,2
7Hp1e6BrTBkbBN4wFiNmycPVPsjvyUUBL2tGhYEMT6gt,NodeOne,2,2
7Hp1e6BrTBkbBN4wFiNmycPVPsjvyUUBL2tGhYEMT6gt,Soyas,2,2
7Hp1e6BrTBkbBN4wFiNmycPVPsjvyUUBL2tGhYEMT6gt,Temporal,9,9
7Hp1e6BrTBkbBN4wFiNmycPVPsjvyUUBL2tGhYEMT6gt,blocksprint,4,4
7Hp1e6BrTBkbBN4wFiNmycPVPsjvyUUBL2tGhYEMT6gt,bloxroute,2,2
7Hp1e6BrTBkbBN4wFiNmycPVPsjvyUUBL2tGhYEMT6gt,stellium,4,4
7MTjmteQHhthwwTZhUzsc2dP4NBvGNRqj8jzdqNxHFGE,(none),635,0
7MTjmteQHhthwwTZhUzsc2dP4NBvGNRqj8jzdqNxHFGE,0slot,91,91
7MTjmteQHhthwwTZhUzsc2dP4NBvGNRqj8jzdqNxHFGE,AstraLane,92,92
7MTjmteQHhthwwTZhUzsc2dP4NBvGNRqj8jzdqNxHFGE,Astralane,3,3
7MTjmteQHhthwwTZhUzsc2dP4NBvGNRqj8jzdqNxHFGE,Falcon,159,159
7MTjmteQHhthwwTZhUzsc2dP4NBvGNRqj8jzdqNxHFGE,Helius,215,215
7MTjmteQHhthwwTZhUzsc2dP4NBvGNRqj8jzdqNxHFGE,Jito,72,72
7MTjmteQHhthwwTZhUzsc2dP4NBvGNRqj8jzdqNxHFGE,Nextblock,21,21
7MTjmteQHhthwwTZhUzsc2dP4NBvGNRqj8jzdqNxHFGE,NodeOne,46,46
7MTjmteQHhthwwTZhUzsc2dP4NBvGNRqj8jzdqNxHFGE,Soyas,9,9
7MTjmteQHhthwwTZhUzsc2dP4NBvGNRqj8jzdqNxHFGE,Stellium,108,108
7MTjmteQHhthwwTZhUzsc2dP4NBvGNRqj8jzdqNxHFGE,Temporal,95,95
7MTjmteQHhthwwTZhUzsc2dP4NBvGNRqj8jzdqNxHFGE,blockRazor,1,1
7MTjmteQHhthwwTZhUzsc2dP4NBvGNRqj8jzdqNxHFGE,blockrazor,15,15
7MTjmteQHhthwwTZhUzsc2dP4NBvGNRqj8jzdqNxHFGE,blocksprint,53,53
7MTjmteQHhthwwTZhUzsc2dP4NBvGNRqj8jzdqNxHFGE,bloxroute,59,59
7MTjmteQHhthwwTZhUzsc2dP4NBvGNRqj8jzdqNxHFGE,landX,114,114
7MTjmteQHhthwwTZhUzsc2dP4NBvGNRqj8jzdqNxHFGE,stellium,251,251
7Nn8qBJey7vXtVFMNBbbuN8UkujU8Y6nWzbHVGuf49yV,(none),831,0
7Nn8qBJey7vXtVFMNBbbuN8UkujU8Y6nWzbHVGuf49yV,0slot,102,102
7Nn8qBJey7vXtVFMNBbbuN8UkujU8Y6nWzbHVGuf49yV,AstraLane,107,107
7Nn8qBJey7vXtVFMNBbbuN8UkujU8Y6nWzbHVGuf49yV,Falcon,247,247
7Nn8qBJey7vXtVFMNBbbuN8UkujU8Y6nWzbHVGuf49yV,Flashblock,1,1
7Nn8qBJey7vXtVFMNBbbuN8UkujU8Y6nWzbHVGuf49yV,Helius,311,311
7Nn8qBJey7vXtVFMNBbbuN8UkujU8Y6nWzbHVGuf49yV,Jito,33,33
7Nn8qBJey7vXtVFMNBbbuN8UkujU8Y6nWzbHVGuf49yV,Moon,1,1
7Nn8qBJey7vXtVFMNBbbuN8UkujU8Y6nWzbHVGuf49yV,Nextblock,42,42
7Nn8qBJey7vXtVFMNBbbuN8UkujU8Y6nWzbHVGuf49yV,NodeOne,35,35
7Nn8qBJey7vXtVFMNBbbuN8UkujU8Y6nWzbHVGuf49yV,Soyas,8,8
7Nn8qBJey7vXtVFMNBbbuN8UkujU8Y6nWzbHVGuf49yV,Stellium,167,167
7Nn8qBJey7vXtVFMNBbbuN8UkujU8Y6nWzbHVGuf49yV,Temporal,123,123
7Nn8qBJey7vXtVFMNBbbuN8UkujU8Y6nWzbHVGuf49yV,blockRazor,5,5
7Nn8qBJey7vXtVFMNBbbuN8UkujU8Y6nWzbHVGuf49yV,blockrazor,28,28
7Nn8qBJey7vXtVFMNBbbuN8UkujU8Y6nWzbHVGuf49yV,blocksprint,105,105
7Nn8qBJey7vXtVFMNBbbuN8UkujU8Y6nWzbHVGuf49yV,bloxroute,29,29
7Nn8qBJey7vXtVFMNBbbuN8UkujU8Y6nWzbHVGuf49yV,landX,319,319
7Nn8qBJey7vXtVFMNBbbuN8UkujU8Y6nWzbHVGuf49yV,stellium,504,504
7Nu9ckgtjobZ3MkbadGFKEvRymYuah9HmcxiUJKMM9NB,(none),720,0
7Nu9ckgtjobZ3MkbadGFKEvRymYuah9HmcxiUJKMM9NB,0slot,43,43
7Nu9ckgtjobZ3MkbadGFKEvRymYuah9HmcxiUJKMM9NB,AstraLane,65,65
7Nu9ckgtjobZ3MkbadGFKEvRymYuah9HmcxiUJKMM9NB,BloxRoute,3,3
7Nu9ckgtjobZ3MkbadGFKEvRymYuah9HmcxiUJKMM9NB,Falcon,101,101
7Nu9ckgtjobZ3MkbadGFKEvRymYuah9HmcxiUJKMM9NB,Helius,203,203
7Nu9ckgtjobZ3MkbadGFKEvRymYuah9HmcxiUJKMM9NB,Jito,66,66
7Nu9ckgtjobZ3MkbadGFKEvRymYuah9HmcxiUJKMM9NB,Nextblock,28,28
7Nu9ckgtjobZ3MkbadGFKEvRymYuah9HmcxiUJKMM9NB,NodeOne,33,33
7Nu9ckgtjobZ3MkbadGFKEvRymYuah9HmcxiUJKMM9NB,Soyas,10,10
7Nu9ckgtjobZ3MkbadGFKEvRymYuah9HmcxiUJKMM9NB,Stellium,118,118
7Nu9ckgtjobZ3MkbadGFKEvRymYuah9HmcxiUJKMM9NB,Temporal,62,62
7Nu9ckgtjobZ3MkbadGFKEvRymYuah9HmcxiUJKMM9NB,blockRazor,4,4
7Nu9ckgtjobZ3MkbadGFKEvRymYuah9HmcxiUJKMM9NB,blockrazor,11,11
7Nu9ckgtjobZ3MkbadGFKEvRymYuah9HmcxiUJKMM9NB,blocksprint,46,46
7Nu9ckgtjobZ3MkbadGFKEvRymYuah9HmcxiUJKMM9NB,bloxroute,25,25
7Nu9ckgtjobZ3MkbadGFKEvRymYuah9HmcxiUJKMM9NB,landX,123,123
7Nu9ckgtjobZ3MkbadGFKEvRymYuah9HmcxiUJKMM9NB,stellium,290,290
7PdKhpKz7T39vZHFL1UfcYNDsLvay6hp4KPQq1aUckFf,(none),4011,0
7PdKhpKz7T39vZHFL1UfcYNDsLvay6hp4KPQq1aUckFf,0slot,348,348
7PdKhpKz7T39vZHFL1UfcYNDsLvay6hp4KPQq1aUckFf,AstraLane,488,488
7PdKhpKz7T39vZHFL1UfcYNDsLvay6hp4KPQq1aUckFf,Astralane,2,2
7PdKhpKz7T39vZHFL1UfcYNDsLvay6hp4KPQq1aUckFf,BloxRoute,8,8
7PdKhpKz7T39vZHFL1UfcYNDsLvay6hp4KPQq1aUckFf,Falcon,960,960
7PdKhpKz7T39vZHFL1UfcYNDsLvay6hp4KPQq1aUckFf,Flashblock,3,3
7PdKhpKz7T39vZHFL1UfcYNDsLvay6hp4KPQq1aUckFf,Helius,1449,1449
7PdKhpKz7T39vZHFL1UfcYNDsLvay6hp4KPQq1aUckFf,Jito,443,441
7PdKhpKz7T39vZHFL1UfcYNDsLvay6hp4KPQq1aUckFf,Moon,2,2
7PdKhpKz7T39vZHFL1UfcYNDsLvay6hp4KPQq1aUckFf,Nextblock,195,195
7PdKhpKz7T39vZHFL1UfcYNDsLvay6hp4KPQq1aUckFf,NodeOne,464,464
7PdKhpKz7T39vZHFL1UfcYNDsLvay6hp4KPQq1aUckFf,Soyas,51,51
7PdKhpKz7T39vZHFL1UfcYNDsLvay6hp4KPQq1aUckFf,Stellium,597,597
7PdKhpKz7T39vZHFL1UfcYNDsLvay6hp4KPQq1aUckFf,Temporal,481,481
7PdKhpKz7T39vZHFL1UfcYNDsLvay6hp4KPQq1aUckFf,blockRazor,20,20
7PdKhpKz7T39vZHFL1UfcYNDsLvay6hp4KPQq1aUckFf,blockrazor,96,96
7PdKhpKz7T39vZHFL1UfcYNDsLvay6hp4KPQq1aUckFf,blocksprint,427,427
7PdKhpKz7T39vZHFL1UfcYNDsLvay6hp4KPQq1aUckFf,bloxroute,212,212
7PdKhpKz7T39vZHFL1UfcYNDsLvay6hp4KPQq1aUckFf,landX,1523,1523
7PdKhpKz7T39vZHFL1UfcYNDsLvay6hp4KPQq1aUckFf,stellium,2271,2271
7PpXQgDb9eCHN1Uudgi77Wm89cRz4T85YgDw83qvaJXd,(none),436,0
7PpXQgDb9eCHN1Uudgi77Wm89cRz4T85YgDw83qvaJXd,0slot,25,25
7PpXQgDb9eCHN1Uudgi77Wm89cRz4T85YgDw83qvaJXd,AstraLane,48,48
7PpXQgDb9eCHN1Uudgi77Wm89cRz4T85YgDw83qvaJXd,BloxRoute,1,1
7PpXQgDb9eCHN1Uudgi77Wm89cRz4T85YgDw83qvaJXd,Falcon,69,69
7PpXQgDb9eCHN1Uudgi77Wm89cRz4T85YgDw83qvaJXd,Flashblock,1,1
7PpXQgDb9eCHN1Uudgi77Wm89cRz4T85YgDw83qvaJXd,Helius,161,161
7PpXQgDb9eCHN1Uudgi77Wm89cRz4T85YgDw83qvaJXd,Jito,57,57
7PpXQgDb9eCHN1Uudgi77Wm89cRz4T85YgDw83qvaJXd,Nextblock,31,31
7PpXQgDb9eCHN1Uudgi77Wm89cRz4T85YgDw83qvaJXd,NodeOne,32,32
7PpXQgDb9eCHN1Uudgi77Wm89cRz4T85YgDw83qvaJXd,Soyas,11,11
7PpXQgDb9eCHN1Uudgi77Wm89cRz4T85YgDw83qvaJXd,Stellium,60,60
7PpXQgDb9eCHN1Uudgi77Wm89cRz4T85YgDw83qvaJXd,Temporal,25,25
7PpXQgDb9eCHN1Uudgi77Wm89cRz4T85YgDw83qvaJXd,blockRazor,3,3
7PpXQgDb9eCHN1Uudgi77Wm89cRz4T85YgDw83qvaJXd,blockrazor,7,7
7PpXQgDb9eCHN1Uudgi77Wm89cRz4T85YgDw83qvaJXd,blocksprint,33,33
7PpXQgDb9eCHN1Uudgi77Wm89cRz4T85YgDw83qvaJXd,bloxroute,24,24
7PpXQgDb9eCHN1Uudgi77Wm89cRz4T85YgDw83qvaJXd,landX,118,118
7PpXQgDb9eCHN1Uudgi77Wm89cRz4T85YgDw83qvaJXd,stellium,146,146
7QQGNm3ptwinipDCyaCF7jY5katgmFUu1ieP2f7nwLpE,(none),9723,0
7QQGNm3ptwinipDCyaCF7jY5katgmFUu1ieP2f7nwLpE,0slot,865,865
7QQGNm3ptwinipDCyaCF7jY5katgmFUu1ieP2f7nwLpE,AstraLane,1394,1394
7QQGNm3ptwinipDCyaCF7jY5katgmFUu1ieP2f7nwLpE,Astralane,2,2
7QQGNm3ptwinipDCyaCF7jY5katgmFUu1ieP2f7nwLpE,BloxRoute,29,29
7QQGNm3ptwinipDCyaCF7jY5katgmFUu1ieP2f7nwLpE,Falcon,1948,1948
7QQGNm3ptwinipDCyaCF7jY5katgmFUu1ieP2f7nwLpE,Flashblock,18,18
7QQGNm3ptwinipDCyaCF7jY5katgmFUu1ieP2f7nwLpE,Helius,3321,3320
7QQGNm3ptwinipDCyaCF7jY5katgmFUu1ieP2f7nwLpE,Jito,231,231
7QQGNm3ptwinipDCyaCF7jY5katgmFUu1ieP2f7nwLpE,Moon,2,2
7QQGNm3ptwinipDCyaCF7jY5katgmFUu1ieP2f7nwLpE,Nextblock,504,504
7QQGNm3ptwinipDCyaCF7jY5katgmFUu1ieP2f7nwLpE,NodeOne,1275,1275
7QQGNm3ptwinipDCyaCF7jY5katgmFUu1ieP2f7nwLpE,Soyas,97,97
7QQGNm3ptwinipDCyaCF7jY5katgmFUu1ieP2f7nwLpE,Stellium,1636,1636
7QQGNm3ptwinipDCyaCF7jY5katgmFUu1ieP2f7nwLpE,Temporal,1225,1224
7QQGNm3ptwinipDCyaCF7jY5katgmFUu1ieP2f7nwLpE,blockRazor,75,75
7QQGNm3ptwinipDCyaCF7jY5katgmFUu1ieP2f7nwLpE,blockrazor,216,216
7QQGNm3ptwinipDCyaCF7jY5katgmFUu1ieP2f7nwLpE,blocksprint,894,894
7QQGNm3ptwinipDCyaCF7jY5katgmFUu1ieP2f7nwLpE,bloxroute,758,758
7QQGNm3ptwinipDCyaCF7jY5katgmFUu1ieP2f7nwLpE,landX,2959,2959
7QQGNm3ptwinipDCyaCF7jY5katgmFUu1ieP2f7nwLpE,stellium,4958,4958
7S22CYpfBRV1p8cTqWXFD4HwfqfNx3hAhfpdj8E2bYvJ,(none),1390,0
7S22CYpfBRV1p8cTqWXFD4HwfqfNx3hAhfpdj8E2bYvJ,0slot,153,153
7S22CYpfBRV1p8cTqWXFD4HwfqfNx3hAhfpdj8E2bYvJ,AstraLane,209,209
7S22CYpfBRV1p8cTqWXFD4HwfqfNx3hAhfpdj8E2bYvJ,BloxRoute,4,4
7S22CYpfBRV1p8cTqWXFD4HwfqfNx3hAhfpdj8E2bYvJ,Falcon,525,525
7S22CYpfBRV1p8cTqWXFD4HwfqfNx3hAhfpdj8E2bYvJ,Helius,528,528
7S22CYpfBRV1p8cTqWXFD4HwfqfNx3hAhfpdj8E2bYvJ,Jito,106,106
7S22CYpfBRV1p8cTqWXFD4HwfqfNx3hAhfpdj8E2bYvJ,Moon,1,1
7S22CYpfBRV1p8cTqWXFD4HwfqfNx3hAhfpdj8E2bYvJ,Nextblock,82,82
7S22CYpfBRV1p8cTqWXFD4HwfqfNx3hAhfpdj8E2bYvJ,NodeOne,369,369
7S22CYpfBRV1p8cTqWXFD4HwfqfNx3hAhfpdj8E2bYvJ,Soyas,20,20
7S22CYpfBRV1p8cTqWXFD4HwfqfNx3hAhfpdj8E2bYvJ,Stellium,269,269
7S22CYpfBRV1p8cTqWXFD4HwfqfNx3hAhfpdj8E2bYvJ,Temporal,128,128
7S22CYpfBRV1p8cTqWXFD4HwfqfNx3hAhfpdj8E2bYvJ,blockRazor,10,10
7S22CYpfBRV1p8cTqWXFD4HwfqfNx3hAhfpdj8E2bYvJ,blockrazor,36,36
7S22CYpfBRV1p8cTqWXFD4HwfqfNx3hAhfpdj8E2bYvJ,blocksprint,146,146
7S22CYpfBRV1p8cTqWXFD4HwfqfNx3hAhfpdj8E2bYvJ,bloxroute,121,121
7S22CYpfBRV1p8cTqWXFD4HwfqfNx3hAhfpdj8E2bYvJ,landX,558,558
7S22CYpfBRV1p8cTqWXFD4HwfqfNx3hAhfpdj8E2bYvJ,stellium,875,875
7VZM7YHcX73TpGoXDeBu61g4QKC86GwAEnew8dA7Y2xn,(none),890,0
7VZM7YHcX73TpGoXDeBu61g4QKC86GwAEnew8dA7Y2xn,0slot,74,74
7VZM7YHcX73TpGoXDeBu61g4QKC86GwAEnew8dA7Y2xn,AstraLane,73,73
7VZM7YHcX73TpGoXDeBu61g4QKC86GwAEnew8dA7Y2xn,Falcon,340,340
7VZM7YHcX73TpGoXDeBu61g4QKC86GwAEnew8dA7Y2xn,Helius,272,272
7VZM7YHcX73TpGoXDeBu61g4QKC86GwAEnew8dA7Y2xn,Jito,48,48
7VZM7YHcX73TpGoXDeBu61g4QKC86GwAEnew8dA7Y2xn,Nextblock,22,22
7VZM7YHcX73TpGoXDeBu61g4QKC86GwAEnew8dA7Y2xn,NodeOne,69,69
7VZM7YHcX73TpGoXDeBu61g4QKC86GwAEnew8dA7Y2xn,Soyas,9,9
7VZM7YHcX73TpGoXDeBu61g4QKC86GwAEnew8dA7Y2xn,Stellium,159,159
7VZM7YHcX73TpGoXDeBu61g4QKC86GwAEnew8dA7Y2xn,Temporal,119,119
7VZM7YHcX73TpGoXDeBu61g4QKC86GwAEnew8dA7Y2xn,blockRazor,6,6
7VZM7YHcX73TpGoXDeBu61g4QKC86GwAEnew8dA7Y2xn,blockrazor,13,13
7VZM7YHcX73TpGoXDeBu61g4QKC86GwAEnew8dA7Y2xn,blocksprint,90,90
7VZM7YHcX73TpGoXDeBu61g4QKC86GwAEnew8dA7Y2xn,bloxroute,38,38
7VZM7YHcX73TpGoXDeBu61g4QKC86GwAEnew8dA7Y2xn,landX,422,422
7VZM7YHcX73TpGoXDeBu61g4QKC86GwAEnew8dA7Y2xn,stellium,543,543
7ZjHeeYEesmBs4N6aDvCQimKdtJX2bs5boXpJmpG2bZJ,(none),112,0
7ZjHeeYEesmBs4N6aDvCQimKdtJX2bs5boXpJmpG2bZJ,0slot,4,4
7ZjHeeYEesmBs4N6aDvCQimKdtJX2bs5boXpJmpG2bZJ,AstraLane,7,7
7ZjHeeYEesmBs4N6aDvCQimKdtJX2bs5boXpJmpG2bZJ,BloxRoute,1,1
7ZjHeeYEesmBs4N6aDvCQimKdtJX2bs5boXpJmpG2bZJ,Falcon,15,15
7ZjHeeYEesmBs4N6aDvCQimKdtJX2bs5boXpJmpG2bZJ,Helius,23,23
7ZjHeeYEesmBs4N6aDvCQimKdtJX2bs5boXpJmpG2bZJ,Jito,17,17
7ZjHeeYEesmBs4N6aDvCQimKdtJX2bs5boXpJmpG2bZJ,Nextblock,2,2
7ZjHeeYEesmBs4N6aDvCQimKdtJX2bs5boXpJmpG2bZJ,NodeOne,4,4
7ZjHeeYEesmBs4N6aDvCQimKdtJX2bs5boXpJmpG2bZJ,Soyas,3,3
7ZjHeeYEesmBs4N6aDvCQimKdtJX2bs5boXpJmpG2bZJ,Stellium,10,10
7ZjHeeYEesmBs4N6aDvCQimKdtJX2bs5boXpJmpG2bZJ,Temporal,5,5
7ZjHeeYEesmBs4N6aDvCQimKdtJX2bs5boXpJmpG2bZJ,blockrazor,2,2
7ZjHeeYEesmBs4N6aDvCQimKdtJX2bs5boXpJmpG2bZJ,blocksprint,6,6
7ZjHeeYEesmBs4N6aDvCQimKdtJX2bs5boXpJmpG2bZJ,bloxroute,14,14
7ZjHeeYEesmBs4N6aDvCQimKdtJX2bs5boXpJmpG2bZJ,landX,30,30
7ZjHeeYEesmBs4N6aDvCQimKdtJX2bs5boXpJmpG2bZJ,stellium,41,41
7Zm1pE4FubFYZDyAQ5Labh3A4cxDcvve1s3WCRgEAZ84,(none),1414,0
7Zm1pE4FubFYZDyAQ5Labh3A4cxDcvve1s3WCRgEAZ84,0slot,149,149
7Zm1pE4FubFYZDyAQ5Labh3A4cxDcvve1s3WCRgEAZ84,AstraLane,198,198
7Zm1pE4FubFYZDyAQ5Labh3A4cxDcvve1s3WCRgEAZ84,Astralane,2,2
7Zm1pE4FubFYZDyAQ5Labh3A4cxDcvve1s3WCRgEAZ84,BloxRoute,3,3
7Zm1pE4FubFYZDyAQ5Labh3A4cxDcvve1s3WCRgEAZ84,Falcon,173,173
7Zm1pE4FubFYZDyAQ5Labh3A4cxDcvve1s3WCRgEAZ84,Flashblock,4,4
7Zm1pE4FubFYZDyAQ5Labh3A4cxDcvve1s3WCRgEAZ84,Helius,607,607
7Zm1pE4FubFYZDyAQ5Labh3A4cxDcvve1s3WCRgEAZ84,Jito,198,198
7Zm1pE4FubFYZDyAQ5Labh3A4cxDcvve1s3WCRgEAZ84,Moon,1,1
7Zm1pE4FubFYZDyAQ5Labh3A4cxDcvve1s3WCRgEAZ84,Nextblock,72,72
7Zm1pE4FubFYZDyAQ5Labh3A4cxDcvve1s3WCRgEAZ84,NodeOne,273,273
7Zm1pE4FubFYZDyAQ5Labh3A4cxDcvve1s3WCRgEAZ84,Soyas,14,14
7Zm1pE4FubFYZDyAQ5Labh3A4cxDcvve1s3WCRgEAZ84,Stellium,254,254
7Zm1pE4FubFYZDyAQ5Labh3A4cxDcvve1s3WCRgEAZ84,Temporal,212,212
7Zm1pE4FubFYZDyAQ5Labh3A4cxDcvve1s3WCRgEAZ84,blockRazor,6,6
7Zm1pE4FubFYZDyAQ5Labh3A4cxDcvve1s3WCRgEAZ84,blockrazor,37,37
7Zm1pE4FubFYZDyAQ5Labh3A4cxDcvve1s3WCRgEAZ84,blocksprint,124,124
7Zm1pE4FubFYZDyAQ5Labh3A4cxDcvve1s3WCRgEAZ84,bloxroute,105,105
7Zm1pE4FubFYZDyAQ5Labh3A4cxDcvve1s3WCRgEAZ84,landX,446,446
7Zm1pE4FubFYZDyAQ5Labh3A4cxDcvve1s3WCRgEAZ84,stellium,677,677
7cVfgArCheMR6Cs4t6vz5rfnqd56vZq4ndaBrY5xkxXy,(none),12358,0
7cVfgArCheMR6Cs4t6vz5rfnqd56vZq4ndaBrY5xkxXy,0slot,1124,1124
7cVfgArCheMR6Cs4t6vz5rfnqd56vZq4ndaBrY5xkxXy,AstraLane,1863,1863
7cVfgArCheMR6Cs4t6vz5rfnqd56vZq4ndaBrY5xkxXy,BloxRoute,25,25
7cVfgArCheMR6Cs4t6vz5rfnqd56vZq4ndaBrY5xkxXy,Falcon,3587,3587
7cVfgArCheMR6Cs4t6vz5rfnqd56vZq4ndaBrY5xkxXy,Flashblock,25,25
7cVfgArCheMR6Cs4t6vz5rfnqd56vZq4ndaBrY5xkxXy,Helius,4624,4622
7cVfgArCheMR6Cs4t6vz5rfnqd56vZq4ndaBrY5xkxXy,Jito,1617,1617
7cVfgArCheMR6Cs4t6vz5rfnqd56vZq4ndaBrY5xkxXy,Moon,3,3
7cVfgArCheMR6Cs4t6vz5rfnqd56vZq4ndaBrY5xkxXy,Nextblock,641,641
7cVfgArCheMR6Cs4t6vz5rfnqd56vZq4ndaBrY5xkxXy,NodeOne,1751,1751
7cVfgArCheMR6Cs4t6vz5rfnqd56vZq4ndaBrY5xkxXy,Soyas,153,153
7cVfgArCheMR6Cs4t6vz5rfnqd56vZq4ndaBrY5xkxXy,Stellium,2270,2270
7cVfgArCheMR6Cs4t6vz5rfnqd56vZq4ndaBrY5xkxXy,Temporal,1506,1505
7cVfgArCheMR6Cs4t6vz5rfnqd56vZq4ndaBrY5xkxXy,blockRazor,76,76
7cVfgArCheMR6Cs4t6vz5rfnqd56vZq4ndaBrY5xkxXy,blockrazor,334,334
7cVfgArCheMR6Cs4t6vz5rfnqd56vZq4ndaBrY5xkxXy,blocksprint,1320,1320
7cVfgArCheMR6Cs4t6vz5rfnqd56vZq4ndaBrY5xkxXy,bloxroute,1118,1118
7cVfgArCheMR6Cs4t6vz5rfnqd56vZq4ndaBrY5xkxXy,landX,3788,3788
7cVfgArCheMR6Cs4t6vz5rfnqd56vZq4ndaBrY5xkxXy,stellium,6741,6741
7d7x84jiVtqpz9NK88ocLmu4L15uhdnzMEDmo8Py8oVi,(none),59,0
7d7x84jiVtqpz9NK88ocLmu4L15uhdnzMEDmo8Py8oVi,0slot,4,4
7d7x84jiVtqpz9NK88ocLmu4L15uhdnzMEDmo8Py8oVi,AstraLane,11,11
7d7x84jiVtqpz9NK88ocLmu4L15uhdnzMEDmo8Py8oVi,Falcon,27,27
7d7x84jiVtqpz9NK88ocLmu4L15uhdnzMEDmo8Py8oVi,Helius,12,12
7d7x84jiVtqpz9NK88ocLmu4L15uhdnzMEDmo8Py8oVi,Jito,11,11
7d7x84jiVtqpz9NK88ocLmu4L15uhdnzMEDmo8Py8oVi,Nextblock,3,3
7d7x84jiVtqpz9NK88ocLmu4L15uhdnzMEDmo8Py8oVi,NodeOne,15,15
7d7x84jiVtqpz9NK88ocLmu4L15uhdnzMEDmo8Py8oVi,Soyas,2,2
7d7x84jiVtqpz9NK88ocLmu4L15uhdnzMEDmo8Py8oVi,Stellium,11,11
7d7x84jiVtqpz9NK88ocLmu4L15uhdnzMEDmo8Py8oVi,Temporal,9,9
7d7x84jiVtqpz9NK88ocLmu4L15uhdnzMEDmo8Py8oVi,blockrazor,3,3
7d7x84jiVtqpz9NK88ocLmu4L15uhdnzMEDmo8Py8oVi,blocksprint,3,3
7d7x84jiVtqpz9NK88ocLmu4L15uhdnzMEDmo8Py8oVi,bloxroute,15,15
7d7x84jiVtqpz9NK88ocLmu4L15uhdnzMEDmo8Py8oVi,landX,37,37
7d7x84jiVtqpz9NK88ocLmu4L15uhdnzMEDmo8Py8oVi,stellium,45,45
7knvB4bbqHCKuNp3ef2hJWdwqoH6WAUi55NQt6LdRfkx,(none),229,0
7knvB4bbqHCKuNp3ef2hJWdwqoH6WAUi55NQt6LdRfkx,0slot,34,34
7knvB4bbqHCKuNp3ef2hJWdwqoH6WAUi55NQt6LdRfkx,AstraLane,26,26
7knvB4bbqHCKuNp3ef2hJWdwqoH6WAUi55NQt6LdRfkx,Falcon,29,29
7knvB4bbqHCKuNp3ef2hJWdwqoH6WAUi55NQt6LdRfkx,Flashblock,2,2
7knvB4bbqHCKuNp3ef2hJWdwqoH6WAUi55NQt6LdRfkx,Helius,106,106
7knvB4bbqHCKuNp3ef2hJWdwqoH6WAUi55NQt6LdRfkx,Jito,25,25
7knvB4bbqHCKuNp3ef2hJWdwqoH6WAUi55NQt6LdRfkx,Nextblock,6,6
7knvB4bbqHCKuNp3ef2hJWdwqoH6WAUi55NQt6LdRfkx,NodeOne,24,24
7knvB4bbqHCKuNp3ef2hJWdwqoH6WAUi55NQt6LdRfkx,Stellium,52,52
7knvB4bbqHCKuNp3ef2hJWdwqoH6WAUi55NQt6LdRfkx,Temporal,28,28
7knvB4bbqHCKuNp3ef2hJWdwqoH6WAUi55NQt6LdRfkx,blockrazor,6,6
7knvB4bbqHCKuNp3ef2hJWdwqoH6WAUi55NQt6LdRfkx,blocksprint,22,22
7knvB4bbqHCKuNp3ef2hJWdwqoH6WAUi55NQt6LdRfkx,bloxroute,1,1
7knvB4bbqHCKuNp3ef2hJWdwqoH6WAUi55NQt6LdRfkx,landX,24,24
7knvB4bbqHCKuNp3ef2hJWdwqoH6WAUi55NQt6LdRfkx,stellium,112,112
7mF8NZJdREuM1uwYcvKffuY9QJBEoHhNp4hZ4NS2fuXW,(none),1028,0
7mF8NZJdREuM1uwYcvKffuY9QJBEoHhNp4hZ4NS2fuXW,0slot,66,66
7mF8NZJdREuM1uwYcvKffuY9QJBEoHhNp4hZ4NS2fuXW,AstraLane,171,171
7mF8NZJdREuM1uwYcvKffuY9QJBEoHhNp4hZ4NS2fuXW,BloxRoute,3,3
7mF8NZJdREuM1uwYcvKffuY9QJBEoHhNp4hZ4NS2fuXW,Falcon,307,307
7mF8NZJdREuM1uwYcvKffuY9QJBEoHhNp4hZ4NS2fuXW,Helius,391,391
7mF8NZJdREuM1uwYcvKffuY9QJBEoHhNp4hZ4NS2fuXW,Jito,75,74
7mF8NZJdREuM1uwYcvKffuY9QJBEoHhNp4hZ4NS2fuXW,Nextblock,57,57
7mF8NZJdREuM1uwYcvKffuY9QJBEoHhNp4hZ4NS2fuXW,NodeOne,99,99
7mF8NZJdREuM1uwYcvKffuY9QJBEoHhNp4hZ4NS2fuXW,Soyas,8,8
7mF8NZJdREuM1uwYcvKffuY9QJBEoHhNp4hZ4NS2fuXW,Stellium,199,199
7mF8NZJdREuM1uwYcvKffuY9QJBEoHhNp4hZ4NS2fuXW,Temporal,88,88
7mF8NZJdREuM1uwYcvKffuY9QJBEoHhNp4hZ4NS2fuXW,blockRazor,7,7
7mF8NZJdREuM1uwYcvKffuY9QJBEoHhNp4hZ4NS2fuXW,blockrazor,28,28
7mF8NZJdREuM1uwYcvKffuY9QJBEoHhNp4hZ4NS2fuXW,blocksprint,100,100
7mF8NZJdREuM1uwYcvKffuY9QJBEoHhNp4hZ4NS2fuXW,bloxroute,141,141
7mF8NZJdREuM1uwYcvKffuY9QJBEoHhNp4hZ4NS2fuXW,landX,329,329
7mF8NZJdREuM1uwYcvKffuY9QJBEoHhNp4hZ4NS2fuXW,stellium,553,553
7nzTzRZzezmugqE5ZjHRMxarhXunpwZ2PUdjV7uYzt7A,(none),770,0
7nzTzRZzezmugqE5ZjHRMxarhXunpwZ2PUdjV7uYzt7A,0slot,79,79
7nzTzRZzezmugqE5ZjHRMxarhXunpwZ2PUdjV7uYzt7A,AstraLane,94,94
7nzTzRZzezmugqE5ZjHRMxarhXunpwZ2PUdjV7uYzt7A,BloxRoute,2,2
7nzTzRZzezmugqE5ZjHRMxarhXunpwZ2PUdjV7uYzt7A,Falcon,104,104
7nzTzRZzezmugqE5ZjHRMxarhXunpwZ2PUdjV7uYzt7A,Helius,233,233
7nzTzRZzezmugqE5ZjHRMxarhXunpwZ2PUdjV7uYzt7A,Jito,92,92
7nzTzRZzezmugqE5ZjHRMxarhXunpwZ2PUdjV7uYzt7A,Moon,1,1
7nzTzRZzezmugqE5ZjHRMxarhXunpwZ2PUdjV7uYzt7A,Nextblock,31,31
7nzTzRZzezmugqE5ZjHRMxarhXunpwZ2PUdjV7uYzt7A,NodeOne,84,84
7nzTzRZzezmugqE5ZjHRMxarhXunpwZ2PUdjV7uYzt7A,Soyas,4,4
7nzTzRZzezmugqE5ZjHRMxarhXunpwZ2PUdjV7uYzt7A,Stellium,105,105
7nzTzRZzezmugqE5ZjHRMxarhXunpwZ2PUdjV7uYzt7A,Temporal,71,71
7nzTzRZzezmugqE5ZjHRMxarhXunpwZ2PUdjV7uYzt7A,blockRazor,5,5
7nzTzRZzezmugqE5ZjHRMxarhXunpwZ2PUdjV7uYzt7A,blockrazor,17,17
7nzTzRZzezmugqE5ZjHRMxarhXunpwZ2PUdjV7uYzt7A,blocksprint,60,60
7nzTzRZzezmugqE5ZjHRMxarhXunpwZ2PUdjV7uYzt7A,bloxroute,49,49
7nzTzRZzezmugqE5ZjHRMxarhXunpwZ2PUdjV7uYzt7A,landX,133,133
7nzTzRZzezmugqE5ZjHRMxarhXunpwZ2PUdjV7uYzt7A,stellium,308,308
7pR7t5axFfkg2VZB1uAuFNUvpAeowq2v15J4gw5MmHTB,(none),182,0
7pR7t5axFfkg2VZB1uAuFNUvpAeowq2v15J4gw5MmHTB,0slot,11,11
7pR7t5axFfkg2VZB1uAuFNUvpAeowq2v15J4gw5MmHTB,AstraLane,22,22
7pR7t5axFfkg2VZB1uAuFNUvpAeowq2v15J4gw5MmHTB,BloxRoute,2,2
7pR7t5axFfkg2VZB1uAuFNUvpAeowq2v15J4gw5MmHTB,Falcon,35,35
7pR7t5axFfkg2VZB1uAuFNUvpAeowq2v15J4gw5MmHTB,Helius,58,58
7pR7t5axFfkg2VZB1uAuFNUvpAeowq2v15J4gw5MmHTB,Jito,14,14
7pR7t5axFfkg2VZB1uAuFNUvpAeowq2v15J4gw5MmHTB,Nextblock,10,10
7pR7t5axFfkg2VZB1uAuFNUvpAeowq2v15J4gw5MmHTB,NodeOne,73,73
7pR7t5axFfkg2VZB1uAuFNUvpAeowq2v15J4gw5MmHTB,Soyas,1,1
7pR7t5axFfkg2VZB1uAuFNUvpAeowq2v15J4gw5MmHTB,Stellium,31,31
7pR7t5axFfkg2VZB1uAuFNUvpAeowq2v15J4gw5MmHTB,Temporal,8,8
7pR7t5axFfkg2VZB1uAuFNUvpAeowq2v15J4gw5MmHTB,blockRazor,1,1
7pR7t5axFfkg2VZB1uAuFNUvpAeowq2v15J4gw5MmHTB,blockrazor,2,2
7pR7t5axFfkg2VZB1uAuFNUvpAeowq2v15J4gw5MmHTB,blocksprint,16,16
7pR7t5axFfkg2VZB1uAuFNUvpAeowq2v15J4gw5MmHTB,bloxroute,8,8
7pR7t5axFfkg2VZB1uAuFNUvpAeowq2v15J4gw5MmHTB,landX,73,73
7pR7t5axFfkg2VZB1uAuFNUvpAeowq2v15J4gw5MmHTB,stellium,81,81
7qGNnXKW1e3DsqEaSxwxMdBTFsrK73XtWTmkGitRyMQc,(none),7507,0
7qGNnXKW1e3DsqEaSxwxMdBTFsrK73XtWTmkGitRyMQc,0slot,690,690
7qGNnXKW1e3DsqEaSxwxMdBTFsrK73XtWTmkGitRyMQc,AstraLane,1149,1149
7qGNnXKW1e3DsqEaSxwxMdBTFsrK73XtWTmkGitRyMQc,Astralane,8,8
7qGNnXKW1e3DsqEaSxwxMdBTFsrK73XtWTmkGitRyMQc,BloxRoute,17,17
7qGNnXKW1e3DsqEaSxwxMdBTFsrK73XtWTmkGitRyMQc,Falcon,1574,1574
7qGNnXKW1e3DsqEaSxwxMdBTFsrK73XtWTmkGitRyMQc,Flashblock,20,20
7qGNnXKW1e3DsqEaSxwxMdBTFsrK73XtWTmkGitRyMQc,Helius,2869,2869
7qGNnXKW1e3DsqEaSxwxMdBTFsrK73XtWTmkGitRyMQc,Jito,978,978
7qGNnXKW1e3DsqEaSxwxMdBTFsrK73XtWTmkGitRyMQc,Moon,2,2
7qGNnXKW1e3DsqEaSxwxMdBTFsrK73XtWTmkGitRyMQc,Nextblock,384,384
7qGNnXKW1e3DsqEaSxwxMdBTFsrK73XtWTmkGitRyMQc,NodeOne,814,814
7qGNnXKW1e3DsqEaSxwxMdBTFsrK73XtWTmkGitRyMQc,Soyas,66,66
7qGNnXKW1e3DsqEaSxwxMdBTFsrK73XtWTmkGitRyMQc,Stellium,1226,1226
7qGNnXKW1e3DsqEaSxwxMdBTFsrK73XtWTmkGitRyMQc,Temporal,892,892
7qGNnXKW1e3DsqEaSxwxMdBTFsrK73XtWTmkGitRyMQc,blockRazor,44,44
7qGNnXKW1e3DsqEaSxwxMdBTFsrK73XtWTmkGitRyMQc,blockrazor,202,202
7qGNnXKW1e3DsqEaSxwxMdBTFsrK73XtWTmkGitRyMQc,blocksprint,801,801
7qGNnXKW1e3DsqEaSxwxMdBTFsrK73XtWTmkGitRyMQc,bloxroute,632,632
7qGNnXKW1e3DsqEaSxwxMdBTFsrK73XtWTmkGitRyMQc,landX,2119,2119
7qGNnXKW1e3DsqEaSxwxMdBTFsrK73XtWTmkGitRyMQc,stellium,3729,3729
7tqeaFKsg2K9xKnQWe61w71AtCZVMQvG4hbFAiFAngYw,(none),2173,0
7tqeaFKsg2K9xKnQWe61w71AtCZVMQvG4hbFAiFAngYw,0slot,231,231
7tqeaFKsg2K9xKnQWe61w71AtCZVMQvG4hbFAiFAngYw,AstraLane,221,221
7tqeaFKsg2K9xKnQWe61w71AtCZVMQvG4hbFAiFAngYw,BloxRoute,5,5
7tqeaFKsg2K9xKnQWe61w71AtCZVMQvG4hbFAiFAngYw,Falcon,476,476
7tqeaFKsg2K9xKnQWe61w71AtCZVMQvG4hbFAiFAngYw,Flashblock,8,8
7tqeaFKsg2K9xKnQWe61w71AtCZVMQvG4hbFAiFAngYw,Helius,803,802
7tqeaFKsg2K9xKnQWe61w71AtCZVMQvG4hbFAiFAngYw,Jito,240,240
7tqeaFKsg2K9xKnQWe61w71AtCZVMQvG4hbFAiFAngYw,Nextblock,95,95
7tqeaFKsg2K9xKnQWe61w71AtCZVMQvG4hbFAiFAngYw,NodeOne,164,164
7tqeaFKsg2K9xKnQWe61w71AtCZVMQvG4hbFAiFAngYw,Soyas,25,25
7tqeaFKsg2K9xKnQWe61w71AtCZVMQvG4hbFAiFAngYw,Stellium,349,349
7tqeaFKsg2K9xKnQWe61w71AtCZVMQvG4hbFAiFAngYw,Temporal,260,260
7tqeaFKsg2K9xKnQWe61w71AtCZVMQvG4hbFAiFAngYw,blockRazor,11,11
7tqeaFKsg2K9xKnQWe61w71AtCZVMQvG4hbFAiFAngYw,blockrazor,54,54
7tqeaFKsg2K9xKnQWe61w71AtCZVMQvG4hbFAiFAngYw,blocksprint,243,243
7tqeaFKsg2K9xKnQWe61w71AtCZVMQvG4hbFAiFAngYw,bloxroute,87,87
7tqeaFKsg2K9xKnQWe61w71AtCZVMQvG4hbFAiFAngYw,landX,686,686
7tqeaFKsg2K9xKnQWe61w71AtCZVMQvG4hbFAiFAngYw,stellium,1111,1111
7y5VhV4fkz6r4zUmH2UiwPjLwXzPL1PcV28or5NWkWRL,(none),8012,0
7y5VhV4fkz6r4zUmH2UiwPjLwXzPL1PcV28or5NWkWRL,0slot,713,713
7y5VhV4fkz6r4zUmH2UiwPjLwXzPL1PcV28or5NWkWRL,AstraLane,2176,2176
7y5VhV4fkz6r4zUmH2UiwPjLwXzPL1PcV28or5NWkWRL,Astralane,3,3
7y5VhV4fkz6r4zUmH2UiwPjLwXzPL1PcV28or5NWkWRL,BloxRoute,21,21
7y5VhV4fkz6r4zUmH2UiwPjLwXzPL1PcV28or5NWkWRL,Falcon,2063,2063
7y5VhV4fkz6r4zUmH2UiwPjLwXzPL1PcV28or5NWkWRL,Flashblock,2,2
7y5VhV4fkz6r4zUmH2UiwPjLwXzPL1PcV28or5NWkWRL,Helius,2668,2667
7y5VhV4fkz6r4zUmH2UiwPjLwXzPL1PcV28or5NWkWRL,Jito,883,883
7y5VhV4fkz6r4zUmH2UiwPjLwXzPL1PcV28or5NWkWRL,Moon,7,7
7y5VhV4fkz6r4zUmH2UiwPjLwXzPL1PcV28or5NWkWRL,Nextblock,398,398
7y5VhV4fkz6r4zUmH2UiwPjLwXzPL1PcV28or5NWkWRL,NodeOne,906,906
7y5VhV4fkz6r4zUmH2UiwPjLwXzPL1PcV28or5NWkWRL,Soyas,73,73
7y5VhV4fkz6r4zUmH2UiwPjLwXzPL1PcV28or5NWkWRL,Stellium,1290,1290
7y5VhV4fkz6r4zUmH2UiwPjLwXzPL1PcV28or5NWkWRL,Temporal,1085,1084
7y5VhV4fkz6r4zUmH2UiwPjLwXzPL1PcV28or5NWkWRL,blockRazor,48,48
7y5VhV4fkz6r4zUmH2UiwPjLwXzPL1PcV28or5NWkWRL,blockrazor,223,223
7y5VhV4fkz6r4zUmH2UiwPjLwXzPL1PcV28or5NWkWRL,blocksprint,853,853
7y5VhV4fkz6r4zUmH2UiwPjLwXzPL1PcV28or5NWkWRL,bloxroute,1341,1341
7y5VhV4fkz6r4zUmH2UiwPjLwXzPL1PcV28or5NWkWRL,landX,1726,1726
7y5VhV4fkz6r4zUmH2UiwPjLwXzPL1PcV28or5NWkWRL,stellium,3469,3469
7zAHbRxEQaNjKnQMjFm7j8LebHSGfzsQDdm2ZpUNPa7G,(none),43,0
7zAHbRxEQaNjKnQMjFm7j8LebHSGfzsQDdm2ZpUNPa7G,0slot,4,4
7zAHbRxEQaNjKnQMjFm7j8LebHSGfzsQDdm2ZpUNPa7G,AstraLane,3,3
7zAHbRxEQaNjKnQMjFm7j8LebHSGfzsQDdm2ZpUNPa7G,Falcon,1,1
7zAHbRxEQaNjKnQMjFm7j8LebHSGfzsQDdm2ZpUNPa7G,Helius,4,4
7zAHbRxEQaNjKnQMjFm7j8LebHSGfzsQDdm2ZpUNPa7G,Jito,16,16
7zAHbRxEQaNjKnQMjFm7j8LebHSGfzsQDdm2ZpUNPa7G,Nextblock,1,1
7zAHbRxEQaNjKnQMjFm7j8LebHSGfzsQDdm2ZpUNPa7G,Soyas,2,2
7zAHbRxEQaNjKnQMjFm7j8LebHSGfzsQDdm2ZpUNPa7G,Temporal,2,2
7zAHbRxEQaNjKnQMjFm7j8LebHSGfzsQDdm2ZpUNPa7G,blocksprint,3,3
7zAHbRxEQaNjKnQMjFm7j8LebHSGfzsQDdm2ZpUNPa7G,bloxroute,1,1
7zAHbRxEQaNjKnQMjFm7j8LebHSGfzsQDdm2ZpUNPa7G,stellium,2,2
84gC25fbFKYueR9WEfreUysk1n3ZFxLFDDjbyqeqGpoW,(none),5299,0
84gC25fbFKYueR9WEfreUysk1n3ZFxLFDDjbyqeqGpoW,0slot,369,369
84gC25fbFKYueR9WEfreUysk1n3ZFxLFDDjbyqeqGpoW,AstraLane,1928,1928
84gC25fbFKYueR9WEfreUysk1n3ZFxLFDDjbyqeqGpoW,Astralane,5,5
84gC25fbFKYueR9WEfreUysk1n3ZFxLFDDjbyqeqGpoW,BloxRoute,16,16
84gC25fbFKYueR9WEfreUysk1n3ZFxLFDDjbyqeqGpoW,Falcon,1413,1413
84gC25fbFKYueR9WEfreUysk1n3ZFxLFDDjbyqeqGpoW,Flashblock,11,11
84gC25fbFKYueR9WEfreUysk1n3ZFxLFDDjbyqeqGpoW,Helius,1805,1805
84gC25fbFKYueR9WEfreUysk1n3ZFxLFDDjbyqeqGpoW,Jito,854,854
84gC25fbFKYueR9WEfreUysk1n3ZFxLFDDjbyqeqGpoW,Moon,3,3
84gC25fbFKYueR9WEfreUysk1n3ZFxLFDDjbyqeqGpoW,Nextblock,231,231
84gC25fbFKYueR9WEfreUysk1n3ZFxLFDDjbyqeqGpoW,NodeOne,715,715
84gC25fbFKYueR9WEfreUysk1n3ZFxLFDDjbyqeqGpoW,Soyas,48,48
84gC25fbFKYueR9WEfreUysk1n3ZFxLFDDjbyqeqGpoW,Stellium,980,980
84gC25fbFKYueR9WEfreUysk1n3ZFxLFDDjbyqeqGpoW,Temporal,654,653
84gC25fbFKYueR9WEfreUysk1n3ZFxLFDDjbyqeqGpoW,blockRazor,27,27
84gC25fbFKYueR9WEfreUysk1n3ZFxLFDDjbyqeqGpoW,blockrazor,98,98
84gC25fbFKYueR9WEfreUysk1n3ZFxLFDDjbyqeqGpoW,blocksprint,468,468
84gC25fbFKYueR9WEfreUysk1n3ZFxLFDDjbyqeqGpoW,bloxroute,1684,1684
84gC25fbFKYueR9WEfreUysk1n3ZFxLFDDjbyqeqGpoW,landX,1005,1005
84gC25fbFKYueR9WEfreUysk1n3ZFxLFDDjbyqeqGpoW,stellium,2243,2243
8AkVj5aAtJ27tYXeq89cnSf68V43NarFHMx2iSDjZv7c,(none),660,0
8AkVj5aAtJ27tYXeq89cnSf68V43NarFHMx2iSDjZv7c,0slot,44,44
8AkVj5aAtJ27tYXeq89cnSf68V43NarFHMx2iSDjZv7c,AstraLane,67,67
8AkVj5aAtJ27tYXeq89cnSf68V43NarFHMx2iSDjZv7c,BloxRoute,1,1
8AkVj5aAtJ27tYXeq89cnSf68V43NarFHMx2iSDjZv7c,Falcon,238,238
8AkVj5aAtJ27tYXeq89cnSf68V43NarFHMx2iSDjZv7c,Helius,250,250
8AkVj5aAtJ27tYXeq89cnSf68V43NarFHMx2iSDjZv7c,Jito,83,83
8AkVj5aAtJ27tYXeq89cnSf68V43NarFHMx2iSDjZv7c,Nextblock,21,21
8AkVj5aAtJ27tYXeq89cnSf68V43NarFHMx2iSDjZv7c,NodeOne,45,45
8AkVj5aAtJ27tYXeq89cnSf68V43NarFHMx2iSDjZv7c,Soyas,4,4
8AkVj5aAtJ27tYXeq89cnSf68V43NarFHMx2iSDjZv7c,Stellium,147,147
8AkVj5aAtJ27tYXeq89cnSf68V43NarFHMx2iSDjZv7c,Temporal,98,98
8AkVj5aAtJ27tYXeq89cnSf68V43NarFHMx2iSDjZv7c,blockrazor,15,15
8AkVj5aAtJ27tYXeq89cnSf68V43NarFHMx2iSDjZv7c,blocksprint,66,66
8AkVj5aAtJ27tYXeq89cnSf68V43NarFHMx2iSDjZv7c,bloxroute,42,42
8AkVj5aAtJ27tYXeq89cnSf68V43NarFHMx2iSDjZv7c,landX,290,290
8AkVj5aAtJ27tYXeq89cnSf68V43NarFHMx2iSDjZv7c,stellium,400,400
8GLRbAstsabZuZUx73AoyfGi1FRCWSUhRgMugFyofEz7,(none),773,0
8GLRbAstsabZuZUx73AoyfGi1FRCWSUhRgMugFyofEz7,0slot,62,62
8GLRbAstsabZuZUx73AoyfGi1FRCWSUhRgMugFyofEz7,AstraLane,61,61
8GLRbAstsabZuZUx73AoyfGi1FRCWSUhRgMugFyofEz7,BloxRoute,2,2
8GLRbAstsabZuZUx73AoyfGi1FRCWSUhRgMugFyofEz7,Falcon,94,94
8GLRbAstsabZuZUx73AoyfGi1FRCWSUhRgMugFyofEz7,Flashblock,3,3
8GLRbAstsabZuZUx73AoyfGi1FRCWSUhRgMugFyofEz7,Helius,220,220
8GLRbAstsabZuZUx73AoyfGi1FRCWSUhRgMugFyofEz7,Jito,87,87
8GLRbAstsabZuZUx73AoyfGi1FRCWSUhRgMugFyofEz7,Nextblock,20,20
8GLRbAstsabZuZUx73AoyfGi1FRCWSUhRgMugFyofEz7,NodeOne,61,61
8GLRbAstsabZuZUx73AoyfGi1FRCWSUhRgMugFyofEz7,Soyas,7,7
8GLRbAstsabZuZUx73AoyfGi1FRCWSUhRgMugFyofEz7,Stellium,84,84
8GLRbAstsabZuZUx73AoyfGi1FRCWSUhRgMugFyofEz7,Temporal,63,63
8GLRbAstsabZuZUx73AoyfGi1FRCWSUhRgMugFyofEz7,blockRazor,3,3
8GLRbAstsabZuZUx73AoyfGi1FRCWSUhRgMugFyofEz7,blockrazor,15,15
8GLRbAstsabZuZUx73AoyfGi1FRCWSUhRgMugFyofEz7,blocksprint,42,42
8GLRbAstsabZuZUx73AoyfGi1FRCWSUhRgMugFyofEz7,bloxroute,13,13
8GLRbAstsabZuZUx73AoyfGi1FRCWSUhRgMugFyofEz7,landX,115,115
8GLRbAstsabZuZUx73AoyfGi1FRCWSUhRgMugFyofEz7,stellium,247,247
8Nvaxzif1NrdvxNkRetjT8xJvd33EHkKVrfL8EDkgaNy,(none),941,0
8Nvaxzif1NrdvxNkRetjT8xJvd33EHkKVrfL8EDkgaNy,0slot,91,91
8Nvaxzif1NrdvxNkRetjT8xJvd33EHkKVrfL8EDkgaNy,AstraLane,267,267
8Nvaxzif1NrdvxNkRetjT8xJvd33EHkKVrfL8EDkgaNy,BloxRoute,3,3
8Nvaxzif1NrdvxNkRetjT8xJvd33EHkKVrfL8EDkgaNy,Falcon,259,259
8Nvaxzif1NrdvxNkRetjT8xJvd33EHkKVrfL8EDkgaNy,Flashblock,4,4
8Nvaxzif1NrdvxNkRetjT8xJvd33EHkKVrfL8EDkgaNy,Helius,404,404
8Nvaxzif1NrdvxNkRetjT8xJvd33EHkKVrfL8EDkgaNy,Jito,92,92
8Nvaxzif1NrdvxNkRetjT8xJvd33EHkKVrfL8EDkgaNy,Nextblock,48,48
8Nvaxzif1NrdvxNkRetjT8xJvd33EHkKVrfL8EDkgaNy,NodeOne,72,72
8Nvaxzif1NrdvxNkRetjT8xJvd33EHkKVrfL8EDkgaNy,Soyas,7,7
8Nvaxzif1NrdvxNkRetjT8xJvd33EHkKVrfL8EDkgaNy,Stellium,183,183
8Nvaxzif1NrdvxNkRetjT8xJvd33EHkKVrfL8EDkgaNy,Temporal,116,115
8Nvaxzif1NrdvxNkRetjT8xJvd33EHkKVrfL8EDkgaNy,blockRazor,5,5
8Nvaxzif1NrdvxNkRetjT8xJvd33EHkKVrfL8EDkgaNy,blockrazor,29,29
8Nvaxzif1NrdvxNkRetjT8xJvd33EHkKVrfL8EDkgaNy,blocksprint,138,138
8Nvaxzif1NrdvxNkRetjT8xJvd33EHkKVrfL8EDkgaNy,bloxroute,170,170
8Nvaxzif1NrdvxNkRetjT8xJvd33EHkKVrfL8EDkgaNy,landX,175,175
8Nvaxzif1NrdvxNkRetjT8xJvd33EHkKVrfL8EDkgaNy,stellium,438,438
8T8AJfUCXwPFwEMmjca8gCRSktPrqbUBVa6ggNyhLhFJ,(none),276,0
8T8AJfUCXwPFwEMmjca8gCRSktPrqbUBVa6ggNyhLhFJ,0slot,15,15
8T8AJfUCXwPFwEMmjca8gCRSktPrqbUBVa6ggNyhLhFJ,AstraLane,71,71
8T8AJfUCXwPFwEMmjca8gCRSktPrqbUBVa6ggNyhLhFJ,BloxRoute,1,1
8T8AJfUCXwPFwEMmjca8gCRSktPrqbUBVa6ggNyhLhFJ,Falcon,114,114
8T8AJfUCXwPFwEMmjca8gCRSktPrqbUBVa6ggNyhLhFJ,Flashblock,1,1
8T8AJfUCXwPFwEMmjca8gCRSktPrqbUBVa6ggNyhLhFJ,Helius,113,113
8T8AJfUCXwPFwEMmjca8gCRSktPrqbUBVa6ggNyhLhFJ,Jito,34,34
8T8AJfUCXwPFwEMmjca8gCRSktPrqbUBVa6ggNyhLhFJ,Nextblock,17,17
8T8AJfUCXwPFwEMmjca8gCRSktPrqbUBVa6ggNyhLhFJ,NodeOne,18,18
8T8AJfUCXwPFwEMmjca8gCRSktPrqbUBVa6ggNyhLhFJ,Soyas,5,5
8T8AJfUCXwPFwEMmjca8gCRSktPrqbUBVa6ggNyhLhFJ,Stellium,85,85
8T8AJfUCXwPFwEMmjca8gCRSktPrqbUBVa6ggNyhLhFJ,Temporal,31,31
8T8AJfUCXwPFwEMmjca8gCRSktPrqbUBVa6ggNyhLhFJ,blockRazor,1,1
8T8AJfUCXwPFwEMmjca8gCRSktPrqbUBVa6ggNyhLhFJ,blockrazor,3,3
8T8AJfUCXwPFwEMmjca8gCRSktPrqbUBVa6ggNyhLhFJ,blocksprint,33,33
8T8AJfUCXwPFwEMmjca8gCRSktPrqbUBVa6ggNyhLhFJ,bloxroute,57,57
8T8AJfUCXwPFwEMmjca8gCRSktPrqbUBVa6ggNyhLhFJ,landX,40,40
8T8AJfUCXwPFwEMmjca8gCRSktPrqbUBVa6ggNyhLhFJ,stellium,154,154
8W8v28d1fBZE1fkaaHbowJM4hGZGnVHWNK1NyhUsob6Z,(none),890,0
8W8v28d1fBZE1fkaaHbowJM4hGZGnVHWNK1NyhUsob6Z,0slot,54,54
8W8v28d1fBZE1fkaaHbowJM4hGZGnVHWNK1NyhUsob6Z,AstraLane,70,70
8W8v28d1fBZE1fkaaHbowJM4hGZGnVHWNK1NyhUsob6Z,BloxRoute,1,1
8W8v28d1fBZE1fkaaHbowJM4hGZGnVHWNK1NyhUsob6Z,Falcon,112,112
8W8v28d1fBZE1fkaaHbowJM4hGZGnVHWNK1NyhUsob6Z,Helius,263,263
8W8v28d1fBZE1fkaaHbowJM4hGZGnVHWNK1NyhUsob6Z,Jito,80,80
8W8v28d1fBZE1fkaaHbowJM4hGZGnVHWNK1NyhUsob6Z,Moon,1,1
8W8v28d1fBZE1fkaaHbowJM4hGZGnVHWNK1NyhUsob6Z,Nextblock,18,18
8W8v28d1fBZE1fkaaHbowJM4hGZGnVHWNK1NyhUsob6Z,NodeOne,103,103
8W8v28d1fBZE1fkaaHbowJM4hGZGnVHWNK1NyhUsob6Z,Soyas,8,8
8W8v28d1fBZE1fkaaHbowJM4hGZGnVHWNK1NyhUsob6Z,Stellium,81,81
8W8v28d1fBZE1fkaaHbowJM4hGZGnVHWNK1NyhUsob6Z,Temporal,41,41
8W8v28d1fBZE1fkaaHbowJM4hGZGnVHWNK1NyhUsob6Z,blockRazor,6,6
8W8v28d1fBZE1fkaaHbowJM4hGZGnVHWNK1NyhUsob6Z,blockrazor,16,16
8W8v28d1fBZE1fkaaHbowJM4hGZGnVHWNK1NyhUsob6Z,blocksprint,59,59
8W8v28d1fBZE1fkaaHbowJM4hGZGnVHWNK1NyhUsob6Z,bloxroute,15,15
8W8v28d1fBZE1fkaaHbowJM4hGZGnVHWNK1NyhUsob6Z,landX,276,276
8W8v28d1fBZE1fkaaHbowJM4hGZGnVHWNK1NyhUsob6Z,stellium,342,342
8ZQg3K1V1Z2BVJkjmnxpi43WKhjPGXphzu5QmBkJibSP,(none),743,0
8ZQg3K1V1Z2BVJkjmnxpi43WKhjPGXphzu5QmBkJibSP,0slot,98,98
8ZQg3K1V1Z2BVJkjmnxpi43WKhjPGXphzu5QmBkJibSP,AstraLane,158,158
8ZQg3K1V1Z2BVJkjmnxpi43WKhjPGXphzu5QmBkJibSP,Astralane,3,3
8ZQg3K1V1Z2BVJkjmnxpi43WKhjPGXphzu5QmBkJibSP,BloxRoute,2,2
8ZQg3K1V1Z2BVJkjmnxpi43WKhjPGXphzu5QmBkJibSP,Falcon,51,51
8ZQg3K1V1Z2BVJkjmnxpi43WKhjPGXphzu5QmBkJibSP,Helius,432,432
8ZQg3K1V1Z2BVJkjmnxpi43WKhjPGXphzu5QmBkJibSP,Jito,119,119
8ZQg3K1V1Z2BVJkjmnxpi43WKhjPGXphzu5QmBkJibSP,Moon,1,1
8ZQg3K1V1Z2BVJkjmnxpi43WKhjPGXphzu5QmBkJibSP,Nextblock,39,39
8ZQg3K1V1Z2BVJkjmnxpi43WKhjPGXphzu5QmBkJibSP,NodeOne,103,103
8ZQg3K1V1Z2BVJkjmnxpi43WKhjPGXphzu5QmBkJibSP,Soyas,11,11
8ZQg3K1V1Z2BVJkjmnxpi43WKhjPGXphzu5QmBkJibSP,Stellium,135,135
8ZQg3K1V1Z2BVJkjmnxpi43WKhjPGXphzu5QmBkJibSP,Temporal,113,113
8ZQg3K1V1Z2BVJkjmnxpi43WKhjPGXphzu5QmBkJibSP,blockRazor,5,5
8ZQg3K1V1Z2BVJkjmnxpi43WKhjPGXphzu5QmBkJibSP,blockrazor,23,23
8ZQg3K1V1Z2BVJkjmnxpi43WKhjPGXphzu5QmBkJibSP,blocksprint,104,104
8ZQg3K1V1Z2BVJkjmnxpi43WKhjPGXphzu5QmBkJibSP,bloxroute,110,110
8ZQg3K1V1Z2BVJkjmnxpi43WKhjPGXphzu5QmBkJibSP,landX,320,320
8ZQg3K1V1Z2BVJkjmnxpi43WKhjPGXphzu5QmBkJibSP,stellium,498,498
8a4juhtQScHcXPAcqVF3otxLMqxZMDALcE3FEVGBnKu8,(none),209,0
8a4juhtQScHcXPAcqVF3otxLMqxZMDALcE3FEVGBnKu8,0slot,18,18
8a4juhtQScHcXPAcqVF3otxLMqxZMDALcE3FEVGBnKu8,AstraLane,8,8
8a4juhtQScHcXPAcqVF3otxLMqxZMDALcE3FEVGBnKu8,Falcon,2,2
8a4juhtQScHcXPAcqVF3otxLMqxZMDALcE3FEVGBnKu8,Helius,61,61
8a4juhtQScHcXPAcqVF3otxLMqxZMDALcE3FEVGBnKu8,Jito,62,62
8a4juhtQScHcXPAcqVF3otxLMqxZMDALcE3FEVGBnKu8,Moon,1,1
8a4juhtQScHcXPAcqVF3otxLMqxZMDALcE3FEVGBnKu8,Nextblock,1,1
8a4juhtQScHcXPAcqVF3otxLMqxZMDALcE3FEVGBnKu8,NodeOne,38,38
8a4juhtQScHcXPAcqVF3otxLMqxZMDALcE3FEVGBnKu8,Soyas,1,1
8a4juhtQScHcXPAcqVF3otxLMqxZMDALcE3FEVGBnKu8,Stellium,26,26
8a4juhtQScHcXPAcqVF3otxLMqxZMDALcE3FEVGBnKu8,Temporal,19,19
8a4juhtQScHcXPAcqVF3otxLMqxZMDALcE3FEVGBnKu8,blocksprint,5,5
8a4juhtQScHcXPAcqVF3otxLMqxZMDALcE3FEVGBnKu8,bloxroute,1,1
8a4juhtQScHcXPAcqVF3otxLMqxZMDALcE3FEVGBnKu8,landX,8,8
8a4juhtQScHcXPAcqVF3otxLMqxZMDALcE3FEVGBnKu8,stellium,31,31
8augxYLUge2iWmitQMwbcBL5VQEpsM6aJdRofhwpnzyw,(none),820,0
8augxYLUge2iWmitQMwbcBL5VQEpsM6aJdRofhwpnzyw,0slot,88,88
8augxYLUge2iWmitQMwbcBL5VQEpsM6aJdRofhwpnzyw,AstraLane,123,123
8augxYLUge2iWmitQMwbcBL5VQEpsM6aJdRofhwpnzyw,BloxRoute,2,2
8augxYLUge2iWmitQMwbcBL5VQEpsM6aJdRofhwpnzyw,Falcon,146,146
8augxYLUge2iWmitQMwbcBL5VQEpsM6aJdRofhwpnzyw,Flashblock,1,1
8augxYLUge2iWmitQMwbcBL5VQEpsM6aJdRofhwpnzyw,Helius,273,273
8augxYLUge2iWmitQMwbcBL5VQEpsM6aJdRofhwpnzyw,Jito,67,67
8augxYLUge2iWmitQMwbcBL5VQEpsM6aJdRofhwpnzyw,Nextblock,40,40
8augxYLUge2iWmitQMwbcBL5VQEpsM6aJdRofhwpnzyw,NodeOne,56,56
8augxYLUge2iWmitQMwbcBL5VQEpsM6aJdRofhwpnzyw,Soyas,8,8
8augxYLUge2iWmitQMwbcBL5VQEpsM6aJdRofhwpnzyw,Stellium,101,101
8augxYLUge2iWmitQMwbcBL5VQEpsM6aJdRofhwpnzyw,Temporal,78,78
8augxYLUge2iWmitQMwbcBL5VQEpsM6aJdRofhwpnzyw,blockRazor,7,7
8augxYLUge2iWmitQMwbcBL5VQEpsM6aJdRofhwpnzyw,blockrazor,17,17
8augxYLUge2iWmitQMwbcBL5VQEpsM6aJdRofhwpnzyw,blocksprint,57,57
8augxYLUge2iWmitQMwbcBL5VQEpsM6aJdRofhwpnzyw,bloxroute,12,12
8augxYLUge2iWmitQMwbcBL5VQEpsM6aJdRofhwpnzyw,landX,230,230
8augxYLUge2iWmitQMwbcBL5VQEpsM6aJdRofhwpnzyw,stellium,363,363
8aySXUFrqJz5kath6aVijrkBH8ZtxMWJGhYXwYBpKmHK,(none),623,0
8aySXUFrqJz5kath6aVijrkBH8ZtxMWJGhYXwYBpKmHK,0slot,66,66
8aySXUFrqJz5kath6aVijrkBH8ZtxMWJGhYXwYBpKmHK,AstraLane,82,82
8aySXUFrqJz5kath6aVijrkBH8ZtxMWJGhYXwYBpKmHK,Falcon,106,106
8aySXUFrqJz5kath6aVijrkBH8ZtxMWJGhYXwYBpKmHK,Flashblock,1,1
8aySXUFrqJz5kath6aVijrkBH8ZtxMWJGhYXwYBpKmHK,Helius,262,262
8aySXUFrqJz5kath6aVijrkBH8ZtxMWJGhYXwYBpKmHK,Jito,77,77
8aySXUFrqJz5kath6aVijrkBH8ZtxMWJGhYXwYBpKmHK,Nextblock,32,32
8aySXUFrqJz5kath6aVijrkBH8ZtxMWJGhYXwYBpKmHK,NodeOne,85,85
8aySXUFrqJz5kath6aVijrkBH8ZtxMWJGhYXwYBpKmHK,Soyas,5,5
8aySXUFrqJz5kath6aVijrkBH8ZtxMWJGhYXwYBpKmHK,Stellium,90,90
8aySXUFrqJz5kath6aVijrkBH8ZtxMWJGhYXwYBpKmHK,Temporal,92,92
8aySXUFrqJz5kath6aVijrkBH8ZtxMWJGhYXwYBpKmHK,blockRazor,2,2
8aySXUFrqJz5kath6aVijrkBH8ZtxMWJGhYXwYBpKmHK,blockrazor,21,21
8aySXUFrqJz5kath6aVijrkBH8ZtxMWJGhYXwYBpKmHK,blocksprint,56,56
8aySXUFrqJz5kath6aVijrkBH8ZtxMWJGhYXwYBpKmHK,bloxroute,36,36
8aySXUFrqJz5kath6aVijrkBH8ZtxMWJGhYXwYBpKmHK,landX,235,235
8aySXUFrqJz5kath6aVijrkBH8ZtxMWJGhYXwYBpKmHK,stellium,389,389
8cnksBVjDPspn3AvmxJd8JKUdh4uWDDXzDemPmDctaHi,(none),262,0
8cnksBVjDPspn3AvmxJd8JKUdh4uWDDXzDemPmDctaHi,0slot,27,27
8cnksBVjDPspn3AvmxJd8JKUdh4uWDDXzDemPmDctaHi,AstraLane,40,40
8cnksBVjDPspn3AvmxJd8JKUdh4uWDDXzDemPmDctaHi,BloxRoute,2,2
8cnksBVjDPspn3AvmxJd8JKUdh4uWDDXzDemPmDctaHi,Falcon,122,122
8cnksBVjDPspn3AvmxJd8JKUdh4uWDDXzDemPmDctaHi,Helius,96,96
8cnksBVjDPspn3AvmxJd8JKUdh4uWDDXzDemPmDctaHi,Jito,23,23
8cnksBVjDPspn3AvmxJd8JKUdh4uWDDXzDemPmDctaHi,Nextblock,21,21
8cnksBVjDPspn3AvmxJd8JKUdh4uWDDXzDemPmDctaHi,NodeOne,24,24
8cnksBVjDPspn3AvmxJd8JKUdh4uWDDXzDemPmDctaHi,Soyas,2,2
8cnksBVjDPspn3AvmxJd8JKUdh4uWDDXzDemPmDctaHi,Stellium,63,63
8cnksBVjDPspn3AvmxJd8JKUdh4uWDDXzDemPmDctaHi,Temporal,37,37
8cnksBVjDPspn3AvmxJd8JKUdh4uWDDXzDemPmDctaHi,blockRazor,1,1
8cnksBVjDPspn3AvmxJd8JKUdh4uWDDXzDemPmDctaHi,blockrazor,16,16
8cnksBVjDPspn3AvmxJd8JKUdh4uWDDXzDemPmDctaHi,blocksprint,34,34
8cnksBVjDPspn3AvmxJd8JKUdh4uWDDXzDemPmDctaHi,bloxroute,31,31
8cnksBVjDPspn3AvmxJd8JKUdh4uWDDXzDemPmDctaHi,landX,137,137
8cnksBVjDPspn3AvmxJd8JKUdh4uWDDXzDemPmDctaHi,stellium,253,253
8cqck84coxk8TGXYBD95QosKCEA6fKwXLevcEv3oGmu8,(none),958,0
8cqck84coxk8TGXYBD95QosKCEA6fKwXLevcEv3oGmu8,0slot,73,73
8cqck84coxk8TGXYBD95QosKCEA6fKwXLevcEv3oGmu8,AstraLane,152,152
8cqck84coxk8TGXYBD95QosKCEA6fKwXLevcEv3oGmu8,BloxRoute,4,4
8cqck84coxk8TGXYBD95QosKCEA6fKwXLevcEv3oGmu8,Falcon,73,73
8cqck84coxk8TGXYBD95QosKCEA6fKwXLevcEv3oGmu8,Helius,368,368
8cqck84coxk8TGXYBD95QosKCEA6fKwXLevcEv3oGmu8,Jito,131,131
8cqck84coxk8TGXYBD95QosKCEA6fKwXLevcEv3oGmu8,Moon,2,2
8cqck84coxk8TGXYBD95QosKCEA6fKwXLevcEv3oGmu8,Nextblock,57,57
8cqck84coxk8TGXYBD95QosKCEA6fKwXLevcEv3oGmu8,NodeOne,141,141
8cqck84coxk8TGXYBD95QosKCEA6fKwXLevcEv3oGmu8,Soyas,24,24
8cqck84coxk8TGXYBD95QosKCEA6fKwXLevcEv3oGmu8,Stellium,94,94
8cqck84coxk8TGXYBD95QosKCEA6fKwXLevcEv3oGmu8,Temporal,93,93
8cqck84coxk8TGXYBD95QosKCEA6fKwXLevcEv3oGmu8,blockRazor,5,5
8cqck84coxk8TGXYBD95QosKCEA6fKwXLevcEv3oGmu8,blockrazor,26,26
8cqck84coxk8TGXYBD95QosKCEA6fKwXLevcEv3oGmu8,blocksprint,59,59
8cqck84coxk8TGXYBD95QosKCEA6fKwXLevcEv3oGmu8,bloxroute,102,102
8cqck84coxk8TGXYBD95QosKCEA6fKwXLevcEv3oGmu8,landX,314,314
8cqck84coxk8TGXYBD95QosKCEA6fKwXLevcEv3oGmu8,stellium,389,389
8ebFZA8NPLBZD91CwsG1HWQsa2B5Ludgdyf5Hi3sYhhs,(none),770,0
8ebFZA8NPLBZD91CwsG1HWQsa2B5Ludgdyf5Hi3sYhhs,0slot,73,73
8ebFZA8NPLBZD91CwsG1HWQsa2B5Ludgdyf5Hi3sYhhs,AstraLane,106,106
8ebFZA8NPLBZD91CwsG1HWQsa2B5Ludgdyf5Hi3sYhhs,BloxRoute,3,3
8ebFZA8NPLBZD91CwsG1HWQsa2B5Ludgdyf5Hi3sYhhs,Falcon,226,226
8ebFZA8NPLBZD91CwsG1HWQsa2B5Ludgdyf5Hi3sYhhs,Flashblock,1,1
8ebFZA8NPLBZD91CwsG1HWQsa2B5Ludgdyf5Hi3sYhhs,Helius,266,266
8ebFZA8NPLBZD91CwsG1HWQsa2B5Ludgdyf5Hi3sYhhs,Jito,103,103
8ebFZA8NPLBZD91CwsG1HWQsa2B5Ludgdyf5Hi3sYhhs,Moon,1,1
8ebFZA8NPLBZD91CwsG1HWQsa2B5Ludgdyf5Hi3sYhhs,Nextblock,34,34
8ebFZA8NPLBZD91CwsG1HWQsa2B5Ludgdyf5Hi3sYhhs,NodeOne,230,230
8ebFZA8NPLBZD91CwsG1HWQsa2B5Ludgdyf5Hi3sYhhs,Soyas,4,4
8ebFZA8NPLBZD91CwsG1HWQsa2B5Ludgdyf5Hi3sYhhs,Stellium,137,137
8ebFZA8NPLBZD91CwsG1HWQsa2B5Ludgdyf5Hi3sYhhs,Temporal,92,92
8ebFZA8NPLBZD91CwsG1HWQsa2B5Ludgdyf5Hi3sYhhs,blockRazor,6,6
8ebFZA8NPLBZD91CwsG1HWQsa2B5Ludgdyf5Hi3sYhhs,blockrazor,15,15
8ebFZA8NPLBZD91CwsG1HWQsa2B5Ludgdyf5Hi3sYhhs,blocksprint,101,101
8ebFZA8NPLBZD91CwsG1HWQsa2B5Ludgdyf5Hi3sYhhs,bloxroute,78,78
8ebFZA8NPLBZD91CwsG1HWQsa2B5Ludgdyf5Hi3sYhhs,landX,250,250
8ebFZA8NPLBZD91CwsG1HWQsa2B5Ludgdyf5Hi3sYhhs,stellium,424,424
8hAYbagNt7CMBooFfqVJhBgLqLffpjXTWJMk8yybjJsN,(none),902,0
8hAYbagNt7CMBooFfqVJhBgLqLffpjXTWJMk8yybjJsN,0slot,47,47
8hAYbagNt7CMBooFfqVJhBgLqLffpjXTWJMk8yybjJsN,AstraLane,194,194
8hAYbagNt7CMBooFfqVJhBgLqLffpjXTWJMk8yybjJsN,BloxRoute,1,1
8hAYbagNt7CMBooFfqVJhBgLqLffpjXTWJMk8yybjJsN,Falcon,327,327
8hAYbagNt7CMBooFfqVJhBgLqLffpjXTWJMk8yybjJsN,Helius,291,291
8hAYbagNt7CMBooFfqVJhBgLqLffpjXTWJMk8yybjJsN,Jito,64,64
8hAYbagNt7CMBooFfqVJhBgLqLffpjXTWJMk8yybjJsN,Moon,1,1
8hAYbagNt7CMBooFfqVJhBgLqLffpjXTWJMk8yybjJsN,Nextblock,39,39
8hAYbagNt7CMBooFfqVJhBgLqLffpjXTWJMk8yybjJsN,NodeOne,57,57
8hAYbagNt7CMBooFfqVJhBgLqLffpjXTWJMk8yybjJsN,Soyas,8,8
8hAYbagNt7CMBooFfqVJhBgLqLffpjXTWJMk8yybjJsN,Stellium,196,196
8hAYbagNt7CMBooFfqVJhBgLqLffpjXTWJMk8yybjJsN,Temporal,167,167
8hAYbagNt7CMBooFfqVJhBgLqLffpjXTWJMk8yybjJsN,blockRazor,7,7
8hAYbagNt7CMBooFfqVJhBgLqLffpjXTWJMk8yybjJsN,blockrazor,18,18
8hAYbagNt7CMBooFfqVJhBgLqLffpjXTWJMk8yybjJsN,blocksprint,119,119
8hAYbagNt7CMBooFfqVJhBgLqLffpjXTWJMk8yybjJsN,bloxroute,157,157
8hAYbagNt7CMBooFfqVJhBgLqLffpjXTWJMk8yybjJsN,landX,412,412
8hAYbagNt7CMBooFfqVJhBgLqLffpjXTWJMk8yybjJsN,stellium,602,602
8nbE53mcKhy74HLiGZ1q5HRocwiCvgh49csSaHSdtukr,(none),683,0
8nbE53mcKhy74HLiGZ1q5HRocwiCvgh49csSaHSdtukr,0slot,44,44
8nbE53mcKhy74HLiGZ1q5HRocwiCvgh49csSaHSdtukr,AstraLane,107,107
8nbE53mcKhy74HLiGZ1q5HRocwiCvgh49csSaHSdtukr,BloxRoute,3,3
8nbE53mcKhy74HLiGZ1q5HRocwiCvgh49csSaHSdtukr,Falcon,149,149
8nbE53mcKhy74HLiGZ1q5HRocwiCvgh49csSaHSdtukr,Helius,300,300
8nbE53mcKhy74HLiGZ1q5HRocwiCvgh49csSaHSdtukr,Jito,38,38
8nbE53mcKhy74HLiGZ1q5HRocwiCvgh49csSaHSdtukr,Nextblock,40,40
8nbE53mcKhy74HLiGZ1q5HRocwiCvgh49csSaHSdtukr,NodeOne,127,127
8nbE53mcKhy74HLiGZ1q5HRocwiCvgh49csSaHSdtukr,Soyas,16,16
8nbE53mcKhy74HLiGZ1q5HRocwiCvgh49csSaHSdtukr,Stellium,129,129
8nbE53mcKhy74HLiGZ1q5HRocwiCvgh49csSaHSdtukr,Temporal,84,84
8nbE53mcKhy74HLiGZ1q5HRocwiCvgh49csSaHSdtukr,blockRazor,6,6
8nbE53mcKhy74HLiGZ1q5HRocwiCvgh49csSaHSdtukr,blockrazor,14,14
8nbE53mcKhy74HLiGZ1q5HRocwiCvgh49csSaHSdtukr,blocksprint,60,60
8nbE53mcKhy74HLiGZ1q5HRocwiCvgh49csSaHSdtukr,bloxroute,69,69
8nbE53mcKhy74HLiGZ1q5HRocwiCvgh49csSaHSdtukr,landX,228,228
8nbE53mcKhy74HLiGZ1q5HRocwiCvgh49csSaHSdtukr,stellium,390,390
8pyp3vfVPRziYdAYEyqkwytdBbdVbQmHqfQAVDcRV3w,(none),1039,0
8pyp3vfVPRziYdAYEyqkwytdBbdVbQmHqfQAVDcRV3w,0slot,62,62
8pyp3vfVPRziYdAYEyqkwytdBbdVbQmHqfQAVDcRV3w,AstraLane,92,92
8pyp3vfVPRziYdAYEyqkwytdBbdVbQmHqfQAVDcRV3w,BloxRoute,1,1
8pyp3vfVPRziYdAYEyqkwytdBbdVbQmHqfQAVDcRV3w,Falcon,161,161
8pyp3vfVPRziYdAYEyqkwytdBbdVbQmHqfQAVDcRV3w,Flashblock,3,3
8pyp3vfVPRziYdAYEyqkwytdBbdVbQmHqfQAVDcRV3w,Helius,383,383
8pyp3vfVPRziYdAYEyqkwytdBbdVbQmHqfQAVDcRV3w,Jito,100,100
8pyp3vfVPRziYdAYEyqkwytdBbdVbQmHqfQAVDcRV3w,Nextblock,37,37
8pyp3vfVPRziYdAYEyqkwytdBbdVbQmHqfQAVDcRV3w,NodeOne,129,129
8pyp3vfVPRziYdAYEyqkwytdBbdVbQmHqfQAVDcRV3w,Soyas,6,6
8pyp3vfVPRziYdAYEyqkwytdBbdVbQmHqfQAVDcRV3w,Stellium,103,103
8pyp3vfVPRziYdAYEyqkwytdBbdVbQmHqfQAVDcRV3w,Temporal,86,86
8pyp3vfVPRziYdAYEyqkwytdBbdVbQmHqfQAVDcRV3w,blockRazor,3,3
8pyp3vfVPRziYdAYEyqkwytdBbdVbQmHqfQAVDcRV3w,blockrazor,16,16
8pyp3vfVPRziYdAYEyqkwytdBbdVbQmHqfQAVDcRV3w,blocksprint,56,56
8pyp3vfVPRziYdAYEyqkwytdBbdVbQmHqfQAVDcRV3w,bloxroute,32,31
8pyp3vfVPRziYdAYEyqkwytdBbdVbQmHqfQAVDcRV3w,landX,259,259
8pyp3vfVPRziYdAYEyqkwytdBbdVbQmHqfQAVDcRV3w,stellium,370,370
8tjFeSApQ85ThoQXT28acfF2KUfQr3TvTdirSkzNnYC7,(none),3072,0
8tjFeSApQ85ThoQXT28acfF2KUfQr3TvTdirSkzNnYC7,0slot,372,372
8tjFeSApQ85ThoQXT28acfF2KUfQr3TvTdirSkzNnYC7,AstraLane,535,535
8tjFeSApQ85ThoQXT28acfF2KUfQr3TvTdirSkzNnYC7,BloxRoute,9,9
8tjFeSApQ85ThoQXT28acfF2KUfQr3TvTdirSkzNnYC7,Falcon,261,261
8tjFeSApQ85ThoQXT28acfF2KUfQr3TvTdirSkzNnYC7,Flashblock,2,2
8tjFeSApQ85ThoQXT28acfF2KUfQr3TvTdirSkzNnYC7,Helius,1774,1774
8tjFeSApQ85ThoQXT28acfF2KUfQr3TvTdirSkzNnYC7,Jito,710,710
8tjFeSApQ85ThoQXT28acfF2KUfQr3TvTdirSkzNnYC7,Moon,2,2
8tjFeSApQ85ThoQXT28acfF2KUfQr3TvTdirSkzNnYC7,Nextblock,176,176
8tjFeSApQ85ThoQXT28acfF2KUfQr3TvTdirSkzNnYC7,NodeOne,560,560
8tjFeSApQ85ThoQXT28acfF2KUfQr3TvTdirSkzNnYC7,Soyas,31,31
8tjFeSApQ85ThoQXT28acfF2KUfQr3TvTdirSkzNnYC7,Stellium,661,661
8tjFeSApQ85ThoQXT28acfF2KUfQr3TvTdirSkzNnYC7,Temporal,534,534
8tjFeSApQ85ThoQXT28acfF2KUfQr3TvTdirSkzNnYC7,blockRazor,18,18
8tjFeSApQ85ThoQXT28acfF2KUfQr3TvTdirSkzNnYC7,blockrazor,113,113
8tjFeSApQ85ThoQXT28acfF2KUfQr3TvTdirSkzNnYC7,blocksprint,310,310
8tjFeSApQ85ThoQXT28acfF2KUfQr3TvTdirSkzNnYC7,bloxroute,256,255
8tjFeSApQ85ThoQXT28acfF2KUfQr3TvTdirSkzNnYC7,landX,1479,1479
8tjFeSApQ85ThoQXT28acfF2KUfQr3TvTdirSkzNnYC7,stellium,2170,2170
8uJiHDJ1b7UDQ4KFsQGJXK9nUCkokdKRJymg1Wy9nxvM,(none),5004,0
8uJiHDJ1b7UDQ4KFsQGJXK9nUCkokdKRJymg1Wy9nxvM,0slot,388,388
8uJiHDJ1b7UDQ4KFsQGJXK9nUCkokdKRJymg1Wy9nxvM,AstraLane,671,671
8uJiHDJ1b7UDQ4KFsQGJXK9nUCkokdKRJymg1Wy9nxvM,Astralane,2,2
8uJiHDJ1b7UDQ4KFsQGJXK9nUCkokdKRJymg1Wy9nxvM,BloxRoute,13,13
8uJiHDJ1b7UDQ4KFsQGJXK9nUCkokdKRJymg1Wy9nxvM,Falcon,1105,1105
8uJiHDJ1b7UDQ4KFsQGJXK9nUCkokdKRJymg1Wy9nxvM,Flashblock,1,1
8uJiHDJ1b7UDQ4KFsQGJXK9nUCkokdKRJymg1Wy9nxvM,Helius,1758,1758
8uJiHDJ1b7UDQ4KFsQGJXK9nUCkokdKRJymg1Wy9nxvM,Jito,536,536
8uJiHDJ1b7UDQ4KFsQGJXK9nUCkokdKRJymg1Wy9nxvM,Nextblock,267,267
8uJiHDJ1b7UDQ4KFsQGJXK9nUCkokdKRJymg1Wy9nxvM,NodeOne,579,579
8uJiHDJ1b7UDQ4KFsQGJXK9nUCkokdKRJymg1Wy9nxvM,Soyas,48,48
8uJiHDJ1b7UDQ4KFsQGJXK9nUCkokdKRJymg1Wy9nxvM,Stellium,785,785
8uJiHDJ1b7UDQ4KFsQGJXK9nUCkokdKRJymg1Wy9nxvM,Temporal,543,543
8uJiHDJ1b7UDQ4KFsQGJXK9nUCkokdKRJymg1Wy9nxvM,blockRazor,37,37
8uJiHDJ1b7UDQ4KFsQGJXK9nUCkokdKRJymg1Wy9nxvM,blockrazor,98,98
8uJiHDJ1b7UDQ4KFsQGJXK9nUCkokdKRJymg1Wy9nxvM,blocksprint,502,502
8uJiHDJ1b7UDQ4KFsQGJXK9nUCkokdKRJymg1Wy9nxvM,bloxroute,172,172
8uJiHDJ1b7UDQ4KFsQGJXK9nUCkokdKRJymg1Wy9nxvM,landX,1554,1554
8uJiHDJ1b7UDQ4KFsQGJXK9nUCkokdKRJymg1Wy9nxvM,stellium,2519,2519
8uPW9msN75rfaKiwy8y8NxEX5zSk2WejtVv5YhZr3jCo,(none),688,0
8uPW9msN75rfaKiwy8y8NxEX5zSk2WejtVv5YhZr3jCo,0slot,51,51
8uPW9msN75rfaKiwy8y8NxEX5zSk2WejtVv5YhZr3jCo,AstraLane,73,73
8uPW9msN75rfaKiwy8y8NxEX5zSk2WejtVv5YhZr3jCo,Astralane,1,1
8uPW9msN75rfaKiwy8y8NxEX5zSk2WejtVv5YhZr3jCo,BloxRoute,3,3
8uPW9msN75rfaKiwy8y8NxEX5zSk2WejtVv5YhZr3jCo,Falcon,157,157
8uPW9msN75rfaKiwy8y8NxEX5zSk2WejtVv5YhZr3jCo,Helius,275,275
8uPW9msN75rfaKiwy8y8NxEX5zSk2WejtVv5YhZr3jCo,Jito,45,45
8uPW9msN75rfaKiwy8y8NxEX5zSk2WejtVv5YhZr3jCo,Moon,1,1
8uPW9msN75rfaKiwy8y8NxEX5zSk2WejtVv5YhZr3jCo,Nextblock,26,26
8uPW9msN75rfaKiwy8y8NxEX5zSk2WejtVv5YhZr3jCo,NodeOne,64,64
8uPW9msN75rfaKiwy8y8NxEX5zSk2WejtVv5YhZr3jCo,Soyas,13,13
8uPW9msN75rfaKiwy8y8NxEX5zSk2WejtVv5YhZr3jCo,Stellium,103,103
8uPW9msN75rfaKiwy8y8NxEX5zSk2WejtVv5YhZr3jCo,Temporal,70,70
8uPW9msN75rfaKiwy8y8NxEX5zSk2WejtVv5YhZr3jCo,blockRazor,6,6
8uPW9msN75rfaKiwy8y8NxEX5zSk2WejtVv5YhZr3jCo,blockrazor,14,14
8uPW9msN75rfaKiwy8y8NxEX5zSk2WejtVv5YhZr3jCo,blocksprint,190,190
8uPW9msN75rfaKiwy8y8NxEX5zSk2WejtVv5YhZr3jCo,bloxroute,57,57
8uPW9msN75rfaKiwy8y8NxEX5zSk2WejtVv5YhZr3jCo,landX,323,323
8uPW9msN75rfaKiwy8y8NxEX5zSk2WejtVv5YhZr3jCo,stellium,383,383
8vk6QpG93JSaQCSgnycBsv5qmfQBk4qC9FjNA35E5JhU,(none),1018,0
8vk6QpG93JSaQCSgnycBsv5qmfQBk4qC9FjNA35E5JhU,0slot,67,67
8vk6QpG93JSaQCSgnycBsv5qmfQBk4qC9FjNA35E5JhU,AstraLane,387,387
8vk6QpG93JSaQCSgnycBsv5qmfQBk4qC9FjNA35E5JhU,Astralane,2,2
8vk6QpG93JSaQCSgnycBsv5qmfQBk4qC9FjNA35E5JhU,BloxRoute,1,1
8vk6QpG93JSaQCSgnycBsv5qmfQBk4qC9FjNA35E5JhU,Falcon,227,227
8vk6QpG93JSaQCSgnycBsv5qmfQBk4qC9FjNA35E5JhU,Flashblock,2,2
8vk6QpG93JSaQCSgnycBsv5qmfQBk4qC9FjNA35E5JhU,Helius,338,338
8vk6QpG93JSaQCSgnycBsv5qmfQBk4qC9FjNA35E5JhU,Jito,123,123
8vk6QpG93JSaQCSgnycBsv5qmfQBk4qC9FjNA35E5JhU,Nextblock,47,47
8vk6QpG93JSaQCSgnycBsv5qmfQBk4qC9FjNA35E5JhU,NodeOne,84,84
8vk6QpG93JSaQCSgnycBsv5qmfQBk4qC9FjNA35E5JhU,Soyas,6,6
8vk6QpG93JSaQCSgnycBsv5qmfQBk4qC9FjNA35E5JhU,Stellium,166,166
8vk6QpG93JSaQCSgnycBsv5qmfQBk4qC9FjNA35E5JhU,Temporal,164,164
8vk6QpG93JSaQCSgnycBsv5qmfQBk4qC9FjNA35E5JhU,blockRazor,9,9
8vk6QpG93JSaQCSgnycBsv5qmfQBk4qC9FjNA35E5JhU,blockrazor,28,28
8vk6QpG93JSaQCSgnycBsv5qmfQBk4qC9FjNA35E5JhU,blocksprint,101,101
8vk6QpG93JSaQCSgnycBsv5qmfQBk4qC9FjNA35E5JhU,bloxroute,366,366
8vk6QpG93JSaQCSgnycBsv5qmfQBk4qC9FjNA35E5JhU,landX,95,95
8vk6QpG93JSaQCSgnycBsv5qmfQBk4qC9FjNA35E5JhU,stellium,353,353
8yjHdsCgx3bp2zEwGiWSMgwpFaCSzfYAHT1vk7KJBqhN,(none),942,0
8yjHdsCgx3bp2zEwGiWSMgwpFaCSzfYAHT1vk7KJBqhN,0slot,90,90
8yjHdsCgx3bp2zEwGiWSMgwpFaCSzfYAHT1vk7KJBqhN,AstraLane,87,87
8yjHdsCgx3bp2zEwGiWSMgwpFaCSzfYAHT1vk7KJBqhN,BloxRoute,2,2
8yjHdsCgx3bp2zEwGiWSMgwpFaCSzfYAHT1vk7KJBqhN,Falcon,241,241
8yjHdsCgx3bp2zEwGiWSMgwpFaCSzfYAHT1vk7KJBqhN,Helius,258,258
8yjHdsCgx3bp2zEwGiWSMgwpFaCSzfYAHT1vk7KJBqhN,Jito,144,143
8yjHdsCgx3bp2zEwGiWSMgwpFaCSzfYAHT1vk7KJBqhN,Moon,1,1
8yjHdsCgx3bp2zEwGiWSMgwpFaCSzfYAHT1vk7KJBqhN,Nextblock,30,30
8yjHdsCgx3bp2zEwGiWSMgwpFaCSzfYAHT1vk7KJBqhN,NodeOne,114,114
8yjHdsCgx3bp2zEwGiWSMgwpFaCSzfYAHT1vk7KJBqhN,Soyas,7,7
8yjHdsCgx3bp2zEwGiWSMgwpFaCSzfYAHT1vk7KJBqhN,Stellium,142,142
8yjHdsCgx3bp2zEwGiWSMgwpFaCSzfYAHT1vk7KJBqhN,Temporal,84,84
8yjHdsCgx3bp2zEwGiWSMgwpFaCSzfYAHT1vk7KJBqhN,blockRazor,4,4
8yjHdsCgx3bp2zEwGiWSMgwpFaCSzfYAHT1vk7KJBqhN,blockrazor,15,15
8yjHdsCgx3bp2zEwGiWSMgwpFaCSzfYAHT1vk7KJBqhN,blocksprint,74,74
8yjHdsCgx3bp2zEwGiWSMgwpFaCSzfYAHT1vk7KJBqhN,bloxroute,59,59
8yjHdsCgx3bp2zEwGiWSMgwpFaCSzfYAHT1vk7KJBqhN,landX,260,260
8yjHdsCgx3bp2zEwGiWSMgwpFaCSzfYAHT1vk7KJBqhN,stellium,368,368
91oPXTs2oq8VvJpQ5TnvXakFGnnJSpEB6HFWDtSctwMt,(none),1237,0
91oPXTs2oq8VvJpQ5TnvXakFGnnJSpEB6HFWDtSctwMt,0slot,121,121
91oPXTs2oq8VvJpQ5TnvXakFGnnJSpEB6HFWDtSctwMt,AstraLane,147,147
91oPXTs2oq8VvJpQ5TnvXakFGnnJSpEB6HFWDtSctwMt,BloxRoute,1,1
91oPXTs2oq8VvJpQ5TnvXakFGnnJSpEB6HFWDtSctwMt,Falcon,254,254
91oPXTs2oq8VvJpQ5TnvXakFGnnJSpEB6HFWDtSctwMt,Helius,355,355
91oPXTs2oq8VvJpQ5TnvXakFGnnJSpEB6HFWDtSctwMt,Jito,93,93
91oPXTs2oq8VvJpQ5TnvXakFGnnJSpEB6HFWDtSctwMt,Nextblock,52,52
91oPXTs2oq8VvJpQ5TnvXakFGnnJSpEB6HFWDtSctwMt,NodeOne,102,102
91oPXTs2oq8VvJpQ5TnvXakFGnnJSpEB6HFWDtSctwMt,Soyas,4,4
91oPXTs2oq8VvJpQ5TnvXakFGnnJSpEB6HFWDtSctwMt,Stellium,167,167
91oPXTs2oq8VvJpQ5TnvXakFGnnJSpEB6HFWDtSctwMt,Temporal,125,125
91oPXTs2oq8VvJpQ5TnvXakFGnnJSpEB6HFWDtSctwMt,blockRazor,4,4
91oPXTs2oq8VvJpQ5TnvXakFGnnJSpEB6HFWDtSctwMt,blockrazor,26,26
91oPXTs2oq8VvJpQ5TnvXakFGnnJSpEB6HFWDtSctwMt,blocksprint,140,140
91oPXTs2oq8VvJpQ5TnvXakFGnnJSpEB6HFWDtSctwMt,bloxroute,41,40
91oPXTs2oq8VvJpQ5TnvXakFGnnJSpEB6HFWDtSctwMt,landX,355,355
91oPXTs2oq8VvJpQ5TnvXakFGnnJSpEB6HFWDtSctwMt,stellium,586,586
93Q99nhdKjuSe6WNXgMBbC3s8QVQEAoHKt91PNRkUkMn,(none),754,0
93Q99nhdKjuSe6WNXgMBbC3s8QVQEAoHKt91PNRkUkMn,0slot,41,41
93Q99nhdKjuSe6WNXgMBbC3s8QVQEAoHKt91PNRkUkMn,AstraLane,92,92
93Q99nhdKjuSe6WNXgMBbC3s8QVQEAoHKt91PNRkUkMn,BloxRoute,1,1
93Q99nhdKjuSe6WNXgMBbC3s8QVQEAoHKt91PNRkUkMn,Falcon,125,125
93Q99nhdKjuSe6WNXgMBbC3s8QVQEAoHKt91PNRkUkMn,Helius,248,248
93Q99nhdKjuSe6WNXgMBbC3s8QVQEAoHKt91PNRkUkMn,Jito,66,66
93Q99nhdKjuSe6WNXgMBbC3s8QVQEAoHKt91PNRkUkMn,Nextblock,34,34
93Q99nhdKjuSe6WNXgMBbC3s8QVQEAoHKt91PNRkUkMn,NodeOne,45,45
93Q99nhdKjuSe6WNXgMBbC3s8QVQEAoHKt91PNRkUkMn,Soyas,4,4
93Q99nhdKjuSe6WNXgMBbC3s8QVQEAoHKt91PNRkUkMn,Stellium,92,92
93Q99nhdKjuSe6WNXgMBbC3s8QVQEAoHKt91PNRkUkMn,Temporal,63,63
93Q99nhdKjuSe6WNXgMBbC3s8QVQEAoHKt91PNRkUkMn,blockRazor,4,4
93Q99nhdKjuSe6WNXgMBbC3s8QVQEAoHKt91PNRkUkMn,blockrazor,12,12
93Q99nhdKjuSe6WNXgMBbC3s8QVQEAoHKt91PNRkUkMn,blocksprint,80,80
93Q99nhdKjuSe6WNXgMBbC3s8QVQEAoHKt91PNRkUkMn,bloxroute,33,33
93Q99nhdKjuSe6WNXgMBbC3s8QVQEAoHKt91PNRkUkMn,landX,264,264
93Q99nhdKjuSe6WNXgMBbC3s8QVQEAoHKt91PNRkUkMn,stellium,355,355
96XWbKem84optM8RLHhc8EYJQG8CCWA8F6oqWMPHDweN,(none),56,0
96XWbKem84optM8RLHhc8EYJQG8CCWA8F6oqWMPHDweN,0slot,8,8
96XWbKem84optM8RLHhc8EYJQG8CCWA8F6oqWMPHDweN,AstraLane,4,4
96XWbKem84optM8RLHhc8EYJQG8CCWA8F6oqWMPHDweN,Helius,3,3
96XWbKem84optM8RLHhc8EYJQG8CCWA8F6oqWMPHDweN,Jito,6,6
96XWbKem84optM8RLHhc8EYJQG8CCWA8F6oqWMPHDweN,Moon,1,1
96XWbKem84optM8RLHhc8EYJQG8CCWA8F6oqWMPHDweN,Nextblock,1,1
96XWbKem84optM8RLHhc8EYJQG8CCWA8F6oqWMPHDweN,NodeOne,1,1
96XWbKem84optM8RLHhc8EYJQG8CCWA8F6oqWMPHDweN,Soyas,1,1
96XWbKem84optM8RLHhc8EYJQG8CCWA8F6oqWMPHDweN,Temporal,1,1
96XWbKem84optM8RLHhc8EYJQG8CCWA8F6oqWMPHDweN,blockrazor,1,1
96XWbKem84optM8RLHhc8EYJQG8CCWA8F6oqWMPHDweN,blocksprint,2,2
97jbhVBYcSmwGXjrx5PPWXucDsVBqwyoQ6rzP3B6eeMt,(none),1578,0
97jbhVBYcSmwGXjrx5PPWXucDsVBqwyoQ6rzP3B6eeMt,0slot,125,125
97jbhVBYcSmwGXjrx5PPWXucDsVBqwyoQ6rzP3B6eeMt,AstraLane,337,337
97jbhVBYcSmwGXjrx5PPWXucDsVBqwyoQ6rzP3B6eeMt,BloxRoute,2,2
97jbhVBYcSmwGXjrx5PPWXucDsVBqwyoQ6rzP3B6eeMt,Falcon,432,432
97jbhVBYcSmwGXjrx5PPWXucDsVBqwyoQ6rzP3B6eeMt,Flashblock,1,1
97jbhVBYcSmwGXjrx5PPWXucDsVBqwyoQ6rzP3B6eeMt,Helius,492,492
97jbhVBYcSmwGXjrx5PPWXucDsVBqwyoQ6rzP3B6eeMt,Jito,127,127
97jbhVBYcSmwGXjrx5PPWXucDsVBqwyoQ6rzP3B6eeMt,Moon,1,1
97jbhVBYcSmwGXjrx5PPWXucDsVBqwyoQ6rzP3B6eeMt,Nextblock,62,62
97jbhVBYcSmwGXjrx5PPWXucDsVBqwyoQ6rzP3B6eeMt,NodeOne,96,96
97jbhVBYcSmwGXjrx5PPWXucDsVBqwyoQ6rzP3B6eeMt,Soyas,8,8
97jbhVBYcSmwGXjrx5PPWXucDsVBqwyoQ6rzP3B6eeMt,Stellium,300,300
97jbhVBYcSmwGXjrx5PPWXucDsVBqwyoQ6rzP3B6eeMt,Temporal,180,179
97jbhVBYcSmwGXjrx5PPWXucDsVBqwyoQ6rzP3B6eeMt,blockRazor,6,6
97jbhVBYcSmwGXjrx5PPWXucDsVBqwyoQ6rzP3B6eeMt,blockrazor,27,27
97jbhVBYcSmwGXjrx5PPWXucDsVBqwyoQ6rzP3B6eeMt,blocksprint,151,151
97jbhVBYcSmwGXjrx5PPWXucDsVBqwyoQ6rzP3B6eeMt,bloxroute,235,235
97jbhVBYcSmwGXjrx5PPWXucDsVBqwyoQ6rzP3B6eeMt,landX,200,200
97jbhVBYcSmwGXjrx5PPWXucDsVBqwyoQ6rzP3B6eeMt,stellium,608,608
99rG5AhkVagxJ7y8NpMAmy1h1u9GhT3h1Cimu2X3cwaJ,(none),487,0
99rG5AhkVagxJ7y8NpMAmy1h1u9GhT3h1Cimu2X3cwaJ,0slot,47,47
99rG5AhkVagxJ7y8NpMAmy1h1u9GhT3h1Cimu2X3cwaJ,AstraLane,73,73
99rG5AhkVagxJ7y8NpMAmy1h1u9GhT3h1Cimu2X3cwaJ,BloxRoute,1,1
99rG5AhkVagxJ7y8NpMAmy1h1u9GhT3h1Cimu2X3cwaJ,Falcon,177,177
99rG5AhkVagxJ7y8NpMAmy1h1u9GhT3h1Cimu2X3cwaJ,Flashblock,1,1
99rG5AhkVagxJ7y8NpMAmy1h1u9GhT3h1Cimu2X3cwaJ,Helius,217,217
99rG5AhkVagxJ7y8NpMAmy1h1u9GhT3h1Cimu2X3cwaJ,Jito,74,74
99rG5AhkVagxJ7y8NpMAmy1h1u9GhT3h1Cimu2X3cwaJ,Nextblock,32,32
99rG5AhkVagxJ7y8NpMAmy1h1u9GhT3h1Cimu2X3cwaJ,NodeOne,71,71
99rG5AhkVagxJ7y8NpMAmy1h1u9GhT3h1Cimu2X3cwaJ,Soyas,5,5
99rG5AhkVagxJ7y8NpMAmy1h1u9GhT3h1Cimu2X3cwaJ,Stellium,117,117
99rG5AhkVagxJ7y8NpMAmy1h1u9GhT3h1Cimu2X3cwaJ,Temporal,79,79
99rG5AhkVagxJ7y8NpMAmy1h1u9GhT3h1Cimu2X3cwaJ,blockrazor,19,19
99rG5AhkVagxJ7y8NpMAmy1h1u9GhT3h1Cimu2X3cwaJ,blocksprint,70,70
99rG5AhkVagxJ7y8NpMAmy1h1u9GhT3h1Cimu2X3cwaJ,bloxroute,46,46
99rG5AhkVagxJ7y8NpMAmy1h1u9GhT3h1Cimu2X3cwaJ,landX,181,181
99rG5AhkVagxJ7y8NpMAmy1h1u9GhT3h1Cimu2X3cwaJ,stellium,318,318
9AW87WqARQonyJYhx1G25fKfvjURFYVmHs79z1NUXDPD,(none),1383,0
9AW87WqARQonyJYhx1G25fKfvjURFYVmHs79z1NUXDPD,0slot,104,104
9AW87WqARQonyJYhx1G25fKfvjURFYVmHs79z1NUXDPD,AstraLane,161,161
9AW87WqARQonyJYhx1G25fKfvjURFYVmHs79z1NUXDPD,Astralane,1,1
9AW87WqARQonyJYhx1G25fKfvjURFYVmHs79z1NUXDPD,BloxRoute,8,8
9AW87WqARQonyJYhx1G25fKfvjURFYVmHs79z1NUXDPD,Falcon,302,302
9AW87WqARQonyJYhx1G25fKfvjURFYVmHs79z1NUXDPD,Helius,588,588
9AW87WqARQonyJYhx1G25fKfvjURFYVmHs79z1NUXDPD,Jito,134,134
9AW87WqARQonyJYhx1G25fKfvjURFYVmHs79z1NUXDPD,Nextblock,77,77
9AW87WqARQonyJYhx1G25fKfvjURFYVmHs79z1NUXDPD,NodeOne,72,72
9AW87WqARQonyJYhx1G25fKfvjURFYVmHs79z1NUXDPD,Soyas,21,21
9AW87WqARQonyJYhx1G25fKfvjURFYVmHs79z1NUXDPD,Stellium,215,215
9AW87WqARQonyJYhx1G25fKfvjURFYVmHs79z1NUXDPD,Temporal,151,150
9AW87WqARQonyJYhx1G25fKfvjURFYVmHs79z1NUXDPD,blockRazor,11,11
9AW87WqARQonyJYhx1G25fKfvjURFYVmHs79z1NUXDPD,blockrazor,26,26
9AW87WqARQonyJYhx1G25fKfvjURFYVmHs79z1NUXDPD,blocksprint,124,124
9AW87WqARQonyJYhx1G25fKfvjURFYVmHs79z1NUXDPD,bloxroute,46,46
9AW87WqARQonyJYhx1G25fKfvjURFYVmHs79z1NUXDPD,landX,369,369
9AW87WqARQonyJYhx1G25fKfvjURFYVmHs79z1NUXDPD,stellium,633,633
9D3o3EYeknhTrRvXS1PnD2euGXnMFa3HwpYBq5gPZJDA,(none),136,0
9D3o3EYeknhTrRvXS1PnD2euGXnMFa3HwpYBq5gPZJDA,0slot,17,17
9D3o3EYeknhTrRvXS1PnD2euGXnMFa3HwpYBq5gPZJDA,AstraLane,24,24
9D3o3EYeknhTrRvXS1PnD2euGXnMFa3HwpYBq5gPZJDA,Falcon,50,50
9D3o3EYeknhTrRvXS1PnD2euGXnMFa3HwpYBq5gPZJDA,Helius,51,51
9D3o3EYeknhTrRvXS1PnD2euGXnMFa3HwpYBq5gPZJDA,Nextblock,7,7
9D3o3EYeknhTrRvXS1PnD2euGXnMFa3HwpYBq5gPZJDA,NodeOne,7,7
9D3o3EYeknhTrRvXS1PnD2euGXnMFa3HwpYBq5gPZJDA,Soyas,1,1
9D3o3EYeknhTrRvXS1PnD2euGXnMFa3HwpYBq5gPZJDA,Stellium,26,26
9D3o3EYeknhTrRvXS1PnD2euGXnMFa3HwpYBq5gPZJDA,Temporal,23,23
9D3o3EYeknhTrRvXS1PnD2euGXnMFa3HwpYBq5gPZJDA,blockRazor,1,1
9D3o3EYeknhTrRvXS1PnD2euGXnMFa3HwpYBq5gPZJDA,blockrazor,3,3
9D3o3EYeknhTrRvXS1PnD2euGXnMFa3HwpYBq5gPZJDA,blocksprint,23,23
9D3o3EYeknhTrRvXS1PnD2euGXnMFa3HwpYBq5gPZJDA,landX,8,8
9D3o3EYeknhTrRvXS1PnD2euGXnMFa3HwpYBq5gPZJDA,stellium,43,43
9FXD1NXrK6xFU8i4gLAgjj2iMEWTqJhSuQN8tQuDfm2e,(none),889,0
9FXD1NXrK6xFU8i4gLAgjj2iMEWTqJhSuQN8tQuDfm2e,0slot,81,81
9FXD1NXrK6xFU8i4gLAgjj2iMEWTqJhSuQN8tQuDfm2e,AstraLane,130,130
9FXD1NXrK6xFU8i4gLAgjj2iMEWTqJhSuQN8tQuDfm2e,BloxRoute,2,2
9FXD1NXrK6xFU8i4gLAgjj2iMEWTqJhSuQN8tQuDfm2e,Falcon,220,220
9FXD1NXrK6xFU8i4gLAgjj2iMEWTqJhSuQN8tQuDfm2e,Flashblock,4,4
9FXD1NXrK6xFU8i4gLAgjj2iMEWTqJhSuQN8tQuDfm2e,Helius,313,313
9FXD1NXrK6xFU8i4gLAgjj2iMEWTqJhSuQN8tQuDfm2e,Jito,83,83
9FXD1NXrK6xFU8i4gLAgjj2iMEWTqJhSuQN8tQuDfm2e,Nextblock,41,41
9FXD1NXrK6xFU8i4gLAgjj2iMEWTqJhSuQN8tQuDfm2e,NodeOne,90,90
9FXD1NXrK6xFU8i4gLAgjj2iMEWTqJhSuQN8tQuDfm2e,Soyas,9,9
9FXD1NXrK6xFU8i4gLAgjj2iMEWTqJhSuQN8tQuDfm2e,Stellium,149,149
9FXD1NXrK6xFU8i4gLAgjj2iMEWTqJhSuQN8tQuDfm2e,Temporal,126,126
9FXD1NXrK6xFU8i4gLAgjj2iMEWTqJhSuQN8tQuDfm2e,blockRazor,4,4
9FXD1NXrK6xFU8i4gLAgjj2iMEWTqJhSuQN8tQuDfm2e,blockrazor,30,30
9FXD1NXrK6xFU8i4gLAgjj2iMEWTqJhSuQN8tQuDfm2e,blocksprint,85,85
9FXD1NXrK6xFU8i4gLAgjj2iMEWTqJhSuQN8tQuDfm2e,bloxroute,63,61
9FXD1NXrK6xFU8i4gLAgjj2iMEWTqJhSuQN8tQuDfm2e,landX,240,240
9FXD1NXrK6xFU8i4gLAgjj2iMEWTqJhSuQN8tQuDfm2e,stellium,457,457
9GHvMeJ4ZWuAX6sDGscFL1TBMszx2EehnrcTVUy4MZJQ,(none),543,0
9GHvMeJ4ZWuAX6sDGscFL1TBMszx2EehnrcTVUy4MZJQ,0slot,79,79
9GHvMeJ4ZWuAX6sDGscFL1TBMszx2EehnrcTVUy4MZJQ,AstraLane,181,181
9GHvMeJ4ZWuAX6sDGscFL1TBMszx2EehnrcTVUy4MZJQ,Astralane,2,2
9GHvMeJ4ZWuAX6sDGscFL1TBMszx2EehnrcTVUy4MZJQ,BloxRoute,1,1
9GHvMeJ4ZWuAX6sDGscFL1TBMszx2EehnrcTVUy4MZJQ,Falcon,79,79
9GHvMeJ4ZWuAX6sDGscFL1TBMszx2EehnrcTVUy4MZJQ,Helius,425,424
9GHvMeJ4ZWuAX6sDGscFL1TBMszx2EehnrcTVUy4MZJQ,Jito,110,110
9GHvMeJ4ZWuAX6sDGscFL1TBMszx2EehnrcTVUy4MZJQ,Moon,1,1
9GHvMeJ4ZWuAX6sDGscFL1TBMszx2EehnrcTVUy4MZJQ,Nextblock,2,2
9GHvMeJ4ZWuAX6sDGscFL1TBMszx2EehnrcTVUy4MZJQ,NodeOne,3,3
9GHvMeJ4ZWuAX6sDGscFL1TBMszx2EehnrcTVUy4MZJQ,Stellium,197,197
9GHvMeJ4ZWuAX6sDGscFL1TBMszx2EehnrcTVUy4MZJQ,Temporal,39,39
9GHvMeJ4ZWuAX6sDGscFL1TBMszx2EehnrcTVUy4MZJQ,blockRazor,11,11
9GHvMeJ4ZWuAX6sDGscFL1TBMszx2EehnrcTVUy4MZJQ,blockrazor,33,33
9GHvMeJ4ZWuAX6sDGscFL1TBMszx2EehnrcTVUy4MZJQ,blocksprint,42,42
9GHvMeJ4ZWuAX6sDGscFL1TBMszx2EehnrcTVUy4MZJQ,bloxroute,21,21
9GHvMeJ4ZWuAX6sDGscFL1TBMszx2EehnrcTVUy4MZJQ,landX,240,240
9GHvMeJ4ZWuAX6sDGscFL1TBMszx2EehnrcTVUy4MZJQ,stellium,447,447
9PRr9k87HjjdLMRkxtxygidjxVta9VQ1kAsqgLBWXKdQ,(none),431,0
9PRr9k87HjjdLMRkxtxygidjxVta9VQ1kAsqgLBWXKdQ,0slot,53,53
9PRr9k87HjjdLMRkxtxygidjxVta9VQ1kAsqgLBWXKdQ,AstraLane,104,104
9PRr9k87HjjdLMRkxtxygidjxVta9VQ1kAsqgLBWXKdQ,BloxRoute,1,1
9PRr9k87HjjdLMRkxtxygidjxVta9VQ1kAsqgLBWXKdQ,Falcon,122,122
9PRr9k87HjjdLMRkxtxygidjxVta9VQ1kAsqgLBWXKdQ,Flashblock,1,1
9PRr9k87HjjdLMRkxtxygidjxVta9VQ1kAsqgLBWXKdQ,Helius,233,233
9PRr9k87HjjdLMRkxtxygidjxVta9VQ1kAsqgLBWXKdQ,Jito,60,60
9PRr9k87HjjdLMRkxtxygidjxVta9VQ1kAsqgLBWXKdQ,Moon,1,1
9PRr9k87HjjdLMRkxtxygidjxVta9VQ1kAsqgLBWXKdQ,Nextblock,26,26
9PRr9k87HjjdLMRkxtxygidjxVta9VQ1kAsqgLBWXKdQ,NodeOne,27,27
9PRr9k87HjjdLMRkxtxygidjxVta9VQ1kAsqgLBWXKdQ,Soyas,6,6
9PRr9k87HjjdLMRkxtxygidjxVta9VQ1kAsqgLBWXKdQ,Stellium,107,107
9PRr9k87HjjdLMRkxtxygidjxVta9VQ1kAsqgLBWXKdQ,Temporal,56,56
9PRr9k87HjjdLMRkxtxygidjxVta9VQ1kAsqgLBWXKdQ,blockRazor,6,6
9PRr9k87HjjdLMRkxtxygidjxVta9VQ1kAsqgLBWXKdQ,blockrazor,14,14
9PRr9k87HjjdLMRkxtxygidjxVta9VQ1kAsqgLBWXKdQ,blocksprint,51,51
9PRr9k87HjjdLMRkxtxygidjxVta9VQ1kAsqgLBWXKdQ,bloxroute,15,14
9PRr9k87HjjdLMRkxtxygidjxVta9VQ1kAsqgLBWXKdQ,landX,225,225
9PRr9k87HjjdLMRkxtxygidjxVta9VQ1kAsqgLBWXKdQ,stellium,328,328
9U4WqNGVywKt3gG9HSt9tGVXBDXJvgid6BVweRysaJmg,(none),388,0
9U4WqNGVywKt3gG9HSt9tGVXBDXJvgid6BVweRysaJmg,0slot,33,33
9U4WqNGVywKt3gG9HSt9tGVXBDXJvgid6BVweRysaJmg,AstraLane,56,56
9U4WqNGVywKt3gG9HSt9tGVXBDXJvgid6BVweRysaJmg,Astralane,1,1
9U4WqNGVywKt3gG9HSt9tGVXBDXJvgid6BVweRysaJmg,BloxRoute,1,1
9U4WqNGVywKt3gG9HSt9tGVXBDXJvgid6BVweRysaJmg,Falcon,110,110
9U4WqNGVywKt3gG9HSt9tGVXBDXJvgid6BVweRysaJmg,Flashblock,1,1
9U4WqNGVywKt3gG9HSt9tGVXBDXJvgid6BVweRysaJmg,Helius,129,129
9U4WqNGVywKt3gG9HSt9tGVXBDXJvgid6BVweRysaJmg,Jito,43,43
9U4WqNGVywKt3gG9HSt9tGVXBDXJvgid6BVweRysaJmg,Nextblock,25,25
9U4WqNGVywKt3gG9HSt9tGVXBDXJvgid6BVweRysaJmg,NodeOne,39,39
9U4WqNGVywKt3gG9HSt9tGVXBDXJvgid6BVweRysaJmg,Soyas,3,3
9U4WqNGVywKt3gG9HSt9tGVXBDXJvgid6BVweRysaJmg,Stellium,73,73
9U4WqNGVywKt3gG9HSt9tGVXBDXJvgid6BVweRysaJmg,Temporal,55,55
9U4WqNGVywKt3gG9HSt9tGVXBDXJvgid6BVweRysaJmg,blockRazor,1,1
9U4WqNGVywKt3gG9HSt9tGVXBDXJvgid6BVweRysaJmg,blockrazor,12,12
9U4WqNGVywKt3gG9HSt9tGVXBDXJvgid6BVweRysaJmg,blocksprint,86,86
9U4WqNGVywKt3gG9HSt9tGVXBDXJvgid6BVweRysaJmg,bloxroute,25,25
9U4WqNGVywKt3gG9HSt9tGVXBDXJvgid6BVweRysaJmg,landX,78,78
9U4WqNGVywKt3gG9HSt9tGVXBDXJvgid6BVweRysaJmg,stellium,169,169
9UM8wQ8F5oMiRcP5YdqD6Lr4krpBWCD8LtgQYoisJd9i,(none),19923,0
9UM8wQ8F5oMiRcP5YdqD6Lr4krpBWCD8LtgQYoisJd9i,0slot,1509,1509
9UM8wQ8F5oMiRcP5YdqD6Lr4krpBWCD8LtgQYoisJd9i,AstraLane,4824,4824
9UM8wQ8F5oMiRcP5YdqD6Lr4krpBWCD8LtgQYoisJd9i,Astralane,28,28
9UM8wQ8F5oMiRcP5YdqD6Lr4krpBWCD8LtgQYoisJd9i,BloxRoute,54,54
9UM8wQ8F5oMiRcP5YdqD6Lr4krpBWCD8LtgQYoisJd9i,Falcon,5068,5068
9UM8wQ8F5oMiRcP5YdqD6Lr4krpBWCD8LtgQYoisJd9i,Flashblock,33,33
9UM8wQ8F5oMiRcP5YdqD6Lr4krpBWCD8LtgQYoisJd9i,Helius,6607,6606
9UM8wQ8F5oMiRcP5YdqD6Lr4krpBWCD8LtgQYoisJd9i,Jito,2219,2215
9UM8wQ8F5oMiRcP5YdqD6Lr4krpBWCD8LtgQYoisJd9i,Moon,3,3
9UM8wQ8F5oMiRcP5YdqD6Lr4krpBWCD8LtgQYoisJd9i,Nextblock,930,930
9UM8wQ8F5oMiRcP5YdqD6Lr4krpBWCD8LtgQYoisJd9i,NodeOne,2203,2203
9UM8wQ8F5oMiRcP5YdqD6Lr4krpBWCD8LtgQYoisJd9i,Soyas,257,257
9UM8wQ8F5oMiRcP5YdqD6Lr4krpBWCD8LtgQYoisJd9i,Stellium,3194,3194
9UM8wQ8F5oMiRcP5YdqD6Lr4krpBWCD8LtgQYoisJd9i,Temporal,2452,2450
9UM8wQ8F5oMiRcP5YdqD6Lr4krpBWCD8LtgQYoisJd9i,blockRazor,139,139
9UM8wQ8F5oMiRcP5YdqD6Lr4krpBWCD8LtgQYoisJd9i,blockrazor,444,444
9UM8wQ8F5oMiRcP5YdqD6Lr4krpBWCD8LtgQYoisJd9i,blocksprint,1984,1984
9UM8wQ8F5oMiRcP5YdqD6Lr4krpBWCD8LtgQYoisJd9i,bloxroute,2974,2974
9UM8wQ8F5oMiRcP5YdqD6Lr4krpBWCD8LtgQYoisJd9i,landX,4020,4020
9UM8wQ8F5oMiRcP5YdqD6Lr4krpBWCD8LtgQYoisJd9i,stellium,8246,8246
9USijQaAfSzw6gWbHNq68VVigmj3HvffDJYhbK4tfquB,(none),69,0
9USijQaAfSzw6gWbHNq68VVigmj3HvffDJYhbK4tfquB,0slot,2,2
9USijQaAfSzw6gWbHNq68VVigmj3HvffDJYhbK4tfquB,AstraLane,5,5
9USijQaAfSzw6gWbHNq68VVigmj3HvffDJYhbK4tfquB,Falcon,3,3
9USijQaAfSzw6gWbHNq68VVigmj3HvffDJYhbK4tfquB,Helius,20,20
9USijQaAfSzw6gWbHNq68VVigmj3HvffDJYhbK4tfquB,Jito,13,13
9USijQaAfSzw6gWbHNq68VVigmj3HvffDJYhbK4tfquB,Moon,4,4
9USijQaAfSzw6gWbHNq68VVigmj3HvffDJYhbK4tfquB,Nextblock,4,4
9USijQaAfSzw6gWbHNq68VVigmj3HvffDJYhbK4tfquB,NodeOne,10,10
9USijQaAfSzw6gWbHNq68VVigmj3HvffDJYhbK4tfquB,Stellium,9,9
9USijQaAfSzw6gWbHNq68VVigmj3HvffDJYhbK4tfquB,Temporal,19,19
9USijQaAfSzw6gWbHNq68VVigmj3HvffDJYhbK4tfquB,blocksprint,2,2
9USijQaAfSzw6gWbHNq68VVigmj3HvffDJYhbK4tfquB,stellium,13,13
9UbU7oaVXX6t7bMthxzzGPnWumFNxoWqUwX3qsrxb4pp,(none),857,0
9UbU7oaVXX6t7bMthxzzGPnWumFNxoWqUwX3qsrxb4pp,0slot,78,78
9UbU7oaVXX6t7bMthxzzGPnWumFNxoWqUwX3qsrxb4pp,AstraLane,88,88
9UbU7oaVXX6t7bMthxzzGPnWumFNxoWqUwX3qsrxb4pp,BloxRoute,1,1
9UbU7oaVXX6t7bMthxzzGPnWumFNxoWqUwX3qsrxb4pp,Falcon,217,217
9UbU7oaVXX6t7bMthxzzGPnWumFNxoWqUwX3qsrxb4pp,Helius,254,254
9UbU7oaVXX6t7bMthxzzGPnWumFNxoWqUwX3qsrxb4pp,Jito,141,141
9UbU7oaVXX6t7bMthxzzGPnWumFNxoWqUwX3qsrxb4pp,Nextblock,39,39
9UbU7oaVXX6t7bMthxzzGPnWumFNxoWqUwX3qsrxb4pp,NodeOne,137,137
9UbU7oaVXX6t7bMthxzzGPnWumFNxoWqUwX3qsrxb4pp,Soyas,17,17
9UbU7oaVXX6t7bMthxzzGPnWumFNxoWqUwX3qsrxb4pp,Stellium,127,127
9UbU7oaVXX6t7bMthxzzGPnWumFNxoWqUwX3qsrxb4pp,Temporal,87,87
9UbU7oaVXX6t7bMthxzzGPnWumFNxoWqUwX3qsrxb4pp,blockRazor,2,2
9UbU7oaVXX6t7bMthxzzGPnWumFNxoWqUwX3qsrxb4pp,blockrazor,18,18
9UbU7oaVXX6t7bMthxzzGPnWumFNxoWqUwX3qsrxb4pp,blocksprint,71,71
9UbU7oaVXX6t7bMthxzzGPnWumFNxoWqUwX3qsrxb4pp,bloxroute,60,60
9UbU7oaVXX6t7bMthxzzGPnWumFNxoWqUwX3qsrxb4pp,landX,267,267
9UbU7oaVXX6t7bMthxzzGPnWumFNxoWqUwX3qsrxb4pp,stellium,429,429
9W3QTgBhkU4Bwg6cwnDJo6eGZ9BtZafSdu1Lo9JmWws7,(none),11136,0
9W3QTgBhkU4Bwg6cwnDJo6eGZ9BtZafSdu1Lo9JmWws7,0slot,840,840
9W3QTgBhkU4Bwg6cwnDJo6eGZ9BtZafSdu1Lo9JmWws7,AstraLane,3237,3237
9W3QTgBhkU4Bwg6cwnDJo6eGZ9BtZafSdu1Lo9JmWws7,Astralane,17,17
9W3QTgBhkU4Bwg6cwnDJo6eGZ9BtZafSdu1Lo9JmWws7,BloxRoute,51,51
9W3QTgBhkU4Bwg6cwnDJo6eGZ9BtZafSdu1Lo9JmWws7,Falcon,3477,3477
9W3QTgBhkU4Bwg6cwnDJo6eGZ9BtZafSdu1Lo9JmWws7,Flashblock,13,13
9W3QTgBhkU4Bwg6cwnDJo6eGZ9BtZafSdu1Lo9JmWws7,Helius,4087,4087
9W3QTgBhkU4Bwg6cwnDJo6eGZ9BtZafSdu1Lo9JmWws7,Jito,1446,1446
9W3QTgBhkU4Bwg6cwnDJo6eGZ9BtZafSdu1Lo9JmWws7,Moon,7,7
9W3QTgBhkU4Bwg6cwnDJo6eGZ9BtZafSdu1Lo9JmWws7,Nextblock,577,577
9W3QTgBhkU4Bwg6cwnDJo6eGZ9BtZafSdu1Lo9JmWws7,NodeOne,772,772
9W3QTgBhkU4Bwg6cwnDJo6eGZ9BtZafSdu1Lo9JmWws7,Soyas,109,109
9W3QTgBhkU4Bwg6cwnDJo6eGZ9BtZafSdu1Lo9JmWws7,Stellium,2156,2156
9W3QTgBhkU4Bwg6cwnDJo6eGZ9BtZafSdu1Lo9JmWws7,Temporal,1616,1613
9W3QTgBhkU4Bwg6cwnDJo6eGZ9BtZafSdu1Lo9JmWws7,blockRazor,83,83
9W3QTgBhkU4Bwg6cwnDJo6eGZ9BtZafSdu1Lo9JmWws7,blockrazor,259,259
9W3QTgBhkU4Bwg6cwnDJo6eGZ9BtZafSdu1Lo9JmWws7,blocksprint,1252,1252
9W3QTgBhkU4Bwg6cwnDJo6eGZ9BtZafSdu1Lo9JmWws7,bloxroute,2226,2223
9W3QTgBhkU4Bwg6cwnDJo6eGZ9BtZafSdu1Lo9JmWws7,landX,2460,2460
9W3QTgBhkU4Bwg6cwnDJo6eGZ9BtZafSdu1Lo9JmWws7,stellium,5047,5047
9Wmaz9VPpEnH67ZqrvYd9bcH66DtsGaEKcSQE1ac5wkf,(none),694,0
9Wmaz9VPpEnH67ZqrvYd9bcH66DtsGaEKcSQE1ac5wkf,0slot,59,59
9Wmaz9VPpEnH67ZqrvYd9bcH66DtsGaEKcSQE1ac5wkf,AstraLane,74,74
9Wmaz9VPpEnH67ZqrvYd9bcH66DtsGaEKcSQE1ac5wkf,Astralane,1,1
9Wmaz9VPpEnH67ZqrvYd9bcH66DtsGaEKcSQE1ac5wkf,BloxRoute,1,1
9Wmaz9VPpEnH67ZqrvYd9bcH66DtsGaEKcSQE1ac5wkf,Falcon,239,239
9Wmaz9VPpEnH67ZqrvYd9bcH66DtsGaEKcSQE1ac5wkf,Flashblock,1,1
9Wmaz9VPpEnH67ZqrvYd9bcH66DtsGaEKcSQE1ac5wkf,Helius,212,212
9Wmaz9VPpEnH67ZqrvYd9bcH66DtsGaEKcSQE1ac5wkf,Jito,108,108
9Wmaz9VPpEnH67ZqrvYd9bcH66DtsGaEKcSQE1ac5wkf,Nextblock,33,33
9Wmaz9VPpEnH67ZqrvYd9bcH66DtsGaEKcSQE1ac5wkf,NodeOne,74,74
9Wmaz9VPpEnH67ZqrvYd9bcH66DtsGaEKcSQE1ac5wkf,Soyas,10,10
9Wmaz9VPpEnH67ZqrvYd9bcH66DtsGaEKcSQE1ac5wkf,Stellium,135,135
9Wmaz9VPpEnH67ZqrvYd9bcH66DtsGaEKcSQE1ac5wkf,Temporal,79,79
9Wmaz9VPpEnH67ZqrvYd9bcH66DtsGaEKcSQE1ac5wkf,blockRazor,1,1
9Wmaz9VPpEnH67ZqrvYd9bcH66DtsGaEKcSQE1ac5wkf,blockrazor,18,18
9Wmaz9VPpEnH67ZqrvYd9bcH66DtsGaEKcSQE1ac5wkf,blocksprint,64,64
9Wmaz9VPpEnH67ZqrvYd9bcH66DtsGaEKcSQE1ac5wkf,bloxroute,47,47
9Wmaz9VPpEnH67ZqrvYd9bcH66DtsGaEKcSQE1ac5wkf,landX,217,217
9Wmaz9VPpEnH67ZqrvYd9bcH66DtsGaEKcSQE1ac5wkf,stellium,380,380
9WzPWqKSqbE5PT9hMsmCDFjzpurAXEYCE9qrpVWp28KR,(none),2493,0
9WzPWqKSqbE5PT9hMsmCDFjzpurAXEYCE9qrpVWp28KR,0slot,224,224
9WzPWqKSqbE5PT9hMsmCDFjzpurAXEYCE9qrpVWp28KR,AstraLane,287,287
9WzPWqKSqbE5PT9hMsmCDFjzpurAXEYCE9qrpVWp28KR,Astralane,1,1
9WzPWqKSqbE5PT9hMsmCDFjzpurAXEYCE9qrpVWp28KR,BloxRoute,2,2
9WzPWqKSqbE5PT9hMsmCDFjzpurAXEYCE9qrpVWp28KR,Falcon,446,446
9WzPWqKSqbE5PT9hMsmCDFjzpurAXEYCE9qrpVWp28KR,Flashblock,3,3
9WzPWqKSqbE5PT9hMsmCDFjzpurAXEYCE9qrpVWp28KR,Helius,906,906
9WzPWqKSqbE5PT9hMsmCDFjzpurAXEYCE9qrpVWp28KR,Jito,244,244
9WzPWqKSqbE5PT9hMsmCDFjzpurAXEYCE9qrpVWp28KR,Moon,7,7
9WzPWqKSqbE5PT9hMsmCDFjzpurAXEYCE9qrpVWp28KR,Nextblock,108,108
9WzPWqKSqbE5PT9hMsmCDFjzpurAXEYCE9qrpVWp28KR,NodeOne,189,189
9WzPWqKSqbE5PT9hMsmCDFjzpurAXEYCE9qrpVWp28KR,Soyas,19,19
9WzPWqKSqbE5PT9hMsmCDFjzpurAXEYCE9qrpVWp28KR,Stellium,382,382
9WzPWqKSqbE5PT9hMsmCDFjzpurAXEYCE9qrpVWp28KR,Temporal,335,335
9WzPWqKSqbE5PT9hMsmCDFjzpurAXEYCE9qrpVWp28KR,blockRazor,9,9
9WzPWqKSqbE5PT9hMsmCDFjzpurAXEYCE9qrpVWp28KR,blockrazor,62,62
9WzPWqKSqbE5PT9hMsmCDFjzpurAXEYCE9qrpVWp28KR,blocksprint,232,232
9WzPWqKSqbE5PT9hMsmCDFjzpurAXEYCE9qrpVWp28KR,bloxroute,104,104
9WzPWqKSqbE5PT9hMsmCDFjzpurAXEYCE9qrpVWp28KR,landX,620,620
9WzPWqKSqbE5PT9hMsmCDFjzpurAXEYCE9qrpVWp28KR,stellium,1007,1007
9bkyxgYxRrysC1ijd6iByp9idn112CnYTw243fdH2Uvr,(none),562,0
9bkyxgYxRrysC1ijd6iByp9idn112CnYTw243fdH2Uvr,0slot,50,50
9bkyxgYxRrysC1ijd6iByp9idn112CnYTw243fdH2Uvr,AstraLane,71,71
9bkyxgYxRrysC1ijd6iByp9idn112CnYTw243fdH2Uvr,Falcon,112,112
9bkyxgYxRrysC1ijd6iByp9idn112CnYTw243fdH2Uvr,Flashblock,1,1
9bkyxgYxRrysC1ijd6iByp9idn112CnYTw243fdH2Uvr,Helius,188,187
9bkyxgYxRrysC1ijd6iByp9idn112CnYTw243fdH2Uvr,Jito,60,60
9bkyxgYxRrysC1ijd6iByp9idn112CnYTw243fdH2Uvr,Nextblock,26,26
9bkyxgYxRrysC1ijd6iByp9idn112CnYTw243fdH2Uvr,NodeOne,108,108
9bkyxgYxRrysC1ijd6iByp9idn112CnYTw243fdH2Uvr,Soyas,6,6
9bkyxgYxRrysC1ijd6iByp9idn112CnYTw243fdH2Uvr,Stellium,101,101
9bkyxgYxRrysC1ijd6iByp9idn112CnYTw243fdH2Uvr,Temporal,48,47
9bkyxgYxRrysC1ijd6iByp9idn112CnYTw243fdH2Uvr,blockRazor,3,3
9bkyxgYxRrysC1ijd6iByp9idn112CnYTw243fdH2Uvr,blockrazor,12,12
9bkyxgYxRrysC1ijd6iByp9idn112CnYTw243fdH2Uvr,blocksprint,48,48
9bkyxgYxRrysC1ijd6iByp9idn112CnYTw243fdH2Uvr,bloxroute,26,26
9bkyxgYxRrysC1ijd6iByp9idn112CnYTw243fdH2Uvr,landX,136,136
9bkyxgYxRrysC1ijd6iByp9idn112CnYTw243fdH2Uvr,stellium,279,279
9dH6wfdJVgnDcbCUjT8rkmejAzTnGQaFarmLfvBYXANK,(none),963,0
9dH6wfdJVgnDcbCUjT8rkmejAzTnGQaFarmLfvBYXANK,0slot,80,80
9dH6wfdJVgnDcbCUjT8rkmejAzTnGQaFarmLfvBYXANK,AstraLane,104,104
9dH6wfdJVgnDcbCUjT8rkmejAzTnGQaFarmLfvBYXANK,BloxRoute,3,3
9dH6wfdJVgnDcbCUjT8rkmejAzTnGQaFarmLfvBYXANK,Falcon,175,175
9dH6wfdJVgnDcbCUjT8rkmejAzTnGQaFarmLfvBYXANK,Helius,365,365
9dH6wfdJVgnDcbCUjT8rkmejAzTnGQaFarmLfvBYXANK,Jito,118,112
9dH6wfdJVgnDcbCUjT8rkmejAzTnGQaFarmLfvBYXANK,Nextblock,37,37
9dH6wfdJVgnDcbCUjT8rkmejAzTnGQaFarmLfvBYXANK,NodeOne,80,80
9dH6wfdJVgnDcbCUjT8rkmejAzTnGQaFarmLfvBYXANK,Soyas,8,8
9dH6wfdJVgnDcbCUjT8rkmejAzTnGQaFarmLfvBYXANK,Stellium,127,127
9dH6wfdJVgnDcbCUjT8rkmejAzTnGQaFarmLfvBYXANK,Temporal,87,87
9dH6wfdJVgnDcbCUjT8rkmejAzTnGQaFarmLfvBYXANK,blockRazor,8,8
9dH6wfdJVgnDcbCUjT8rkmejAzTnGQaFarmLfvBYXANK,blockrazor,25,25
9dH6wfdJVgnDcbCUjT8rkmejAzTnGQaFarmLfvBYXANK,blocksprint,89,89
9dH6wfdJVgnDcbCUjT8rkmejAzTnGQaFarmLfvBYXANK,bloxroute,57,57
9dH6wfdJVgnDcbCUjT8rkmejAzTnGQaFarmLfvBYXANK,landX,317,317
9dH6wfdJVgnDcbCUjT8rkmejAzTnGQaFarmLfvBYXANK,stellium,487,487
9eGrDohdNTAo61DRHyfMuqKWXqYnA3i254Wiszxe8FoY,(none),32404,0
9eGrDohdNTAo61DRHyfMuqKWXqYnA3i254Wiszxe8FoY,0slot,2569,2569
9eGrDohdNTAo61DRHyfMuqKWXqYnA3i254Wiszxe8FoY,AstraLane,3776,3776
9eGrDohdNTAo61DRHyfMuqKWXqYnA3i254Wiszxe8FoY,Astralane,21,21
9eGrDohdNTAo61DRHyfMuqKWXqYnA3i254Wiszxe8FoY,BloxRoute,89,89
9eGrDohdNTAo61DRHyfMuqKWXqYnA3i254Wiszxe8FoY,Falcon,8279,8279
9eGrDohdNTAo61DRHyfMuqKWXqYnA3i254Wiszxe8FoY,Flashblock,41,41
9eGrDohdNTAo61DRHyfMuqKWXqYnA3i254Wiszxe8FoY,Helius,10030,10027
9eGrDohdNTAo61DRHyfMuqKWXqYnA3i254Wiszxe8FoY,Jito,5065,5061
9eGrDohdNTAo61DRHyfMuqKWXqYnA3i254Wiszxe8FoY,Moon,12,12
9eGrDohdNTAo61DRHyfMuqKWXqYnA3i254Wiszxe8FoY,Nextblock,1451,1451
9eGrDohdNTAo61DRHyfMuqKWXqYnA3i254Wiszxe8FoY,NodeOne,3578,3578
9eGrDohdNTAo61DRHyfMuqKWXqYnA3i254Wiszxe8FoY,Soyas,314,314
9eGrDohdNTAo61DRHyfMuqKWXqYnA3i254Wiszxe8FoY,Stellium,5383,5383
9eGrDohdNTAo61DRHyfMuqKWXqYnA3i254Wiszxe8FoY,Temporal,3102,3094
9eGrDohdNTAo61DRHyfMuqKWXqYnA3i254Wiszxe8FoY,blockRazor,189,189
9eGrDohdNTAo61DRHyfMuqKWXqYnA3i254Wiszxe8FoY,blockrazor,594,594
9eGrDohdNTAo61DRHyfMuqKWXqYnA3i254Wiszxe8FoY,blocksprint,2850,2850
9eGrDohdNTAo61DRHyfMuqKWXqYnA3i254Wiszxe8FoY,bloxroute,2272,2268
9eGrDohdNTAo61DRHyfMuqKWXqYnA3i254Wiszxe8FoY,landX,9389,9389
9eGrDohdNTAo61DRHyfMuqKWXqYnA3i254Wiszxe8FoY,stellium,15982,15982
9gFxqsXbFyrKXUkqpAatonn47uYZ7sEZSnMxhzQoXrUJ,(none),1426,0
9gFxqsXbFyrKXUkqpAatonn47uYZ7sEZSnMxhzQoXrUJ,0slot,117,117
9gFxqsXbFyrKXUkqpAatonn47uYZ7sEZSnMxhzQoXrUJ,AstraLane,151,151
9gFxqsXbFyrKXUkqpAatonn47uYZ7sEZSnMxhzQoXrUJ,BloxRoute,5,5
9gFxqsXbFyrKXUkqpAatonn47uYZ7sEZSnMxhzQoXrUJ,Falcon,191,191
9gFxqsXbFyrKXUkqpAatonn47uYZ7sEZSnMxhzQoXrUJ,Flashblock,6,6
9gFxqsXbFyrKXUkqpAatonn47uYZ7sEZSnMxhzQoXrUJ,Helius,431,431
9gFxqsXbFyrKXUkqpAatonn47uYZ7sEZSnMxhzQoXrUJ,Jito,105,105
9gFxqsXbFyrKXUkqpAatonn47uYZ7sEZSnMxhzQoXrUJ,Moon,1,1
9gFxqsXbFyrKXUkqpAatonn47uYZ7sEZSnMxhzQoXrUJ,Nextblock,58,58
9gFxqsXbFyrKXUkqpAatonn47uYZ7sEZSnMxhzQoXrUJ,NodeOne,101,101
9gFxqsXbFyrKXUkqpAatonn47uYZ7sEZSnMxhzQoXrUJ,Soyas,12,12
9gFxqsXbFyrKXUkqpAatonn47uYZ7sEZSnMxhzQoXrUJ,Stellium,192,192
9gFxqsXbFyrKXUkqpAatonn47uYZ7sEZSnMxhzQoXrUJ,Temporal,159,159
9gFxqsXbFyrKXUkqpAatonn47uYZ7sEZSnMxhzQoXrUJ,blockRazor,4,4
9gFxqsXbFyrKXUkqpAatonn47uYZ7sEZSnMxhzQoXrUJ,blockrazor,27,27
9gFxqsXbFyrKXUkqpAatonn47uYZ7sEZSnMxhzQoXrUJ,blocksprint,95,95
9gFxqsXbFyrKXUkqpAatonn47uYZ7sEZSnMxhzQoXrUJ,bloxroute,39,39
9gFxqsXbFyrKXUkqpAatonn47uYZ7sEZSnMxhzQoXrUJ,landX,324,324
9gFxqsXbFyrKXUkqpAatonn47uYZ7sEZSnMxhzQoXrUJ,stellium,575,575
9hQqNe3DQTiwhspatewA8EXhz12e6sq5UJVJ2qNRwnTf,(none),266,0
9hQqNe3DQTiwhspatewA8EXhz12e6sq5UJVJ2qNRwnTf,0slot,21,21
9hQqNe3DQTiwhspatewA8EXhz12e6sq5UJVJ2qNRwnTf,AstraLane,30,30
9hQqNe3DQTiwhspatewA8EXhz12e6sq5UJVJ2qNRwnTf,BloxRoute,1,1
9hQqNe3DQTiwhspatewA8EXhz12e6sq5UJVJ2qNRwnTf,Falcon,119,119
9hQqNe3DQTiwhspatewA8EXhz12e6sq5UJVJ2qNRwnTf,Helius,88,88
9hQqNe3DQTiwhspatewA8EXhz12e6sq5UJVJ2qNRwnTf,Jito,11,11
9hQqNe3DQTiwhspatewA8EXhz12e6sq5UJVJ2qNRwnTf,Moon,1,1
9hQqNe3DQTiwhspatewA8EXhz12e6sq5UJVJ2qNRwnTf,Nextblock,13,13
9hQqNe3DQTiwhspatewA8EXhz12e6sq5UJVJ2qNRwnTf,NodeOne,17,17
9hQqNe3DQTiwhspatewA8EXhz12e6sq5UJVJ2qNRwnTf,Soyas,3,3
9hQqNe3DQTiwhspatewA8EXhz12e6sq5UJVJ2qNRwnTf,Stellium,69,69
9hQqNe3DQTiwhspatewA8EXhz12e6sq5UJVJ2qNRwnTf,Temporal,40,40
9hQqNe3DQTiwhspatewA8EXhz12e6sq5UJVJ2qNRwnTf,blockRazor,1,1
9hQqNe3DQTiwhspatewA8EXhz12e6sq5UJVJ2qNRwnTf,blockrazor,8,8
9hQqNe3DQTiwhspatewA8EXhz12e6sq5UJVJ2qNRwnTf,blocksprint,30,30
9hQqNe3DQTiwhspatewA8EXhz12e6sq5UJVJ2qNRwnTf,bloxroute,21,21
9hQqNe3DQTiwhspatewA8EXhz12e6sq5UJVJ2qNRwnTf,landX,82,82
9hQqNe3DQTiwhspatewA8EXhz12e6sq5UJVJ2qNRwnTf,stellium,166,166
9iFPQbP1jGkj67sXg6YLLGRUBVEDMcapdS6jmCZSnz8R,(none),1892,0
9iFPQbP1jGkj67sXg6YLLGRUBVEDMcapdS6jmCZSnz8R,0slot,131,131
9iFPQbP1jGkj67sXg6YLLGRUBVEDMcapdS6jmCZSnz8R,AstraLane,462,462
9iFPQbP1jGkj67sXg6YLLGRUBVEDMcapdS6jmCZSnz8R,Astralane,3,3
9iFPQbP1jGkj67sXg6YLLGRUBVEDMcapdS6jmCZSnz8R,BloxRoute,9,9
9iFPQbP1jGkj67sXg6YLLGRUBVEDMcapdS6jmCZSnz8R,Falcon,494,494
9iFPQbP1jGkj67sXg6YLLGRUBVEDMcapdS6jmCZSnz8R,Flashblock,2,2
9iFPQbP1jGkj67sXg6YLLGRUBVEDMcapdS6jmCZSnz8R,Helius,697,697
9iFPQbP1jGkj67sXg6YLLGRUBVEDMcapdS6jmCZSnz8R,Jito,223,223
9iFPQbP1jGkj67sXg6YLLGRUBVEDMcapdS6jmCZSnz8R,Nextblock,115,115
9iFPQbP1jGkj67sXg6YLLGRUBVEDMcapdS6jmCZSnz8R,NodeOne,204,204
9iFPQbP1jGkj67sXg6YLLGRUBVEDMcapdS6jmCZSnz8R,Soyas,17,17
9iFPQbP1jGkj67sXg6YLLGRUBVEDMcapdS6jmCZSnz8R,Stellium,315,315
9iFPQbP1jGkj67sXg6YLLGRUBVEDMcapdS6jmCZSnz8R,Temporal,305,305
9iFPQbP1jGkj67sXg6YLLGRUBVEDMcapdS6jmCZSnz8R,blockRazor,5,5
9iFPQbP1jGkj67sXg6YLLGRUBVEDMcapdS6jmCZSnz8R,blockrazor,49,49
9iFPQbP1jGkj67sXg6YLLGRUBVEDMcapdS6jmCZSnz8R,blocksprint,207,207
9iFPQbP1jGkj67sXg6YLLGRUBVEDMcapdS6jmCZSnz8R,bloxroute,201,201
9iFPQbP1jGkj67sXg6YLLGRUBVEDMcapdS6jmCZSnz8R,landX,444,444
9iFPQbP1jGkj67sXg6YLLGRUBVEDMcapdS6jmCZSnz8R,stellium,894,894
9jxgosAfHgHzwnxsHw4RAZYaLVokMbnYtmiZBreynGFP,(none),27187,0
9jxgosAfHgHzwnxsHw4RAZYaLVokMbnYtmiZBreynGFP,0slot,2399,2399
9jxgosAfHgHzwnxsHw4RAZYaLVokMbnYtmiZBreynGFP,AstraLane,4227,4227
9jxgosAfHgHzwnxsHw4RAZYaLVokMbnYtmiZBreynGFP,Astralane,7,7
9jxgosAfHgHzwnxsHw4RAZYaLVokMbnYtmiZBreynGFP,BloxRoute,56,56
9jxgosAfHgHzwnxsHw4RAZYaLVokMbnYtmiZBreynGFP,Falcon,7765,7765
9jxgosAfHgHzwnxsHw4RAZYaLVokMbnYtmiZBreynGFP,Flashblock,33,33
9jxgosAfHgHzwnxsHw4RAZYaLVokMbnYtmiZBreynGFP,Helius,9731,9730
9jxgosAfHgHzwnxsHw4RAZYaLVokMbnYtmiZBreynGFP,Jito,2766,2765
9jxgosAfHgHzwnxsHw4RAZYaLVokMbnYtmiZBreynGFP,Moon,11,11
9jxgosAfHgHzwnxsHw4RAZYaLVokMbnYtmiZBreynGFP,Nextblock,1474,1474
9jxgosAfHgHzwnxsHw4RAZYaLVokMbnYtmiZBreynGFP,NodeOne,4249,4249
9jxgosAfHgHzwnxsHw4RAZYaLVokMbnYtmiZBreynGFP,Soyas,282,282
9jxgosAfHgHzwnxsHw4RAZYaLVokMbnYtmiZBreynGFP,Stellium,4892,4892
9jxgosAfHgHzwnxsHw4RAZYaLVokMbnYtmiZBreynGFP,Temporal,3507,3507
9jxgosAfHgHzwnxsHw4RAZYaLVokMbnYtmiZBreynGFP,blockRazor,190,190
9jxgosAfHgHzwnxsHw4RAZYaLVokMbnYtmiZBreynGFP,blockrazor,679,679
9jxgosAfHgHzwnxsHw4RAZYaLVokMbnYtmiZBreynGFP,blocksprint,2922,2922
9jxgosAfHgHzwnxsHw4RAZYaLVokMbnYtmiZBreynGFP,bloxroute,2012,2010
9jxgosAfHgHzwnxsHw4RAZYaLVokMbnYtmiZBreynGFP,landX,9435,9435
9jxgosAfHgHzwnxsHw4RAZYaLVokMbnYtmiZBreynGFP,stellium,15607,15607
9pBHfuE19q7PRbupJf8CZAMwv6RHjasdyMN9U9du7Nx2,(none),714,0
9pBHfuE19q7PRbupJf8CZAMwv6RHjasdyMN9U9du7Nx2,0slot,63,63
9pBHfuE19q7PRbupJf8CZAMwv6RHjasdyMN9U9du7Nx2,AstraLane,68,68
9pBHfuE19q7PRbupJf8CZAMwv6RHjasdyMN9U9du7Nx2,BloxRoute,1,1
9pBHfuE19q7PRbupJf8CZAMwv6RHjasdyMN9U9du7Nx2,Falcon,235,235
9pBHfuE19q7PRbupJf8CZAMwv6RHjasdyMN9U9du7Nx2,Helius,241,241
9pBHfuE19q7PRbupJf8CZAMwv6RHjasdyMN9U9du7Nx2,Jito,115,115
9pBHfuE19q7PRbupJf8CZAMwv6RHjasdyMN9U9du7Nx2,Nextblock,27,27
9pBHfuE19q7PRbupJf8CZAMwv6RHjasdyMN9U9du7Nx2,NodeOne,63,63
9pBHfuE19q7PRbupJf8CZAMwv6RHjasdyMN9U9du7Nx2,Soyas,9,9
9pBHfuE19q7PRbupJf8CZAMwv6RHjasdyMN9U9du7Nx2,Stellium,167,167
9pBHfuE19q7PRbupJf8CZAMwv6RHjasdyMN9U9du7Nx2,Temporal,61,61
9pBHfuE19q7PRbupJf8CZAMwv6RHjasdyMN9U9du7Nx2,blockRazor,4,4
9pBHfuE19q7PRbupJf8CZAMwv6RHjasdyMN9U9du7Nx2,blockrazor,15,15
9pBHfuE19q7PRbupJf8CZAMwv6RHjasdyMN9U9du7Nx2,blocksprint,62,62
9pBHfuE19q7PRbupJf8CZAMwv6RHjasdyMN9U9du7Nx2,bloxroute,27,27
9pBHfuE19q7PRbupJf8CZAMwv6RHjasdyMN9U9du7Nx2,landX,278,278
9pBHfuE19q7PRbupJf8CZAMwv6RHjasdyMN9U9du7Nx2,stellium,426,426
9ppJrpsbbuGNjiMhhD52Ueco4KXUzVfrtNQ6tAcDab4f,(none),861,0
9ppJrpsbbuGNjiMhhD52Ueco4KXUzVfrtNQ6tAcDab4f,0slot,49,49
9ppJrpsbbuGNjiMhhD52Ueco4KXUzVfrtNQ6tAcDab4f,AstraLane,98,98
9ppJrpsbbuGNjiMhhD52Ueco4KXUzVfrtNQ6tAcDab4f,BloxRoute,3,3
9ppJrpsbbuGNjiMhhD52Ueco4KXUzVfrtNQ6tAcDab4f,Falcon,149,149
9ppJrpsbbuGNjiMhhD52Ueco4KXUzVfrtNQ6tAcDab4f,Helius,297,297
9ppJrpsbbuGNjiMhhD52Ueco4KXUzVfrtNQ6tAcDab4f,Jito,57,57
9ppJrpsbbuGNjiMhhD52Ueco4KXUzVfrtNQ6tAcDab4f,Nextblock,44,44
9ppJrpsbbuGNjiMhhD52Ueco4KXUzVfrtNQ6tAcDab4f,NodeOne,94,94
9ppJrpsbbuGNjiMhhD52Ueco4KXUzVfrtNQ6tAcDab4f,Soyas,11,11
9ppJrpsbbuGNjiMhhD52Ueco4KXUzVfrtNQ6tAcDab4f,Stellium,112,112
9ppJrpsbbuGNjiMhhD52Ueco4KXUzVfrtNQ6tAcDab4f,Temporal,82,82
9ppJrpsbbuGNjiMhhD52Ueco4KXUzVfrtNQ6tAcDab4f,blockRazor,9,9
9ppJrpsbbuGNjiMhhD52Ueco4KXUzVfrtNQ6tAcDab4f,blockrazor,21,21
9ppJrpsbbuGNjiMhhD52Ueco4KXUzVfrtNQ6tAcDab4f,blocksprint,70,70
9ppJrpsbbuGNjiMhhD52Ueco4KXUzVfrtNQ6tAcDab4f,bloxroute,37,37
9ppJrpsbbuGNjiMhhD52Ueco4KXUzVfrtNQ6tAcDab4f,landX,301,301
9ppJrpsbbuGNjiMhhD52Ueco4KXUzVfrtNQ6tAcDab4f,stellium,421,421
9q16BB7WGmBxf1nJTdxH5zPnBUhtHqdqXqRFjSjuM4k7,(none),801,0
9q16BB7WGmBxf1nJTdxH5zPnBUhtHqdqXqRFjSjuM4k7,0slot,52,52
9q16BB7WGmBxf1nJTdxH5zPnBUhtHqdqXqRFjSjuM4k7,AstraLane,122,122
9q16BB7WGmBxf1nJTdxH5zPnBUhtHqdqXqRFjSjuM4k7,BloxRoute,1,1
9q16BB7WGmBxf1nJTdxH5zPnBUhtHqdqXqRFjSjuM4k7,Falcon,171,171
9q16BB7WGmBxf1nJTdxH5zPnBUhtHqdqXqRFjSjuM4k7,Helius,264,264
9q16BB7WGmBxf1nJTdxH5zPnBUhtHqdqXqRFjSjuM4k7,Jito,110,110
9q16BB7WGmBxf1nJTdxH5zPnBUhtHqdqXqRFjSjuM4k7,Nextblock,32,32
9q16BB7WGmBxf1nJTdxH5zPnBUhtHqdqXqRFjSjuM4k7,NodeOne,125,125
9q16BB7WGmBxf1nJTdxH5zPnBUhtHqdqXqRFjSjuM4k7,Soyas,6,6
9q16BB7WGmBxf1nJTdxH5zPnBUhtHqdqXqRFjSjuM4k7,Stellium,106,106
9q16BB7WGmBxf1nJTdxH5zPnBUhtHqdqXqRFjSjuM4k7,Temporal,48,48
9q16BB7WGmBxf1nJTdxH5zPnBUhtHqdqXqRFjSjuM4k7,blockRazor,4,4
9q16BB7WGmBxf1nJTdxH5zPnBUhtHqdqXqRFjSjuM4k7,blockrazor,17,17
9q16BB7WGmBxf1nJTdxH5zPnBUhtHqdqXqRFjSjuM4k7,blocksprint,54,54
9q16BB7WGmBxf1nJTdxH5zPnBUhtHqdqXqRFjSjuM4k7,bloxroute,71,71
9q16BB7WGmBxf1nJTdxH5zPnBUhtHqdqXqRFjSjuM4k7,landX,270,270
9q16BB7WGmBxf1nJTdxH5zPnBUhtHqdqXqRFjSjuM4k7,stellium,445,445
9rkJMARqK6VBkcxGfKBAwnA44gPAfGxPbPsfsggFNDSQ,(none),20279,0
9rkJMARqK6VBkcxGfKBAwnA44gPAfGxPbPsfsggFNDSQ,0slot,1862,1862
9rkJMARqK6VBkcxGfKBAwnA44gPAfGxPbPsfsggFNDSQ,AstraLane,2662,2662
9rkJMARqK6VBkcxGfKBAwnA44gPAfGxPbPsfsggFNDSQ,Astralane,40,40
9rkJMARqK6VBkcxGfKBAwnA44gPAfGxPbPsfsggFNDSQ,BloxRoute,53,53
9rkJMARqK6VBkcxGfKBAwnA44gPAfGxPbPsfsggFNDSQ,Falcon,4513,4513
9rkJMARqK6VBkcxGfKBAwnA44gPAfGxPbPsfsggFNDSQ,Flashblock,30,30
9rkJMARqK6VBkcxGfKBAwnA44gPAfGxPbPsfsggFNDSQ,Helius,7269,7267
9rkJMARqK6VBkcxGfKBAwnA44gPAfGxPbPsfsggFNDSQ,Jito,1592,1592
9rkJMARqK6VBkcxGfKBAwnA44gPAfGxPbPsfsggFNDSQ,Moon,26,26
9rkJMARqK6VBkcxGfKBAwnA44gPAfGxPbPsfsggFNDSQ,Nextblock,1056,1056
9rkJMARqK6VBkcxGfKBAwnA44gPAfGxPbPsfsggFNDSQ,NodeOne,2617,2617
9rkJMARqK6VBkcxGfKBAwnA44gPAfGxPbPsfsggFNDSQ,Soyas,239,239
9rkJMARqK6VBkcxGfKBAwnA44gPAfGxPbPsfsggFNDSQ,Stellium,3198,3198
9rkJMARqK6VBkcxGfKBAwnA44gPAfGxPbPsfsggFNDSQ,Temporal,2859,2857
9rkJMARqK6VBkcxGfKBAwnA44gPAfGxPbPsfsggFNDSQ,blockRazor,120,120
9rkJMARqK6VBkcxGfKBAwnA44gPAfGxPbPsfsggFNDSQ,blockrazor,486,486
9rkJMARqK6VBkcxGfKBAwnA44gPAfGxPbPsfsggFNDSQ,blocksprint,1937,1937
9rkJMARqK6VBkcxGfKBAwnA44gPAfGxPbPsfsggFNDSQ,bloxroute,1357,1354
9rkJMARqK6VBkcxGfKBAwnA44gPAfGxPbPsfsggFNDSQ,landX,6873,6873
9rkJMARqK6VBkcxGfKBAwnA44gPAfGxPbPsfsggFNDSQ,stellium,11156,11156
9ueKvL3WiLM4mNUZrfWqPTYY2Np5YwzFTYvAiPibx1Zq,(none),646,0
9ueKvL3WiLM4mNUZrfWqPTYY2Np5YwzFTYvAiPibx1Zq,0slot,47,47
9ueKvL3WiLM4mNUZrfWqPTYY2Np5YwzFTYvAiPibx1Zq,AstraLane,101,101
9ueKvL3WiLM4mNUZrfWqPTYY2Np5YwzFTYvAiPibx1Zq,BloxRoute,1,1
9ueKvL3WiLM4mNUZrfWqPTYY2Np5YwzFTYvAiPibx1Zq,Falcon,121,121
9ueKvL3WiLM4mNUZrfWqPTYY2Np5YwzFTYvAiPibx1Zq,Flashblock,1,1
9ueKvL3WiLM4mNUZrfWqPTYY2Np5YwzFTYvAiPibx1Zq,Helius,308,308
9ueKvL3WiLM4mNUZrfWqPTYY2Np5YwzFTYvAiPibx1Zq,Jito,35,35
9ueKvL3WiLM4mNUZrfWqPTYY2Np5YwzFTYvAiPibx1Zq,Nextblock,46,46
9ueKvL3WiLM4mNUZrfWqPTYY2Np5YwzFTYvAiPibx1Zq,NodeOne,73,73
9ueKvL3WiLM4mNUZrfWqPTYY2Np5YwzFTYvAiPibx1Zq,Soyas,6,6
9ueKvL3WiLM4mNUZrfWqPTYY2Np5YwzFTYvAiPibx1Zq,Stellium,114,114
9ueKvL3WiLM4mNUZrfWqPTYY2Np5YwzFTYvAiPibx1Zq,Temporal,52,51
9ueKvL3WiLM4mNUZrfWqPTYY2Np5YwzFTYvAiPibx1Zq,blockRazor,3,3
9ueKvL3WiLM4mNUZrfWqPTYY2Np5YwzFTYvAiPibx1Zq,blockrazor,14,14
9ueKvL3WiLM4mNUZrfWqPTYY2Np5YwzFTYvAiPibx1Zq,blocksprint,64,64
9ueKvL3WiLM4mNUZrfWqPTYY2Np5YwzFTYvAiPibx1Zq,bloxroute,61,61
9ueKvL3WiLM4mNUZrfWqPTYY2Np5YwzFTYvAiPibx1Zq,landX,163,163
9ueKvL3WiLM4mNUZrfWqPTYY2Np5YwzFTYvAiPibx1Zq,stellium,313,313
9xcXe4WRAfbVoVgQmFD5xgFHioL9dD7c74pQZ7PeczT,(none),286,0
9xcXe4WRAfbVoVgQmFD5xgFHioL9dD7c74pQZ7PeczT,0slot,30,30
9xcXe4WRAfbVoVgQmFD5xgFHioL9dD7c74pQZ7PeczT,AstraLane,62,62
9xcXe4WRAfbVoVgQmFD5xgFHioL9dD7c74pQZ7PeczT,Astralane,1,1
9xcXe4WRAfbVoVgQmFD5xgFHioL9dD7c74pQZ7PeczT,Falcon,76,76
9xcXe4WRAfbVoVgQmFD5xgFHioL9dD7c74pQZ7PeczT,Flashblock,1,1
9xcXe4WRAfbVoVgQmFD5xgFHioL9dD7c74pQZ7PeczT,Helius,164,164
9xcXe4WRAfbVoVgQmFD5xgFHioL9dD7c74pQZ7PeczT,Jito,46,46
9xcXe4WRAfbVoVgQmFD5xgFHioL9dD7c74pQZ7PeczT,Moon,1,1
9xcXe4WRAfbVoVgQmFD5xgFHioL9dD7c74pQZ7PeczT,Nextblock,22,22
9xcXe4WRAfbVoVgQmFD5xgFHioL9dD7c74pQZ7PeczT,NodeOne,91,91
9xcXe4WRAfbVoVgQmFD5xgFHioL9dD7c74pQZ7PeczT,Soyas,157,157
9xcXe4WRAfbVoVgQmFD5xgFHioL9dD7c74pQZ7PeczT,Stellium,67,67
9xcXe4WRAfbVoVgQmFD5xgFHioL9dD7c74pQZ7PeczT,Temporal,59,59
9xcXe4WRAfbVoVgQmFD5xgFHioL9dD7c74pQZ7PeczT,blockRazor,3,3
9xcXe4WRAfbVoVgQmFD5xgFHioL9dD7c74pQZ7PeczT,blockrazor,12,12
9xcXe4WRAfbVoVgQmFD5xgFHioL9dD7c74pQZ7PeczT,blocksprint,42,42
9xcXe4WRAfbVoVgQmFD5xgFHioL9dD7c74pQZ7PeczT,bloxroute,42,41
9xcXe4WRAfbVoVgQmFD5xgFHioL9dD7c74pQZ7PeczT,landX,98,98
9xcXe4WRAfbVoVgQmFD5xgFHioL9dD7c74pQZ7PeczT,stellium,153,153
A1vqhA2fS6K7CvHsJKX1ACcHJFEmyRg4KuR5pctHANy4,(none),24538,0
A1vqhA2fS6K7CvHsJKX1ACcHJFEmyRg4KuR5pctHANy4,0slot,1666,1666
A1vqhA2fS6K7CvHsJKX1ACcHJFEmyRg4KuR5pctHANy4,AstraLane,6117,6117
A1vqhA2fS6K7CvHsJKX1ACcHJFEmyRg4KuR5pctHANy4,Astralane,34,34
A1vqhA2fS6K7CvHsJKX1ACcHJFEmyRg4KuR5pctHANy4,BloxRoute,67,67
A1vqhA2fS6K7CvHsJKX1ACcHJFEmyRg4KuR5pctHANy4,Falcon,6110,6110
A1vqhA2fS6K7CvHsJKX1ACcHJFEmyRg4KuR5pctHANy4,Flashblock,23,23
A1vqhA2fS6K7CvHsJKX1ACcHJFEmyRg4KuR5pctHANy4,Helius,7243,7243
A1vqhA2fS6K7CvHsJKX1ACcHJFEmyRg4KuR5pctHANy4,Jito,2542,2541
A1vqhA2fS6K7CvHsJKX1ACcHJFEmyRg4KuR5pctHANy4,Moon,8,8
A1vqhA2fS6K7CvHsJKX1ACcHJFEmyRg4KuR5pctHANy4,Nextblock,1176,1176
A1vqhA2fS6K7CvHsJKX1ACcHJFEmyRg4KuR5pctHANy4,NodeOne,2557,2557
A1vqhA2fS6K7CvHsJKX1ACcHJFEmyRg4KuR5pctHANy4,Soyas,229,229
A1vqhA2fS6K7CvHsJKX1ACcHJFEmyRg4KuR5pctHANy4,Stellium,3975,3975
A1vqhA2fS6K7CvHsJKX1ACcHJFEmyRg4KuR5pctHANy4,Temporal,3097,3092
A1vqhA2fS6K7CvHsJKX1ACcHJFEmyRg4KuR5pctHANy4,blockRazor,140,140
A1vqhA2fS6K7CvHsJKX1ACcHJFEmyRg4KuR5pctHANy4,blockrazor,542,542
A1vqhA2fS6K7CvHsJKX1ACcHJFEmyRg4KuR5pctHANy4,blocksprint,2340,2340
A1vqhA2fS6K7CvHsJKX1ACcHJFEmyRg4KuR5pctHANy4,bloxroute,3859,3857
A1vqhA2fS6K7CvHsJKX1ACcHJFEmyRg4KuR5pctHANy4,landX,4575,4575
A1vqhA2fS6K7CvHsJKX1ACcHJFEmyRg4KuR5pctHANy4,stellium,10322,10322
A23LfQn6khffj2hGhGfXr6P52W2pxrVcCaHVQLYQgiX2,(none),1462,0
A23LfQn6khffj2hGhGfXr6P52W2pxrVcCaHVQLYQgiX2,0slot,142,142
A23LfQn6khffj2hGhGfXr6P52W2pxrVcCaHVQLYQgiX2,AstraLane,227,227
A23LfQn6khffj2hGhGfXr6P52W2pxrVcCaHVQLYQgiX2,BloxRoute,8,8
A23LfQn6khffj2hGhGfXr6P52W2pxrVcCaHVQLYQgiX2,Falcon,348,348
A23LfQn6khffj2hGhGfXr6P52W2pxrVcCaHVQLYQgiX2,Flashblock,1,1
A23LfQn6khffj2hGhGfXr6P52W2pxrVcCaHVQLYQgiX2,Helius,640,640
A23LfQn6khffj2hGhGfXr6P52W2pxrVcCaHVQLYQgiX2,Jito,125,125
A23LfQn6khffj2hGhGfXr6P52W2pxrVcCaHVQLYQgiX2,Nextblock,82,82
A23LfQn6khffj2hGhGfXr6P52W2pxrVcCaHVQLYQgiX2,NodeOne,91,91
A23LfQn6khffj2hGhGfXr6P52W2pxrVcCaHVQLYQgiX2,Soyas,16,16
A23LfQn6khffj2hGhGfXr6P52W2pxrVcCaHVQLYQgiX2,Stellium,273,273
A23LfQn6khffj2hGhGfXr6P52W2pxrVcCaHVQLYQgiX2,Temporal,217,217
A23LfQn6khffj2hGhGfXr6P52W2pxrVcCaHVQLYQgiX2,blockRazor,9,9
A23LfQn6khffj2hGhGfXr6P52W2pxrVcCaHVQLYQgiX2,blockrazor,38,38
A23LfQn6khffj2hGhGfXr6P52W2pxrVcCaHVQLYQgiX2,blocksprint,143,143
A23LfQn6khffj2hGhGfXr6P52W2pxrVcCaHVQLYQgiX2,bloxroute,42,41
A23LfQn6khffj2hGhGfXr6P52W2pxrVcCaHVQLYQgiX2,landX,464,464
A23LfQn6khffj2hGhGfXr6P52W2pxrVcCaHVQLYQgiX2,stellium,931,931
A4hyMd3FyvUJSRafDUSwtLLaQcxRP4r1BRC9w2AJ1to2,(none),1622,0
A4hyMd3FyvUJSRafDUSwtLLaQcxRP4r1BRC9w2AJ1to2,0slot,153,153
A4hyMd3FyvUJSRafDUSwtLLaQcxRP4r1BRC9w2AJ1to2,AstraLane,199,199
A4hyMd3FyvUJSRafDUSwtLLaQcxRP4r1BRC9w2AJ1to2,BloxRoute,2,2
A4hyMd3FyvUJSRafDUSwtLLaQcxRP4r1BRC9w2AJ1to2,Falcon,413,413
A4hyMd3FyvUJSRafDUSwtLLaQcxRP4r1BRC9w2AJ1to2,Flashblock,3,3
A4hyMd3FyvUJSRafDUSwtLLaQcxRP4r1BRC9w2AJ1to2,Helius,550,550
A4hyMd3FyvUJSRafDUSwtLLaQcxRP4r1BRC9w2AJ1to2,Jito,145,145
A4hyMd3FyvUJSRafDUSwtLLaQcxRP4r1BRC9w2AJ1to2,Nextblock,82,82
A4hyMd3FyvUJSRafDUSwtLLaQcxRP4r1BRC9w2AJ1to2,NodeOne,228,228
A4hyMd3FyvUJSRafDUSwtLLaQcxRP4r1BRC9w2AJ1to2,Soyas,22,22
A4hyMd3FyvUJSRafDUSwtLLaQcxRP4r1BRC9w2AJ1to2,Stellium,245,245
A4hyMd3FyvUJSRafDUSwtLLaQcxRP4r1BRC9w2AJ1to2,Temporal,191,191
A4hyMd3FyvUJSRafDUSwtLLaQcxRP4r1BRC9w2AJ1to2,blockRazor,16,16
A4hyMd3FyvUJSRafDUSwtLLaQcxRP4r1BRC9w2AJ1to2,blockrazor,32,32
A4hyMd3FyvUJSRafDUSwtLLaQcxRP4r1BRC9w2AJ1to2,blocksprint,165,165
A4hyMd3FyvUJSRafDUSwtLLaQcxRP4r1BRC9w2AJ1to2,bloxroute,44,44
A4hyMd3FyvUJSRafDUSwtLLaQcxRP4r1BRC9w2AJ1to2,landX,459,459
A4hyMd3FyvUJSRafDUSwtLLaQcxRP4r1BRC9w2AJ1to2,stellium,798,798
A9mvukTd77EbRoBX4ydSCFQHdu5bsRFkNXTTRstA8FAC,(none),8139,0
A9mvukTd77EbRoBX4ydSCFQHdu5bsRFkNXTTRstA8FAC,0slot,691,691
A9mvukTd77EbRoBX4ydSCFQHdu5bsRFkNXTTRstA8FAC,AstraLane,1115,1115
A9mvukTd77EbRoBX4ydSCFQHdu5bsRFkNXTTRstA8FAC,BloxRoute,30,30
A9mvukTd77EbRoBX4ydSCFQHdu5bsRFkNXTTRstA8FAC,Falcon,2177,2177
A9mvukTd77EbRoBX4ydSCFQHdu5bsRFkNXTTRstA8FAC,Flashblock,16,16
A9mvukTd77EbRoBX4ydSCFQHdu5bsRFkNXTTRstA8FAC,Helius,2830,2830
A9mvukTd77EbRoBX4ydSCFQHdu5bsRFkNXTTRstA8FAC,Jito,879,879
A9mvukTd77EbRoBX4ydSCFQHdu5bsRFkNXTTRstA8FAC,Moon,2,2
A9mvukTd77EbRoBX4ydSCFQHdu5bsRFkNXTTRstA8FAC,Nextblock,372,372
A9mvukTd77EbRoBX4ydSCFQHdu5bsRFkNXTTRstA8FAC,NodeOne,1091,1091
A9mvukTd77EbRoBX4ydSCFQHdu5bsRFkNXTTRstA8FAC,Soyas,85,85
A9mvukTd77EbRoBX4ydSCFQHdu5bsRFkNXTTRstA8FAC,Stellium,1421,1421
A9mvukTd77EbRoBX4ydSCFQHdu5bsRFkNXTTRstA8FAC,Temporal,941,940
A9mvukTd77EbRoBX4ydSCFQHdu5bsRFkNXTTRstA8FAC,blockRazor,50,50
A9mvukTd77EbRoBX4ydSCFQHdu5bsRFkNXTTRstA8FAC,blockrazor,173,173
A9mvukTd77EbRoBX4ydSCFQHdu5bsRFkNXTTRstA8FAC,blocksprint,895,895
A9mvukTd77EbRoBX4ydSCFQHdu5bsRFkNXTTRstA8FAC,bloxroute,1301,1301
A9mvukTd77EbRoBX4ydSCFQHdu5bsRFkNXTTRstA8FAC,landX,2599,2599
A9mvukTd77EbRoBX4ydSCFQHdu5bsRFkNXTTRstA8FAC,stellium,4567,4567
ABC1U4cf9DZMwqy8ktEr4WJj8VHmVBQibbC57gEJthwY,(none),648,0
ABC1U4cf9DZMwqy8ktEr4WJj8VHmVBQibbC57gEJthwY,0slot,83,83
ABC1U4cf9DZMwqy8ktEr4WJj8VHmVBQibbC57gEJthwY,AstraLane,88,88
ABC1U4cf9DZMwqy8ktEr4WJj8VHmVBQibbC57gEJthwY,BloxRoute,2,2
ABC1U4cf9DZMwqy8ktEr4WJj8VHmVBQibbC57gEJthwY,Falcon,206,206
ABC1U4cf9DZMwqy8ktEr4WJj8VHmVBQibbC57gEJthwY,Flashblock,4,4
ABC1U4cf9DZMwqy8ktEr4WJj8VHmVBQibbC57gEJthwY,Helius,247,247
ABC1U4cf9DZMwqy8ktEr4WJj8VHmVBQibbC57gEJthwY,Jito,68,68
ABC1U4cf9DZMwqy8ktEr4WJj8VHmVBQibbC57gEJthwY,Nextblock,27,27
ABC1U4cf9DZMwqy8ktEr4WJj8VHmVBQibbC57gEJthwY,NodeOne,77,77
ABC1U4cf9DZMwqy8ktEr4WJj8VHmVBQibbC57gEJthwY,Soyas,9,9
ABC1U4cf9DZMwqy8ktEr4WJj8VHmVBQibbC57gEJthwY,Stellium,120,120
ABC1U4cf9DZMwqy8ktEr4WJj8VHmVBQibbC57gEJthwY,Temporal,48,48
ABC1U4cf9DZMwqy8ktEr4WJj8VHmVBQibbC57gEJthwY,blockRazor,3,3
ABC1U4cf9DZMwqy8ktEr4WJj8VHmVBQibbC57gEJthwY,blockrazor,14,14
ABC1U4cf9DZMwqy8ktEr4WJj8VHmVBQibbC57gEJthwY,blocksprint,105,105
ABC1U4cf9DZMwqy8ktEr4WJj8VHmVBQibbC57gEJthwY,bloxroute,47,47
ABC1U4cf9DZMwqy8ktEr4WJj8VHmVBQibbC57gEJthwY,landX,335,335
ABC1U4cf9DZMwqy8ktEr4WJj8VHmVBQibbC57gEJthwY,stellium,456,456
ABREU5YkQcfpDZymoQ97iGUgQcfgjctWUUxEMfumiPdV,(none),481,0
ABREU5YkQcfpDZymoQ97iGUgQcfgjctWUUxEMfumiPdV,0slot,48,48
ABREU5YkQcfpDZymoQ97iGUgQcfgjctWUUxEMfumiPdV,AstraLane,84,84
ABREU5YkQcfpDZymoQ97iGUgQcfgjctWUUxEMfumiPdV,BloxRoute,1,1
ABREU5YkQcfpDZymoQ97iGUgQcfgjctWUUxEMfumiPdV,Falcon,106,106
ABREU5YkQcfpDZymoQ97iGUgQcfgjctWUUxEMfumiPdV,Helius,320,320
ABREU5YkQcfpDZymoQ97iGUgQcfgjctWUUxEMfumiPdV,Jito,21,21
ABREU5YkQcfpDZymoQ97iGUgQcfgjctWUUxEMfumiPdV,Nextblock,46,46
ABREU5YkQcfpDZymoQ97iGUgQcfgjctWUUxEMfumiPdV,NodeOne,76,76
ABREU5YkQcfpDZymoQ97iGUgQcfgjctWUUxEMfumiPdV,Soyas,9,9
ABREU5YkQcfpDZymoQ97iGUgQcfgjctWUUxEMfumiPdV,Stellium,73,73
ABREU5YkQcfpDZymoQ97iGUgQcfgjctWUUxEMfumiPdV,Temporal,36,36
ABREU5YkQcfpDZymoQ97iGUgQcfgjctWUUxEMfumiPdV,blockRazor,7,7
ABREU5YkQcfpDZymoQ97iGUgQcfgjctWUUxEMfumiPdV,blockrazor,8,8
ABREU5YkQcfpDZymoQ97iGUgQcfgjctWUUxEMfumiPdV,blocksprint,64,64
ABREU5YkQcfpDZymoQ97iGUgQcfgjctWUUxEMfumiPdV,bloxroute,5,5
ABREU5YkQcfpDZymoQ97iGUgQcfgjctWUUxEMfumiPdV,landX,180,180
ABREU5YkQcfpDZymoQ97iGUgQcfgjctWUUxEMfumiPdV,stellium,280,280
ACvL73V4GNnxPVfZ7K89jCrYurLyzpEuE9qirjvh2Xmi,(none),3235,0
ACvL73V4GNnxPVfZ7K89jCrYurLyzpEuE9qirjvh2Xmi,0slot,293,293
ACvL73V4GNnxPVfZ7K89jCrYurLyzpEuE9qirjvh2Xmi,AstraLane,585,585
ACvL73V4GNnxPVfZ7K89jCrYurLyzpEuE9qirjvh2Xmi,Astralane,2,2
ACvL73V4GNnxPVfZ7K89jCrYurLyzpEuE9qirjvh2Xmi,BloxRoute,3,3
ACvL73V4GNnxPVfZ7K89jCrYurLyzpEuE9qirjvh2Xmi,Falcon,258,258
ACvL73V4GNnxPVfZ7K89jCrYurLyzpEuE9qirjvh2Xmi,Flashblock,4,4
ACvL73V4GNnxPVfZ7K89jCrYurLyzpEuE9qirjvh2Xmi,Helius,1559,1559
ACvL73V4GNnxPVfZ7K89jCrYurLyzpEuE9qirjvh2Xmi,Jito,553,552
ACvL73V4GNnxPVfZ7K89jCrYurLyzpEuE9qirjvh2Xmi,Moon,3,3
ACvL73V4GNnxPVfZ7K89jCrYurLyzpEuE9qirjvh2Xmi,Nextblock,198,198
ACvL73V4GNnxPVfZ7K89jCrYurLyzpEuE9qirjvh2Xmi,NodeOne,486,486
ACvL73V4GNnxPVfZ7K89jCrYurLyzpEuE9qirjvh2Xmi,Soyas,47,47
ACvL73V4GNnxPVfZ7K89jCrYurLyzpEuE9qirjvh2Xmi,Stellium,405,405
ACvL73V4GNnxPVfZ7K89jCrYurLyzpEuE9qirjvh2Xmi,Temporal,430,430
ACvL73V4GNnxPVfZ7K89jCrYurLyzpEuE9qirjvh2Xmi,blockRazor,26,26
ACvL73V4GNnxPVfZ7K89jCrYurLyzpEuE9qirjvh2Xmi,blockrazor,87,87
ACvL73V4GNnxPVfZ7K89jCrYurLyzpEuE9qirjvh2Xmi,blocksprint,246,246
ACvL73V4GNnxPVfZ7K89jCrYurLyzpEuE9qirjvh2Xmi,bloxroute,324,323
ACvL73V4GNnxPVfZ7K89jCrYurLyzpEuE9qirjvh2Xmi,landX,1263,1263
ACvL73V4GNnxPVfZ7K89jCrYurLyzpEuE9qirjvh2Xmi,stellium,1472,1472
ADjyeNzWd8yhEjCVyAqT87eqoyGRbimERQsNhFQcXjop,(none),744,0
ADjyeNzWd8yhEjCVyAqT87eqoyGRbimERQsNhFQcXjop,0slot,60,60
ADjyeNzWd8yhEjCVyAqT87eqoyGRbimERQsNhFQcXjop,AstraLane,90,90
ADjyeNzWd8yhEjCVyAqT87eqoyGRbimERQsNhFQcXjop,BloxRoute,3,3
ADjyeNzWd8yhEjCVyAqT87eqoyGRbimERQsNhFQcXjop,Falcon,172,172
ADjyeNzWd8yhEjCVyAqT87eqoyGRbimERQsNhFQcXjop,Helius,234,234
ADjyeNzWd8yhEjCVyAqT87eqoyGRbimERQsNhFQcXjop,Jito,112,112
ADjyeNzWd8yhEjCVyAqT87eqoyGRbimERQsNhFQcXjop,Nextblock,37,37
ADjyeNzWd8yhEjCVyAqT87eqoyGRbimERQsNhFQcXjop,NodeOne,57,57
ADjyeNzWd8yhEjCVyAqT87eqoyGRbimERQsNhFQcXjop,Soyas,10,10
ADjyeNzWd8yhEjCVyAqT87eqoyGRbimERQsNhFQcXjop,Stellium,128,128
ADjyeNzWd8yhEjCVyAqT87eqoyGRbimERQsNhFQcXjop,Temporal,54,54
ADjyeNzWd8yhEjCVyAqT87eqoyGRbimERQsNhFQcXjop,blockRazor,4,4
ADjyeNzWd8yhEjCVyAqT87eqoyGRbimERQsNhFQcXjop,blockrazor,17,17
ADjyeNzWd8yhEjCVyAqT87eqoyGRbimERQsNhFQcXjop,blocksprint,54,54
ADjyeNzWd8yhEjCVyAqT87eqoyGRbimERQsNhFQcXjop,bloxroute,21,21
ADjyeNzWd8yhEjCVyAqT87eqoyGRbimERQsNhFQcXjop,landX,190,190
ADjyeNzWd8yhEjCVyAqT87eqoyGRbimERQsNhFQcXjop,stellium,344,344
AEAJtnjjB19XFreJH21UP8rfd12f9kxMmngwZG3tGXbP,(none),977,0
AEAJtnjjB19XFreJH21UP8rfd12f9kxMmngwZG3tGXbP,0slot,63,63
AEAJtnjjB19XFreJH21UP8rfd12f9kxMmngwZG3tGXbP,AstraLane,348,348
AEAJtnjjB19XFreJH21UP8rfd12f9kxMmngwZG3tGXbP,Astralane,1,1
AEAJtnjjB19XFreJH21UP8rfd12f9kxMmngwZG3tGXbP,BloxRoute,4,4
AEAJtnjjB19XFreJH21UP8rfd12f9kxMmngwZG3tGXbP,Falcon,326,326
AEAJtnjjB19XFreJH21UP8rfd12f9kxMmngwZG3tGXbP,Flashblock,1,1
AEAJtnjjB19XFreJH21UP8rfd12f9kxMmngwZG3tGXbP,Helius,245,245
AEAJtnjjB19XFreJH21UP8rfd12f9kxMmngwZG3tGXbP,Jito,123,123
AEAJtnjjB19XFreJH21UP8rfd12f9kxMmngwZG3tGXbP,Nextblock,56,56
AEAJtnjjB19XFreJH21UP8rfd12f9kxMmngwZG3tGXbP,NodeOne,60,60
AEAJtnjjB19XFreJH21UP8rfd12f9kxMmngwZG3tGXbP,Soyas,1,1
AEAJtnjjB19XFreJH21UP8rfd12f9kxMmngwZG3tGXbP,Stellium,164,164
AEAJtnjjB19XFreJH21UP8rfd12f9kxMmngwZG3tGXbP,Temporal,91,91
AEAJtnjjB19XFreJH21UP8rfd12f9kxMmngwZG3tGXbP,blockRazor,4,4
AEAJtnjjB19XFreJH21UP8rfd12f9kxMmngwZG3tGXbP,blockrazor,29,29
AEAJtnjjB19XFreJH21UP8rfd12f9kxMmngwZG3tGXbP,blocksprint,88,88
AEAJtnjjB19XFreJH21UP8rfd12f9kxMmngwZG3tGXbP,bloxroute,289,289
AEAJtnjjB19XFreJH21UP8rfd12f9kxMmngwZG3tGXbP,landX,124,124
AEAJtnjjB19XFreJH21UP8rfd12f9kxMmngwZG3tGXbP,stellium,377,377
AEHqTB2RtJjegsR2ePjvoJSm6AA5pnYKWVbcsn6kqTBD,(none),11076,0
AEHqTB2RtJjegsR2ePjvoJSm6AA5pnYKWVbcsn6kqTBD,0slot,781,781
AEHqTB2RtJjegsR2ePjvoJSm6AA5pnYKWVbcsn6kqTBD,AstraLane,1264,1264
AEHqTB2RtJjegsR2ePjvoJSm6AA5pnYKWVbcsn6kqTBD,Astralane,2,2
AEHqTB2RtJjegsR2ePjvoJSm6AA5pnYKWVbcsn6kqTBD,BloxRoute,16,16
AEHqTB2RtJjegsR2ePjvoJSm6AA5pnYKWVbcsn6kqTBD,Falcon,2160,2160
AEHqTB2RtJjegsR2ePjvoJSm6AA5pnYKWVbcsn6kqTBD,Flashblock,15,15
AEHqTB2RtJjegsR2ePjvoJSm6AA5pnYKWVbcsn6kqTBD,Helius,3858,3858
AEHqTB2RtJjegsR2ePjvoJSm6AA5pnYKWVbcsn6kqTBD,Jito,779,779
AEHqTB2RtJjegsR2ePjvoJSm6AA5pnYKWVbcsn6kqTBD,Moon,9,9
AEHqTB2RtJjegsR2ePjvoJSm6AA5pnYKWVbcsn6kqTBD,Nextblock,414,414
AEHqTB2RtJjegsR2ePjvoJSm6AA5pnYKWVbcsn6kqTBD,NodeOne,1301,1301
AEHqTB2RtJjegsR2ePjvoJSm6AA5pnYKWVbcsn6kqTBD,Soyas,124,124
AEHqTB2RtJjegsR2ePjvoJSm6AA5pnYKWVbcsn6kqTBD,Stellium,1613,1613
AEHqTB2RtJjegsR2ePjvoJSm6AA5pnYKWVbcsn6kqTBD,Temporal,1246,1246
AEHqTB2RtJjegsR2ePjvoJSm6AA5pnYKWVbcsn6kqTBD,blockRazor,55,55
AEHqTB2RtJjegsR2ePjvoJSm6AA5pnYKWVbcsn6kqTBD,blockrazor,241,241
AEHqTB2RtJjegsR2ePjvoJSm6AA5pnYKWVbcsn6kqTBD,blocksprint,993,993
AEHqTB2RtJjegsR2ePjvoJSm6AA5pnYKWVbcsn6kqTBD,bloxroute,660,659
AEHqTB2RtJjegsR2ePjvoJSm6AA5pnYKWVbcsn6kqTBD,landX,3315,3315
AEHqTB2RtJjegsR2ePjvoJSm6AA5pnYKWVbcsn6kqTBD,stellium,5424,5424
AG1PsJMQcutNUX64RD3bAhW7NpxWeFkqkgGizBznYFKW,(none),1458,0
AG1PsJMQcutNUX64RD3bAhW7NpxWeFkqkgGizBznYFKW,0slot,98,98
AG1PsJMQcutNUX64RD3bAhW7NpxWeFkqkgGizBznYFKW,AstraLane,233,233
AG1PsJMQcutNUX64RD3bAhW7NpxWeFkqkgGizBznYFKW,Astralane,5,5
AG1PsJMQcutNUX64RD3bAhW7NpxWeFkqkgGizBznYFKW,BloxRoute,6,6
AG1PsJMQcutNUX64RD3bAhW7NpxWeFkqkgGizBznYFKW,Falcon,349,349
AG1PsJMQcutNUX64RD3bAhW7NpxWeFkqkgGizBznYFKW,Flashblock,3,3
AG1PsJMQcutNUX64RD3bAhW7NpxWeFkqkgGizBznYFKW,Helius,483,483
AG1PsJMQcutNUX64RD3bAhW7NpxWeFkqkgGizBznYFKW,Jito,166,166
AG1PsJMQcutNUX64RD3bAhW7NpxWeFkqkgGizBznYFKW,Nextblock,53,53
AG1PsJMQcutNUX64RD3bAhW7NpxWeFkqkgGizBznYFKW,NodeOne,133,133
AG1PsJMQcutNUX64RD3bAhW7NpxWeFkqkgGizBznYFKW,Soyas,15,15
AG1PsJMQcutNUX64RD3bAhW7NpxWeFkqkgGizBznYFKW,Stellium,253,253
AG1PsJMQcutNUX64RD3bAhW7NpxWeFkqkgGizBznYFKW,Temporal,205,205
AG1PsJMQcutNUX64RD3bAhW7NpxWeFkqkgGizBznYFKW,blockRazor,9,9
AG1PsJMQcutNUX64RD3bAhW7NpxWeFkqkgGizBznYFKW,blockrazor,33,33
AG1PsJMQcutNUX64RD3bAhW7NpxWeFkqkgGizBznYFKW,blocksprint,264,264
AG1PsJMQcutNUX64RD3bAhW7NpxWeFkqkgGizBznYFKW,bloxroute,93,92
AG1PsJMQcutNUX64RD3bAhW7NpxWeFkqkgGizBznYFKW,landX,265,265
AG1PsJMQcutNUX64RD3bAhW7NpxWeFkqkgGizBznYFKW,stellium,595,595
AHZxzLeRGRfNVFrCmP58iJgEwbcXyZeAkZ32CmbfEmYR,(none),836,0
AHZxzLeRGRfNVFrCmP58iJgEwbcXyZeAkZ32CmbfEmYR,0slot,86,86
AHZxzLeRGRfNVFrCmP58iJgEwbcXyZeAkZ32CmbfEmYR,AstraLane,104,104
AHZxzLeRGRfNVFrCmP58iJgEwbcXyZeAkZ32CmbfEmYR,BloxRoute,2,2
AHZxzLeRGRfNVFrCmP58iJgEwbcXyZeAkZ32CmbfEmYR,Falcon,225,225
AHZxzLeRGRfNVFrCmP58iJgEwbcXyZeAkZ32CmbfEmYR,Flashblock,2,2
AHZxzLeRGRfNVFrCmP58iJgEwbcXyZeAkZ32CmbfEmYR,Helius,257,257
AHZxzLeRGRfNVFrCmP58iJgEwbcXyZeAkZ32CmbfEmYR,Jito,91,91
AHZxzLeRGRfNVFrCmP58iJgEwbcXyZeAkZ32CmbfEmYR,Nextblock,41,41
AHZxzLeRGRfNVFrCmP58iJgEwbcXyZeAkZ32CmbfEmYR,NodeOne,72,72
AHZxzLeRGRfNVFrCmP58iJgEwbcXyZeAkZ32CmbfEmYR,Soyas,8,8
AHZxzLeRGRfNVFrCmP58iJgEwbcXyZeAkZ32CmbfEmYR,Stellium,164,164
AHZxzLeRGRfNVFrCmP58iJgEwbcXyZeAkZ32CmbfEmYR,Temporal,91,90
AHZxzLeRGRfNVFrCmP58iJgEwbcXyZeAkZ32CmbfEmYR,blockRazor,1,1
AHZxzLeRGRfNVFrCmP58iJgEwbcXyZeAkZ32CmbfEmYR,blockrazor,32,32
AHZxzLeRGRfNVFrCmP58iJgEwbcXyZeAkZ32CmbfEmYR,blocksprint,62,62
AHZxzLeRGRfNVFrCmP58iJgEwbcXyZeAkZ32CmbfEmYR,bloxroute,43,43
AHZxzLeRGRfNVFrCmP58iJgEwbcXyZeAkZ32CmbfEmYR,landX,238,238
AHZxzLeRGRfNVFrCmP58iJgEwbcXyZeAkZ32CmbfEmYR,stellium,416,416
ALPHA6rdHZkx1om79xp47vX1iZXcbM3qfEwLyttZ1T7R,(none),715,0
ALPHA6rdHZkx1om79xp47vX1iZXcbM3qfEwLyttZ1T7R,0slot,69,69
ALPHA6rdHZkx1om79xp47vX1iZXcbM3qfEwLyttZ1T7R,AstraLane,112,112
ALPHA6rdHZkx1om79xp47vX1iZXcbM3qfEwLyttZ1T7R,Falcon,232,232
ALPHA6rdHZkx1om79xp47vX1iZXcbM3qfEwLyttZ1T7R,Flashblock,2,2
ALPHA6rdHZkx1om79xp47vX1iZXcbM3qfEwLyttZ1T7R,Helius,295,295
ALPHA6rdHZkx1om79xp47vX1iZXcbM3qfEwLyttZ1T7R,Jito,114,114
ALPHA6rdHZkx1om79xp47vX1iZXcbM3qfEwLyttZ1T7R,Nextblock,43,43
ALPHA6rdHZkx1om79xp47vX1iZXcbM3qfEwLyttZ1T7R,NodeOne,65,65
ALPHA6rdHZkx1om79xp47vX1iZXcbM3qfEwLyttZ1T7R,Soyas,7,7
ALPHA6rdHZkx1om79xp47vX1iZXcbM3qfEwLyttZ1T7R,Stellium,139,139
ALPHA6rdHZkx1om79xp47vX1iZXcbM3qfEwLyttZ1T7R,TEMPaMeCRFAS9EKF53Jd6KpHxgL47uWLcpFArU1Fanq,1,1
ALPHA6rdHZkx1om79xp47vX1iZXcbM3qfEwLyttZ1T7R,Temporal,103,103
ALPHA6rdHZkx1om79xp47vX1iZXcbM3qfEwLyttZ1T7R,blockrazor,26,26
ALPHA6rdHZkx1om79xp47vX1iZXcbM3qfEwLyttZ1T7R,blocksprint,90,90
ALPHA6rdHZkx1om79xp47vX1iZXcbM3qfEwLyttZ1T7R,bloxroute,48,48
ALPHA6rdHZkx1om79xp47vX1iZXcbM3qfEwLyttZ1T7R,landX,258,258
ALPHA6rdHZkx1om79xp47vX1iZXcbM3qfEwLyttZ1T7R,stellium,434,434
ALp2GdA1eJV8vZHMHazCtTxNXe3BLUSco9LDASgjDs8R,(none),1041,0
ALp2GdA1eJV8vZHMHazCtTxNXe3BLUSco9LDASgjDs8R,0slot,39,39
ALp2GdA1eJV8vZHMHazCtTxNXe3BLUSco9LDASgjDs8R,AstraLane,267,267
ALp2GdA1eJV8vZHMHazCtTxNXe3BLUSco9LDASgjDs8R,Astralane,2,2
ALp2GdA1eJV8vZHMHazCtTxNXe3BLUSco9LDASgjDs8R,Falcon,290,290
ALp2GdA1eJV8vZHMHazCtTxNXe3BLUSco9LDASgjDs8R,Flashblock,3,3
ALp2GdA1eJV8vZHMHazCtTxNXe3BLUSco9LDASgjDs8R,Helius,240,240
ALp2GdA1eJV8vZHMHazCtTxNXe3BLUSco9LDASgjDs8R,Jito,193,193
ALp2GdA1eJV8vZHMHazCtTxNXe3BLUSco9LDASgjDs8R,Moon,1,1
ALp2GdA1eJV8vZHMHazCtTxNXe3BLUSco9LDASgjDs8R,Nextblock,24,24
ALp2GdA1eJV8vZHMHazCtTxNXe3BLUSco9LDASgjDs8R,NodeOne,109,109
ALp2GdA1eJV8vZHMHazCtTxNXe3BLUSco9LDASgjDs8R,Soyas,6,6
ALp2GdA1eJV8vZHMHazCtTxNXe3BLUSco9LDASgjDs8R,Stellium,188,188
ALp2GdA1eJV8vZHMHazCtTxNXe3BLUSco9LDASgjDs8R,Temporal,96,96
ALp2GdA1eJV8vZHMHazCtTxNXe3BLUSco9LDASgjDs8R,blockRazor,2,2
ALp2GdA1eJV8vZHMHazCtTxNXe3BLUSco9LDASgjDs8R,blockrazor,16,16
ALp2GdA1eJV8vZHMHazCtTxNXe3BLUSco9LDASgjDs8R,blocksprint,66,66
ALp2GdA1eJV8vZHMHazCtTxNXe3BLUSco9LDASgjDs8R,bloxroute,244,244
ALp2GdA1eJV8vZHMHazCtTxNXe3BLUSco9LDASgjDs8R,landX,103,103
ALp2GdA1eJV8vZHMHazCtTxNXe3BLUSco9LDASgjDs8R,stellium,346,346
AMukCLCr52XxsEjXoDxKKxjNg4FpnsReXNaQx8aR6DJF,(none),6986,0
AMukCLCr52XxsEjXoDxKKxjNg4FpnsReXNaQx8aR6DJF,0slot,436,436
AMukCLCr52XxsEjXoDxKKxjNg4FpnsReXNaQx8aR6DJF,AstraLane,1810,1810
AMukCLCr52XxsEjXoDxKKxjNg4FpnsReXNaQx8aR6DJF,Astralane,8,8
AMukCLCr52XxsEjXoDxKKxjNg4FpnsReXNaQx8aR6DJF,BloxRoute,25,25
AMukCLCr52XxsEjXoDxKKxjNg4FpnsReXNaQx8aR6DJF,Falcon,1670,1670
AMukCLCr52XxsEjXoDxKKxjNg4FpnsReXNaQx8aR6DJF,Flashblock,7,7
AMukCLCr52XxsEjXoDxKKxjNg4FpnsReXNaQx8aR6DJF,Helius,2352,2352
AMukCLCr52XxsEjXoDxKKxjNg4FpnsReXNaQx8aR6DJF,Jito,975,975
AMukCLCr52XxsEjXoDxKKxjNg4FpnsReXNaQx8aR6DJF,Moon,2,2
AMukCLCr52XxsEjXoDxKKxjNg4FpnsReXNaQx8aR6DJF,Nextblock,357,357
AMukCLCr52XxsEjXoDxKKxjNg4FpnsReXNaQx8aR6DJF,NodeOne,824,824
AMukCLCr52XxsEjXoDxKKxjNg4FpnsReXNaQx8aR6DJF,Soyas,59,59
AMukCLCr52XxsEjXoDxKKxjNg4FpnsReXNaQx8aR6DJF,Stellium,1108,1108
AMukCLCr52XxsEjXoDxKKxjNg4FpnsReXNaQx8aR6DJF,Temporal,869,867
AMukCLCr52XxsEjXoDxKKxjNg4FpnsReXNaQx8aR6DJF,blockRazor,38,38
AMukCLCr52XxsEjXoDxKKxjNg4FpnsReXNaQx8aR6DJF,blockrazor,152,152
AMukCLCr52XxsEjXoDxKKxjNg4FpnsReXNaQx8aR6DJF,blocksprint,852,852
AMukCLCr52XxsEjXoDxKKxjNg4FpnsReXNaQx8aR6DJF,bloxroute,1127,1126
AMukCLCr52XxsEjXoDxKKxjNg4FpnsReXNaQx8aR6DJF,landX,1394,1394
AMukCLCr52XxsEjXoDxKKxjNg4FpnsReXNaQx8aR6DJF,stellium,2818,2818
ANC1u9sY36q3mi2MyVhtz71un8yLgTsFBUuyLcSPzKsk,(none),1526,0
ANC1u9sY36q3mi2MyVhtz71un8yLgTsFBUuyLcSPzKsk,0slot,119,119
ANC1u9sY36q3mi2MyVhtz71un8yLgTsFBUuyLcSPzKsk,AstraLane,207,207
ANC1u9sY36q3mi2MyVhtz71un8yLgTsFBUuyLcSPzKsk,BloxRoute,3,3
ANC1u9sY36q3mi2MyVhtz71un8yLgTsFBUuyLcSPzKsk,Falcon,388,388
ANC1u9sY36q3mi2MyVhtz71un8yLgTsFBUuyLcSPzKsk,Flashblock,8,8
ANC1u9sY36q3mi2MyVhtz71un8yLgTsFBUuyLcSPzKsk,Helius,624,624
ANC1u9sY36q3mi2MyVhtz71un8yLgTsFBUuyLcSPzKsk,Jito,230,230
ANC1u9sY36q3mi2MyVhtz71un8yLgTsFBUuyLcSPzKsk,Nextblock,59,59
ANC1u9sY36q3mi2MyVhtz71un8yLgTsFBUuyLcSPzKsk,NodeOne,113,113
ANC1u9sY36q3mi2MyVhtz71un8yLgTsFBUuyLcSPzKsk,Soyas,10,10
ANC1u9sY36q3mi2MyVhtz71un8yLgTsFBUuyLcSPzKsk,Stellium,280,280
ANC1u9sY36q3mi2MyVhtz71un8yLgTsFBUuyLcSPzKsk,Temporal,176,175
ANC1u9sY36q3mi2MyVhtz71un8yLgTsFBUuyLcSPzKsk,blockRazor,10,10
ANC1u9sY36q3mi2MyVhtz71un8yLgTsFBUuyLcSPzKsk,blockrazor,32,32
ANC1u9sY36q3mi2MyVhtz71un8yLgTsFBUuyLcSPzKsk,blocksprint,143,143
ANC1u9sY36q3mi2MyVhtz71un8yLgTsFBUuyLcSPzKsk,bloxroute,117,117
ANC1u9sY36q3mi2MyVhtz71un8yLgTsFBUuyLcSPzKsk,landX,648,648
ANC1u9sY36q3mi2MyVhtz71un8yLgTsFBUuyLcSPzKsk,stellium,996,996
AWZhUiQjrjtxL8MEMWsCFbMausFQKkdTnDsFW2i411hN,(none),201,0
AWZhUiQjrjtxL8MEMWsCFbMausFQKkdTnDsFW2i411hN,0slot,26,26
AWZhUiQjrjtxL8MEMWsCFbMausFQKkdTnDsFW2i411hN,AstraLane,29,29
AWZhUiQjrjtxL8MEMWsCFbMausFQKkdTnDsFW2i411hN,Falcon,67,67
AWZhUiQjrjtxL8MEMWsCFbMausFQKkdTnDsFW2i411hN,Flashblock,2,2
AWZhUiQjrjtxL8MEMWsCFbMausFQKkdTnDsFW2i411hN,Helius,85,85
AWZhUiQjrjtxL8MEMWsCFbMausFQKkdTnDsFW2i411hN,Jito,25,25
AWZhUiQjrjtxL8MEMWsCFbMausFQKkdTnDsFW2i411hN,Nextblock,5,5
AWZhUiQjrjtxL8MEMWsCFbMausFQKkdTnDsFW2i411hN,NodeOne,20,20
AWZhUiQjrjtxL8MEMWsCFbMausFQKkdTnDsFW2i411hN,Soyas,1,1
AWZhUiQjrjtxL8MEMWsCFbMausFQKkdTnDsFW2i411hN,Stellium,47,47
AWZhUiQjrjtxL8MEMWsCFbMausFQKkdTnDsFW2i411hN,Temporal,27,27
AWZhUiQjrjtxL8MEMWsCFbMausFQKkdTnDsFW2i411hN,blockrazor,4,4
AWZhUiQjrjtxL8MEMWsCFbMausFQKkdTnDsFW2i411hN,blocksprint,12,12
AWZhUiQjrjtxL8MEMWsCFbMausFQKkdTnDsFW2i411hN,bloxroute,9,9
AWZhUiQjrjtxL8MEMWsCFbMausFQKkdTnDsFW2i411hN,landX,53,53
AWZhUiQjrjtxL8MEMWsCFbMausFQKkdTnDsFW2i411hN,stellium,92,92
AWcCdYG7Dy6GX45c6QMPbgGwgRZPKcBDT4bXGb3QrVRV,(none),8641,0
AWcCdYG7Dy6GX45c6QMPbgGwgRZPKcBDT4bXGb3QrVRV,0slot,734,734
AWcCdYG7Dy6GX45c6QMPbgGwgRZPKcBDT4bXGb3QrVRV,AstraLane,940,940
AWcCdYG7Dy6GX45c6QMPbgGwgRZPKcBDT4bXGb3QrVRV,Astralane,1,1
AWcCdYG7Dy6GX45c6QMPbgGwgRZPKcBDT4bXGb3QrVRV,BloxRoute,26,26
AWcCdYG7Dy6GX45c6QMPbgGwgRZPKcBDT4bXGb3QrVRV,Falcon,2026,2026
AWcCdYG7Dy6GX45c6QMPbgGwgRZPKcBDT4bXGb3QrVRV,Flashblock,11,11
AWcCdYG7Dy6GX45c6QMPbgGwgRZPKcBDT4bXGb3QrVRV,Helius,2941,2940
AWcCdYG7Dy6GX45c6QMPbgGwgRZPKcBDT4bXGb3QrVRV,Jito,920,920
AWcCdYG7Dy6GX45c6QMPbgGwgRZPKcBDT4bXGb3QrVRV,Moon,2,2
AWcCdYG7Dy6GX45c6QMPbgGwgRZPKcBDT4bXGb3QrVRV,Nextblock,405,405
AWcCdYG7Dy6GX45c6QMPbgGwgRZPKcBDT4bXGb3QrVRV,NodeOne,851,851
AWcCdYG7Dy6GX45c6QMPbgGwgRZPKcBDT4bXGb3QrVRV,Soyas,73,73
AWcCdYG7Dy6GX45c6QMPbgGwgRZPKcBDT4bXGb3QrVRV,Stellium,1372,1372
AWcCdYG7Dy6GX45c6QMPbgGwgRZPKcBDT4bXGb3QrVRV,Temporal,1008,1008
AWcCdYG7Dy6GX45c6QMPbgGwgRZPKcBDT4bXGb3QrVRV,blockRazor,37,37
AWcCdYG7Dy6GX45c6QMPbgGwgRZPKcBDT4bXGb3QrVRV,blockrazor,209,209
AWcCdYG7Dy6GX45c6QMPbgGwgRZPKcBDT4bXGb3QrVRV,blocksprint,754,754
AWcCdYG7Dy6GX45c6QMPbgGwgRZPKcBDT4bXGb3QrVRV,bloxroute,406,406
AWcCdYG7Dy6GX45c6QMPbgGwgRZPKcBDT4bXGb3QrVRV,landX,2332,2332
AWcCdYG7Dy6GX45c6QMPbgGwgRZPKcBDT4bXGb3QrVRV,stellium,4324,4324
AccReGBNBdUCEJ7ZyP231jw7uVJ3eF9u4cLBFAyqQuWm,(none),101,0
AccReGBNBdUCEJ7ZyP231jw7uVJ3eF9u4cLBFAyqQuWm,0slot,19,19
AccReGBNBdUCEJ7ZyP231jw7uVJ3eF9u4cLBFAyqQuWm,AstraLane,23,23
AccReGBNBdUCEJ7ZyP231jw7uVJ3eF9u4cLBFAyqQuWm,BloxRoute,1,1
AccReGBNBdUCEJ7ZyP231jw7uVJ3eF9u4cLBFAyqQuWm,Falcon,12,12
AccReGBNBdUCEJ7ZyP231jw7uVJ3eF9u4cLBFAyqQuWm,Flashblock,1,1
AccReGBNBdUCEJ7ZyP231jw7uVJ3eF9u4cLBFAyqQuWm,Helius,43,43
AccReGBNBdUCEJ7ZyP231jw7uVJ3eF9u4cLBFAyqQuWm,Jito,11,11
AccReGBNBdUCEJ7ZyP231jw7uVJ3eF9u4cLBFAyqQuWm,Nextblock,7,7
AccReGBNBdUCEJ7ZyP231jw7uVJ3eF9u4cLBFAyqQuWm,NodeOne,17,17
AccReGBNBdUCEJ7ZyP231jw7uVJ3eF9u4cLBFAyqQuWm,Stellium,24,24
AccReGBNBdUCEJ7ZyP231jw7uVJ3eF9u4cLBFAyqQuWm,Temporal,19,19
AccReGBNBdUCEJ7ZyP231jw7uVJ3eF9u4cLBFAyqQuWm,blockRazor,1,1
AccReGBNBdUCEJ7ZyP231jw7uVJ3eF9u4cLBFAyqQuWm,blockrazor,4,4
AccReGBNBdUCEJ7ZyP231jw7uVJ3eF9u4cLBFAyqQuWm,blocksprint,7,7
AccReGBNBdUCEJ7ZyP231jw7uVJ3eF9u4cLBFAyqQuWm,bloxroute,2,2
AccReGBNBdUCEJ7ZyP231jw7uVJ3eF9u4cLBFAyqQuWm,landX,32,32
AccReGBNBdUCEJ7ZyP231jw7uVJ3eF9u4cLBFAyqQuWm,stellium,68,68
AdSHK6vpQnwHRSw7jXUwjMEytmhFwnynZSENhvpAxL1y,(none),330,0
AdSHK6vpQnwHRSw7jXUwjMEytmhFwnynZSENhvpAxL1y,0slot,45,45
AdSHK6vpQnwHRSw7jXUwjMEytmhFwnynZSENhvpAxL1y,AstraLane,52,52
AdSHK6vpQnwHRSw7jXUwjMEytmhFwnynZSENhvpAxL1y,BloxRoute,1,1
AdSHK6vpQnwHRSw7jXUwjMEytmhFwnynZSENhvpAxL1y,Falcon,51,51
AdSHK6vpQnwHRSw7jXUwjMEytmhFwnynZSENhvpAxL1y,Helius,135,135
AdSHK6vpQnwHRSw7jXUwjMEytmhFwnynZSENhvpAxL1y,Jito,50,50
AdSHK6vpQnwHRSw7jXUwjMEytmhFwnynZSENhvpAxL1y,Nextblock,18,18
AdSHK6vpQnwHRSw7jXUwjMEytmhFwnynZSENhvpAxL1y,NodeOne,46,46
AdSHK6vpQnwHRSw7jXUwjMEytmhFwnynZSENhvpAxL1y,Soyas,1,1
AdSHK6vpQnwHRSw7jXUwjMEytmhFwnynZSENhvpAxL1y,Stellium,42,42
AdSHK6vpQnwHRSw7jXUwjMEytmhFwnynZSENhvpAxL1y,Temporal,38,38
AdSHK6vpQnwHRSw7jXUwjMEytmhFwnynZSENhvpAxL1y,blockRazor,5,5
AdSHK6vpQnwHRSw7jXUwjMEytmhFwnynZSENhvpAxL1y,blockrazor,8,8
AdSHK6vpQnwHRSw7jXUwjMEytmhFwnynZSENhvpAxL1y,blocksprint,33,33
AdSHK6vpQnwHRSw7jXUwjMEytmhFwnynZSENhvpAxL1y,bloxroute,20,20
AdSHK6vpQnwHRSw7jXUwjMEytmhFwnynZSENhvpAxL1y,landX,93,93
AdSHK6vpQnwHRSw7jXUwjMEytmhFwnynZSENhvpAxL1y,stellium,136,136
AfZTWYoFQbzqCMmUBTD7XwxFvjob1FVyCvkaXRryxtKc,(none),1585,0
AfZTWYoFQbzqCMmUBTD7XwxFvjob1FVyCvkaXRryxtKc,0slot,168,168
AfZTWYoFQbzqCMmUBTD7XwxFvjob1FVyCvkaXRryxtKc,AstraLane,314,314
AfZTWYoFQbzqCMmUBTD7XwxFvjob1FVyCvkaXRryxtKc,BloxRoute,4,4
AfZTWYoFQbzqCMmUBTD7XwxFvjob1FVyCvkaXRryxtKc,Falcon,408,408
AfZTWYoFQbzqCMmUBTD7XwxFvjob1FVyCvkaXRryxtKc,Flashblock,1,1
AfZTWYoFQbzqCMmUBTD7XwxFvjob1FVyCvkaXRryxtKc,Helius,664,664
AfZTWYoFQbzqCMmUBTD7XwxFvjob1FVyCvkaXRryxtKc,Jito,165,165
AfZTWYoFQbzqCMmUBTD7XwxFvjob1FVyCvkaXRryxtKc,Moon,1,1
AfZTWYoFQbzqCMmUBTD7XwxFvjob1FVyCvkaXRryxtKc,Nextblock,89,89
AfZTWYoFQbzqCMmUBTD7XwxFvjob1FVyCvkaXRryxtKc,NodeOne,148,148
AfZTWYoFQbzqCMmUBTD7XwxFvjob1FVyCvkaXRryxtKc,Soyas,17,17
AfZTWYoFQbzqCMmUBTD7XwxFvjob1FVyCvkaXRryxtKc,Stellium,355,355
AfZTWYoFQbzqCMmUBTD7XwxFvjob1FVyCvkaXRryxtKc,Temporal,204,204
AfZTWYoFQbzqCMmUBTD7XwxFvjob1FVyCvkaXRryxtKc,blockRazor,10,10
AfZTWYoFQbzqCMmUBTD7XwxFvjob1FVyCvkaXRryxtKc,blockrazor,50,50
AfZTWYoFQbzqCMmUBTD7XwxFvjob1FVyCvkaXRryxtKc,blocksprint,235,235
AfZTWYoFQbzqCMmUBTD7XwxFvjob1FVyCvkaXRryxtKc,bloxroute,250,250
AfZTWYoFQbzqCMmUBTD7XwxFvjob1FVyCvkaXRryxtKc,landX,755,755
AfZTWYoFQbzqCMmUBTD7XwxFvjob1FVyCvkaXRryxtKc,stellium,1163,1163
AiBEt9kE8yZ4CnaLfTCGMp7Fg2wCtqhPTfvJ8D3zrLfu,(none),480,0
AiBEt9kE8yZ4CnaLfTCGMp7Fg2wCtqhPTfvJ8D3zrLfu,0slot,54,54
AiBEt9kE8yZ4CnaLfTCGMp7Fg2wCtqhPTfvJ8D3zrLfu,AstraLane,57,57
AiBEt9kE8yZ4CnaLfTCGMp7Fg2wCtqhPTfvJ8D3zrLfu,Astralane,1,1
AiBEt9kE8yZ4CnaLfTCGMp7Fg2wCtqhPTfvJ8D3zrLfu,BloxRoute,3,3
AiBEt9kE8yZ4CnaLfTCGMp7Fg2wCtqhPTfvJ8D3zrLfu,Falcon,198,198
AiBEt9kE8yZ4CnaLfTCGMp7Fg2wCtqhPTfvJ8D3zrLfu,Flashblock,3,3
AiBEt9kE8yZ4CnaLfTCGMp7Fg2wCtqhPTfvJ8D3zrLfu,Helius,186,186
AiBEt9kE8yZ4CnaLfTCGMp7Fg2wCtqhPTfvJ8D3zrLfu,Jito,58,58
AiBEt9kE8yZ4CnaLfTCGMp7Fg2wCtqhPTfvJ8D3zrLfu,Nextblock,29,29
AiBEt9kE8yZ4CnaLfTCGMp7Fg2wCtqhPTfvJ8D3zrLfu,NodeOne,77,77
AiBEt9kE8yZ4CnaLfTCGMp7Fg2wCtqhPTfvJ8D3zrLfu,Soyas,7,7
AiBEt9kE8yZ4CnaLfTCGMp7Fg2wCtqhPTfvJ8D3zrLfu,Stellium,136,136
AiBEt9kE8yZ4CnaLfTCGMp7Fg2wCtqhPTfvJ8D3zrLfu,Temporal,57,57
AiBEt9kE8yZ4CnaLfTCGMp7Fg2wCtqhPTfvJ8D3zrLfu,blockRazor,4,4
AiBEt9kE8yZ4CnaLfTCGMp7Fg2wCtqhPTfvJ8D3zrLfu,blockrazor,12,12
AiBEt9kE8yZ4CnaLfTCGMp7Fg2wCtqhPTfvJ8D3zrLfu,blocksprint,85,85
AiBEt9kE8yZ4CnaLfTCGMp7Fg2wCtqhPTfvJ8D3zrLfu,bloxroute,21,21
AiBEt9kE8yZ4CnaLfTCGMp7Fg2wCtqhPTfvJ8D3zrLfu,landX,102,102
AiBEt9kE8yZ4CnaLfTCGMp7Fg2wCtqhPTfvJ8D3zrLfu,stellium,280,280
AiDoLWFKzNxSXKeZ4zym2TEPkg6F4kQ3YBA8WhANVPEq,(none),4051,0
AiDoLWFKzNxSXKeZ4zym2TEPkg6F4kQ3YBA8WhANVPEq,0slot,339,339
AiDoLWFKzNxSXKeZ4zym2TEPkg6F4kQ3YBA8WhANVPEq,AstraLane,451,451
AiDoLWFKzNxSXKeZ4zym2TEPkg6F4kQ3YBA8WhANVPEq,BloxRoute,11,11
AiDoLWFKzNxSXKeZ4zym2TEPkg6F4kQ3YBA8WhANVPEq,Falcon,1178,1178
AiDoLWFKzNxSXKeZ4zym2TEPkg6F4kQ3YBA8WhANVPEq,Flashblock,5,5
AiDoLWFKzNxSXKeZ4zym2TEPkg6F4kQ3YBA8WhANVPEq,Helius,1286,1286
AiDoLWFKzNxSXKeZ4zym2TEPkg6F4kQ3YBA8WhANVPEq,Jito,508,508
AiDoLWFKzNxSXKeZ4zym2TEPkg6F4kQ3YBA8WhANVPEq,Nextblock,178,178
AiDoLWFKzNxSXKeZ4zym2TEPkg6F4kQ3YBA8WhANVPEq,NodeOne,493,493
AiDoLWFKzNxSXKeZ4zym2TEPkg6F4kQ3YBA8WhANVPEq,Soyas,28,28
AiDoLWFKzNxSXKeZ4zym2TEPkg6F4kQ3YBA8WhANVPEq,Stellium,728,728
AiDoLWFKzNxSXKeZ4zym2TEPkg6F4kQ3YBA8WhANVPEq,Temporal,534,534
AiDoLWFKzNxSXKeZ4zym2TEPkg6F4kQ3YBA8WhANVPEq,blockRazor,15,15
AiDoLWFKzNxSXKeZ4zym2TEPkg6F4kQ3YBA8WhANVPEq,blockrazor,94,94
AiDoLWFKzNxSXKeZ4zym2TEPkg6F4kQ3YBA8WhANVPEq,blocksprint,390,390
AiDoLWFKzNxSXKeZ4zym2TEPkg6F4kQ3YBA8WhANVPEq,bloxroute,157,156
AiDoLWFKzNxSXKeZ4zym2TEPkg6F4kQ3YBA8WhANVPEq,landX,1244,1244
AiDoLWFKzNxSXKeZ4zym2TEPkg6F4kQ3YBA8WhANVPEq,stellium,2320,2320
AicQr2zCWBLiBwt2r6o7iTemmtyE7q5pTKyuuupbXEQA,(none),4204,0
AicQr2zCWBLiBwt2r6o7iTemmtyE7q5pTKyuuupbXEQA,0slot,299,299
AicQr2zCWBLiBwt2r6o7iTemmtyE7q5pTKyuuupbXEQA,AstraLane,1062,1062
AicQr2zCWBLiBwt2r6o7iTemmtyE7q5pTKyuuupbXEQA,Astralane,6,6
AicQr2zCWBLiBwt2r6o7iTemmtyE7q5pTKyuuupbXEQA,BloxRoute,10,10
AicQr2zCWBLiBwt2r6o7iTemmtyE7q5pTKyuuupbXEQA,Falcon,1054,1054
AicQr2zCWBLiBwt2r6o7iTemmtyE7q5pTKyuuupbXEQA,Flashblock,9,9
AicQr2zCWBLiBwt2r6o7iTemmtyE7q5pTKyuuupbXEQA,Helius,1328,1328
AicQr2zCWBLiBwt2r6o7iTemmtyE7q5pTKyuuupbXEQA,Jito,365,365
AicQr2zCWBLiBwt2r6o7iTemmtyE7q5pTKyuuupbXEQA,Moon,3,3
AicQr2zCWBLiBwt2r6o7iTemmtyE7q5pTKyuuupbXEQA,Nextblock,216,216
AicQr2zCWBLiBwt2r6o7iTemmtyE7q5pTKyuuupbXEQA,NodeOne,248,248
AicQr2zCWBLiBwt2r6o7iTemmtyE7q5pTKyuuupbXEQA,Soyas,47,47
AicQr2zCWBLiBwt2r6o7iTemmtyE7q5pTKyuuupbXEQA,Stellium,672,672
AicQr2zCWBLiBwt2r6o7iTemmtyE7q5pTKyuuupbXEQA,Temporal,587,587
AicQr2zCWBLiBwt2r6o7iTemmtyE7q5pTKyuuupbXEQA,blockRazor,21,21
AicQr2zCWBLiBwt2r6o7iTemmtyE7q5pTKyuuupbXEQA,blockrazor,86,86
AicQr2zCWBLiBwt2r6o7iTemmtyE7q5pTKyuuupbXEQA,blocksprint,420,420
AicQr2zCWBLiBwt2r6o7iTemmtyE7q5pTKyuuupbXEQA,bloxroute,585,585
AicQr2zCWBLiBwt2r6o7iTemmtyE7q5pTKyuuupbXEQA,landX,796,796
AicQr2zCWBLiBwt2r6o7iTemmtyE7q5pTKyuuupbXEQA,stellium,1747,1747
AjGby82yXeYgj3kmng9y3c4nQpZFmiPpJKecLJTHbfbP,(none),482,0
AjGby82yXeYgj3kmng9y3c4nQpZFmiPpJKecLJTHbfbP,0slot,42,42
AjGby82yXeYgj3kmng9y3c4nQpZFmiPpJKecLJTHbfbP,AstraLane,51,51
AjGby82yXeYgj3kmng9y3c4nQpZFmiPpJKecLJTHbfbP,BloxRoute,2,2
AjGby82yXeYgj3kmng9y3c4nQpZFmiPpJKecLJTHbfbP,Falcon,97,97
AjGby82yXeYgj3kmng9y3c4nQpZFmiPpJKecLJTHbfbP,Helius,188,188
AjGby82yXeYgj3kmng9y3c4nQpZFmiPpJKecLJTHbfbP,Jito,55,55
AjGby82yXeYgj3kmng9y3c4nQpZFmiPpJKecLJTHbfbP,Nextblock,30,30
AjGby82yXeYgj3kmng9y3c4nQpZFmiPpJKecLJTHbfbP,NodeOne,41,41
AjGby82yXeYgj3kmng9y3c4nQpZFmiPpJKecLJTHbfbP,Soyas,4,4
AjGby82yXeYgj3kmng9y3c4nQpZFmiPpJKecLJTHbfbP,Stellium,113,113
AjGby82yXeYgj3kmng9y3c4nQpZFmiPpJKecLJTHbfbP,Temporal,43,43
AjGby82yXeYgj3kmng9y3c4nQpZFmiPpJKecLJTHbfbP,blockRazor,1,1
AjGby82yXeYgj3kmng9y3c4nQpZFmiPpJKecLJTHbfbP,blockrazor,16,16
AjGby82yXeYgj3kmng9y3c4nQpZFmiPpJKecLJTHbfbP,blocksprint,48,48
AjGby82yXeYgj3kmng9y3c4nQpZFmiPpJKecLJTHbfbP,bloxroute,23,23
AjGby82yXeYgj3kmng9y3c4nQpZFmiPpJKecLJTHbfbP,landX,119,119
AjGby82yXeYgj3kmng9y3c4nQpZFmiPpJKecLJTHbfbP,stellium,249,249
AmhQFcGvH2hjkucP78rn6GMKSbstYwyFpCDVKZUwBGrG,(none),640,0
AmhQFcGvH2hjkucP78rn6GMKSbstYwyFpCDVKZUwBGrG,0slot,58,58
AmhQFcGvH2hjkucP78rn6GMKSbstYwyFpCDVKZUwBGrG,AstraLane,95,95
AmhQFcGvH2hjkucP78rn6GMKSbstYwyFpCDVKZUwBGrG,Falcon,223,223
AmhQFcGvH2hjkucP78rn6GMKSbstYwyFpCDVKZUwBGrG,Helius,154,154
AmhQFcGvH2hjkucP78rn6GMKSbstYwyFpCDVKZUwBGrG,Jito,74,74
AmhQFcGvH2hjkucP78rn6GMKSbstYwyFpCDVKZUwBGrG,Moon,1,1
AmhQFcGvH2hjkucP78rn6GMKSbstYwyFpCDVKZUwBGrG,Nextblock,21,21
AmhQFcGvH2hjkucP78rn6GMKSbstYwyFpCDVKZUwBGrG,NodeOne,47,47
AmhQFcGvH2hjkucP78rn6GMKSbstYwyFpCDVKZUwBGrG,Soyas,7,7
AmhQFcGvH2hjkucP78rn6GMKSbstYwyFpCDVKZUwBGrG,Stellium,128,128
AmhQFcGvH2hjkucP78rn6GMKSbstYwyFpCDVKZUwBGrG,Temporal,81,81
AmhQFcGvH2hjkucP78rn6GMKSbstYwyFpCDVKZUwBGrG,blockRazor,1,1
AmhQFcGvH2hjkucP78rn6GMKSbstYwyFpCDVKZUwBGrG,blockrazor,20,20
AmhQFcGvH2hjkucP78rn6GMKSbstYwyFpCDVKZUwBGrG,blocksprint,52,52
AmhQFcGvH2hjkucP78rn6GMKSbstYwyFpCDVKZUwBGrG,bloxroute,23,23
AmhQFcGvH2hjkucP78rn6GMKSbstYwyFpCDVKZUwBGrG,landX,274,274
AmhQFcGvH2hjkucP78rn6GMKSbstYwyFpCDVKZUwBGrG,stellium,317,317
AmjX7CerZbHrU814UeBp2gJC7gANNG3KrP4c3RyD7TSD,(none),659,0
AmjX7CerZbHrU814UeBp2gJC7gANNG3KrP4c3RyD7TSD,0slot,73,73
AmjX7CerZbHrU814UeBp2gJC7gANNG3KrP4c3RyD7TSD,AstraLane,68,68
AmjX7CerZbHrU814UeBp2gJC7gANNG3KrP4c3RyD7TSD,Astralane,1,1
AmjX7CerZbHrU814UeBp2gJC7gANNG3KrP4c3RyD7TSD,BloxRoute,2,2
AmjX7CerZbHrU814UeBp2gJC7gANNG3KrP4c3RyD7TSD,Falcon,100,100
AmjX7CerZbHrU814UeBp2gJC7gANNG3KrP4c3RyD7TSD,Flashblock,2,2
AmjX7CerZbHrU814UeBp2gJC7gANNG3KrP4c3RyD7TSD,Helius,258,258
AmjX7CerZbHrU814UeBp2gJC7gANNG3KrP4c3RyD7TSD,Jito,90,90
AmjX7CerZbHrU814UeBp2gJC7gANNG3KrP4c3RyD7TSD,Moon,1,1
AmjX7CerZbHrU814UeBp2gJC7gANNG3KrP4c3RyD7TSD,Nextblock,27,27
AmjX7CerZbHrU814UeBp2gJC7gANNG3KrP4c3RyD7TSD,NodeOne,42,42
AmjX7CerZbHrU814UeBp2gJC7gANNG3KrP4c3RyD7TSD,Soyas,5,5
AmjX7CerZbHrU814UeBp2gJC7gANNG3KrP4c3RyD7TSD,Stellium,106,106
AmjX7CerZbHrU814UeBp2gJC7gANNG3KrP4c3RyD7TSD,Temporal,88,88
AmjX7CerZbHrU814UeBp2gJC7gANNG3KrP4c3RyD7TSD,blockRazor,4,4
AmjX7CerZbHrU814UeBp2gJC7gANNG3KrP4c3RyD7TSD,blockrazor,20,20
AmjX7CerZbHrU814UeBp2gJC7gANNG3KrP4c3RyD7TSD,blocksprint,65,65
AmjX7CerZbHrU814UeBp2gJC7gANNG3KrP4c3RyD7TSD,bloxroute,10,10
AmjX7CerZbHrU814UeBp2gJC7gANNG3KrP4c3RyD7TSD,landX,145,145
AmjX7CerZbHrU814UeBp2gJC7gANNG3KrP4c3RyD7TSD,stellium,282,282
AnKWYWA1zktynzWqPC5KQFYWrTEWNny2CAHbAVU9zSXT,(none),49,0
AnKWYWA1zktynzWqPC5KQFYWrTEWNny2CAHbAVU9zSXT,0slot,6,6
AnKWYWA1zktynzWqPC5KQFYWrTEWNny2CAHbAVU9zSXT,AstraLane,1,1
AnKWYWA1zktynzWqPC5KQFYWrTEWNny2CAHbAVU9zSXT,Helius,12,12
AnKWYWA1zktynzWqPC5KQFYWrTEWNny2CAHbAVU9zSXT,Jito,8,8
AnKWYWA1zktynzWqPC5KQFYWrTEWNny2CAHbAVU9zSXT,Nextblock,1,1
AnKWYWA1zktynzWqPC5KQFYWrTEWNny2CAHbAVU9zSXT,NodeOne,1,1
AnKWYWA1zktynzWqPC5KQFYWrTEWNny2CAHbAVU9zSXT,Soyas,1,1
AnKWYWA1zktynzWqPC5KQFYWrTEWNny2CAHbAVU9zSXT,bloxroute,2,2
AnKWYWA1zktynzWqPC5KQFYWrTEWNny2CAHbAVU9zSXT,stellium,4,4
AoUwfPuiEek2thVRDhMP7HbQb9rguyab4rDiz2NAfwwA,(none),993,0
AoUwfPuiEek2thVRDhMP7HbQb9rguyab4rDiz2NAfwwA,0slot,111,111
AoUwfPuiEek2thVRDhMP7HbQb9rguyab4rDiz2NAfwwA,AstraLane,118,118
AoUwfPuiEek2thVRDhMP7HbQb9rguyab4rDiz2NAfwwA,Astralane,1,1
AoUwfPuiEek2thVRDhMP7HbQb9rguyab4rDiz2NAfwwA,BloxRoute,1,1
AoUwfPuiEek2thVRDhMP7HbQb9rguyab4rDiz2NAfwwA,Falcon,256,256
AoUwfPuiEek2thVRDhMP7HbQb9rguyab4rDiz2NAfwwA,Flashblock,6,6
AoUwfPuiEek2thVRDhMP7HbQb9rguyab4rDiz2NAfwwA,Helius,377,377
AoUwfPuiEek2thVRDhMP7HbQb9rguyab4rDiz2NAfwwA,Jito,24,24
AoUwfPuiEek2thVRDhMP7HbQb9rguyab4rDiz2NAfwwA,Nextblock,29,29
AoUwfPuiEek2thVRDhMP7HbQb9rguyab4rDiz2NAfwwA,NodeOne,86,86
AoUwfPuiEek2thVRDhMP7HbQb9rguyab4rDiz2NAfwwA,Soyas,18,18
AoUwfPuiEek2thVRDhMP7HbQb9rguyab4rDiz2NAfwwA,Stellium,228,228
AoUwfPuiEek2thVRDhMP7HbQb9rguyab4rDiz2NAfwwA,Temporal,111,111
AoUwfPuiEek2thVRDhMP7HbQb9rguyab4rDiz2NAfwwA,blockRazor,3,3
AoUwfPuiEek2thVRDhMP7HbQb9rguyab4rDiz2NAfwwA,blockrazor,21,21
AoUwfPuiEek2thVRDhMP7HbQb9rguyab4rDiz2NAfwwA,blocksprint,93,93
AoUwfPuiEek2thVRDhMP7HbQb9rguyab4rDiz2NAfwwA,bloxroute,128,128
AoUwfPuiEek2thVRDhMP7HbQb9rguyab4rDiz2NAfwwA,landX,214,214
AoUwfPuiEek2thVRDhMP7HbQb9rguyab4rDiz2NAfwwA,stellium,452,452
AqyRvpjjSN6jWYPxijoJwhmKwJFk6fRYDh9fQZHcJ2o7,(none),2794,0
AqyRvpjjSN6jWYPxijoJwhmKwJFk6fRYDh9fQZHcJ2o7,0slot,196,196
AqyRvpjjSN6jWYPxijoJwhmKwJFk6fRYDh9fQZHcJ2o7,AstraLane,790,790
AqyRvpjjSN6jWYPxijoJwhmKwJFk6fRYDh9fQZHcJ2o7,Astralane,1,1
AqyRvpjjSN6jWYPxijoJwhmKwJFk6fRYDh9fQZHcJ2o7,BloxRoute,4,4
AqyRvpjjSN6jWYPxijoJwhmKwJFk6fRYDh9fQZHcJ2o7,Falcon,662,662
AqyRvpjjSN6jWYPxijoJwhmKwJFk6fRYDh9fQZHcJ2o7,Flashblock,5,5
AqyRvpjjSN6jWYPxijoJwhmKwJFk6fRYDh9fQZHcJ2o7,Helius,936,936
AqyRvpjjSN6jWYPxijoJwhmKwJFk6fRYDh9fQZHcJ2o7,Jito,360,360
AqyRvpjjSN6jWYPxijoJwhmKwJFk6fRYDh9fQZHcJ2o7,Moon,2,2
AqyRvpjjSN6jWYPxijoJwhmKwJFk6fRYDh9fQZHcJ2o7,Nextblock,128,128
AqyRvpjjSN6jWYPxijoJwhmKwJFk6fRYDh9fQZHcJ2o7,NodeOne,270,270
AqyRvpjjSN6jWYPxijoJwhmKwJFk6fRYDh9fQZHcJ2o7,Soyas,29,29
AqyRvpjjSN6jWYPxijoJwhmKwJFk6fRYDh9fQZHcJ2o7,Stellium,444,444
AqyRvpjjSN6jWYPxijoJwhmKwJFk6fRYDh9fQZHcJ2o7,Temporal,376,376
AqyRvpjjSN6jWYPxijoJwhmKwJFk6fRYDh9fQZHcJ2o7,blockRazor,13,13
AqyRvpjjSN6jWYPxijoJwhmKwJFk6fRYDh9fQZHcJ2o7,blockrazor,72,72
AqyRvpjjSN6jWYPxijoJwhmKwJFk6fRYDh9fQZHcJ2o7,blocksprint,293,293
AqyRvpjjSN6jWYPxijoJwhmKwJFk6fRYDh9fQZHcJ2o7,bloxroute,535,535
AqyRvpjjSN6jWYPxijoJwhmKwJFk6fRYDh9fQZHcJ2o7,landX,706,706
AqyRvpjjSN6jWYPxijoJwhmKwJFk6fRYDh9fQZHcJ2o7,stellium,1239,1239
ArMBx6veRq33ffEP9sxHafiPRgrtzww4XvbwZbSMfXiM,(none),1067,0
ArMBx6veRq33ffEP9sxHafiPRgrtzww4XvbwZbSMfXiM,0slot,128,128
ArMBx6veRq33ffEP9sxHafiPRgrtzww4XvbwZbSMfXiM,AstraLane,163,163
ArMBx6veRq33ffEP9sxHafiPRgrtzww4XvbwZbSMfXiM,Astralane,4,4
ArMBx6veRq33ffEP9sxHafiPRgrtzww4XvbwZbSMfXiM,BloxRoute,2,2
ArMBx6veRq33ffEP9sxHafiPRgrtzww4XvbwZbSMfXiM,Falcon,227,227
ArMBx6veRq33ffEP9sxHafiPRgrtzww4XvbwZbSMfXiM,Flashblock,5,5
ArMBx6veRq33ffEP9sxHafiPRgrtzww4XvbwZbSMfXiM,Helius,432,432
ArMBx6veRq33ffEP9sxHafiPRgrtzww4XvbwZbSMfXiM,Jito,128,128
ArMBx6veRq33ffEP9sxHafiPRgrtzww4XvbwZbSMfXiM,Nextblock,54,54
ArMBx6veRq33ffEP9sxHafiPRgrtzww4XvbwZbSMfXiM,NodeOne,208,208
ArMBx6veRq33ffEP9sxHafiPRgrtzww4XvbwZbSMfXiM,Soyas,13,13
ArMBx6veRq33ffEP9sxHafiPRgrtzww4XvbwZbSMfXiM,Stellium,177,177
ArMBx6veRq33ffEP9sxHafiPRgrtzww4XvbwZbSMfXiM,Temporal,128,128
ArMBx6veRq33ffEP9sxHafiPRgrtzww4XvbwZbSMfXiM,blockRazor,10,10
ArMBx6veRq33ffEP9sxHafiPRgrtzww4XvbwZbSMfXiM,blockrazor,20,20
ArMBx6veRq33ffEP9sxHafiPRgrtzww4XvbwZbSMfXiM,blocksprint,120,120
ArMBx6veRq33ffEP9sxHafiPRgrtzww4XvbwZbSMfXiM,bloxroute,51,51
ArMBx6veRq33ffEP9sxHafiPRgrtzww4XvbwZbSMfXiM,landX,202,202
ArMBx6veRq33ffEP9sxHafiPRgrtzww4XvbwZbSMfXiM,stellium,433,433
As9NxA9bCfhrVLAFyGeWG5X5iLYPGhU3R7nLfX3tN6am,(none),275,0
As9NxA9bCfhrVLAFyGeWG5X5iLYPGhU3R7nLfX3tN6am,0slot,28,28
As9NxA9bCfhrVLAFyGeWG5X5iLYPGhU3R7nLfX3tN6am,AstraLane,28,28
As9NxA9bCfhrVLAFyGeWG5X5iLYPGhU3R7nLfX3tN6am,Falcon,31,31
As9NxA9bCfhrVLAFyGeWG5X5iLYPGhU3R7nLfX3tN6am,Flashblock,1,1
As9NxA9bCfhrVLAFyGeWG5X5iLYPGhU3R7nLfX3tN6am,Helius,66,66
As9NxA9bCfhrVLAFyGeWG5X5iLYPGhU3R7nLfX3tN6am,Jito,21,21
As9NxA9bCfhrVLAFyGeWG5X5iLYPGhU3R7nLfX3tN6am,Nextblock,12,12
As9NxA9bCfhrVLAFyGeWG5X5iLYPGhU3R7nLfX3tN6am,NodeOne,13,13
As9NxA9bCfhrVLAFyGeWG5X5iLYPGhU3R7nLfX3tN6am,Soyas,6,6
As9NxA9bCfhrVLAFyGeWG5X5iLYPGhU3R7nLfX3tN6am,Stellium,52,52
As9NxA9bCfhrVLAFyGeWG5X5iLYPGhU3R7nLfX3tN6am,Temporal,26,26
As9NxA9bCfhrVLAFyGeWG5X5iLYPGhU3R7nLfX3tN6am,blockrazor,6,6
As9NxA9bCfhrVLAFyGeWG5X5iLYPGhU3R7nLfX3tN6am,blocksprint,21,21
As9NxA9bCfhrVLAFyGeWG5X5iLYPGhU3R7nLfX3tN6am,bloxroute,4,4
As9NxA9bCfhrVLAFyGeWG5X5iLYPGhU3R7nLfX3tN6am,landX,41,41
As9NxA9bCfhrVLAFyGeWG5X5iLYPGhU3R7nLfX3tN6am,stellium,108,108
AsMpvJ3DZ2Ydu1WTRMAyMH4QjSLiUG39rKzfzvtE1bWr,(none),763,0
AsMpvJ3DZ2Ydu1WTRMAyMH4QjSLiUG39rKzfzvtE1bWr,0slot,58,58
AsMpvJ3DZ2Ydu1WTRMAyMH4QjSLiUG39rKzfzvtE1bWr,AstraLane,102,102
AsMpvJ3DZ2Ydu1WTRMAyMH4QjSLiUG39rKzfzvtE1bWr,BloxRoute,1,1
AsMpvJ3DZ2Ydu1WTRMAyMH4QjSLiUG39rKzfzvtE1bWr,Falcon,206,206
AsMpvJ3DZ2Ydu1WTRMAyMH4QjSLiUG39rKzfzvtE1bWr,Flashblock,1,1
AsMpvJ3DZ2Ydu1WTRMAyMH4QjSLiUG39rKzfzvtE1bWr,Helius,305,305
AsMpvJ3DZ2Ydu1WTRMAyMH4QjSLiUG39rKzfzvtE1bWr,Jito,93,93
AsMpvJ3DZ2Ydu1WTRMAyMH4QjSLiUG39rKzfzvtE1bWr,Nextblock,33,33
AsMpvJ3DZ2Ydu1WTRMAyMH4QjSLiUG39rKzfzvtE1bWr,NodeOne,102,102
AsMpvJ3DZ2Ydu1WTRMAyMH4QjSLiUG39rKzfzvtE1bWr,Soyas,16,16
AsMpvJ3DZ2Ydu1WTRMAyMH4QjSLiUG39rKzfzvtE1bWr,Stellium,148,148
AsMpvJ3DZ2Ydu1WTRMAyMH4QjSLiUG39rKzfzvtE1bWr,Temporal,84,84
AsMpvJ3DZ2Ydu1WTRMAyMH4QjSLiUG39rKzfzvtE1bWr,blockRazor,8,8
AsMpvJ3DZ2Ydu1WTRMAyMH4QjSLiUG39rKzfzvtE1bWr,blockrazor,16,16
AsMpvJ3DZ2Ydu1WTRMAyMH4QjSLiUG39rKzfzvtE1bWr,blocksprint,78,78
AsMpvJ3DZ2Ydu1WTRMAyMH4QjSLiUG39rKzfzvtE1bWr,bloxroute,57,57
AsMpvJ3DZ2Ydu1WTRMAyMH4QjSLiUG39rKzfzvtE1bWr,landX,255,255
AsMpvJ3DZ2Ydu1WTRMAyMH4QjSLiUG39rKzfzvtE1bWr,stellium,440,440
Atom7LRkdXj6MBoWJPgjaetrCMrgB9nnkQBYXTWE8Z3S,(none),227,0
Atom7LRkdXj6MBoWJPgjaetrCMrgB9nnkQBYXTWE8Z3S,0slot,13,13
Atom7LRkdXj6MBoWJPgjaetrCMrgB9nnkQBYXTWE8Z3S,AstraLane,25,25
Atom7LRkdXj6MBoWJPgjaetrCMrgB9nnkQBYXTWE8Z3S,Falcon,47,47
Atom7LRkdXj6MBoWJPgjaetrCMrgB9nnkQBYXTWE8Z3S,Helius,48,48
Atom7LRkdXj6MBoWJPgjaetrCMrgB9nnkQBYXTWE8Z3S,Jito,8,8
Atom7LRkdXj6MBoWJPgjaetrCMrgB9nnkQBYXTWE8Z3S,Nextblock,9,9
Atom7LRkdXj6MBoWJPgjaetrCMrgB9nnkQBYXTWE8Z3S,NodeOne,21,21
Atom7LRkdXj6MBoWJPgjaetrCMrgB9nnkQBYXTWE8Z3S,Stellium,70,70
Atom7LRkdXj6MBoWJPgjaetrCMrgB9nnkQBYXTWE8Z3S,Temporal,57,57
Atom7LRkdXj6MBoWJPgjaetrCMrgB9nnkQBYXTWE8Z3S,blockrazor,7,7
Atom7LRkdXj6MBoWJPgjaetrCMrgB9nnkQBYXTWE8Z3S,blocksprint,31,31
Atom7LRkdXj6MBoWJPgjaetrCMrgB9nnkQBYXTWE8Z3S,landX,129,129
Atom7LRkdXj6MBoWJPgjaetrCMrgB9nnkQBYXTWE8Z3S,stellium,207,207
AurseT3W3tk1dATBWAXtWR6oubBgECqintfcvP74teU3,(none),1803,0
AurseT3W3tk1dATBWAXtWR6oubBgECqintfcvP74teU3,0slot,101,101
AurseT3W3tk1dATBWAXtWR6oubBgECqintfcvP74teU3,AstraLane,321,321
AurseT3W3tk1dATBWAXtWR6oubBgECqintfcvP74teU3,Astralane,1,1
AurseT3W3tk1dATBWAXtWR6oubBgECqintfcvP74teU3,BloxRoute,3,3
AurseT3W3tk1dATBWAXtWR6oubBgECqintfcvP74teU3,Falcon,442,442
AurseT3W3tk1dATBWAXtWR6oubBgECqintfcvP74teU3,Flashblock,1,1
AurseT3W3tk1dATBWAXtWR6oubBgECqintfcvP74teU3,Helius,493,493
AurseT3W3tk1dATBWAXtWR6oubBgECqintfcvP74teU3,Jito,134,134
AurseT3W3tk1dATBWAXtWR6oubBgECqintfcvP74teU3,Nextblock,82,82
AurseT3W3tk1dATBWAXtWR6oubBgECqintfcvP74teU3,NodeOne,102,102
AurseT3W3tk1dATBWAXtWR6oubBgECqintfcvP74teU3,Soyas,14,14
AurseT3W3tk1dATBWAXtWR6oubBgECqintfcvP74teU3,Stellium,214,214
AurseT3W3tk1dATBWAXtWR6oubBgECqintfcvP74teU3,Temporal,166,166
AurseT3W3tk1dATBWAXtWR6oubBgECqintfcvP74teU3,blockRazor,16,16
AurseT3W3tk1dATBWAXtWR6oubBgECqintfcvP74teU3,blockrazor,30,30
AurseT3W3tk1dATBWAXtWR6oubBgECqintfcvP74teU3,blocksprint,179,179
AurseT3W3tk1dATBWAXtWR6oubBgECqintfcvP74teU3,bloxroute,184,183
AurseT3W3tk1dATBWAXtWR6oubBgECqintfcvP74teU3,landX,408,408
AurseT3W3tk1dATBWAXtWR6oubBgECqintfcvP74teU3,stellium,675,675
Av8EnYrPBnSJHK5e2wmTdnCpSy7nzmBgyFaUKSyLnBfe,(none),1115,0
Av8EnYrPBnSJHK5e2wmTdnCpSy7nzmBgyFaUKSyLnBfe,0slot,92,92
Av8EnYrPBnSJHK5e2wmTdnCpSy7nzmBgyFaUKSyLnBfe,AstraLane,77,77
Av8EnYrPBnSJHK5e2wmTdnCpSy7nzmBgyFaUKSyLnBfe,Falcon,142,142
Av8EnYrPBnSJHK5e2wmTdnCpSy7nzmBgyFaUKSyLnBfe,Flashblock,3,3
Av8EnYrPBnSJHK5e2wmTdnCpSy7nzmBgyFaUKSyLnBfe,Helius,311,310
Av8EnYrPBnSJHK5e2wmTdnCpSy7nzmBgyFaUKSyLnBfe,Jito,99,99
Av8EnYrPBnSJHK5e2wmTdnCpSy7nzmBgyFaUKSyLnBfe,Nextblock,28,28
Av8EnYrPBnSJHK5e2wmTdnCpSy7nzmBgyFaUKSyLnBfe,NodeOne,83,83
Av8EnYrPBnSJHK5e2wmTdnCpSy7nzmBgyFaUKSyLnBfe,Soyas,3,3
Av8EnYrPBnSJHK5e2wmTdnCpSy7nzmBgyFaUKSyLnBfe,Stellium,124,124
Av8EnYrPBnSJHK5e2wmTdnCpSy7nzmBgyFaUKSyLnBfe,Temporal,126,125
Av8EnYrPBnSJHK5e2wmTdnCpSy7nzmBgyFaUKSyLnBfe,blockRazor,4,4
Av8EnYrPBnSJHK5e2wmTdnCpSy7nzmBgyFaUKSyLnBfe,blockrazor,16,16
Av8EnYrPBnSJHK5e2wmTdnCpSy7nzmBgyFaUKSyLnBfe,blocksprint,72,72
Av8EnYrPBnSJHK5e2wmTdnCpSy7nzmBgyFaUKSyLnBfe,bloxroute,21,20
Av8EnYrPBnSJHK5e2wmTdnCpSy7nzmBgyFaUKSyLnBfe,landX,224,224
Av8EnYrPBnSJHK5e2wmTdnCpSy7nzmBgyFaUKSyLnBfe,stellium,406,406
Aw5wEMXhbygFLR7jHtHpih8QvxVBGAMTqsQ2SjWPk1ex,(none),11721,0
Aw5wEMXhbygFLR7jHtHpih8QvxVBGAMTqsQ2SjWPk1ex,0slot,954,954
Aw5wEMXhbygFLR7jHtHpih8QvxVBGAMTqsQ2SjWPk1ex,AstraLane,1334,1334
Aw5wEMXhbygFLR7jHtHpih8QvxVBGAMTqsQ2SjWPk1ex,Astralane,1,1
Aw5wEMXhbygFLR7jHtHpih8QvxVBGAMTqsQ2SjWPk1ex,BloxRoute,29,29
Aw5wEMXhbygFLR7jHtHpih8QvxVBGAMTqsQ2SjWPk1ex,Falcon,2560,2560
Aw5wEMXhbygFLR7jHtHpih8QvxVBGAMTqsQ2SjWPk1ex,Flashblock,14,14
Aw5wEMXhbygFLR7jHtHpih8QvxVBGAMTqsQ2SjWPk1ex,Helius,3794,3794
Aw5wEMXhbygFLR7jHtHpih8QvxVBGAMTqsQ2SjWPk1ex,Jito,753,751
Aw5wEMXhbygFLR7jHtHpih8QvxVBGAMTqsQ2SjWPk1ex,Moon,7,7
Aw5wEMXhbygFLR7jHtHpih8QvxVBGAMTqsQ2SjWPk1ex,Nextblock,566,566
Aw5wEMXhbygFLR7jHtHpih8QvxVBGAMTqsQ2SjWPk1ex,NodeOne,1487,1487
Aw5wEMXhbygFLR7jHtHpih8QvxVBGAMTqsQ2SjWPk1ex,Soyas,186,186
Aw5wEMXhbygFLR7jHtHpih8QvxVBGAMTqsQ2SjWPk1ex,Stellium,1763,1763
Aw5wEMXhbygFLR7jHtHpih8QvxVBGAMTqsQ2SjWPk1ex,Temporal,1330,1330
Aw5wEMXhbygFLR7jHtHpih8QvxVBGAMTqsQ2SjWPk1ex,blockRazor,75,75
Aw5wEMXhbygFLR7jHtHpih8QvxVBGAMTqsQ2SjWPk1ex,blockrazor,282,282
Aw5wEMXhbygFLR7jHtHpih8QvxVBGAMTqsQ2SjWPk1ex,blocksprint,1130,1130
Aw5wEMXhbygFLR7jHtHpih8QvxVBGAMTqsQ2SjWPk1ex,bloxroute,750,750
Aw5wEMXhbygFLR7jHtHpih8QvxVBGAMTqsQ2SjWPk1ex,landX,3992,3992
Aw5wEMXhbygFLR7jHtHpih8QvxVBGAMTqsQ2SjWPk1ex,stellium,6139,6139
AwcMVMvmT1aCETVYV42WE1cSMCyNp4vZqVjLsvs6dM4o,(none),714,0
AwcMVMvmT1aCETVYV42WE1cSMCyNp4vZqVjLsvs6dM4o,0slot,84,84
AwcMVMvmT1aCETVYV42WE1cSMCyNp4vZqVjLsvs6dM4o,AstraLane,169,169
AwcMVMvmT1aCETVYV42WE1cSMCyNp4vZqVjLsvs6dM4o,BloxRoute,2,2
AwcMVMvmT1aCETVYV42WE1cSMCyNp4vZqVjLsvs6dM4o,Falcon,98,98
AwcMVMvmT1aCETVYV42WE1cSMCyNp4vZqVjLsvs6dM4o,Helius,337,337
AwcMVMvmT1aCETVYV42WE1cSMCyNp4vZqVjLsvs6dM4o,Jito,153,153
AwcMVMvmT1aCETVYV42WE1cSMCyNp4vZqVjLsvs6dM4o,Moon,3,3
AwcMVMvmT1aCETVYV42WE1cSMCyNp4vZqVjLsvs6dM4o,Nextblock,49,49
AwcMVMvmT1aCETVYV42WE1cSMCyNp4vZqVjLsvs6dM4o,NodeOne,161,161
AwcMVMvmT1aCETVYV42WE1cSMCyNp4vZqVjLsvs6dM4o,Soyas,4,4
AwcMVMvmT1aCETVYV42WE1cSMCyNp4vZqVjLsvs6dM4o,Stellium,162,162
AwcMVMvmT1aCETVYV42WE1cSMCyNp4vZqVjLsvs6dM4o,Temporal,119,119
AwcMVMvmT1aCETVYV42WE1cSMCyNp4vZqVjLsvs6dM4o,blockRazor,4,4
AwcMVMvmT1aCETVYV42WE1cSMCyNp4vZqVjLsvs6dM4o,blockrazor,22,22
AwcMVMvmT1aCETVYV42WE1cSMCyNp4vZqVjLsvs6dM4o,blocksprint,66,66
AwcMVMvmT1aCETVYV42WE1cSMCyNp4vZqVjLsvs6dM4o,bloxroute,89,89
AwcMVMvmT1aCETVYV42WE1cSMCyNp4vZqVjLsvs6dM4o,landX,138,138
AwcMVMvmT1aCETVYV42WE1cSMCyNp4vZqVjLsvs6dM4o,stellium,385,385
Awes4Tr6TX8JDzEhCZY2QVNimT6iD1zWHzf1vNyGvpLM,(none),35674,0
Awes4Tr6TX8JDzEhCZY2QVNimT6iD1zWHzf1vNyGvpLM,0slot,2700,2700
Awes4Tr6TX8JDzEhCZY2QVNimT6iD1zWHzf1vNyGvpLM,AstraLane,4837,4837
Awes4Tr6TX8JDzEhCZY2QVNimT6iD1zWHzf1vNyGvpLM,Astralane,24,24
Awes4Tr6TX8JDzEhCZY2QVNimT6iD1zWHzf1vNyGvpLM,BloxRoute,94,94
Awes4Tr6TX8JDzEhCZY2QVNimT6iD1zWHzf1vNyGvpLM,Falcon,9367,9367
Awes4Tr6TX8JDzEhCZY2QVNimT6iD1zWHzf1vNyGvpLM,Flashblock,69,69
Awes4Tr6TX8JDzEhCZY2QVNimT6iD1zWHzf1vNyGvpLM,Helius,10904,10903
Awes4Tr6TX8JDzEhCZY2QVNimT6iD1zWHzf1vNyGvpLM,Jito,3057,3057
Awes4Tr6TX8JDzEhCZY2QVNimT6iD1zWHzf1vNyGvpLM,Moon,13,13
Awes4Tr6TX8JDzEhCZY2QVNimT6iD1zWHzf1vNyGvpLM,Nextblock,1700,1700
Awes4Tr6TX8JDzEhCZY2QVNimT6iD1zWHzf1vNyGvpLM,NodeOne,4854,4854
Awes4Tr6TX8JDzEhCZY2QVNimT6iD1zWHzf1vNyGvpLM,Soyas,405,405
Awes4Tr6TX8JDzEhCZY2QVNimT6iD1zWHzf1vNyGvpLM,Stellium,5687,5687
Awes4Tr6TX8JDzEhCZY2QVNimT6iD1zWHzf1vNyGvpLM,Temporal,4250,4249
Awes4Tr6TX8JDzEhCZY2QVNimT6iD1zWHzf1vNyGvpLM,blockRazor,192,192
Awes4Tr6TX8JDzEhCZY2QVNimT6iD1zWHzf1vNyGvpLM,blockrazor,833,833
Awes4Tr6TX8JDzEhCZY2QVNimT6iD1zWHzf1vNyGvpLM,blocksprint,3555,3555
Awes4Tr6TX8JDzEhCZY2QVNimT6iD1zWHzf1vNyGvpLM,bloxroute,2401,2397
Awes4Tr6TX8JDzEhCZY2QVNimT6iD1zWHzf1vNyGvpLM,landX,10819,10819
Awes4Tr6TX8JDzEhCZY2QVNimT6iD1zWHzf1vNyGvpLM,stellium,18494,18494
B94PGWcxE9iEDov8sZobTkqEY96Yb5gfcsYWSWpQxh6S,(none),453,0
B94PGWcxE9iEDov8sZobTkqEY96Yb5gfcsYWSWpQxh6S,0slot,24,24
B94PGWcxE9iEDov8sZobTkqEY96Yb5gfcsYWSWpQxh6S,AstraLane,37,37
B94PGWcxE9iEDov8sZobTkqEY96Yb5gfcsYWSWpQxh6S,Falcon,43,43
B94PGWcxE9iEDov8sZobTkqEY96Yb5gfcsYWSWpQxh6S,Flashblock,1,1
B94PGWcxE9iEDov8sZobTkqEY96Yb5gfcsYWSWpQxh6S,Helius,114,114
B94PGWcxE9iEDov8sZobTkqEY96Yb5gfcsYWSWpQxh6S,Jito,35,35
B94PGWcxE9iEDov8sZobTkqEY96Yb5gfcsYWSWpQxh6S,Nextblock,8,8
B94PGWcxE9iEDov8sZobTkqEY96Yb5gfcsYWSWpQxh6S,NodeOne,23,23
B94PGWcxE9iEDov8sZobTkqEY96Yb5gfcsYWSWpQxh6S,Soyas,5,5
B94PGWcxE9iEDov8sZobTkqEY96Yb5gfcsYWSWpQxh6S,Stellium,35,35
B94PGWcxE9iEDov8sZobTkqEY96Yb5gfcsYWSWpQxh6S,Temporal,30,30
B94PGWcxE9iEDov8sZobTkqEY96Yb5gfcsYWSWpQxh6S,blockRazor,4,4
B94PGWcxE9iEDov8sZobTkqEY96Yb5gfcsYWSWpQxh6S,blockrazor,4,4
B94PGWcxE9iEDov8sZobTkqEY96Yb5gfcsYWSWpQxh6S,blocksprint,21,21
B94PGWcxE9iEDov8sZobTkqEY96Yb5gfcsYWSWpQxh6S,bloxroute,23,23
B94PGWcxE9iEDov8sZobTkqEY96Yb5gfcsYWSWpQxh6S,landX,113,113
B94PGWcxE9iEDov8sZobTkqEY96Yb5gfcsYWSWpQxh6S,stellium,167,167
BADc8V9fi8KsZfF26K6DgZsywcJYZTX5EW5jypnVCB8d,(none),19,0
BADc8V9fi8KsZfF26K6DgZsywcJYZTX5EW5jypnVCB8d,AstraLane,1,1
BADc8V9fi8KsZfF26K6DgZsywcJYZTX5EW5jypnVCB8d,Helius,2,2
BADc8V9fi8KsZfF26K6DgZsywcJYZTX5EW5jypnVCB8d,Jito,7,7
BADc8V9fi8KsZfF26K6DgZsywcJYZTX5EW5jypnVCB8d,Temporal,2,2
BCJN2vZFAHDYmufBDcbD5UAQHSyerXfc6UQkgX3mSWuh,(none),233,0
BCJN2vZFAHDYmufBDcbD5UAQHSyerXfc6UQkgX3mSWuh,0slot,29,29
BCJN2vZFAHDYmufBDcbD5UAQHSyerXfc6UQkgX3mSWuh,AstraLane,30,30
BCJN2vZFAHDYmufBDcbD5UAQHSyerXfc6UQkgX3mSWuh,BloxRoute,1,1
BCJN2vZFAHDYmufBDcbD5UAQHSyerXfc6UQkgX3mSWuh,Falcon,79,79
BCJN2vZFAHDYmufBDcbD5UAQHSyerXfc6UQkgX3mSWuh,Helius,87,87
BCJN2vZFAHDYmufBDcbD5UAQHSyerXfc6UQkgX3mSWuh,Jito,42,42
BCJN2vZFAHDYmufBDcbD5UAQHSyerXfc6UQkgX3mSWuh,Nextblock,20,20
BCJN2vZFAHDYmufBDcbD5UAQHSyerXfc6UQkgX3mSWuh,NodeOne,21,21
BCJN2vZFAHDYmufBDcbD5UAQHSyerXfc6UQkgX3mSWuh,Soyas,10,10
BCJN2vZFAHDYmufBDcbD5UAQHSyerXfc6UQkgX3mSWuh,Stellium,49,49
BCJN2vZFAHDYmufBDcbD5UAQHSyerXfc6UQkgX3mSWuh,Temporal,26,26
BCJN2vZFAHDYmufBDcbD5UAQHSyerXfc6UQkgX3mSWuh,blockRazor,2,2
BCJN2vZFAHDYmufBDcbD5UAQHSyerXfc6UQkgX3mSWuh,blockrazor,2,2
BCJN2vZFAHDYmufBDcbD5UAQHSyerXfc6UQkgX3mSWuh,blocksprint,23,23
BCJN2vZFAHDYmufBDcbD5UAQHSyerXfc6UQkgX3mSWuh,landX,97,97
BCJN2vZFAHDYmufBDcbD5UAQHSyerXfc6UQkgX3mSWuh,stellium,133,133
BCS95L5JHBWHvWkcEJBEF3BH5QHxKcPeaTgoYmHLvfFh,(none),156,0
BCS95L5JHBWHvWkcEJBEF3BH5QHxKcPeaTgoYmHLvfFh,0slot,17,17
BCS95L5JHBWHvWkcEJBEF3BH5QHxKcPeaTgoYmHLvfFh,AstraLane,18,18
BCS95L5JHBWHvWkcEJBEF3BH5QHxKcPeaTgoYmHLvfFh,BloxRoute,1,1
BCS95L5JHBWHvWkcEJBEF3BH5QHxKcPeaTgoYmHLvfFh,Falcon,51,51
BCS95L5JHBWHvWkcEJBEF3BH5QHxKcPeaTgoYmHLvfFh,Helius,82,82
BCS95L5JHBWHvWkcEJBEF3BH5QHxKcPeaTgoYmHLvfFh,Jito,3,3
BCS95L5JHBWHvWkcEJBEF3BH5QHxKcPeaTgoYmHLvfFh,Nextblock,6,6
BCS95L5JHBWHvWkcEJBEF3BH5QHxKcPeaTgoYmHLvfFh,NodeOne,11,11
BCS95L5JHBWHvWkcEJBEF3BH5QHxKcPeaTgoYmHLvfFh,Soyas,2,2
BCS95L5JHBWHvWkcEJBEF3BH5QHxKcPeaTgoYmHLvfFh,Stellium,54,54
BCS95L5JHBWHvWkcEJBEF3BH5QHxKcPeaTgoYmHLvfFh,Temporal,18,18
BCS95L5JHBWHvWkcEJBEF3BH5QHxKcPeaTgoYmHLvfFh,blockRazor,2,2
BCS95L5JHBWHvWkcEJBEF3BH5QHxKcPeaTgoYmHLvfFh,blockrazor,5,5
BCS95L5JHBWHvWkcEJBEF3BH5QHxKcPeaTgoYmHLvfFh,blocksprint,102,102
BCS95L5JHBWHvWkcEJBEF3BH5QHxKcPeaTgoYmHLvfFh,bloxroute,15,15
BCS95L5JHBWHvWkcEJBEF3BH5QHxKcPeaTgoYmHLvfFh,landX,38,38
BCS95L5JHBWHvWkcEJBEF3BH5QHxKcPeaTgoYmHLvfFh,stellium,86,86
BCeczqpTRPigndHVJu1KEzno1Uhb4hjrE7ttmAndrV1p,(none),761,0
BCeczqpTRPigndHVJu1KEzno1Uhb4hjrE7ttmAndrV1p,0slot,55,55
BCeczqpTRPigndHVJu1KEzno1Uhb4hjrE7ttmAndrV1p,AstraLane,82,82
BCeczqpTRPigndHVJu1KEzno1Uhb4hjrE7ttmAndrV1p,Falcon,189,189
BCeczqpTRPigndHVJu1KEzno1Uhb4hjrE7ttmAndrV1p,Flashblock,2,2
BCeczqpTRPigndHVJu1KEzno1Uhb4hjrE7ttmAndrV1p,Helius,216,216
BCeczqpTRPigndHVJu1KEzno1Uhb4hjrE7ttmAndrV1p,Jito,118,118
BCeczqpTRPigndHVJu1KEzno1Uhb4hjrE7ttmAndrV1p,Nextblock,27,27
BCeczqpTRPigndHVJu1KEzno1Uhb4hjrE7ttmAndrV1p,NodeOne,57,57
BCeczqpTRPigndHVJu1KEzno1Uhb4hjrE7ttmAndrV1p,Soyas,2,2
BCeczqpTRPigndHVJu1KEzno1Uhb4hjrE7ttmAndrV1p,Stellium,112,112
BCeczqpTRPigndHVJu1KEzno1Uhb4hjrE7ttmAndrV1p,Temporal,77,77
BCeczqpTRPigndHVJu1KEzno1Uhb4hjrE7ttmAndrV1p,blockRazor,4,4
BCeczqpTRPigndHVJu1KEzno1Uhb4hjrE7ttmAndrV1p,blockrazor,14,14
BCeczqpTRPigndHVJu1KEzno1Uhb4hjrE7ttmAndrV1p,blocksprint,73,73
BCeczqpTRPigndHVJu1KEzno1Uhb4hjrE7ttmAndrV1p,bloxroute,57,57
BCeczqpTRPigndHVJu1KEzno1Uhb4hjrE7ttmAndrV1p,landX,201,201
BCeczqpTRPigndHVJu1KEzno1Uhb4hjrE7ttmAndrV1p,stellium,359,359
BFmqBsaGjeYA7gHpReKmnVkRyhqiMmHoR9ttv1crWmzy,(none),2337,0
BFmqBsaGjeYA7gHpReKmnVkRyhqiMmHoR9ttv1crWmzy,0slot,207,207
BFmqBsaGjeYA7gHpReKmnVkRyhqiMmHoR9ttv1crWmzy,AstraLane,285,285
BFmqBsaGjeYA7gHpReKmnVkRyhqiMmHoR9ttv1crWmzy,BloxRoute,11,11
BFmqBsaGjeYA7gHpReKmnVkRyhqiMmHoR9ttv1crWmzy,Falcon,621,621
BFmqBsaGjeYA7gHpReKmnVkRyhqiMmHoR9ttv1crWmzy,Helius,742,742
BFmqBsaGjeYA7gHpReKmnVkRyhqiMmHoR9ttv1crWmzy,Jito,211,211
BFmqBsaGjeYA7gHpReKmnVkRyhqiMmHoR9ttv1crWmzy,Nextblock,128,128
BFmqBsaGjeYA7gHpReKmnVkRyhqiMmHoR9ttv1crWmzy,NodeOne,334,334
BFmqBsaGjeYA7gHpReKmnVkRyhqiMmHoR9ttv1crWmzy,Soyas,28,28
BFmqBsaGjeYA7gHpReKmnVkRyhqiMmHoR9ttv1crWmzy,Stellium,367,367
BFmqBsaGjeYA7gHpReKmnVkRyhqiMmHoR9ttv1crWmzy,Temporal,186,186
BFmqBsaGjeYA7gHpReKmnVkRyhqiMmHoR9ttv1crWmzy,blockRazor,16,16
BFmqBsaGjeYA7gHpReKmnVkRyhqiMmHoR9ttv1crWmzy,blockrazor,53,53
BFmqBsaGjeYA7gHpReKmnVkRyhqiMmHoR9ttv1crWmzy,blocksprint,180,180
BFmqBsaGjeYA7gHpReKmnVkRyhqiMmHoR9ttv1crWmzy,bloxroute,220,220
BFmqBsaGjeYA7gHpReKmnVkRyhqiMmHoR9ttv1crWmzy,landX,729,729
BFmqBsaGjeYA7gHpReKmnVkRyhqiMmHoR9ttv1crWmzy,stellium,1141,1141
BGAjnivVWqLqByqCVT9dSyPUFicvyJrz7vRvrvui3SEk,(none),1736,0
BGAjnivVWqLqByqCVT9dSyPUFicvyJrz7vRvrvui3SEk,0slot,204,204
BGAjnivVWqLqByqCVT9dSyPUFicvyJrz7vRvrvui3SEk,AstraLane,230,230
BGAjnivVWqLqByqCVT9dSyPUFicvyJrz7vRvrvui3SEk,BloxRoute,3,3
BGAjnivVWqLqByqCVT9dSyPUFicvyJrz7vRvrvui3SEk,Falcon,443,443
BGAjnivVWqLqByqCVT9dSyPUFicvyJrz7vRvrvui3SEk,Flashblock,7,7
BGAjnivVWqLqByqCVT9dSyPUFicvyJrz7vRvrvui3SEk,Helius,658,658
BGAjnivVWqLqByqCVT9dSyPUFicvyJrz7vRvrvui3SEk,Jito,211,211
BGAjnivVWqLqByqCVT9dSyPUFicvyJrz7vRvrvui3SEk,Moon,3,3
BGAjnivVWqLqByqCVT9dSyPUFicvyJrz7vRvrvui3SEk,Nextblock,68,68
BGAjnivVWqLqByqCVT9dSyPUFicvyJrz7vRvrvui3SEk,NodeOne,186,186
BGAjnivVWqLqByqCVT9dSyPUFicvyJrz7vRvrvui3SEk,Soyas,24,24
BGAjnivVWqLqByqCVT9dSyPUFicvyJrz7vRvrvui3SEk,Stellium,277,277
BGAjnivVWqLqByqCVT9dSyPUFicvyJrz7vRvrvui3SEk,Temporal,192,192
BGAjnivVWqLqByqCVT9dSyPUFicvyJrz7vRvrvui3SEk,blockRazor,11,11
BGAjnivVWqLqByqCVT9dSyPUFicvyJrz7vRvrvui3SEk,blockrazor,40,40
BGAjnivVWqLqByqCVT9dSyPUFicvyJrz7vRvrvui3SEk,blocksprint,161,161
BGAjnivVWqLqByqCVT9dSyPUFicvyJrz7vRvrvui3SEk,bloxroute,115,115
BGAjnivVWqLqByqCVT9dSyPUFicvyJrz7vRvrvui3SEk,landX,408,408
BGAjnivVWqLqByqCVT9dSyPUFicvyJrz7vRvrvui3SEk,stellium,820,820
BJvrWSfonXnS2Km8iA9KLY6D6vS3GcsaUwUNPFBumTca,(none),245,0
BJvrWSfonXnS2Km8iA9KLY6D6vS3GcsaUwUNPFBumTca,0slot,18,18
BJvrWSfonXnS2Km8iA9KLY6D6vS3GcsaUwUNPFBumTca,AstraLane,27,27
BJvrWSfonXnS2Km8iA9KLY6D6vS3GcsaUwUNPFBumTca,BloxRoute,2,2
BJvrWSfonXnS2Km8iA9KLY6D6vS3GcsaUwUNPFBumTca,Falcon,111,111
BJvrWSfonXnS2Km8iA9KLY6D6vS3GcsaUwUNPFBumTca,Helius,106,106
BJvrWSfonXnS2Km8iA9KLY6D6vS3GcsaUwUNPFBumTca,Jito,39,39
BJvrWSfonXnS2Km8iA9KLY6D6vS3GcsaUwUNPFBumTca,Nextblock,13,13
BJvrWSfonXnS2Km8iA9KLY6D6vS3GcsaUwUNPFBumTca,NodeOne,22,22
BJvrWSfonXnS2Km8iA9KLY6D6vS3GcsaUwUNPFBumTca,Soyas,1,1
BJvrWSfonXnS2Km8iA9KLY6D6vS3GcsaUwUNPFBumTca,Stellium,68,68
BJvrWSfonXnS2Km8iA9KLY6D6vS3GcsaUwUNPFBumTca,Temporal,29,29
BJvrWSfonXnS2Km8iA9KLY6D6vS3GcsaUwUNPFBumTca,blockRazor,1,1
BJvrWSfonXnS2Km8iA9KLY6D6vS3GcsaUwUNPFBumTca,blockrazor,8,8
BJvrWSfonXnS2Km8iA9KLY6D6vS3GcsaUwUNPFBumTca,blocksprint,25,25
BJvrWSfonXnS2Km8iA9KLY6D6vS3GcsaUwUNPFBumTca,bloxroute,17,17
BJvrWSfonXnS2Km8iA9KLY6D6vS3GcsaUwUNPFBumTca,landX,119,119
BJvrWSfonXnS2Km8iA9KLY6D6vS3GcsaUwUNPFBumTca,stellium,183,183
BLUEHGDihXD9CqqC5XFSQzDC3aS5jASohb2BAsXaJokR,(none),300,0
BLUEHGDihXD9CqqC5XFSQzDC3aS5jASohb2BAsXaJokR,0slot,33,33
BLUEHGDihXD9CqqC5XFSQzDC3aS5jASohb2BAsXaJokR,AstraLane,51,51
BLUEHGDihXD9CqqC5XFSQzDC3aS5jASohb2BAsXaJokR,Falcon,99,99
BLUEHGDihXD9CqqC5XFSQzDC3aS5jASohb2BAsXaJokR,Helius,118,118
BLUEHGDihXD9CqqC5XFSQzDC3aS5jASohb2BAsXaJokR,Jito,50,50
BLUEHGDihXD9CqqC5XFSQzDC3aS5jASohb2BAsXaJokR,Nextblock,20,20
BLUEHGDihXD9CqqC5XFSQzDC3aS5jASohb2BAsXaJokR,NodeOne,32,32
BLUEHGDihXD9CqqC5XFSQzDC3aS5jASohb2BAsXaJokR,Soyas,2,2
BLUEHGDihXD9CqqC5XFSQzDC3aS5jASohb2BAsXaJokR,Stellium,55,55
BLUEHGDihXD9CqqC5XFSQzDC3aS5jASohb2BAsXaJokR,Temporal,46,46
BLUEHGDihXD9CqqC5XFSQzDC3aS5jASohb2BAsXaJokR,blockrazor,8,8
BLUEHGDihXD9CqqC5XFSQzDC3aS5jASohb2BAsXaJokR,blocksprint,29,29
BLUEHGDihXD9CqqC5XFSQzDC3aS5jASohb2BAsXaJokR,bloxroute,23,23
BLUEHGDihXD9CqqC5XFSQzDC3aS5jASohb2BAsXaJokR,landX,59,59
BLUEHGDihXD9CqqC5XFSQzDC3aS5jASohb2BAsXaJokR,stellium,149,149
BNtHBLo1L2vAG7PBQ6mJvWz7GqVPxBnioXsY2Gjtubrg,(none),1036,0
BNtHBLo1L2vAG7PBQ6mJvWz7GqVPxBnioXsY2Gjtubrg,0slot,115,115
BNtHBLo1L2vAG7PBQ6mJvWz7GqVPxBnioXsY2Gjtubrg,AstraLane,202,202
BNtHBLo1L2vAG7PBQ6mJvWz7GqVPxBnioXsY2Gjtubrg,BloxRoute,4,4
BNtHBLo1L2vAG7PBQ6mJvWz7GqVPxBnioXsY2Gjtubrg,Falcon,240,240
BNtHBLo1L2vAG7PBQ6mJvWz7GqVPxBnioXsY2Gjtubrg,Flashblock,3,3
BNtHBLo1L2vAG7PBQ6mJvWz7GqVPxBnioXsY2Gjtubrg,Helius,493,493
BNtHBLo1L2vAG7PBQ6mJvWz7GqVPxBnioXsY2Gjtubrg,Jito,158,158
BNtHBLo1L2vAG7PBQ6mJvWz7GqVPxBnioXsY2Gjtubrg,Nextblock,62,62
BNtHBLo1L2vAG7PBQ6mJvWz7GqVPxBnioXsY2Gjtubrg,NodeOne,221,221
BNtHBLo1L2vAG7PBQ6mJvWz7GqVPxBnioXsY2Gjtubrg,Soyas,8,8
BNtHBLo1L2vAG7PBQ6mJvWz7GqVPxBnioXsY2Gjtubrg,Stellium,175,175
BNtHBLo1L2vAG7PBQ6mJvWz7GqVPxBnioXsY2Gjtubrg,Temporal,107,107
BNtHBLo1L2vAG7PBQ6mJvWz7GqVPxBnioXsY2Gjtubrg,blockRazor,11,11
BNtHBLo1L2vAG7PBQ6mJvWz7GqVPxBnioXsY2Gjtubrg,blockrazor,28,28
BNtHBLo1L2vAG7PBQ6mJvWz7GqVPxBnioXsY2Gjtubrg,blocksprint,151,151
BNtHBLo1L2vAG7PBQ6mJvWz7GqVPxBnioXsY2Gjtubrg,bloxroute,116,116
BNtHBLo1L2vAG7PBQ6mJvWz7GqVPxBnioXsY2Gjtubrg,landX,308,308
BNtHBLo1L2vAG7PBQ6mJvWz7GqVPxBnioXsY2Gjtubrg,stellium,512,512
BPKAfGkkzF5u1QRjjB1nWYYbPMUCMPJe1xZPmwEMNMCT,(none),314,0
BPKAfGkkzF5u1QRjjB1nWYYbPMUCMPJe1xZPmwEMNMCT,0slot,20,20
BPKAfGkkzF5u1QRjjB1nWYYbPMUCMPJe1xZPmwEMNMCT,AstraLane,39,39
BPKAfGkkzF5u1QRjjB1nWYYbPMUCMPJe1xZPmwEMNMCT,Falcon,61,61
BPKAfGkkzF5u1QRjjB1nWYYbPMUCMPJe1xZPmwEMNMCT,Helius,134,134
BPKAfGkkzF5u1QRjjB1nWYYbPMUCMPJe1xZPmwEMNMCT,Jito,56,56
BPKAfGkkzF5u1QRjjB1nWYYbPMUCMPJe1xZPmwEMNMCT,Nextblock,17,17
BPKAfGkkzF5u1QRjjB1nWYYbPMUCMPJe1xZPmwEMNMCT,NodeOne,55,55
BPKAfGkkzF5u1QRjjB1nWYYbPMUCMPJe1xZPmwEMNMCT,Soyas,2,2
BPKAfGkkzF5u1QRjjB1nWYYbPMUCMPJe1xZPmwEMNMCT,Stellium,54,54
BPKAfGkkzF5u1QRjjB1nWYYbPMUCMPJe1xZPmwEMNMCT,Temporal,41,41
BPKAfGkkzF5u1QRjjB1nWYYbPMUCMPJe1xZPmwEMNMCT,blockRazor,4,4
BPKAfGkkzF5u1QRjjB1nWYYbPMUCMPJe1xZPmwEMNMCT,blockrazor,7,7
BPKAfGkkzF5u1QRjjB1nWYYbPMUCMPJe1xZPmwEMNMCT,blocksprint,28,28
BPKAfGkkzF5u1QRjjB1nWYYbPMUCMPJe1xZPmwEMNMCT,bloxroute,15,14
BPKAfGkkzF5u1QRjjB1nWYYbPMUCMPJe1xZPmwEMNMCT,landX,142,142
BPKAfGkkzF5u1QRjjB1nWYYbPMUCMPJe1xZPmwEMNMCT,stellium,178,178
BR1aTt4ZZUCwWJDkSYf1hqkYJjo7Mb7Ar8iVTkeSwUB8,(none),466,0
BR1aTt4ZZUCwWJDkSYf1hqkYJjo7Mb7Ar8iVTkeSwUB8,0slot,46,46
BR1aTt4ZZUCwWJDkSYf1hqkYJjo7Mb7Ar8iVTkeSwUB8,AstraLane,33,33
BR1aTt4ZZUCwWJDkSYf1hqkYJjo7Mb7Ar8iVTkeSwUB8,Falcon,115,115
BR1aTt4ZZUCwWJDkSYf1hqkYJjo7Mb7Ar8iVTkeSwUB8,Helius,131,131
BR1aTt4ZZUCwWJDkSYf1hqkYJjo7Mb7Ar8iVTkeSwUB8,Jito,73,73
BR1aTt4ZZUCwWJDkSYf1hqkYJjo7Mb7Ar8iVTkeSwUB8,Nextblock,13,13
BR1aTt4ZZUCwWJDkSYf1hqkYJjo7Mb7Ar8iVTkeSwUB8,NodeOne,41,41
BR1aTt4ZZUCwWJDkSYf1hqkYJjo7Mb7Ar8iVTkeSwUB8,Soyas,1,1
BR1aTt4ZZUCwWJDkSYf1hqkYJjo7Mb7Ar8iVTkeSwUB8,Stellium,67,67
BR1aTt4ZZUCwWJDkSYf1hqkYJjo7Mb7Ar8iVTkeSwUB8,Temporal,60,60
BR1aTt4ZZUCwWJDkSYf1hqkYJjo7Mb7Ar8iVTkeSwUB8,blockRazor,3,3
BR1aTt4ZZUCwWJDkSYf1hqkYJjo7Mb7Ar8iVTkeSwUB8,blockrazor,11,11
BR1aTt4ZZUCwWJDkSYf1hqkYJjo7Mb7Ar8iVTkeSwUB8,blocksprint,35,35
BR1aTt4ZZUCwWJDkSYf1hqkYJjo7Mb7Ar8iVTkeSwUB8,bloxroute,7,7
BR1aTt4ZZUCwWJDkSYf1hqkYJjo7Mb7Ar8iVTkeSwUB8,landX,103,103
BR1aTt4ZZUCwWJDkSYf1hqkYJjo7Mb7Ar8iVTkeSwUB8,stellium,217,217
BRAZAtTTzR2Es8c98hJvcngerTEyRGSdgkHU59n4A6GT,(none),403,0
BRAZAtTTzR2Es8c98hJvcngerTEyRGSdgkHU59n4A6GT,0slot,43,43
BRAZAtTTzR2Es8c98hJvcngerTEyRGSdgkHU59n4A6GT,AstraLane,74,74
BRAZAtTTzR2Es8c98hJvcngerTEyRGSdgkHU59n4A6GT,BloxRoute,1,1
BRAZAtTTzR2Es8c98hJvcngerTEyRGSdgkHU59n4A6GT,Falcon,125,125
BRAZAtTTzR2Es8c98hJvcngerTEyRGSdgkHU59n4A6GT,Helius,130,130
BRAZAtTTzR2Es8c98hJvcngerTEyRGSdgkHU59n4A6GT,Jito,39,39
BRAZAtTTzR2Es8c98hJvcngerTEyRGSdgkHU59n4A6GT,Nextblock,18,18
BRAZAtTTzR2Es8c98hJvcngerTEyRGSdgkHU59n4A6GT,NodeOne,107,107
BRAZAtTTzR2Es8c98hJvcngerTEyRGSdgkHU59n4A6GT,Soyas,2,2
BRAZAtTTzR2Es8c98hJvcngerTEyRGSdgkHU59n4A6GT,Stellium,69,69
BRAZAtTTzR2Es8c98hJvcngerTEyRGSdgkHU59n4A6GT,Temporal,44,44
BRAZAtTTzR2Es8c98hJvcngerTEyRGSdgkHU59n4A6GT,blockRazor,2,2
BRAZAtTTzR2Es8c98hJvcngerTEyRGSdgkHU59n4A6GT,blockrazor,10,10
BRAZAtTTzR2Es8c98hJvcngerTEyRGSdgkHU59n4A6GT,blocksprint,36,36
BRAZAtTTzR2Es8c98hJvcngerTEyRGSdgkHU59n4A6GT,bloxroute,39,39
BRAZAtTTzR2Es8c98hJvcngerTEyRGSdgkHU59n4A6GT,landX,103,103
BRAZAtTTzR2Es8c98hJvcngerTEyRGSdgkHU59n4A6GT,stellium,210,210
BSGMRbK97DcgLe4u4kfNQnmTVZGVnwdtKQBJqWRBTZxU,(none),765,0
BSGMRbK97DcgLe4u4kfNQnmTVZGVnwdtKQBJqWRBTZxU,0slot,80,80
BSGMRbK97DcgLe4u4kfNQnmTVZGVnwdtKQBJqWRBTZxU,AstraLane,67,67
BSGMRbK97DcgLe4u4kfNQnmTVZGVnwdtKQBJqWRBTZxU,Falcon,92,92
BSGMRbK97DcgLe4u4kfNQnmTVZGVnwdtKQBJqWRBTZxU,Flashblock,4,4
BSGMRbK97DcgLe4u4kfNQnmTVZGVnwdtKQBJqWRBTZxU,Helius,232,232
BSGMRbK97DcgLe4u4kfNQnmTVZGVnwdtKQBJqWRBTZxU,Jito,114,114
BSGMRbK97DcgLe4u4kfNQnmTVZGVnwdtKQBJqWRBTZxU,Nextblock,17,17
BSGMRbK97DcgLe4u4kfNQnmTVZGVnwdtKQBJqWRBTZxU,NodeOne,39,39
BSGMRbK97DcgLe4u4kfNQnmTVZGVnwdtKQBJqWRBTZxU,Soyas,5,5
BSGMRbK97DcgLe4u4kfNQnmTVZGVnwdtKQBJqWRBTZxU,Stellium,84,84
BSGMRbK97DcgLe4u4kfNQnmTVZGVnwdtKQBJqWRBTZxU,Temporal,64,64
BSGMRbK97DcgLe4u4kfNQnmTVZGVnwdtKQBJqWRBTZxU,blockRazor,3,3
BSGMRbK97DcgLe4u4kfNQnmTVZGVnwdtKQBJqWRBTZxU,blockrazor,13,13
BSGMRbK97DcgLe4u4kfNQnmTVZGVnwdtKQBJqWRBTZxU,blocksprint,40,40
BSGMRbK97DcgLe4u4kfNQnmTVZGVnwdtKQBJqWRBTZxU,bloxroute,26,26
BSGMRbK97DcgLe4u4kfNQnmTVZGVnwdtKQBJqWRBTZxU,landX,205,205
BSGMRbK97DcgLe4u4kfNQnmTVZGVnwdtKQBJqWRBTZxU,stellium,329,329
BSMe78Jk1BfeJDdHQj1aXVjrT2aMAYidyNAGQsTshrk,(none),90,0
BSMe78Jk1BfeJDdHQj1aXVjrT2aMAYidyNAGQsTshrk,0slot,4,4
BSMe78Jk1BfeJDdHQj1aXVjrT2aMAYidyNAGQsTshrk,AstraLane,7,7
BSMe78Jk1BfeJDdHQj1aXVjrT2aMAYidyNAGQsTshrk,Falcon,28,28
BSMe78Jk1BfeJDdHQj1aXVjrT2aMAYidyNAGQsTshrk,Helius,19,19
BSMe78Jk1BfeJDdHQj1aXVjrT2aMAYidyNAGQsTshrk,Jito,6,6
BSMe78Jk1BfeJDdHQj1aXVjrT2aMAYidyNAGQsTshrk,Nextblock,3,3
BSMe78Jk1BfeJDdHQj1aXVjrT2aMAYidyNAGQsTshrk,NodeOne,13,13
BSMe78Jk1BfeJDdHQj1aXVjrT2aMAYidyNAGQsTshrk,Soyas,1,1
BSMe78Jk1BfeJDdHQj1aXVjrT2aMAYidyNAGQsTshrk,Stellium,12,12
BSMe78Jk1BfeJDdHQj1aXVjrT2aMAYidyNAGQsTshrk,Temporal,5,5
BSMe78Jk1BfeJDdHQj1aXVjrT2aMAYidyNAGQsTshrk,blockRazor,2,2
BSMe78Jk1BfeJDdHQj1aXVjrT2aMAYidyNAGQsTshrk,blockrazor,1,1
BSMe78Jk1BfeJDdHQj1aXVjrT2aMAYidyNAGQsTshrk,blocksprint,11,11
BSMe78Jk1BfeJDdHQj1aXVjrT2aMAYidyNAGQsTshrk,bloxroute,16,16
BSMe78Jk1BfeJDdHQj1aXVjrT2aMAYidyNAGQsTshrk,landX,18,18
BSMe78Jk1BfeJDdHQj1aXVjrT2aMAYidyNAGQsTshrk,stellium,32,32
BSVckjdW2f8kcXPGcrPPtV9kUDBZ8w8PjrrGVnxgEdwq,(none),12463,0
BSVckjdW2f8kcXPGcrPPtV9kUDBZ8w8PjrrGVnxgEdwq,0slot,946,946
BSVckjdW2f8kcXPGcrPPtV9kUDBZ8w8PjrrGVnxgEdwq,AstraLane,1521,1521
BSVckjdW2f8kcXPGcrPPtV9kUDBZ8w8PjrrGVnxgEdwq,Astralane,1,1
BSVckjdW2f8kcXPGcrPPtV9kUDBZ8w8PjrrGVnxgEdwq,BloxRoute,33,33
BSVckjdW2f8kcXPGcrPPtV9kUDBZ8w8PjrrGVnxgEdwq,Falcon,2505,2505
BSVckjdW2f8kcXPGcrPPtV9kUDBZ8w8PjrrGVnxgEdwq,Flashblock,10,10
BSVckjdW2f8kcXPGcrPPtV9kUDBZ8w8PjrrGVnxgEdwq,Helius,4236,4235
BSVckjdW2f8kcXPGcrPPtV9kUDBZ8w8PjrrGVnxgEdwq,Jito,1197,1197
BSVckjdW2f8kcXPGcrPPtV9kUDBZ8w8PjrrGVnxgEdwq,Moon,4,4
BSVckjdW2f8kcXPGcrPPtV9kUDBZ8w8PjrrGVnxgEdwq,Nextblock,557,557
BSVckjdW2f8kcXPGcrPPtV9kUDBZ8w8PjrrGVnxgEdwq,NodeOne,1521,1521
BSVckjdW2f8kcXPGcrPPtV9kUDBZ8w8PjrrGVnxgEdwq,Soyas,129,129
BSVckjdW2f8kcXPGcrPPtV9kUDBZ8w8PjrrGVnxgEdwq,Stellium,1703,1703
BSVckjdW2f8kcXPGcrPPtV9kUDBZ8w8PjrrGVnxgEdwq,Temporal,1342,1341
BSVckjdW2f8kcXPGcrPPtV9kUDBZ8w8PjrrGVnxgEdwq,blockRazor,80,80
BSVckjdW2f8kcXPGcrPPtV9kUDBZ8w8PjrrGVnxgEdwq,blockrazor,283,283
BSVckjdW2f8kcXPGcrPPtV9kUDBZ8w8PjrrGVnxgEdwq,blocksprint,1058,1058
BSVckjdW2f8kcXPGcrPPtV9kUDBZ8w8PjrrGVnxgEdwq,bloxroute,535,534
BSVckjdW2f8kcXPGcrPPtV9kUDBZ8w8PjrrGVnxgEdwq,landX,3516,3516
BSVckjdW2f8kcXPGcrPPtV9kUDBZ8w8PjrrGVnxgEdwq,stellium,5682,5682
BTGPbq4KuFENn4CKuaKGqkaDd3TJD3TEgtMjSrsZnMLb,(none),514,0
BTGPbq4KuFENn4CKuaKGqkaDd3TJD3TEgtMjSrsZnMLb,0slot,30,30
BTGPbq4KuFENn4CKuaKGqkaDd3TJD3TEgtMjSrsZnMLb,AstraLane,37,37
BTGPbq4KuFENn4CKuaKGqkaDd3TJD3TEgtMjSrsZnMLb,BloxRoute,2,2
BTGPbq4KuFENn4CKuaKGqkaDd3TJD3TEgtMjSrsZnMLb,Falcon,154,154
BTGPbq4KuFENn4CKuaKGqkaDd3TJD3TEgtMjSrsZnMLb,Flashblock,2,2
BTGPbq4KuFENn4CKuaKGqkaDd3TJD3TEgtMjSrsZnMLb,Helius,140,140
BTGPbq4KuFENn4CKuaKGqkaDd3TJD3TEgtMjSrsZnMLb,Jito,49,49
BTGPbq4KuFENn4CKuaKGqkaDd3TJD3TEgtMjSrsZnMLb,Nextblock,22,22
BTGPbq4KuFENn4CKuaKGqkaDd3TJD3TEgtMjSrsZnMLb,NodeOne,44,44
BTGPbq4KuFENn4CKuaKGqkaDd3TJD3TEgtMjSrsZnMLb,Soyas,4,4
BTGPbq4KuFENn4CKuaKGqkaDd3TJD3TEgtMjSrsZnMLb,Stellium,88,88
BTGPbq4KuFENn4CKuaKGqkaDd3TJD3TEgtMjSrsZnMLb,Temporal,60,60
BTGPbq4KuFENn4CKuaKGqkaDd3TJD3TEgtMjSrsZnMLb,blockRazor,3,3
BTGPbq4KuFENn4CKuaKGqkaDd3TJD3TEgtMjSrsZnMLb,blockrazor,12,12
BTGPbq4KuFENn4CKuaKGqkaDd3TJD3TEgtMjSrsZnMLb,blocksprint,36,36
BTGPbq4KuFENn4CKuaKGqkaDd3TJD3TEgtMjSrsZnMLb,bloxroute,10,10
BTGPbq4KuFENn4CKuaKGqkaDd3TJD3TEgtMjSrsZnMLb,landX,181,181
BTGPbq4KuFENn4CKuaKGqkaDd3TJD3TEgtMjSrsZnMLb,stellium,313,313
BULKzVM41WAyQZfL34vxqdsYwEYH9mJAJyzRS4xraf8b,(none),1208,0
BULKzVM41WAyQZfL34vxqdsYwEYH9mJAJyzRS4xraf8b,0slot,122,122
BULKzVM41WAyQZfL34vxqdsYwEYH9mJAJyzRS4xraf8b,AstraLane,115,115
BULKzVM41WAyQZfL34vxqdsYwEYH9mJAJyzRS4xraf8b,BloxRoute,4,4
BULKzVM41WAyQZfL34vxqdsYwEYH9mJAJyzRS4xraf8b,Falcon,245,245
BULKzVM41WAyQZfL34vxqdsYwEYH9mJAJyzRS4xraf8b,Helius,375,375
BULKzVM41WAyQZfL34vxqdsYwEYH9mJAJyzRS4xraf8b,Jito,148,148
BULKzVM41WAyQZfL34vxqdsYwEYH9mJAJyzRS4xraf8b,Moon,1,1
BULKzVM41WAyQZfL34vxqdsYwEYH9mJAJyzRS4xraf8b,Nextblock,62,62
BULKzVM41WAyQZfL34vxqdsYwEYH9mJAJyzRS4xraf8b,NodeOne,207,207
BULKzVM41WAyQZfL34vxqdsYwEYH9mJAJyzRS4xraf8b,Soyas,20,20
BULKzVM41WAyQZfL34vxqdsYwEYH9mJAJyzRS4xraf8b,Stellium,156,156
BULKzVM41WAyQZfL34vxqdsYwEYH9mJAJyzRS4xraf8b,Temporal,107,107
BULKzVM41WAyQZfL34vxqdsYwEYH9mJAJyzRS4xraf8b,blockRazor,7,7
BULKzVM41WAyQZfL34vxqdsYwEYH9mJAJyzRS4xraf8b,blockrazor,41,41
BULKzVM41WAyQZfL34vxqdsYwEYH9mJAJyzRS4xraf8b,blocksprint,94,94
BULKzVM41WAyQZfL34vxqdsYwEYH9mJAJyzRS4xraf8b,bloxroute,70,70
BULKzVM41WAyQZfL34vxqdsYwEYH9mJAJyzRS4xraf8b,landX,374,374
BULKzVM41WAyQZfL34vxqdsYwEYH9mJAJyzRS4xraf8b,stellium,553,553
BUokhb8pPF9MZuzW3rHLr6jzakgcz3NDq2PZkpiVv3jb,(none),6672,0
BUokhb8pPF9MZuzW3rHLr6jzakgcz3NDq2PZkpiVv3jb,0slot,593,593
BUokhb8pPF9MZuzW3rHLr6jzakgcz3NDq2PZkpiVv3jb,AstraLane,2197,2197
BUokhb8pPF9MZuzW3rHLr6jzakgcz3NDq2PZkpiVv3jb,Astralane,5,5
BUokhb8pPF9MZuzW3rHLr6jzakgcz3NDq2PZkpiVv3jb,BloxRoute,18,18
BUokhb8pPF9MZuzW3rHLr6jzakgcz3NDq2PZkpiVv3jb,Falcon,1699,1699
BUokhb8pPF9MZuzW3rHLr6jzakgcz3NDq2PZkpiVv3jb,Flashblock,4,4
BUokhb8pPF9MZuzW3rHLr6jzakgcz3NDq2PZkpiVv3jb,Helius,2282,2282
BUokhb8pPF9MZuzW3rHLr6jzakgcz3NDq2PZkpiVv3jb,Jito,987,987
BUokhb8pPF9MZuzW3rHLr6jzakgcz3NDq2PZkpiVv3jb,Nextblock,275,275
BUokhb8pPF9MZuzW3rHLr6jzakgcz3NDq2PZkpiVv3jb,NodeOne,797,797
BUokhb8pPF9MZuzW3rHLr6jzakgcz3NDq2PZkpiVv3jb,Soyas,40,40
BUokhb8pPF9MZuzW3rHLr6jzakgcz3NDq2PZkpiVv3jb,Stellium,1140,1140
BUokhb8pPF9MZuzW3rHLr6jzakgcz3NDq2PZkpiVv3jb,Temporal,849,849
BUokhb8pPF9MZuzW3rHLr6jzakgcz3NDq2PZkpiVv3jb,blockRazor,39,39
BUokhb8pPF9MZuzW3rHLr6jzakgcz3NDq2PZkpiVv3jb,blockrazor,126,126
BUokhb8pPF9MZuzW3rHLr6jzakgcz3NDq2PZkpiVv3jb,blocksprint,687,687
BUokhb8pPF9MZuzW3rHLr6jzakgcz3NDq2PZkpiVv3jb,bloxroute,1603,1603
BUokhb8pPF9MZuzW3rHLr6jzakgcz3NDq2PZkpiVv3jb,landX,1131,1131
BUokhb8pPF9MZuzW3rHLr6jzakgcz3NDq2PZkpiVv3jb,stellium,2659,2659
BUv44cVtsdvU9z2BfFGk6s5JZZWrmVnq5qCaii5ARyyB,(none),7958,0
BUv44cVtsdvU9z2BfFGk6s5JZZWrmVnq5qCaii5ARyyB,0slot,646,646
BUv44cVtsdvU9z2BfFGk6s5JZZWrmVnq5qCaii5ARyyB,AstraLane,923,923
BUv44cVtsdvU9z2BfFGk6s5JZZWrmVnq5qCaii5ARyyB,BloxRoute,22,22
BUv44cVtsdvU9z2BfFGk6s5JZZWrmVnq5qCaii5ARyyB,Falcon,1706,1706
BUv44cVtsdvU9z2BfFGk6s5JZZWrmVnq5qCaii5ARyyB,Flashblock,16,16
BUv44cVtsdvU9z2BfFGk6s5JZZWrmVnq5qCaii5ARyyB,Helius,2742,2739
BUv44cVtsdvU9z2BfFGk6s5JZZWrmVnq5qCaii5ARyyB,Jito,1069,1068
BUv44cVtsdvU9z2BfFGk6s5JZZWrmVnq5qCaii5ARyyB,Moon,3,3
BUv44cVtsdvU9z2BfFGk6s5JZZWrmVnq5qCaii5ARyyB,Nextblock,337,337
BUv44cVtsdvU9z2BfFGk6s5JZZWrmVnq5qCaii5ARyyB,NodeOne,1164,1164
BUv44cVtsdvU9z2BfFGk6s5JZZWrmVnq5qCaii5ARyyB,Soyas,90,90
BUv44cVtsdvU9z2BfFGk6s5JZZWrmVnq5qCaii5ARyyB,Stellium,1177,1177
BUv44cVtsdvU9z2BfFGk6s5JZZWrmVnq5qCaii5ARyyB,Temporal,914,912
BUv44cVtsdvU9z2BfFGk6s5JZZWrmVnq5qCaii5ARyyB,blockRazor,31,31
BUv44cVtsdvU9z2BfFGk6s5JZZWrmVnq5qCaii5ARyyB,blockrazor,183,183
BUv44cVtsdvU9z2BfFGk6s5JZZWrmVnq5qCaii5ARyyB,blocksprint,629,629
BUv44cVtsdvU9z2BfFGk6s5JZZWrmVnq5qCaii5ARyyB,bloxroute,349,347
BUv44cVtsdvU9z2BfFGk6s5JZZWrmVnq5qCaii5ARyyB,landX,1975,1975
BUv44cVtsdvU9z2BfFGk6s5JZZWrmVnq5qCaii5ARyyB,stellium,3594,3594
BXAxLMMMUNYfC1z166VjWHR3WjTmqzLxB837o5ghmRtH,(none),3545,0
BXAxLMMMUNYfC1z166VjWHR3WjTmqzLxB837o5ghmRtH,0slot,339,339
BXAxLMMMUNYfC1z166VjWHR3WjTmqzLxB837o5ghmRtH,AstraLane,364,364
BXAxLMMMUNYfC1z166VjWHR3WjTmqzLxB837o5ghmRtH,Astralane,1,1
BXAxLMMMUNYfC1z166VjWHR3WjTmqzLxB837o5ghmRtH,BloxRoute,8,8
BXAxLMMMUNYfC1z166VjWHR3WjTmqzLxB837o5ghmRtH,Falcon,752,752
BXAxLMMMUNYfC1z166VjWHR3WjTmqzLxB837o5ghmRtH,Flashblock,2,2
BXAxLMMMUNYfC1z166VjWHR3WjTmqzLxB837o5ghmRtH,Helius,1045,1045
BXAxLMMMUNYfC1z166VjWHR3WjTmqzLxB837o5ghmRtH,Jito,382,382
BXAxLMMMUNYfC1z166VjWHR3WjTmqzLxB837o5ghmRtH,Moon,1,1
BXAxLMMMUNYfC1z166VjWHR3WjTmqzLxB837o5ghmRtH,Nextblock,170,170
BXAxLMMMUNYfC1z166VjWHR3WjTmqzLxB837o5ghmRtH,NodeOne,375,375
BXAxLMMMUNYfC1z166VjWHR3WjTmqzLxB837o5ghmRtH,Soyas,35,35
BXAxLMMMUNYfC1z166VjWHR3WjTmqzLxB837o5ghmRtH,Stellium,491,491
BXAxLMMMUNYfC1z166VjWHR3WjTmqzLxB837o5ghmRtH,Temporal,385,385
BXAxLMMMUNYfC1z166VjWHR3WjTmqzLxB837o5ghmRtH,blockRazor,17,17
BXAxLMMMUNYfC1z166VjWHR3WjTmqzLxB837o5ghmRtH,blockrazor,66,66
BXAxLMMMUNYfC1z166VjWHR3WjTmqzLxB837o5ghmRtH,blocksprint,256,256
BXAxLMMMUNYfC1z166VjWHR3WjTmqzLxB837o5ghmRtH,bloxroute,125,124
BXAxLMMMUNYfC1z166VjWHR3WjTmqzLxB837o5ghmRtH,landX,1000,1000
BXAxLMMMUNYfC1z166VjWHR3WjTmqzLxB837o5ghmRtH,stellium,1572,1572
BaDhUB1eWfunwD21Tu3WywyYQ9wZx5hS9WXeHHNGZUPy,(none),325,0
BaDhUB1eWfunwD21Tu3WywyYQ9wZx5hS9WXeHHNGZUPy,0slot,29,29
BaDhUB1eWfunwD21Tu3WywyYQ9wZx5hS9WXeHHNGZUPy,AstraLane,57,57
BaDhUB1eWfunwD21Tu3WywyYQ9wZx5hS9WXeHHNGZUPy,Falcon,87,87
BaDhUB1eWfunwD21Tu3WywyYQ9wZx5hS9WXeHHNGZUPy,Flashblock,1,1
BaDhUB1eWfunwD21Tu3WywyYQ9wZx5hS9WXeHHNGZUPy,Helius,87,87
BaDhUB1eWfunwD21Tu3WywyYQ9wZx5hS9WXeHHNGZUPy,Jito,24,24
BaDhUB1eWfunwD21Tu3WywyYQ9wZx5hS9WXeHHNGZUPy,Moon,1,1
BaDhUB1eWfunwD21Tu3WywyYQ9wZx5hS9WXeHHNGZUPy,Nextblock,18,18
BaDhUB1eWfunwD21Tu3WywyYQ9wZx5hS9WXeHHNGZUPy,NodeOne,22,22
BaDhUB1eWfunwD21Tu3WywyYQ9wZx5hS9WXeHHNGZUPy,Soyas,4,4
BaDhUB1eWfunwD21Tu3WywyYQ9wZx5hS9WXeHHNGZUPy,Stellium,60,60
BaDhUB1eWfunwD21Tu3WywyYQ9wZx5hS9WXeHHNGZUPy,Temporal,44,44
BaDhUB1eWfunwD21Tu3WywyYQ9wZx5hS9WXeHHNGZUPy,blockrazor,10,10
BaDhUB1eWfunwD21Tu3WywyYQ9wZx5hS9WXeHHNGZUPy,blocksprint,33,33
BaDhUB1eWfunwD21Tu3WywyYQ9wZx5hS9WXeHHNGZUPy,bloxroute,2,2
BaDhUB1eWfunwD21Tu3WywyYQ9wZx5hS9WXeHHNGZUPy,landX,83,83
BaDhUB1eWfunwD21Tu3WywyYQ9wZx5hS9WXeHHNGZUPy,stellium,143,143
BeSovDCzhEAfgwDyXBuhmCFKsu5WQ3PaX61GEfteNzXM,(none),986,0
BeSovDCzhEAfgwDyXBuhmCFKsu5WQ3PaX61GEfteNzXM,0slot,83,83
BeSovDCzhEAfgwDyXBuhmCFKsu5WQ3PaX61GEfteNzXM,AstraLane,111,111
BeSovDCzhEAfgwDyXBuhmCFKsu5WQ3PaX61GEfteNzXM,BloxRoute,3,3
BeSovDCzhEAfgwDyXBuhmCFKsu5WQ3PaX61GEfteNzXM,Falcon,229,229
BeSovDCzhEAfgwDyXBuhmCFKsu5WQ3PaX61GEfteNzXM,Flashblock,3,3
BeSovDCzhEAfgwDyXBuhmCFKsu5WQ3PaX61GEfteNzXM,Helius,294,294
BeSovDCzhEAfgwDyXBuhmCFKsu5WQ3PaX61GEfteNzXM,Jito,120,120
BeSovDCzhEAfgwDyXBuhmCFKsu5WQ3PaX61GEfteNzXM,Nextblock,42,42
BeSovDCzhEAfgwDyXBuhmCFKsu5WQ3PaX61GEfteNzXM,NodeOne,72,72
BeSovDCzhEAfgwDyXBuhmCFKsu5WQ3PaX61GEfteNzXM,Soyas,12,12
BeSovDCzhEAfgwDyXBuhmCFKsu5WQ3PaX61GEfteNzXM,Stellium,165,165
BeSovDCzhEAfgwDyXBuhmCFKsu5WQ3PaX61GEfteNzXM,Temporal,119,119
BeSovDCzhEAfgwDyXBuhmCFKsu5WQ3PaX61GEfteNzXM,blockRazor,9,9
BeSovDCzhEAfgwDyXBuhmCFKsu5WQ3PaX61GEfteNzXM,blockrazor,24,24
BeSovDCzhEAfgwDyXBuhmCFKsu5WQ3PaX61GEfteNzXM,blocksprint,83,83
BeSovDCzhEAfgwDyXBuhmCFKsu5WQ3PaX61GEfteNzXM,bloxroute,60,60
BeSovDCzhEAfgwDyXBuhmCFKsu5WQ3PaX61GEfteNzXM,landX,225,225
BeSovDCzhEAfgwDyXBuhmCFKsu5WQ3PaX61GEfteNzXM,stellium,444,444
BeaCHioStqCEFDFxKwAEzyrUPYxqnBPhJ98gDKeEiTPb,(none),2748,0
BeaCHioStqCEFDFxKwAEzyrUPYxqnBPhJ98gDKeEiTPb,0slot,221,221
BeaCHioStqCEFDFxKwAEzyrUPYxqnBPhJ98gDKeEiTPb,AstraLane,359,359
BeaCHioStqCEFDFxKwAEzyrUPYxqnBPhJ98gDKeEiTPb,Astralane,1,1
BeaCHioStqCEFDFxKwAEzyrUPYxqnBPhJ98gDKeEiTPb,BloxRoute,3,3
BeaCHioStqCEFDFxKwAEzyrUPYxqnBPhJ98gDKeEiTPb,Falcon,843,843
BeaCHioStqCEFDFxKwAEzyrUPYxqnBPhJ98gDKeEiTPb,Flashblock,4,4
BeaCHioStqCEFDFxKwAEzyrUPYxqnBPhJ98gDKeEiTPb,Helius,935,935
BeaCHioStqCEFDFxKwAEzyrUPYxqnBPhJ98gDKeEiTPb,Jito,278,278
BeaCHioStqCEFDFxKwAEzyrUPYxqnBPhJ98gDKeEiTPb,Nextblock,159,159
BeaCHioStqCEFDFxKwAEzyrUPYxqnBPhJ98gDKeEiTPb,NodeOne,270,270
BeaCHioStqCEFDFxKwAEzyrUPYxqnBPhJ98gDKeEiTPb,Soyas,34,34
BeaCHioStqCEFDFxKwAEzyrUPYxqnBPhJ98gDKeEiTPb,Stellium,556,556
BeaCHioStqCEFDFxKwAEzyrUPYxqnBPhJ98gDKeEiTPb,Temporal,351,351
BeaCHioStqCEFDFxKwAEzyrUPYxqnBPhJ98gDKeEiTPb,blockRazor,26,26
BeaCHioStqCEFDFxKwAEzyrUPYxqnBPhJ98gDKeEiTPb,blockrazor,76,76
BeaCHioStqCEFDFxKwAEzyrUPYxqnBPhJ98gDKeEiTPb,blocksprint,245,245
BeaCHioStqCEFDFxKwAEzyrUPYxqnBPhJ98gDKeEiTPb,bloxroute,123,123
BeaCHioStqCEFDFxKwAEzyrUPYxqnBPhJ98gDKeEiTPb,landX,957,957
BeaCHioStqCEFDFxKwAEzyrUPYxqnBPhJ98gDKeEiTPb,stellium,1775,1775
BfgMdL4FaNHp5zZpD7WMYG5sZUrCWQPEjXDwWS7M5q3F,(none),9,0
BfgMdL4FaNHp5zZpD7WMYG5sZUrCWQPEjXDwWS7M5q3F,0slot,2,2
BfgMdL4FaNHp5zZpD7WMYG5sZUrCWQPEjXDwWS7M5q3F,AstraLane,2,2
BfgMdL4FaNHp5zZpD7WMYG5sZUrCWQPEjXDwWS7M5q3F,Astralane,1,1
BfgMdL4FaNHp5zZpD7WMYG5sZUrCWQPEjXDwWS7M5q3F,Falcon,1,1
BfgMdL4FaNHp5zZpD7WMYG5sZUrCWQPEjXDwWS7M5q3F,Helius,1,1
BfgMdL4FaNHp5zZpD7WMYG5sZUrCWQPEjXDwWS7M5q3F,Jito,1,1
BfgMdL4FaNHp5zZpD7WMYG5sZUrCWQPEjXDwWS7M5q3F,Nextblock,1,1
BfgMdL4FaNHp5zZpD7WMYG5sZUrCWQPEjXDwWS7M5q3F,Soyas,1,1
BfgMdL4FaNHp5zZpD7WMYG5sZUrCWQPEjXDwWS7M5q3F,Temporal,1,1
BfgMdL4FaNHp5zZpD7WMYG5sZUrCWQPEjXDwWS7M5q3F,blockRazor,1,1
BhNnboEZb3mKkVADMH11cYGWCqefAfmhzx5rU4eRTKGY,(none),326,0
BhNnboEZb3mKkVADMH11cYGWCqefAfmhzx5rU4eRTKGY,0slot,27,27
BhNnboEZb3mKkVADMH11cYGWCqefAfmhzx5rU4eRTKGY,AstraLane,61,61
BhNnboEZb3mKkVADMH11cYGWCqefAfmhzx5rU4eRTKGY,Falcon,100,100
BhNnboEZb3mKkVADMH11cYGWCqefAfmhzx5rU4eRTKGY,Helius,162,162
BhNnboEZb3mKkVADMH11cYGWCqefAfmhzx5rU4eRTKGY,Jito,23,23
BhNnboEZb3mKkVADMH11cYGWCqefAfmhzx5rU4eRTKGY,Nextblock,30,30
BhNnboEZb3mKkVADMH11cYGWCqefAfmhzx5rU4eRTKGY,NodeOne,28,28
BhNnboEZb3mKkVADMH11cYGWCqefAfmhzx5rU4eRTKGY,Soyas,13,13
BhNnboEZb3mKkVADMH11cYGWCqefAfmhzx5rU4eRTKGY,Stellium,54,54
BhNnboEZb3mKkVADMH11cYGWCqefAfmhzx5rU4eRTKGY,Temporal,28,28
BhNnboEZb3mKkVADMH11cYGWCqefAfmhzx5rU4eRTKGY,blockRazor,4,4
BhNnboEZb3mKkVADMH11cYGWCqefAfmhzx5rU4eRTKGY,blockrazor,7,7
BhNnboEZb3mKkVADMH11cYGWCqefAfmhzx5rU4eRTKGY,blocksprint,62,62
BhNnboEZb3mKkVADMH11cYGWCqefAfmhzx5rU4eRTKGY,bloxroute,18,18
BhNnboEZb3mKkVADMH11cYGWCqefAfmhzx5rU4eRTKGY,landX,145,145
BhNnboEZb3mKkVADMH11cYGWCqefAfmhzx5rU4eRTKGY,stellium,178,178
Bi9kKNxfW2XqgCmLcuhHt6A3x55GuAGmrVZxRHLyVoQ4,(none),4131,0
Bi9kKNxfW2XqgCmLcuhHt6A3x55GuAGmrVZxRHLyVoQ4,0slot,255,255
Bi9kKNxfW2XqgCmLcuhHt6A3x55GuAGmrVZxRHLyVoQ4,AstraLane,1908,1908
Bi9kKNxfW2XqgCmLcuhHt6A3x55GuAGmrVZxRHLyVoQ4,Astralane,2,2
Bi9kKNxfW2XqgCmLcuhHt6A3x55GuAGmrVZxRHLyVoQ4,BloxRoute,11,11
Bi9kKNxfW2XqgCmLcuhHt6A3x55GuAGmrVZxRHLyVoQ4,Falcon,1229,1229
Bi9kKNxfW2XqgCmLcuhHt6A3x55GuAGmrVZxRHLyVoQ4,Flashblock,2,2
Bi9kKNxfW2XqgCmLcuhHt6A3x55GuAGmrVZxRHLyVoQ4,Helius,1532,1532
Bi9kKNxfW2XqgCmLcuhHt6A3x55GuAGmrVZxRHLyVoQ4,Jito,616,616
Bi9kKNxfW2XqgCmLcuhHt6A3x55GuAGmrVZxRHLyVoQ4,Nextblock,166,166
Bi9kKNxfW2XqgCmLcuhHt6A3x55GuAGmrVZxRHLyVoQ4,NodeOne,329,329
Bi9kKNxfW2XqgCmLcuhHt6A3x55GuAGmrVZxRHLyVoQ4,Soyas,31,31
Bi9kKNxfW2XqgCmLcuhHt6A3x55GuAGmrVZxRHLyVoQ4,Stellium,926,926
Bi9kKNxfW2XqgCmLcuhHt6A3x55GuAGmrVZxRHLyVoQ4,Temporal,634,634
Bi9kKNxfW2XqgCmLcuhHt6A3x55GuAGmrVZxRHLyVoQ4,blockRazor,25,25
Bi9kKNxfW2XqgCmLcuhHt6A3x55GuAGmrVZxRHLyVoQ4,blockrazor,72,72
Bi9kKNxfW2XqgCmLcuhHt6A3x55GuAGmrVZxRHLyVoQ4,blocksprint,514,514
Bi9kKNxfW2XqgCmLcuhHt6A3x55GuAGmrVZxRHLyVoQ4,bloxroute,1772,1772
Bi9kKNxfW2XqgCmLcuhHt6A3x55GuAGmrVZxRHLyVoQ4,landX,803,803
Bi9kKNxfW2XqgCmLcuhHt6A3x55GuAGmrVZxRHLyVoQ4,stellium,1964,1964
BiGcsiuFCLuiTzXoQgfLdge9sfpwr55YzdT8Kp7bCXmS,(none),1630,0
BiGcsiuFCLuiTzXoQgfLdge9sfpwr55YzdT8Kp7bCXmS,0slot,100,100
BiGcsiuFCLuiTzXoQgfLdge9sfpwr55YzdT8Kp7bCXmS,AstraLane,761,761
BiGcsiuFCLuiTzXoQgfLdge9sfpwr55YzdT8Kp7bCXmS,BloxRoute,1,1
BiGcsiuFCLuiTzXoQgfLdge9sfpwr55YzdT8Kp7bCXmS,Falcon,403,403
BiGcsiuFCLuiTzXoQgfLdge9sfpwr55YzdT8Kp7bCXmS,Flashblock,6,6
BiGcsiuFCLuiTzXoQgfLdge9sfpwr55YzdT8Kp7bCXmS,Helius,412,412
BiGcsiuFCLuiTzXoQgfLdge9sfpwr55YzdT8Kp7bCXmS,Jito,251,251
BiGcsiuFCLuiTzXoQgfLdge9sfpwr55YzdT8Kp7bCXmS,Moon,1,1
BiGcsiuFCLuiTzXoQgfLdge9sfpwr55YzdT8Kp7bCXmS,Nextblock,50,50
BiGcsiuFCLuiTzXoQgfLdge9sfpwr55YzdT8Kp7bCXmS,NodeOne,207,207
BiGcsiuFCLuiTzXoQgfLdge9sfpwr55YzdT8Kp7bCXmS,Soyas,11,11
BiGcsiuFCLuiTzXoQgfLdge9sfpwr55YzdT8Kp7bCXmS,Stellium,266,266
BiGcsiuFCLuiTzXoQgfLdge9sfpwr55YzdT8Kp7bCXmS,Temporal,206,205
BiGcsiuFCLuiTzXoQgfLdge9sfpwr55YzdT8Kp7bCXmS,blockRazor,6,6
BiGcsiuFCLuiTzXoQgfLdge9sfpwr55YzdT8Kp7bCXmS,blockrazor,35,35
BiGcsiuFCLuiTzXoQgfLdge9sfpwr55YzdT8Kp7bCXmS,blocksprint,140,140
BiGcsiuFCLuiTzXoQgfLdge9sfpwr55YzdT8Kp7bCXmS,bloxroute,650,650
BiGcsiuFCLuiTzXoQgfLdge9sfpwr55YzdT8Kp7bCXmS,landX,247,247
BiGcsiuFCLuiTzXoQgfLdge9sfpwr55YzdT8Kp7bCXmS,stellium,630,630
BirdeyeK5yooepHNNgaW2bGGDD2jmib4oSRFTHyELbZ1,(none),284,0
BirdeyeK5yooepHNNgaW2bGGDD2jmib4oSRFTHyELbZ1,0slot,19,19
BirdeyeK5yooepHNNgaW2bGGDD2jmib4oSRFTHyELbZ1,AstraLane,33,33
BirdeyeK5yooepHNNgaW2bGGDD2jmib4oSRFTHyELbZ1,Astralane,1,1
BirdeyeK5yooepHNNgaW2bGGDD2jmib4oSRFTHyELbZ1,Falcon,59,59
BirdeyeK5yooepHNNgaW2bGGDD2jmib4oSRFTHyELbZ1,Helius,208,208
BirdeyeK5yooepHNNgaW2bGGDD2jmib4oSRFTHyELbZ1,Jito,44,44
BirdeyeK5yooepHNNgaW2bGGDD2jmib4oSRFTHyELbZ1,Moon,1,1
BirdeyeK5yooepHNNgaW2bGGDD2jmib4oSRFTHyELbZ1,Nextblock,11,11
BirdeyeK5yooepHNNgaW2bGGDD2jmib4oSRFTHyELbZ1,NodeOne,89,89
BirdeyeK5yooepHNNgaW2bGGDD2jmib4oSRFTHyELbZ1,Soyas,5,5
BirdeyeK5yooepHNNgaW2bGGDD2jmib4oSRFTHyELbZ1,Stellium,37,37
BirdeyeK5yooepHNNgaW2bGGDD2jmib4oSRFTHyELbZ1,Temporal,24,24
BirdeyeK5yooepHNNgaW2bGGDD2jmib4oSRFTHyELbZ1,blockRazor,1,1
BirdeyeK5yooepHNNgaW2bGGDD2jmib4oSRFTHyELbZ1,blockrazor,5,5
BirdeyeK5yooepHNNgaW2bGGDD2jmib4oSRFTHyELbZ1,blocksprint,30,30
BirdeyeK5yooepHNNgaW2bGGDD2jmib4oSRFTHyELbZ1,bloxroute,50,50
BirdeyeK5yooepHNNgaW2bGGDD2jmib4oSRFTHyELbZ1,landX,95,95
BirdeyeK5yooepHNNgaW2bGGDD2jmib4oSRFTHyELbZ1,stellium,143,143
BitokuDHQiAhpUKrwx1VssAAoW5Rst8zB6gpfoaxM3Kh,(none),875,0
BitokuDHQiAhpUKrwx1VssAAoW5Rst8zB6gpfoaxM3Kh,0slot,47,47
BitokuDHQiAhpUKrwx1VssAAoW5Rst8zB6gpfoaxM3Kh,AstraLane,79,79
BitokuDHQiAhpUKrwx1VssAAoW5Rst8zB6gpfoaxM3Kh,Astralane,2,2
BitokuDHQiAhpUKrwx1VssAAoW5Rst8zB6gpfoaxM3Kh,BloxRoute,4,4
BitokuDHQiAhpUKrwx1VssAAoW5Rst8zB6gpfoaxM3Kh,Falcon,96,96
BitokuDHQiAhpUKrwx1VssAAoW5Rst8zB6gpfoaxM3Kh,Flashblock,1,1
BitokuDHQiAhpUKrwx1VssAAoW5Rst8zB6gpfoaxM3Kh,Helius,252,252
BitokuDHQiAhpUKrwx1VssAAoW5Rst8zB6gpfoaxM3Kh,Jito,136,136
BitokuDHQiAhpUKrwx1VssAAoW5Rst8zB6gpfoaxM3Kh,Nextblock,43,43
BitokuDHQiAhpUKrwx1VssAAoW5Rst8zB6gpfoaxM3Kh,NodeOne,74,74
BitokuDHQiAhpUKrwx1VssAAoW5Rst8zB6gpfoaxM3Kh,Soyas,13,13
BitokuDHQiAhpUKrwx1VssAAoW5Rst8zB6gpfoaxM3Kh,Stellium,78,78
BitokuDHQiAhpUKrwx1VssAAoW5Rst8zB6gpfoaxM3Kh,Temporal,45,45
BitokuDHQiAhpUKrwx1VssAAoW5Rst8zB6gpfoaxM3Kh,blockrazor,9,9
BitokuDHQiAhpUKrwx1VssAAoW5Rst8zB6gpfoaxM3Kh,blocksprint,48,48
BitokuDHQiAhpUKrwx1VssAAoW5Rst8zB6gpfoaxM3Kh,bloxroute,56,55
BitokuDHQiAhpUKrwx1VssAAoW5Rst8zB6gpfoaxM3Kh,landX,219,219
BitokuDHQiAhpUKrwx1VssAAoW5Rst8zB6gpfoaxM3Kh,stellium,257,257
BkoS26vBuaXnSowACdChi4WKid8UwmuPNhEJWa8KsLHd,(none),11746,0
BkoS26vBuaXnSowACdChi4WKid8UwmuPNhEJWa8KsLHd,0slot,1129,1129
BkoS26vBuaXnSowACdChi4WKid8UwmuPNhEJWa8KsLHd,AstraLane,1602,1602
BkoS26vBuaXnSowACdChi4WKid8UwmuPNhEJWa8KsLHd,Astralane,21,21
BkoS26vBuaXnSowACdChi4WKid8UwmuPNhEJWa8KsLHd,BloxRoute,23,23
BkoS26vBuaXnSowACdChi4WKid8UwmuPNhEJWa8KsLHd,Falcon,2740,2740
BkoS26vBuaXnSowACdChi4WKid8UwmuPNhEJWa8KsLHd,Flashblock,11,11
BkoS26vBuaXnSowACdChi4WKid8UwmuPNhEJWa8KsLHd,Helius,4421,4420
BkoS26vBuaXnSowACdChi4WKid8UwmuPNhEJWa8KsLHd,Jito,916,916
BkoS26vBuaXnSowACdChi4WKid8UwmuPNhEJWa8KsLHd,Moon,12,12
BkoS26vBuaXnSowACdChi4WKid8UwmuPNhEJWa8KsLHd,Nextblock,632,632
BkoS26vBuaXnSowACdChi4WKid8UwmuPNhEJWa8KsLHd,NodeOne,1240,1240
BkoS26vBuaXnSowACdChi4WKid8UwmuPNhEJWa8KsLHd,Soyas,119,119
BkoS26vBuaXnSowACdChi4WKid8UwmuPNhEJWa8KsLHd,Stellium,1844,1844
BkoS26vBuaXnSowACdChi4WKid8UwmuPNhEJWa8KsLHd,Temporal,1584,1583
BkoS26vBuaXnSowACdChi4WKid8UwmuPNhEJWa8KsLHd,blockRazor,91,91
BkoS26vBuaXnSowACdChi4WKid8UwmuPNhEJWa8KsLHd,blockrazor,327,327
BkoS26vBuaXnSowACdChi4WKid8UwmuPNhEJWa8KsLHd,blocksprint,1236,1236
BkoS26vBuaXnSowACdChi4WKid8UwmuPNhEJWa8KsLHd,bloxroute,799,798
BkoS26vBuaXnSowACdChi4WKid8UwmuPNhEJWa8KsLHd,landX,4217,4217
BkoS26vBuaXnSowACdChi4WKid8UwmuPNhEJWa8KsLHd,stellium,6698,6698
BoNKmNCGvoHS4CkKvYRnF21iEpUP827pZjhFGdA4t5as,(none),2262,0
BoNKmNCGvoHS4CkKvYRnF21iEpUP827pZjhFGdA4t5as,0slot,254,254
BoNKmNCGvoHS4CkKvYRnF21iEpUP827pZjhFGdA4t5as,AstraLane,260,260
BoNKmNCGvoHS4CkKvYRnF21iEpUP827pZjhFGdA4t5as,BloxRoute,8,8
BoNKmNCGvoHS4CkKvYRnF21iEpUP827pZjhFGdA4t5as,Falcon,389,389
BoNKmNCGvoHS4CkKvYRnF21iEpUP827pZjhFGdA4t5as,Helius,767,766
BoNKmNCGvoHS4CkKvYRnF21iEpUP827pZjhFGdA4t5as,Jito,220,220
BoNKmNCGvoHS4CkKvYRnF21iEpUP827pZjhFGdA4t5as,Moon,1,1
BoNKmNCGvoHS4CkKvYRnF21iEpUP827pZjhFGdA4t5as,Nextblock,76,76
BoNKmNCGvoHS4CkKvYRnF21iEpUP827pZjhFGdA4t5as,NodeOne,205,205
BoNKmNCGvoHS4CkKvYRnF21iEpUP827pZjhFGdA4t5as,Soyas,20,20
BoNKmNCGvoHS4CkKvYRnF21iEpUP827pZjhFGdA4t5as,Stellium,363,363
BoNKmNCGvoHS4CkKvYRnF21iEpUP827pZjhFGdA4t5as,Temporal,273,273
BoNKmNCGvoHS4CkKvYRnF21iEpUP827pZjhFGdA4t5as,blockRazor,5,5
BoNKmNCGvoHS4CkKvYRnF21iEpUP827pZjhFGdA4t5as,blockrazor,47,47
BoNKmNCGvoHS4CkKvYRnF21iEpUP827pZjhFGdA4t5as,blocksprint,187,187
BoNKmNCGvoHS4CkKvYRnF21iEpUP827pZjhFGdA4t5as,bloxroute,94,94
BoNKmNCGvoHS4CkKvYRnF21iEpUP827pZjhFGdA4t5as,landX,681,681
BoNKmNCGvoHS4CkKvYRnF21iEpUP827pZjhFGdA4t5as,stellium,1344,1344
Bs19Z9SokV1s46jutN9tqqaCgYf1GsVyyytVfkzwn9qK,(none),408,0
Bs19Z9SokV1s46jutN9tqqaCgYf1GsVyyytVfkzwn9qK,0slot,33,33
Bs19Z9SokV1s46jutN9tqqaCgYf1GsVyyytVfkzwn9qK,AstraLane,43,43
Bs19Z9SokV1s46jutN9tqqaCgYf1GsVyyytVfkzwn9qK,BloxRoute,1,1
Bs19Z9SokV1s46jutN9tqqaCgYf1GsVyyytVfkzwn9qK,Falcon,92,92
Bs19Z9SokV1s46jutN9tqqaCgYf1GsVyyytVfkzwn9qK,Flashblock,2,2
Bs19Z9SokV1s46jutN9tqqaCgYf1GsVyyytVfkzwn9qK,Helius,156,156
Bs19Z9SokV1s46jutN9tqqaCgYf1GsVyyytVfkzwn9qK,Jito,53,53
Bs19Z9SokV1s46jutN9tqqaCgYf1GsVyyytVfkzwn9qK,Nextblock,20,20
Bs19Z9SokV1s46jutN9tqqaCgYf1GsVyyytVfkzwn9qK,NodeOne,26,26
Bs19Z9SokV1s46jutN9tqqaCgYf1GsVyyytVfkzwn9qK,Soyas,4,4
Bs19Z9SokV1s46jutN9tqqaCgYf1GsVyyytVfkzwn9qK,Stellium,74,74
Bs19Z9SokV1s46jutN9tqqaCgYf1GsVyyytVfkzwn9qK,Temporal,45,45
Bs19Z9SokV1s46jutN9tqqaCgYf1GsVyyytVfkzwn9qK,blockrazor,9,9
Bs19Z9SokV1s46jutN9tqqaCgYf1GsVyyytVfkzwn9qK,blocksprint,40,40
Bs19Z9SokV1s46jutN9tqqaCgYf1GsVyyytVfkzwn9qK,bloxroute,14,14
Bs19Z9SokV1s46jutN9tqqaCgYf1GsVyyytVfkzwn9qK,landX,120,120
Bs19Z9SokV1s46jutN9tqqaCgYf1GsVyyytVfkzwn9qK,stellium,216,216
BtsmiEEvnSuUnKxqXj2PZRYpPJAc7C34mGz8gtJ1DAaH,(none),21118,0
BtsmiEEvnSuUnKxqXj2PZRYpPJAc7C34mGz8gtJ1DAaH,0slot,1438,1438
BtsmiEEvnSuUnKxqXj2PZRYpPJAc7C34mGz8gtJ1DAaH,AstraLane,5514,5514
BtsmiEEvnSuUnKxqXj2PZRYpPJAc7C34mGz8gtJ1DAaH,Astralane,25,25
BtsmiEEvnSuUnKxqXj2PZRYpPJAc7C34mGz8gtJ1DAaH,BloxRoute,57,57
BtsmiEEvnSuUnKxqXj2PZRYpPJAc7C34mGz8gtJ1DAaH,Falcon,5499,5499
BtsmiEEvnSuUnKxqXj2PZRYpPJAc7C34mGz8gtJ1DAaH,Flashblock,33,33
BtsmiEEvnSuUnKxqXj2PZRYpPJAc7C34mGz8gtJ1DAaH,Helius,7002,7002
BtsmiEEvnSuUnKxqXj2PZRYpPJAc7C34mGz8gtJ1DAaH,Jito,2374,2374
BtsmiEEvnSuUnKxqXj2PZRYpPJAc7C34mGz8gtJ1DAaH,Moon,6,6
BtsmiEEvnSuUnKxqXj2PZRYpPJAc7C34mGz8gtJ1DAaH,Nextblock,1115,1115
BtsmiEEvnSuUnKxqXj2PZRYpPJAc7C34mGz8gtJ1DAaH,NodeOne,2725,2725
BtsmiEEvnSuUnKxqXj2PZRYpPJAc7C34mGz8gtJ1DAaH,Soyas,202,202
BtsmiEEvnSuUnKxqXj2PZRYpPJAc7C34mGz8gtJ1DAaH,Stellium,3479,3479
BtsmiEEvnSuUnKxqXj2PZRYpPJAc7C34mGz8gtJ1DAaH,Temporal,3024,3022
BtsmiEEvnSuUnKxqXj2PZRYpPJAc7C34mGz8gtJ1DAaH,blockRazor,145,145
BtsmiEEvnSuUnKxqXj2PZRYpPJAc7C34mGz8gtJ1DAaH,blockrazor,510,510
BtsmiEEvnSuUnKxqXj2PZRYpPJAc7C34mGz8gtJ1DAaH,blocksprint,2401,2401
BtsmiEEvnSuUnKxqXj2PZRYpPJAc7C34mGz8gtJ1DAaH,bloxroute,3643,3641
BtsmiEEvnSuUnKxqXj2PZRYpPJAc7C34mGz8gtJ1DAaH,landX,4279,4279
BtsmiEEvnSuUnKxqXj2PZRYpPJAc7C34mGz8gtJ1DAaH,ste11JV3MLMM7x7EJUM2sXcJC1H7F4jBLnP9a9PG8PH,1,1
BtsmiEEvnSuUnKxqXj2PZRYpPJAc7C34mGz8gtJ1DAaH,stellium,8989,8989
BuoZ7q6faiJNTN24r7Kcj8dp96axs5XPEKXmWGsh2pDE,(none),1241,0
BuoZ7q6faiJNTN24r7Kcj8dp96axs5XPEKXmWGsh2pDE,0slot,78,78
BuoZ7q6faiJNTN24r7Kcj8dp96axs5XPEKXmWGsh2pDE,AstraLane,356,356
BuoZ7q6faiJNTN24r7Kcj8dp96axs5XPEKXmWGsh2pDE,Astralane,3,3
BuoZ7q6faiJNTN24r7Kcj8dp96axs5XPEKXmWGsh2pDE,BloxRoute,4,4
BuoZ7q6faiJNTN24r7Kcj8dp96axs5XPEKXmWGsh2pDE,Falcon,414,414
BuoZ7q6faiJNTN24r7Kcj8dp96axs5XPEKXmWGsh2pDE,Flashblock,2,2
BuoZ7q6faiJNTN24r7Kcj8dp96axs5XPEKXmWGsh2pDE,Helius,389,389
BuoZ7q6faiJNTN24r7Kcj8dp96axs5XPEKXmWGsh2pDE,Jito,223,223
BuoZ7q6faiJNTN24r7Kcj8dp96axs5XPEKXmWGsh2pDE,Moon,1,1
BuoZ7q6faiJNTN24r7Kcj8dp96axs5XPEKXmWGsh2pDE,Nextblock,55,55
BuoZ7q6faiJNTN24r7Kcj8dp96axs5XPEKXmWGsh2pDE,NodeOne,116,116
BuoZ7q6faiJNTN24r7Kcj8dp96axs5XPEKXmWGsh2pDE,Soyas,11,11
BuoZ7q6faiJNTN24r7Kcj8dp96axs5XPEKXmWGsh2pDE,Stellium,293,293
BuoZ7q6faiJNTN24r7Kcj8dp96axs5XPEKXmWGsh2pDE,Temporal,112,112
BuoZ7q6faiJNTN24r7Kcj8dp96axs5XPEKXmWGsh2pDE,blockRazor,8,8
BuoZ7q6faiJNTN24r7Kcj8dp96axs5XPEKXmWGsh2pDE,blockrazor,18,18
BuoZ7q6faiJNTN24r7Kcj8dp96axs5XPEKXmWGsh2pDE,blocksprint,107,107
BuoZ7q6faiJNTN24r7Kcj8dp96axs5XPEKXmWGsh2pDE,bloxroute,253,253
BuoZ7q6faiJNTN24r7Kcj8dp96axs5XPEKXmWGsh2pDE,landX,204,204
BuoZ7q6faiJNTN24r7Kcj8dp96axs5XPEKXmWGsh2pDE,stellium,549,549
BuonuQoAR74GoMwCFhxKWVWWSGGt2wfbNmQ3cizaJ97G,(none),380,0
BuonuQoAR74GoMwCFhxKWVWWSGGt2wfbNmQ3cizaJ97G,0slot,37,37
BuonuQoAR74GoMwCFhxKWVWWSGGt2wfbNmQ3cizaJ97G,AstraLane,53,53
BuonuQoAR74GoMwCFhxKWVWWSGGt2wfbNmQ3cizaJ97G,Falcon,45,45
BuonuQoAR74GoMwCFhxKWVWWSGGt2wfbNmQ3cizaJ97G,Helius,161,161
BuonuQoAR74GoMwCFhxKWVWWSGGt2wfbNmQ3cizaJ97G,Jito,57,57
BuonuQoAR74GoMwCFhxKWVWWSGGt2wfbNmQ3cizaJ97G,Moon,1,1
BuonuQoAR74GoMwCFhxKWVWWSGGt2wfbNmQ3cizaJ97G,Nextblock,17,17
BuonuQoAR74GoMwCFhxKWVWWSGGt2wfbNmQ3cizaJ97G,NodeOne,32,32
BuonuQoAR74GoMwCFhxKWVWWSGGt2wfbNmQ3cizaJ97G,Soyas,9,9
BuonuQoAR74GoMwCFhxKWVWWSGGt2wfbNmQ3cizaJ97G,Stellium,43,43
BuonuQoAR74GoMwCFhxKWVWWSGGt2wfbNmQ3cizaJ97G,Temporal,39,39
BuonuQoAR74GoMwCFhxKWVWWSGGt2wfbNmQ3cizaJ97G,blockRazor,4,4
BuonuQoAR74GoMwCFhxKWVWWSGGt2wfbNmQ3cizaJ97G,blockrazor,13,13
BuonuQoAR74GoMwCFhxKWVWWSGGt2wfbNmQ3cizaJ97G,blocksprint,48,48
BuonuQoAR74GoMwCFhxKWVWWSGGt2wfbNmQ3cizaJ97G,bloxroute,58,58
BuonuQoAR74GoMwCFhxKWVWWSGGt2wfbNmQ3cizaJ97G,landX,182,182
BuonuQoAR74GoMwCFhxKWVWWSGGt2wfbNmQ3cizaJ97G,stellium,194,194
BxkAkLR2W3agWtjMXBNvhxmB8vsn7zhjNQcyfost99KY,(none),224,0
BxkAkLR2W3agWtjMXBNvhxmB8vsn7zhjNQcyfost99KY,0slot,16,16
BxkAkLR2W3agWtjMXBNvhxmB8vsn7zhjNQcyfost99KY,AstraLane,14,14
BxkAkLR2W3agWtjMXBNvhxmB8vsn7zhjNQcyfost99KY,Falcon,27,27
BxkAkLR2W3agWtjMXBNvhxmB8vsn7zhjNQcyfost99KY,Helius,72,72
BxkAkLR2W3agWtjMXBNvhxmB8vsn7zhjNQcyfost99KY,Jito,45,45
BxkAkLR2W3agWtjMXBNvhxmB8vsn7zhjNQcyfost99KY,Nextblock,4,4
BxkAkLR2W3agWtjMXBNvhxmB8vsn7zhjNQcyfost99KY,NodeOne,23,23
BxkAkLR2W3agWtjMXBNvhxmB8vsn7zhjNQcyfost99KY,Stellium,31,31
BxkAkLR2W3agWtjMXBNvhxmB8vsn7zhjNQcyfost99KY,Temporal,20,20
BxkAkLR2W3agWtjMXBNvhxmB8vsn7zhjNQcyfost99KY,blockrazor,6,6
BxkAkLR2W3agWtjMXBNvhxmB8vsn7zhjNQcyfost99KY,blocksprint,8,8
BxkAkLR2W3agWtjMXBNvhxmB8vsn7zhjNQcyfost99KY,bloxroute,11,11
BxkAkLR2W3agWtjMXBNvhxmB8vsn7zhjNQcyfost99KY,landX,63,63
BxkAkLR2W3agWtjMXBNvhxmB8vsn7zhjNQcyfost99KY,stellium,87,87
By8MseMKtZQQaQjMHJiyetmc5AC8RZZv8C2ss33ktrHt,(none),375,0
By8MseMKtZQQaQjMHJiyetmc5AC8RZZv8C2ss33ktrHt,0slot,27,27
By8MseMKtZQQaQjMHJiyetmc5AC8RZZv8C2ss33ktrHt,AstraLane,58,58
By8MseMKtZQQaQjMHJiyetmc5AC8RZZv8C2ss33ktrHt,Falcon,58,58
By8MseMKtZQQaQjMHJiyetmc5AC8RZZv8C2ss33ktrHt,Flashblock,2,2
By8MseMKtZQQaQjMHJiyetmc5AC8RZZv8C2ss33ktrHt,Helius,121,121
By8MseMKtZQQaQjMHJiyetmc5AC8RZZv8C2ss33ktrHt,Jito,45,45
By8MseMKtZQQaQjMHJiyetmc5AC8RZZv8C2ss33ktrHt,Nextblock,29,29
By8MseMKtZQQaQjMHJiyetmc5AC8RZZv8C2ss33ktrHt,NodeOne,32,32
By8MseMKtZQQaQjMHJiyetmc5AC8RZZv8C2ss33ktrHt,Soyas,4,4
By8MseMKtZQQaQjMHJiyetmc5AC8RZZv8C2ss33ktrHt,Stellium,46,46
By8MseMKtZQQaQjMHJiyetmc5AC8RZZv8C2ss33ktrHt,Temporal,33,33
By8MseMKtZQQaQjMHJiyetmc5AC8RZZv8C2ss33ktrHt,blockRazor,4,4
By8MseMKtZQQaQjMHJiyetmc5AC8RZZv8C2ss33ktrHt,blockrazor,8,8
By8MseMKtZQQaQjMHJiyetmc5AC8RZZv8C2ss33ktrHt,blocksprint,37,37
By8MseMKtZQQaQjMHJiyetmc5AC8RZZv8C2ss33ktrHt,bloxroute,8,8
By8MseMKtZQQaQjMHJiyetmc5AC8RZZv8C2ss33ktrHt,landX,98,98
By8MseMKtZQQaQjMHJiyetmc5AC8RZZv8C2ss33ktrHt,stellium,146,146
ByszyWdqC3rVMWy8f6jwK5cmwkpwYdwsr7UL58xS5vnm,(none),139,0
ByszyWdqC3rVMWy8f6jwK5cmwkpwYdwsr7UL58xS5vnm,0slot,6,6
ByszyWdqC3rVMWy8f6jwK5cmwkpwYdwsr7UL58xS5vnm,AstraLane,8,8
ByszyWdqC3rVMWy8f6jwK5cmwkpwYdwsr7UL58xS5vnm,Falcon,8,8
ByszyWdqC3rVMWy8f6jwK5cmwkpwYdwsr7UL58xS5vnm,Helius,40,40
ByszyWdqC3rVMWy8f6jwK5cmwkpwYdwsr7UL58xS5vnm,Jito,16,16
ByszyWdqC3rVMWy8f6jwK5cmwkpwYdwsr7UL58xS5vnm,Nextblock,1,1
ByszyWdqC3rVMWy8f6jwK5cmwkpwYdwsr7UL58xS5vnm,NodeOne,17,17
ByszyWdqC3rVMWy8f6jwK5cmwkpwYdwsr7UL58xS5vnm,Stellium,15,15
ByszyWdqC3rVMWy8f6jwK5cmwkpwYdwsr7UL58xS5vnm,Temporal,18,18
ByszyWdqC3rVMWy8f6jwK5cmwkpwYdwsr7UL58xS5vnm,blockrazor,2,2
ByszyWdqC3rVMWy8f6jwK5cmwkpwYdwsr7UL58xS5vnm,blocksprint,6,6
ByszyWdqC3rVMWy8f6jwK5cmwkpwYdwsr7UL58xS5vnm,bloxroute,12,12
ByszyWdqC3rVMWy8f6jwK5cmwkpwYdwsr7UL58xS5vnm,landX,16,16
ByszyWdqC3rVMWy8f6jwK5cmwkpwYdwsr7UL58xS5vnm,stellium,30,30
C1ocKDYMCm2ooWptMMnpd5VEB2Nx4UMJgRuYofysyzcA,(none),6892,0
C1ocKDYMCm2ooWptMMnpd5VEB2Nx4UMJgRuYofysyzcA,0slot,484,484
C1ocKDYMCm2ooWptMMnpd5VEB2Nx4UMJgRuYofysyzcA,AstraLane,1552,1552
C1ocKDYMCm2ooWptMMnpd5VEB2Nx4UMJgRuYofysyzcA,Astralane,4,4
C1ocKDYMCm2ooWptMMnpd5VEB2Nx4UMJgRuYofysyzcA,BloxRoute,19,19
C1ocKDYMCm2ooWptMMnpd5VEB2Nx4UMJgRuYofysyzcA,Falcon,1673,1673
C1ocKDYMCm2ooWptMMnpd5VEB2Nx4UMJgRuYofysyzcA,Flashblock,12,12
C1ocKDYMCm2ooWptMMnpd5VEB2Nx4UMJgRuYofysyzcA,Helius,2344,2344
C1ocKDYMCm2ooWptMMnpd5VEB2Nx4UMJgRuYofysyzcA,Jito,808,808
C1ocKDYMCm2ooWptMMnpd5VEB2Nx4UMJgRuYofysyzcA,Moon,2,2
C1ocKDYMCm2ooWptMMnpd5VEB2Nx4UMJgRuYofysyzcA,Nextblock,305,305
C1ocKDYMCm2ooWptMMnpd5VEB2Nx4UMJgRuYofysyzcA,NodeOne,495,495
C1ocKDYMCm2ooWptMMnpd5VEB2Nx4UMJgRuYofysyzcA,Soyas,66,66
C1ocKDYMCm2ooWptMMnpd5VEB2Nx4UMJgRuYofysyzcA,Stellium,1157,1157
C1ocKDYMCm2ooWptMMnpd5VEB2Nx4UMJgRuYofysyzcA,Temporal,901,901
C1ocKDYMCm2ooWptMMnpd5VEB2Nx4UMJgRuYofysyzcA,blockRazor,31,31
C1ocKDYMCm2ooWptMMnpd5VEB2Nx4UMJgRuYofysyzcA,blockrazor,151,151
C1ocKDYMCm2ooWptMMnpd5VEB2Nx4UMJgRuYofysyzcA,blocksprint,655,655
C1ocKDYMCm2ooWptMMnpd5VEB2Nx4UMJgRuYofysyzcA,bloxroute,859,857
C1ocKDYMCm2ooWptMMnpd5VEB2Nx4UMJgRuYofysyzcA,landX,1461,1461
C1ocKDYMCm2ooWptMMnpd5VEB2Nx4UMJgRuYofysyzcA,stellium,3014,3014
CARBN9PY1Qej1aCg4885pfoYH8EHfjWuMy59pVa48ky,(none),308,0
CARBN9PY1Qej1aCg4885pfoYH8EHfjWuMy59pVa48ky,0slot,30,30
CARBN9PY1Qej1aCg4885pfoYH8EHfjWuMy59pVa48ky,AstraLane,38,38
CARBN9PY1Qej1aCg4885pfoYH8EHfjWuMy59pVa48ky,BloxRoute,1,1
CARBN9PY1Qej1aCg4885pfoYH8EHfjWuMy59pVa48ky,Falcon,56,56
CARBN9PY1Qej1aCg4885pfoYH8EHfjWuMy59pVa48ky,Flashblock,1,1
CARBN9PY1Qej1aCg4885pfoYH8EHfjWuMy59pVa48ky,Helius,100,100
CARBN9PY1Qej1aCg4885pfoYH8EHfjWuMy59pVa48ky,Jito,12,12
CARBN9PY1Qej1aCg4885pfoYH8EHfjWuMy59pVa48ky,Moon,1,1
CARBN9PY1Qej1aCg4885pfoYH8EHfjWuMy59pVa48ky,Nextblock,11,11
CARBN9PY1Qej1aCg4885pfoYH8EHfjWuMy59pVa48ky,NodeOne,26,26
CARBN9PY1Qej1aCg4885pfoYH8EHfjWuMy59pVa48ky,Soyas,4,4
CARBN9PY1Qej1aCg4885pfoYH8EHfjWuMy59pVa48ky,Stellium,44,44
CARBN9PY1Qej1aCg4885pfoYH8EHfjWuMy59pVa48ky,Temporal,36,36
CARBN9PY1Qej1aCg4885pfoYH8EHfjWuMy59pVa48ky,blockrazor,9,9
CARBN9PY1Qej1aCg4885pfoYH8EHfjWuMy59pVa48ky,blocksprint,20,20
CARBN9PY1Qej1aCg4885pfoYH8EHfjWuMy59pVa48ky,bloxroute,8,8
CARBN9PY1Qej1aCg4885pfoYH8EHfjWuMy59pVa48ky,landX,70,70
CARBN9PY1Qej1aCg4885pfoYH8EHfjWuMy59pVa48ky,stellium,143,143
CAo1dCGYrB6NhHh5xb1cGjUiu86iyCfMTENxgHumSve4,(none),36736,0
CAo1dCGYrB6NhHh5xb1cGjUiu86iyCfMTENxgHumSve4,0slot,2700,2700
CAo1dCGYrB6NhHh5xb1cGjUiu86iyCfMTENxgHumSve4,AstraLane,9716,9716
CAo1dCGYrB6NhHh5xb1cGjUiu86iyCfMTENxgHumSve4,Astralane,37,37
CAo1dCGYrB6NhHh5xb1cGjUiu86iyCfMTENxgHumSve4,BloxRoute,112,112
CAo1dCGYrB6NhHh5xb1cGjUiu86iyCfMTENxgHumSve4,Falcon,9719,9719
CAo1dCGYrB6NhHh5xb1cGjUiu86iyCfMTENxgHumSve4,Flashblock,43,43
CAo1dCGYrB6NhHh5xb1cGjUiu86iyCfMTENxgHumSve4,Helius,12476,12474
CAo1dCGYrB6NhHh5xb1cGjUiu86iyCfMTENxgHumSve4,Jito,4271,4271
CAo1dCGYrB6NhHh5xb1cGjUiu86iyCfMTENxgHumSve4,Moon,10,10
CAo1dCGYrB6NhHh5xb1cGjUiu86iyCfMTENxgHumSve4,Nextblock,1798,1798
CAo1dCGYrB6NhHh5xb1cGjUiu86iyCfMTENxgHumSve4,NodeOne,4263,4263
CAo1dCGYrB6NhHh5xb1cGjUiu86iyCfMTENxgHumSve4,Soyas,358,358
CAo1dCGYrB6NhHh5xb1cGjUiu86iyCfMTENxgHumSve4,Stellium,6225,6225
CAo1dCGYrB6NhHh5xb1cGjUiu86iyCfMTENxgHumSve4,Temporal,5479,5478
CAo1dCGYrB6NhHh5xb1cGjUiu86iyCfMTENxgHumSve4,blockRazor,221,221
CAo1dCGYrB6NhHh5xb1cGjUiu86iyCfMTENxgHumSve4,blockrazor,853,853
CAo1dCGYrB6NhHh5xb1cGjUiu86iyCfMTENxgHumSve4,blocksprint,3762,3762
CAo1dCGYrB6NhHh5xb1cGjUiu86iyCfMTENxgHumSve4,bloxroute,6239,6238
CAo1dCGYrB6NhHh5xb1cGjUiu86iyCfMTENxgHumSve4,landX,7478,7478
CAo1dCGYrB6NhHh5xb1cGjUiu86iyCfMTENxgHumSve4,stellium,16017,16017
CEL22Qx7p85qY6gmhCZaYJrrnynJitkVRMQo6qZdT8Ns,(none),1159,0
CEL22Qx7p85qY6gmhCZaYJrrnynJitkVRMQo6qZdT8Ns,0slot,81,81
CEL22Qx7p85qY6gmhCZaYJrrnynJitkVRMQo6qZdT8Ns,AstraLane,110,110
CEL22Qx7p85qY6gmhCZaYJrrnynJitkVRMQo6qZdT8Ns,BloxRoute,1,1
CEL22Qx7p85qY6gmhCZaYJrrnynJitkVRMQo6qZdT8Ns,Falcon,333,333
CEL22Qx7p85qY6gmhCZaYJrrnynJitkVRMQo6qZdT8Ns,Flashblock,1,1
CEL22Qx7p85qY6gmhCZaYJrrnynJitkVRMQo6qZdT8Ns,Helius,430,430
CEL22Qx7p85qY6gmhCZaYJrrnynJitkVRMQo6qZdT8Ns,Jito,142,142
CEL22Qx7p85qY6gmhCZaYJrrnynJitkVRMQo6qZdT8Ns,Nextblock,43,43
CEL22Qx7p85qY6gmhCZaYJrrnynJitkVRMQo6qZdT8Ns,NodeOne,132,132
CEL22Qx7p85qY6gmhCZaYJrrnynJitkVRMQo6qZdT8Ns,Soyas,12,12
CEL22Qx7p85qY6gmhCZaYJrrnynJitkVRMQo6qZdT8Ns,Stellium,252,252
CEL22Qx7p85qY6gmhCZaYJrrnynJitkVRMQo6qZdT8Ns,Temporal,110,110
CEL22Qx7p85qY6gmhCZaYJrrnynJitkVRMQo6qZdT8Ns,blockRazor,4,4
CEL22Qx7p85qY6gmhCZaYJrrnynJitkVRMQo6qZdT8Ns,blockrazor,25,25
CEL22Qx7p85qY6gmhCZaYJrrnynJitkVRMQo6qZdT8Ns,blocksprint,146,146
CEL22Qx7p85qY6gmhCZaYJrrnynJitkVRMQo6qZdT8Ns,bloxroute,57,57
CEL22Qx7p85qY6gmhCZaYJrrnynJitkVRMQo6qZdT8Ns,landX,370,370
CEL22Qx7p85qY6gmhCZaYJrrnynJitkVRMQo6qZdT8Ns,stellium,675,675
CG4tRANBKrzUmpv93V5sgftjQznBdiJsc2yPCzZWWuS9,(none),6269,0
CG4tRANBKrzUmpv93V5sgftjQznBdiJsc2yPCzZWWuS9,0slot,518,518
CG4tRANBKrzUmpv93V5sgftjQznBdiJsc2yPCzZWWuS9,AstraLane,1014,1014
CG4tRANBKrzUmpv93V5sgftjQznBdiJsc2yPCzZWWuS9,BloxRoute,14,14
CG4tRANBKrzUmpv93V5sgftjQznBdiJsc2yPCzZWWuS9,Falcon,861,861
CG4tRANBKrzUmpv93V5sgftjQznBdiJsc2yPCzZWWuS9,Flashblock,2,2
CG4tRANBKrzUmpv93V5sgftjQznBdiJsc2yPCzZWWuS9,Helius,2466,2466
CG4tRANBKrzUmpv93V5sgftjQznBdiJsc2yPCzZWWuS9,Jito,710,710
CG4tRANBKrzUmpv93V5sgftjQznBdiJsc2yPCzZWWuS9,Moon,1,1
CG4tRANBKrzUmpv93V5sgftjQznBdiJsc2yPCzZWWuS9,Nextblock,381,381
CG4tRANBKrzUmpv93V5sgftjQznBdiJsc2yPCzZWWuS9,NodeOne,695,695
CG4tRANBKrzUmpv93V5sgftjQznBdiJsc2yPCzZWWuS9,Soyas,104,104
CG4tRANBKrzUmpv93V5sgftjQznBdiJsc2yPCzZWWuS9,Stellium,864,864
CG4tRANBKrzUmpv93V5sgftjQznBdiJsc2yPCzZWWuS9,Temporal,691,691
CG4tRANBKrzUmpv93V5sgftjQznBdiJsc2yPCzZWWuS9,blockRazor,51,51
CG4tRANBKrzUmpv93V5sgftjQznBdiJsc2yPCzZWWuS9,blockrazor,153,153
CG4tRANBKrzUmpv93V5sgftjQznBdiJsc2yPCzZWWuS9,blocksprint,604,604
CG4tRANBKrzUmpv93V5sgftjQznBdiJsc2yPCzZWWuS9,bloxroute,405,404
CG4tRANBKrzUmpv93V5sgftjQznBdiJsc2yPCzZWWuS9,landX,2451,2451
CG4tRANBKrzUmpv93V5sgftjQznBdiJsc2yPCzZWWuS9,stellium,3391,3391
CLsFr1KZVbAyz16iFpwg2e4hiekR1unpwyxfNdjBMaoE,(none),466,0
CLsFr1KZVbAyz16iFpwg2e4hiekR1unpwyxfNdjBMaoE,0slot,33,33
CLsFr1KZVbAyz16iFpwg2e4hiekR1unpwyxfNdjBMaoE,AstraLane,99,99
CLsFr1KZVbAyz16iFpwg2e4hiekR1unpwyxfNdjBMaoE,Astralane,2,2
CLsFr1KZVbAyz16iFpwg2e4hiekR1unpwyxfNdjBMaoE,BloxRoute,2,2
CLsFr1KZVbAyz16iFpwg2e4hiekR1unpwyxfNdjBMaoE,Falcon,119,119
CLsFr1KZVbAyz16iFpwg2e4hiekR1unpwyxfNdjBMaoE,Helius,140,140
CLsFr1KZVbAyz16iFpwg2e4hiekR1unpwyxfNdjBMaoE,Jito,80,80
CLsFr1KZVbAyz16iFpwg2e4hiekR1unpwyxfNdjBMaoE,Nextblock,33,33
CLsFr1KZVbAyz16iFpwg2e4hiekR1unpwyxfNdjBMaoE,NodeOne,20,20
CLsFr1KZVbAyz16iFpwg2e4hiekR1unpwyxfNdjBMaoE,Soyas,5,5
CLsFr1KZVbAyz16iFpwg2e4hiekR1unpwyxfNdjBMaoE,Stellium,115,115
CLsFr1KZVbAyz16iFpwg2e4hiekR1unpwyxfNdjBMaoE,Temporal,74,74
CLsFr1KZVbAyz16iFpwg2e4hiekR1unpwyxfNdjBMaoE,blockRazor,3,3
CLsFr1KZVbAyz16iFpwg2e4hiekR1unpwyxfNdjBMaoE,blockrazor,13,13
CLsFr1KZVbAyz16iFpwg2e4hiekR1unpwyxfNdjBMaoE,blocksprint,54,54
CLsFr1KZVbAyz16iFpwg2e4hiekR1unpwyxfNdjBMaoE,bloxroute,37,37
CLsFr1KZVbAyz16iFpwg2e4hiekR1unpwyxfNdjBMaoE,landX,64,64
CLsFr1KZVbAyz16iFpwg2e4hiekR1unpwyxfNdjBMaoE,stellium,173,173
CMPSSdrTnRQBiBGTyFpdCc3VMNuLWYWaSkE8Zh5z6gbd,(none),6161,0
CMPSSdrTnRQBiBGTyFpdCc3VMNuLWYWaSkE8Zh5z6gbd,0slot,506,506
CMPSSdrTnRQBiBGTyFpdCc3VMNuLWYWaSkE8Zh5z6gbd,AstraLane,688,688
CMPSSdrTnRQBiBGTyFpdCc3VMNuLWYWaSkE8Zh5z6gbd,Astralane,1,1
CMPSSdrTnRQBiBGTyFpdCc3VMNuLWYWaSkE8Zh5z6gbd,BloxRoute,16,16
CMPSSdrTnRQBiBGTyFpdCc3VMNuLWYWaSkE8Zh5z6gbd,Falcon,1386,1386
CMPSSdrTnRQBiBGTyFpdCc3VMNuLWYWaSkE8Zh5z6gbd,Flashblock,14,14
CMPSSdrTnRQBiBGTyFpdCc3VMNuLWYWaSkE8Zh5z6gbd,Helius,2184,2180
CMPSSdrTnRQBiBGTyFpdCc3VMNuLWYWaSkE8Zh5z6gbd,Jito,667,667
CMPSSdrTnRQBiBGTyFpdCc3VMNuLWYWaSkE8Zh5z6gbd,Moon,1,1
CMPSSdrTnRQBiBGTyFpdCc3VMNuLWYWaSkE8Zh5z6gbd,Nextblock,257,257
CMPSSdrTnRQBiBGTyFpdCc3VMNuLWYWaSkE8Zh5z6gbd,NodeOne,596,596
CMPSSdrTnRQBiBGTyFpdCc3VMNuLWYWaSkE8Zh5z6gbd,Soyas,55,55
CMPSSdrTnRQBiBGTyFpdCc3VMNuLWYWaSkE8Zh5z6gbd,Stellium,1026,1026
CMPSSdrTnRQBiBGTyFpdCc3VMNuLWYWaSkE8Zh5z6gbd,Temporal,764,764
CMPSSdrTnRQBiBGTyFpdCc3VMNuLWYWaSkE8Zh5z6gbd,blockRazor,38,38
CMPSSdrTnRQBiBGTyFpdCc3VMNuLWYWaSkE8Zh5z6gbd,blockrazor,123,123
CMPSSdrTnRQBiBGTyFpdCc3VMNuLWYWaSkE8Zh5z6gbd,blocksprint,548,548
CMPSSdrTnRQBiBGTyFpdCc3VMNuLWYWaSkE8Zh5z6gbd,bloxroute,293,293
CMPSSdrTnRQBiBGTyFpdCc3VMNuLWYWaSkE8Zh5z6gbd,landX,1785,1785
CMPSSdrTnRQBiBGTyFpdCc3VMNuLWYWaSkE8Zh5z6gbd,stellium,3072,3072
CPcDFHCAKkr5Kp9T5aQWJhXV5J6iFj141NMQ87L6poPL,(none),627,0
CPcDFHCAKkr5Kp9T5aQWJhXV5J6iFj141NMQ87L6poPL,0slot,59,59
CPcDFHCAKkr5Kp9T5aQWJhXV5J6iFj141NMQ87L6poPL,AstraLane,95,95
CPcDFHCAKkr5Kp9T5aQWJhXV5J6iFj141NMQ87L6poPL,BloxRoute,1,1
CPcDFHCAKkr5Kp9T5aQWJhXV5J6iFj141NMQ87L6poPL,Falcon,103,103
CPcDFHCAKkr5Kp9T5aQWJhXV5J6iFj141NMQ87L6poPL,Helius,245,245
CPcDFHCAKkr5Kp9T5aQWJhXV5J6iFj141NMQ87L6poPL,Jito,76,76
CPcDFHCAKkr5Kp9T5aQWJhXV5J6iFj141NMQ87L6poPL,Nextblock,47,47
CPcDFHCAKkr5Kp9T5aQWJhXV5J6iFj141NMQ87L6poPL,NodeOne,157,157
CPcDFHCAKkr5Kp9T5aQWJhXV5J6iFj141NMQ87L6poPL,Soyas,9,9
CPcDFHCAKkr5Kp9T5aQWJhXV5J6iFj141NMQ87L6poPL,Stellium,105,105
CPcDFHCAKkr5Kp9T5aQWJhXV5J6iFj141NMQ87L6poPL,Temporal,84,84
CPcDFHCAKkr5Kp9T5aQWJhXV5J6iFj141NMQ87L6poPL,blockRazor,1,1
CPcDFHCAKkr5Kp9T5aQWJhXV5J6iFj141NMQ87L6poPL,blockrazor,28,28
CPcDFHCAKkr5Kp9T5aQWJhXV5J6iFj141NMQ87L6poPL,blocksprint,67,67
CPcDFHCAKkr5Kp9T5aQWJhXV5J6iFj141NMQ87L6poPL,bloxroute,43,43
CPcDFHCAKkr5Kp9T5aQWJhXV5J6iFj141NMQ87L6poPL,landX,225,225
CPcDFHCAKkr5Kp9T5aQWJhXV5J6iFj141NMQ87L6poPL,stellium,358,358
CTDGxTK789ZvhgyHZHtSnxTtysbyY1mrywXEJiYYqXxC,(none),711,0
CTDGxTK789ZvhgyHZHtSnxTtysbyY1mrywXEJiYYqXxC,0slot,82,82
CTDGxTK789ZvhgyHZHtSnxTtysbyY1mrywXEJiYYqXxC,AstraLane,193,193
CTDGxTK789ZvhgyHZHtSnxTtysbyY1mrywXEJiYYqXxC,BloxRoute,1,1
CTDGxTK789ZvhgyHZHtSnxTtysbyY1mrywXEJiYYqXxC,Falcon,145,145
CTDGxTK789ZvhgyHZHtSnxTtysbyY1mrywXEJiYYqXxC,Flashblock,2,2
CTDGxTK789ZvhgyHZHtSnxTtysbyY1mrywXEJiYYqXxC,Helius,270,270
CTDGxTK789ZvhgyHZHtSnxTtysbyY1mrywXEJiYYqXxC,Jito,98,98
CTDGxTK789ZvhgyHZHtSnxTtysbyY1mrywXEJiYYqXxC,Nextblock,29,29
CTDGxTK789ZvhgyHZHtSnxTtysbyY1mrywXEJiYYqXxC,NodeOne,70,70
CTDGxTK789ZvhgyHZHtSnxTtysbyY1mrywXEJiYYqXxC,Soyas,4,4
CTDGxTK789ZvhgyHZHtSnxTtysbyY1mrywXEJiYYqXxC,Stellium,138,138
CTDGxTK789ZvhgyHZHtSnxTtysbyY1mrywXEJiYYqXxC,Temporal,93,93
CTDGxTK789ZvhgyHZHtSnxTtysbyY1mrywXEJiYYqXxC,blockRazor,4,4
CTDGxTK789ZvhgyHZHtSnxTtysbyY1mrywXEJiYYqXxC,blockrazor,20,20
CTDGxTK789ZvhgyHZHtSnxTtysbyY1mrywXEJiYYqXxC,blocksprint,69,69
CTDGxTK789ZvhgyHZHtSnxTtysbyY1mrywXEJiYYqXxC,bloxroute,163,163
CTDGxTK789ZvhgyHZHtSnxTtysbyY1mrywXEJiYYqXxC,landX,226,226
CTDGxTK789ZvhgyHZHtSnxTtysbyY1mrywXEJiYYqXxC,stellium,404,404
CTwsruptUccEtZGNxBDbuusHYxkBX3P6ndrxVjSG213y,(none),856,0
CTwsruptUccEtZGNxBDbuusHYxkBX3P6ndrxVjSG213y,0slot,85,85
CTwsruptUccEtZGNxBDbuusHYxkBX3P6ndrxVjSG213y,AstraLane,81,81
CTwsruptUccEtZGNxBDbuusHYxkBX3P6ndrxVjSG213y,BloxRoute,3,3
CTwsruptUccEtZGNxBDbuusHYxkBX3P6ndrxVjSG213y,Falcon,95,95
CTwsruptUccEtZGNxBDbuusHYxkBX3P6ndrxVjSG213y,Flashblock,1,1
CTwsruptUccEtZGNxBDbuusHYxkBX3P6ndrxVjSG213y,Helius,266,266
CTwsruptUccEtZGNxBDbuusHYxkBX3P6ndrxVjSG213y,Jito,86,86
CTwsruptUccEtZGNxBDbuusHYxkBX3P6ndrxVjSG213y,Nextblock,31,31
CTwsruptUccEtZGNxBDbuusHYxkBX3P6ndrxVjSG213y,NodeOne,48,48
CTwsruptUccEtZGNxBDbuusHYxkBX3P6ndrxVjSG213y,Soyas,5,5
CTwsruptUccEtZGNxBDbuusHYxkBX3P6ndrxVjSG213y,Stellium,94,94
CTwsruptUccEtZGNxBDbuusHYxkBX3P6ndrxVjSG213y,Temporal,93,93
CTwsruptUccEtZGNxBDbuusHYxkBX3P6ndrxVjSG213y,blockrazor,18,18
CTwsruptUccEtZGNxBDbuusHYxkBX3P6ndrxVjSG213y,blocksprint,63,63
CTwsruptUccEtZGNxBDbuusHYxkBX3P6ndrxVjSG213y,bloxroute,37,37
CTwsruptUccEtZGNxBDbuusHYxkBX3P6ndrxVjSG213y,landX,156,156
CTwsruptUccEtZGNxBDbuusHYxkBX3P6ndrxVjSG213y,stellium,298,298
CVGwNaC1FaG95hRBHUuieDLyQU2hJuGhPduu2cMyHnw6,(none),263,0
CVGwNaC1FaG95hRBHUuieDLyQU2hJuGhPduu2cMyHnw6,0slot,12,12
CVGwNaC1FaG95hRBHUuieDLyQU2hJuGhPduu2cMyHnw6,AstraLane,28,28
CVGwNaC1FaG95hRBHUuieDLyQU2hJuGhPduu2cMyHnw6,BloxRoute,2,2
CVGwNaC1FaG95hRBHUuieDLyQU2hJuGhPduu2cMyHnw6,Falcon,36,36
CVGwNaC1FaG95hRBHUuieDLyQU2hJuGhPduu2cMyHnw6,Helius,61,61
CVGwNaC1FaG95hRBHUuieDLyQU2hJuGhPduu2cMyHnw6,Jito,22,22
CVGwNaC1FaG95hRBHUuieDLyQU2hJuGhPduu2cMyHnw6,Nextblock,19,19
CVGwNaC1FaG95hRBHUuieDLyQU2hJuGhPduu2cMyHnw6,NodeOne,25,25
CVGwNaC1FaG95hRBHUuieDLyQU2hJuGhPduu2cMyHnw6,Soyas,1,1
CVGwNaC1FaG95hRBHUuieDLyQU2hJuGhPduu2cMyHnw6,Stellium,29,29
CVGwNaC1FaG95hRBHUuieDLyQU2hJuGhPduu2cMyHnw6,Temporal,8,8
CVGwNaC1FaG95hRBHUuieDLyQU2hJuGhPduu2cMyHnw6,blockRazor,1,1
CVGwNaC1FaG95hRBHUuieDLyQU2hJuGhPduu2cMyHnw6,blockrazor,3,3
CVGwNaC1FaG95hRBHUuieDLyQU2hJuGhPduu2cMyHnw6,blocksprint,31,31
CVGwNaC1FaG95hRBHUuieDLyQU2hJuGhPduu2cMyHnw6,bloxroute,8,8
CVGwNaC1FaG95hRBHUuieDLyQU2hJuGhPduu2cMyHnw6,landX,53,53
CVGwNaC1FaG95hRBHUuieDLyQU2hJuGhPduu2cMyHnw6,stellium,156,156
CVRr5oHCAAooVbYze7CvXtRp4FUtkMCSqBZU7MVu8v8e,(none),1133,0
CVRr5oHCAAooVbYze7CvXtRp4FUtkMCSqBZU7MVu8v8e,0slot,90,90
CVRr5oHCAAooVbYze7CvXtRp4FUtkMCSqBZU7MVu8v8e,AstraLane,153,153
CVRr5oHCAAooVbYze7CvXtRp4FUtkMCSqBZU7MVu8v8e,BloxRoute,2,2
CVRr5oHCAAooVbYze7CvXtRp4FUtkMCSqBZU7MVu8v8e,Falcon,302,302
CVRr5oHCAAooVbYze7CvXtRp4FUtkMCSqBZU7MVu8v8e,Helius,440,440
CVRr5oHCAAooVbYze7CvXtRp4FUtkMCSqBZU7MVu8v8e,Jito,85,85
CVRr5oHCAAooVbYze7CvXtRp4FUtkMCSqBZU7MVu8v8e,Nextblock,59,59
CVRr5oHCAAooVbYze7CvXtRp4FUtkMCSqBZU7MVu8v8e,NodeOne,175,175
CVRr5oHCAAooVbYze7CvXtRp4FUtkMCSqBZU7MVu8v8e,Soyas,13,13
CVRr5oHCAAooVbYze7CvXtRp4FUtkMCSqBZU7MVu8v8e,Stellium,203,203
CVRr5oHCAAooVbYze7CvXtRp4FUtkMCSqBZU7MVu8v8e,Temporal,125,125
CVRr5oHCAAooVbYze7CvXtRp4FUtkMCSqBZU7MVu8v8e,blockRazor,13,13
CVRr5oHCAAooVbYze7CvXtRp4FUtkMCSqBZU7MVu8v8e,blockrazor,30,30
CVRr5oHCAAooVbYze7CvXtRp4FUtkMCSqBZU7MVu8v8e,blocksprint,102,102
CVRr5oHCAAooVbYze7CvXtRp4FUtkMCSqBZU7MVu8v8e,bloxroute,56,56
CVRr5oHCAAooVbYze7CvXtRp4FUtkMCSqBZU7MVu8v8e,landX,319,319
CVRr5oHCAAooVbYze7CvXtRp4FUtkMCSqBZU7MVu8v8e,stellium,567,567
CVgwMrWo9chKEuEPCe6Za9KJe8jamnAcoeWzaMeNubr6,(none),134,0
CVgwMrWo9chKEuEPCe6Za9KJe8jamnAcoeWzaMeNubr6,0slot,15,15
CVgwMrWo9chKEuEPCe6Za9KJe8jamnAcoeWzaMeNubr6,AstraLane,23,23
CVgwMrWo9chKEuEPCe6Za9KJe8jamnAcoeWzaMeNubr6,BloxRoute,1,1
CVgwMrWo9chKEuEPCe6Za9KJe8jamnAcoeWzaMeNubr6,Falcon,1,1
CVgwMrWo9chKEuEPCe6Za9KJe8jamnAcoeWzaMeNubr6,Helius,49,49
CVgwMrWo9chKEuEPCe6Za9KJe8jamnAcoeWzaMeNubr6,Jito,22,22
CVgwMrWo9chKEuEPCe6Za9KJe8jamnAcoeWzaMeNubr6,Nextblock,10,10
CVgwMrWo9chKEuEPCe6Za9KJe8jamnAcoeWzaMeNubr6,NodeOne,4,4
CVgwMrWo9chKEuEPCe6Za9KJe8jamnAcoeWzaMeNubr6,Soyas,5,5
CVgwMrWo9chKEuEPCe6Za9KJe8jamnAcoeWzaMeNubr6,Stellium,9,9
CVgwMrWo9chKEuEPCe6Za9KJe8jamnAcoeWzaMeNubr6,Temporal,28,28
CVgwMrWo9chKEuEPCe6Za9KJe8jamnAcoeWzaMeNubr6,blockRazor,1,1
CVgwMrWo9chKEuEPCe6Za9KJe8jamnAcoeWzaMeNubr6,blockrazor,3,3
CVgwMrWo9chKEuEPCe6Za9KJe8jamnAcoeWzaMeNubr6,blocksprint,4,4
CVgwMrWo9chKEuEPCe6Za9KJe8jamnAcoeWzaMeNubr6,bloxroute,14,14
CVgwMrWo9chKEuEPCe6Za9KJe8jamnAcoeWzaMeNubr6,landX,17,17
CVgwMrWo9chKEuEPCe6Za9KJe8jamnAcoeWzaMeNubr6,stellium,20,20
CVvaeDPR2o7P1eawG5c9TPFLzSXAewwPovPmREaEL4Cm,(none),2080,0
CVvaeDPR2o7P1eawG5c9TPFLzSXAewwPovPmREaEL4Cm,0slot,160,160
CVvaeDPR2o7P1eawG5c9TPFLzSXAewwPovPmREaEL4Cm,AstraLane,269,269
CVvaeDPR2o7P1eawG5c9TPFLzSXAewwPovPmREaEL4Cm,BloxRoute,3,3
CVvaeDPR2o7P1eawG5c9TPFLzSXAewwPovPmREaEL4Cm,Falcon,509,509
CVvaeDPR2o7P1eawG5c9TPFLzSXAewwPovPmREaEL4Cm,Flashblock,1,1
CVvaeDPR2o7P1eawG5c9TPFLzSXAewwPovPmREaEL4Cm,Helius,808,808
CVvaeDPR2o7P1eawG5c9TPFLzSXAewwPovPmREaEL4Cm,Jito,223,223
CVvaeDPR2o7P1eawG5c9TPFLzSXAewwPovPmREaEL4Cm,Moon,1,1
CVvaeDPR2o7P1eawG5c9TPFLzSXAewwPovPmREaEL4Cm,Nextblock,99,99
CVvaeDPR2o7P1eawG5c9TPFLzSXAewwPovPmREaEL4Cm,NodeOne,350,350
CVvaeDPR2o7P1eawG5c9TPFLzSXAewwPovPmREaEL4Cm,Soyas,23,23
CVvaeDPR2o7P1eawG5c9TPFLzSXAewwPovPmREaEL4Cm,Stellium,356,356
CVvaeDPR2o7P1eawG5c9TPFLzSXAewwPovPmREaEL4Cm,Temporal,181,181
CVvaeDPR2o7P1eawG5c9TPFLzSXAewwPovPmREaEL4Cm,blockRazor,12,12
CVvaeDPR2o7P1eawG5c9TPFLzSXAewwPovPmREaEL4Cm,blockrazor,52,52
CVvaeDPR2o7P1eawG5c9TPFLzSXAewwPovPmREaEL4Cm,blocksprint,201,201
CVvaeDPR2o7P1eawG5c9TPFLzSXAewwPovPmREaEL4Cm,bloxroute,228,227
CVvaeDPR2o7P1eawG5c9TPFLzSXAewwPovPmREaEL4Cm,landX,736,736
CVvaeDPR2o7P1eawG5c9TPFLzSXAewwPovPmREaEL4Cm,stellium,1157,1157
CW9C7HBwAMgqNdXkNgFg9Ujr3edR2Ab9ymEuQnVacd1A,(none),10667,0
CW9C7HBwAMgqNdXkNgFg9Ujr3edR2Ab9ymEuQnVacd1A,0slot,691,691
CW9C7HBwAMgqNdXkNgFg9Ujr3edR2Ab9ymEuQnVacd1A,AstraLane,2117,2117
CW9C7HBwAMgqNdXkNgFg9Ujr3edR2Ab9ymEuQnVacd1A,Astralane,11,11
CW9C7HBwAMgqNdXkNgFg9Ujr3edR2Ab9ymEuQnVacd1A,BloxRoute,15,15
CW9C7HBwAMgqNdXkNgFg9Ujr3edR2Ab9ymEuQnVacd1A,Falcon,2329,2329
CW9C7HBwAMgqNdXkNgFg9Ujr3edR2Ab9ymEuQnVacd1A,Flashblock,23,23
CW9C7HBwAMgqNdXkNgFg9Ujr3edR2Ab9ymEuQnVacd1A,Helius,3072,3072
CW9C7HBwAMgqNdXkNgFg9Ujr3edR2Ab9ymEuQnVacd1A,Jito,1092,1091
CW9C7HBwAMgqNdXkNgFg9Ujr3edR2Ab9ymEuQnVacd1A,Moon,3,3
CW9C7HBwAMgqNdXkNgFg9Ujr3edR2Ab9ymEuQnVacd1A,Nextblock,423,423
CW9C7HBwAMgqNdXkNgFg9Ujr3edR2Ab9ymEuQnVacd1A,NodeOne,1017,1017
CW9C7HBwAMgqNdXkNgFg9Ujr3edR2Ab9ymEuQnVacd1A,Soyas,73,73
CW9C7HBwAMgqNdXkNgFg9Ujr3edR2Ab9ymEuQnVacd1A,Stellium,1660,1660
CW9C7HBwAMgqNdXkNgFg9Ujr3edR2Ab9ymEuQnVacd1A,Temporal,1312,1310
CW9C7HBwAMgqNdXkNgFg9Ujr3edR2Ab9ymEuQnVacd1A,blockRazor,36,36
CW9C7HBwAMgqNdXkNgFg9Ujr3edR2Ab9ymEuQnVacd1A,blockrazor,216,216
CW9C7HBwAMgqNdXkNgFg9Ujr3edR2Ab9ymEuQnVacd1A,blocksprint,1005,1005
CW9C7HBwAMgqNdXkNgFg9Ujr3edR2Ab9ymEuQnVacd1A,bloxroute,1332,1331
CW9C7HBwAMgqNdXkNgFg9Ujr3edR2Ab9ymEuQnVacd1A,landX,1919,1919
CW9C7HBwAMgqNdXkNgFg9Ujr3edR2Ab9ymEuQnVacd1A,stellium,4286,4286
CXPeim1wQMkcTvEHx9QdhgKREYYJD8bnaCCqPRwJ1to1,(none),1143,0
CXPeim1wQMkcTvEHx9QdhgKREYYJD8bnaCCqPRwJ1to1,0slot,103,103
CXPeim1wQMkcTvEHx9QdhgKREYYJD8bnaCCqPRwJ1to1,AstraLane,116,116
CXPeim1wQMkcTvEHx9QdhgKREYYJD8bnaCCqPRwJ1to1,BloxRoute,2,2
CXPeim1wQMkcTvEHx9QdhgKREYYJD8bnaCCqPRwJ1to1,Falcon,257,257
CXPeim1wQMkcTvEHx9QdhgKREYYJD8bnaCCqPRwJ1to1,Flashblock,5,5
CXPeim1wQMkcTvEHx9QdhgKREYYJD8bnaCCqPRwJ1to1,Helius,393,393
CXPeim1wQMkcTvEHx9QdhgKREYYJD8bnaCCqPRwJ1to1,Jito,160,160
CXPeim1wQMkcTvEHx9QdhgKREYYJD8bnaCCqPRwJ1to1,Nextblock,52,52
CXPeim1wQMkcTvEHx9QdhgKREYYJD8bnaCCqPRwJ1to1,NodeOne,68,68
CXPeim1wQMkcTvEHx9QdhgKREYYJD8bnaCCqPRwJ1to1,Soyas,7,7
CXPeim1wQMkcTvEHx9QdhgKREYYJD8bnaCCqPRwJ1to1,Stellium,194,194
CXPeim1wQMkcTvEHx9QdhgKREYYJD8bnaCCqPRwJ1to1,Temporal,165,165
CXPeim1wQMkcTvEHx9QdhgKREYYJD8bnaCCqPRwJ1to1,blockRazor,5,5
CXPeim1wQMkcTvEHx9QdhgKREYYJD8bnaCCqPRwJ1to1,blockrazor,29,29
CXPeim1wQMkcTvEHx9QdhgKREYYJD8bnaCCqPRwJ1to1,blocksprint,110,110
CXPeim1wQMkcTvEHx9QdhgKREYYJD8bnaCCqPRwJ1to1,bloxroute,56,56
CXPeim1wQMkcTvEHx9QdhgKREYYJD8bnaCCqPRwJ1to1,landX,77,77
CXPeim1wQMkcTvEHx9QdhgKREYYJD8bnaCCqPRwJ1to1,stellium,386,386
CZanBzZHFzrGY5qKzaX3CNhJ5smHEMTWFFnoeUi4J6dr,(none),206,0
CZanBzZHFzrGY5qKzaX3CNhJ5smHEMTWFFnoeUi4J6dr,0slot,22,22
CZanBzZHFzrGY5qKzaX3CNhJ5smHEMTWFFnoeUi4J6dr,AstraLane,46,46
CZanBzZHFzrGY5qKzaX3CNhJ5smHEMTWFFnoeUi4J6dr,Astralane,1,1
CZanBzZHFzrGY5qKzaX3CNhJ5smHEMTWFFnoeUi4J6dr,Falcon,29,29
CZanBzZHFzrGY5qKzaX3CNhJ5smHEMTWFFnoeUi4J6dr,Flashblock,1,1
CZanBzZHFzrGY5qKzaX3CNhJ5smHEMTWFFnoeUi4J6dr,Helius,36,36
CZanBzZHFzrGY5qKzaX3CNhJ5smHEMTWFFnoeUi4J6dr,Jito,27,27
CZanBzZHFzrGY5qKzaX3CNhJ5smHEMTWFFnoeUi4J6dr,Nextblock,13,13
CZanBzZHFzrGY5qKzaX3CNhJ5smHEMTWFFnoeUi4J6dr,NodeOne,13,13
CZanBzZHFzrGY5qKzaX3CNhJ5smHEMTWFFnoeUi4J6dr,Soyas,1,1
CZanBzZHFzrGY5qKzaX3CNhJ5smHEMTWFFnoeUi4J6dr,Stellium,23,23
CZanBzZHFzrGY5qKzaX3CNhJ5smHEMTWFFnoeUi4J6dr,Temporal,38,38
CZanBzZHFzrGY5qKzaX3CNhJ5smHEMTWFFnoeUi4J6dr,blockrazor,7,7
CZanBzZHFzrGY5qKzaX3CNhJ5smHEMTWFFnoeUi4J6dr,blocksprint,15,15
CZanBzZHFzrGY5qKzaX3CNhJ5smHEMTWFFnoeUi4J6dr,bloxroute,27,27
CZanBzZHFzrGY5qKzaX3CNhJ5smHEMTWFFnoeUi4J6dr,landX,20,20
CZanBzZHFzrGY5qKzaX3CNhJ5smHEMTWFFnoeUi4J6dr,stellium,53,53
CaveyttUBTKttncu1e4RF814XjuoGfYv8cEsiKGDNCPX,(none),3982,0
CaveyttUBTKttncu1e4RF814XjuoGfYv8cEsiKGDNCPX,0slot,265,265
CaveyttUBTKttncu1e4RF814XjuoGfYv8cEsiKGDNCPX,AstraLane,1493,1493
CaveyttUBTKttncu1e4RF814XjuoGfYv8cEsiKGDNCPX,Astralane,7,7
CaveyttUBTKttncu1e4RF814XjuoGfYv8cEsiKGDNCPX,BloxRoute,14,14
CaveyttUBTKttncu1e4RF814XjuoGfYv8cEsiKGDNCPX,Falcon,910,910
CaveyttUBTKttncu1e4RF814XjuoGfYv8cEsiKGDNCPX,Flashblock,2,2
CaveyttUBTKttncu1e4RF814XjuoGfYv8cEsiKGDNCPX,Helius,1373,1373
CaveyttUBTKttncu1e4RF814XjuoGfYv8cEsiKGDNCPX,Jito,550,550
CaveyttUBTKttncu1e4RF814XjuoGfYv8cEsiKGDNCPX,Moon,1,1
CaveyttUBTKttncu1e4RF814XjuoGfYv8cEsiKGDNCPX,Nextblock,231,231
CaveyttUBTKttncu1e4RF814XjuoGfYv8cEsiKGDNCPX,NodeOne,355,355
CaveyttUBTKttncu1e4RF814XjuoGfYv8cEsiKGDNCPX,Soyas,41,41
CaveyttUBTKttncu1e4RF814XjuoGfYv8cEsiKGDNCPX,Stellium,699,699
CaveyttUBTKttncu1e4RF814XjuoGfYv8cEsiKGDNCPX,Temporal,562,562
CaveyttUBTKttncu1e4RF814XjuoGfYv8cEsiKGDNCPX,blockRazor,27,27
CaveyttUBTKttncu1e4RF814XjuoGfYv8cEsiKGDNCPX,blockrazor,109,109
CaveyttUBTKttncu1e4RF814XjuoGfYv8cEsiKGDNCPX,blocksprint,369,369
CaveyttUBTKttncu1e4RF814XjuoGfYv8cEsiKGDNCPX,bloxroute,946,946
CaveyttUBTKttncu1e4RF814XjuoGfYv8cEsiKGDNCPX,landX,739,739
CaveyttUBTKttncu1e4RF814XjuoGfYv8cEsiKGDNCPX,stellium,1622,1622
CeJjdkRwfqYjrb7ZgKgqTurxx88H6kZyRadJwNJBcQwC,(none),460,0
CeJjdkRwfqYjrb7ZgKgqTurxx88H6kZyRadJwNJBcQwC,0slot,38,38
CeJjdkRwfqYjrb7ZgKgqTurxx88H6kZyRadJwNJBcQwC,AstraLane,51,51
CeJjdkRwfqYjrb7ZgKgqTurxx88H6kZyRadJwNJBcQwC,BloxRoute,1,1
CeJjdkRwfqYjrb7ZgKgqTurxx88H6kZyRadJwNJBcQwC,Falcon,83,83
CeJjdkRwfqYjrb7ZgKgqTurxx88H6kZyRadJwNJBcQwC,Helius,149,149
CeJjdkRwfqYjrb7ZgKgqTurxx88H6kZyRadJwNJBcQwC,Jito,44,44
CeJjdkRwfqYjrb7ZgKgqTurxx88H6kZyRadJwNJBcQwC,Nextblock,18,18
CeJjdkRwfqYjrb7ZgKgqTurxx88H6kZyRadJwNJBcQwC,NodeOne,40,40
CeJjdkRwfqYjrb7ZgKgqTurxx88H6kZyRadJwNJBcQwC,Soyas,2,2
CeJjdkRwfqYjrb7ZgKgqTurxx88H6kZyRadJwNJBcQwC,Stellium,51,51
CeJjdkRwfqYjrb7ZgKgqTurxx88H6kZyRadJwNJBcQwC,Temporal,31,31
CeJjdkRwfqYjrb7ZgKgqTurxx88H6kZyRadJwNJBcQwC,blockRazor,1,1
CeJjdkRwfqYjrb7ZgKgqTurxx88H6kZyRadJwNJBcQwC,blockrazor,8,8
CeJjdkRwfqYjrb7ZgKgqTurxx88H6kZyRadJwNJBcQwC,blocksprint,27,27
CeJjdkRwfqYjrb7ZgKgqTurxx88H6kZyRadJwNJBcQwC,bloxroute,23,23
CeJjdkRwfqYjrb7ZgKgqTurxx88H6kZyRadJwNJBcQwC,landX,105,105
CeJjdkRwfqYjrb7ZgKgqTurxx88H6kZyRadJwNJBcQwC,stellium,193,193
Certusm1sa411sMpV9FPqU5dXAYhmmhygvxJ23S6hJ24,(none),3097,0
Certusm1sa411sMpV9FPqU5dXAYhmmhygvxJ23S6hJ24,0slot,224,224
Certusm1sa411sMpV9FPqU5dXAYhmmhygvxJ23S6hJ24,AstraLane,436,436
Certusm1sa411sMpV9FPqU5dXAYhmmhygvxJ23S6hJ24,Astralane,1,1
Certusm1sa411sMpV9FPqU5dXAYhmmhygvxJ23S6hJ24,BloxRoute,7,7
Certusm1sa411sMpV9FPqU5dXAYhmmhygvxJ23S6hJ24,Falcon,876,876
Certusm1sa411sMpV9FPqU5dXAYhmmhygvxJ23S6hJ24,Flashblock,3,3
Certusm1sa411sMpV9FPqU5dXAYhmmhygvxJ23S6hJ24,Helius,839,839
Certusm1sa411sMpV9FPqU5dXAYhmmhygvxJ23S6hJ24,Jito,223,223
Certusm1sa411sMpV9FPqU5dXAYhmmhygvxJ23S6hJ24,Moon,1,1
Certusm1sa411sMpV9FPqU5dXAYhmmhygvxJ23S6hJ24,Nextblock,133,133
Certusm1sa411sMpV9FPqU5dXAYhmmhygvxJ23S6hJ24,NodeOne,261,261
Certusm1sa411sMpV9FPqU5dXAYhmmhygvxJ23S6hJ24,Soyas,30,30
Certusm1sa411sMpV9FPqU5dXAYhmmhygvxJ23S6hJ24,Stellium,508,508
Certusm1sa411sMpV9FPqU5dXAYhmmhygvxJ23S6hJ24,Temporal,336,336
Certusm1sa411sMpV9FPqU5dXAYhmmhygvxJ23S6hJ24,blockRazor,22,22
Certusm1sa411sMpV9FPqU5dXAYhmmhygvxJ23S6hJ24,blockrazor,68,68
Certusm1sa411sMpV9FPqU5dXAYhmmhygvxJ23S6hJ24,blocksprint,310,310
Certusm1sa411sMpV9FPqU5dXAYhmmhygvxJ23S6hJ24,bloxroute,268,268
Certusm1sa411sMpV9FPqU5dXAYhmmhygvxJ23S6hJ24,landX,1247,1247
Certusm1sa411sMpV9FPqU5dXAYhmmhygvxJ23S6hJ24,stellium,1798,1798
CfgRXmp1LEYr97EaT2RyoL2cSvtWgJh52Bes89RxVSoW,(none),7071,0
CfgRXmp1LEYr97EaT2RyoL2cSvtWgJh52Bes89RxVSoW,0slot,589,589
CfgRXmp1LEYr97EaT2RyoL2cSvtWgJh52Bes89RxVSoW,AstraLane,790,790
CfgRXmp1LEYr97EaT2RyoL2cSvtWgJh52Bes89RxVSoW,Astralane,2,2
CfgRXmp1LEYr97EaT2RyoL2cSvtWgJh52Bes89RxVSoW,BloxRoute,14,14
CfgRXmp1LEYr97EaT2RyoL2cSvtWgJh52Bes89RxVSoW,Falcon,1968,1968
CfgRXmp1LEYr97EaT2RyoL2cSvtWgJh52Bes89RxVSoW,Flashblock,8,8
CfgRXmp1LEYr97EaT2RyoL2cSvtWgJh52Bes89RxVSoW,Helius,2521,2520
CfgRXmp1LEYr97EaT2RyoL2cSvtWgJh52Bes89RxVSoW,Jito,740,739
CfgRXmp1LEYr97EaT2RyoL2cSvtWgJh52Bes89RxVSoW,Moon,1,1
CfgRXmp1LEYr97EaT2RyoL2cSvtWgJh52Bes89RxVSoW,Nextblock,333,333
CfgRXmp1LEYr97EaT2RyoL2cSvtWgJh52Bes89RxVSoW,NodeOne,1035,1035
CfgRXmp1LEYr97EaT2RyoL2cSvtWgJh52Bes89RxVSoW,Soyas,67,67
CfgRXmp1LEYr97EaT2RyoL2cSvtWgJh52Bes89RxVSoW,Stellium,1220,1220
CfgRXmp1LEYr97EaT2RyoL2cSvtWgJh52Bes89RxVSoW,Temporal,762,762
CfgRXmp1LEYr97EaT2RyoL2cSvtWgJh52Bes89RxVSoW,blockRazor,26,26
CfgRXmp1LEYr97EaT2RyoL2cSvtWgJh52Bes89RxVSoW,blockrazor,165,165
CfgRXmp1LEYr97EaT2RyoL2cSvtWgJh52Bes89RxVSoW,blocksprint,630,630
CfgRXmp1LEYr97EaT2RyoL2cSvtWgJh52Bes89RxVSoW,bloxroute,301,300
CfgRXmp1LEYr97EaT2RyoL2cSvtWgJh52Bes89RxVSoW,landX,2508,2508
CfgRXmp1LEYr97EaT2RyoL2cSvtWgJh52Bes89RxVSoW,stellium,4040,4040
ChaossRPGKnsVhX1GfPC78yq5Sqju4cMThcAsKZNz5d6,(none),62,0
ChaossRPGKnsVhX1GfPC78yq5Sqju4cMThcAsKZNz5d6,0slot,8,8
ChaossRPGKnsVhX1GfPC78yq5Sqju4cMThcAsKZNz5d6,AstraLane,7,7
ChaossRPGKnsVhX1GfPC78yq5Sqju4cMThcAsKZNz5d6,Falcon,36,36
ChaossRPGKnsVhX1GfPC78yq5Sqju4cMThcAsKZNz5d6,Helius,16,16
ChaossRPGKnsVhX1GfPC78yq5Sqju4cMThcAsKZNz5d6,Jito,4,4
ChaossRPGKnsVhX1GfPC78yq5Sqju4cMThcAsKZNz5d6,Nextblock,4,4
ChaossRPGKnsVhX1GfPC78yq5Sqju4cMThcAsKZNz5d6,NodeOne,5,5
ChaossRPGKnsVhX1GfPC78yq5Sqju4cMThcAsKZNz5d6,Stellium,22,22
ChaossRPGKnsVhX1GfPC78yq5Sqju4cMThcAsKZNz5d6,Temporal,8,8
ChaossRPGKnsVhX1GfPC78yq5Sqju4cMThcAsKZNz5d6,blockrazor,3,3
ChaossRPGKnsVhX1GfPC78yq5Sqju4cMThcAsKZNz5d6,blocksprint,10,10
ChaossRPGKnsVhX1GfPC78yq5Sqju4cMThcAsKZNz5d6,landX,12,12
ChaossRPGKnsVhX1GfPC78yq5Sqju4cMThcAsKZNz5d6,stellium,30,30
ChorusmmK7i1AxXeiTtQgQZhQNiXYU84ULeaYF1EH15n,(none),6539,0
ChorusmmK7i1AxXeiTtQgQZhQNiXYU84ULeaYF1EH15n,0slot,640,640
ChorusmmK7i1AxXeiTtQgQZhQNiXYU84ULeaYF1EH15n,AstraLane,1071,1071
ChorusmmK7i1AxXeiTtQgQZhQNiXYU84ULeaYF1EH15n,Astralane,1,1
ChorusmmK7i1AxXeiTtQgQZhQNiXYU84ULeaYF1EH15n,BloxRoute,24,24
ChorusmmK7i1AxXeiTtQgQZhQNiXYU84ULeaYF1EH15n,Falcon,549,549
ChorusmmK7i1AxXeiTtQgQZhQNiXYU84ULeaYF1EH15n,Flashblock,4,4
ChorusmmK7i1AxXeiTtQgQZhQNiXYU84ULeaYF1EH15n,Helius,2794,2794
ChorusmmK7i1AxXeiTtQgQZhQNiXYU84ULeaYF1EH15n,Jito,980,980
ChorusmmK7i1AxXeiTtQgQZhQNiXYU84ULeaYF1EH15n,Moon,4,4
ChorusmmK7i1AxXeiTtQgQZhQNiXYU84ULeaYF1EH15n,Nextblock,395,395
ChorusmmK7i1AxXeiTtQgQZhQNiXYU84ULeaYF1EH15n,NodeOne,811,811
ChorusmmK7i1AxXeiTtQgQZhQNiXYU84ULeaYF1EH15n,Soyas,138,138
ChorusmmK7i1AxXeiTtQgQZhQNiXYU84ULeaYF1EH15n,Stellium,779,779
ChorusmmK7i1AxXeiTtQgQZhQNiXYU84ULeaYF1EH15n,Temporal,844,844
ChorusmmK7i1AxXeiTtQgQZhQNiXYU84ULeaYF1EH15n,blockRazor,60,60
ChorusmmK7i1AxXeiTtQgQZhQNiXYU84ULeaYF1EH15n,blockrazor,196,196
ChorusmmK7i1AxXeiTtQgQZhQNiXYU84ULeaYF1EH15n,blocksprint,665,665
ChorusmmK7i1AxXeiTtQgQZhQNiXYU84ULeaYF1EH15n,bloxroute,592,592
ChorusmmK7i1AxXeiTtQgQZhQNiXYU84ULeaYF1EH15n,landX,2322,2322
ChorusmmK7i1AxXeiTtQgQZhQNiXYU84ULeaYF1EH15n,stellium,3008,3008
CiR8HNCfkjtcongPmP2DRdZPnFgjSbN5gsXdjmsXXHcB,(none),78,0
CiR8HNCfkjtcongPmP2DRdZPnFgjSbN5gsXdjmsXXHcB,0slot,3,3
CiR8HNCfkjtcongPmP2DRdZPnFgjSbN5gsXdjmsXXHcB,AstraLane,7,7
CiR8HNCfkjtcongPmP2DRdZPnFgjSbN5gsXdjmsXXHcB,Falcon,5,5
CiR8HNCfkjtcongPmP2DRdZPnFgjSbN5gsXdjmsXXHcB,Helius,26,26
CiR8HNCfkjtcongPmP2DRdZPnFgjSbN5gsXdjmsXXHcB,Jito,10,10
CiR8HNCfkjtcongPmP2DRdZPnFgjSbN5gsXdjmsXXHcB,Nextblock,3,3
CiR8HNCfkjtcongPmP2DRdZPnFgjSbN5gsXdjmsXXHcB,NodeOne,3,3
CiR8HNCfkjtcongPmP2DRdZPnFgjSbN5gsXdjmsXXHcB,Stellium,8,8
CiR8HNCfkjtcongPmP2DRdZPnFgjSbN5gsXdjmsXXHcB,Temporal,17,17
CiR8HNCfkjtcongPmP2DRdZPnFgjSbN5gsXdjmsXXHcB,blockrazor,1,1
CiR8HNCfkjtcongPmP2DRdZPnFgjSbN5gsXdjmsXXHcB,blocksprint,5,5
CiR8HNCfkjtcongPmP2DRdZPnFgjSbN5gsXdjmsXXHcB,stellium,16,16
CjmXSapt1ouz3CZzgkRJckBEwMSo5fVdVrizLeRscwYD,(none),684,0
CjmXSapt1ouz3CZzgkRJckBEwMSo5fVdVrizLeRscwYD,0slot,50,50
CjmXSapt1ouz3CZzgkRJckBEwMSo5fVdVrizLeRscwYD,AstraLane,115,115
CjmXSapt1ouz3CZzgkRJckBEwMSo5fVdVrizLeRscwYD,BloxRoute,1,1
CjmXSapt1ouz3CZzgkRJckBEwMSo5fVdVrizLeRscwYD,Falcon,115,115
CjmXSapt1ouz3CZzgkRJckBEwMSo5fVdVrizLeRscwYD,Helius,283,283
CjmXSapt1ouz3CZzgkRJckBEwMSo5fVdVrizLeRscwYD,Jito,79,79
CjmXSapt1ouz3CZzgkRJckBEwMSo5fVdVrizLeRscwYD,Nextblock,43,43
CjmXSapt1ouz3CZzgkRJckBEwMSo5fVdVrizLeRscwYD,NodeOne,48,48
CjmXSapt1ouz3CZzgkRJckBEwMSo5fVdVrizLeRscwYD,Soyas,5,5
CjmXSapt1ouz3CZzgkRJckBEwMSo5fVdVrizLeRscwYD,Stellium,123,123
CjmXSapt1ouz3CZzgkRJckBEwMSo5fVdVrizLeRscwYD,Temporal,134,134
CjmXSapt1ouz3CZzgkRJckBEwMSo5fVdVrizLeRscwYD,blockRazor,3,3
CjmXSapt1ouz3CZzgkRJckBEwMSo5fVdVrizLeRscwYD,blockrazor,16,16
CjmXSapt1ouz3CZzgkRJckBEwMSo5fVdVrizLeRscwYD,blocksprint,85,85
CjmXSapt1ouz3CZzgkRJckBEwMSo5fVdVrizLeRscwYD,bloxroute,8,8
CjmXSapt1ouz3CZzgkRJckBEwMSo5fVdVrizLeRscwYD,landX,144,144
CjmXSapt1ouz3CZzgkRJckBEwMSo5fVdVrizLeRscwYD,stellium,294,294
CkCMabrc3HgBgDkeKPXkbWuQpUuSqW7zs1Mg3HFArx61,(none),2074,0
CkCMabrc3HgBgDkeKPXkbWuQpUuSqW7zs1Mg3HFArx61,0slot,221,221
CkCMabrc3HgBgDkeKPXkbWuQpUuSqW7zs1Mg3HFArx61,AstraLane,270,270
CkCMabrc3HgBgDkeKPXkbWuQpUuSqW7zs1Mg3HFArx61,BloxRoute,9,9
CkCMabrc3HgBgDkeKPXkbWuQpUuSqW7zs1Mg3HFArx61,Falcon,216,216
CkCMabrc3HgBgDkeKPXkbWuQpUuSqW7zs1Mg3HFArx61,Flashblock,1,1
CkCMabrc3HgBgDkeKPXkbWuQpUuSqW7zs1Mg3HFArx61,Helius,832,832
CkCMabrc3HgBgDkeKPXkbWuQpUuSqW7zs1Mg3HFArx61,Jito,194,194
CkCMabrc3HgBgDkeKPXkbWuQpUuSqW7zs1Mg3HFArx61,Moon,5,5
CkCMabrc3HgBgDkeKPXkbWuQpUuSqW7zs1Mg3HFArx61,Nextblock,127,127
CkCMabrc3HgBgDkeKPXkbWuQpUuSqW7zs1Mg3HFArx61,NodeOne,253,253
CkCMabrc3HgBgDkeKPXkbWuQpUuSqW7zs1Mg3HFArx61,Soyas,26,26
CkCMabrc3HgBgDkeKPXkbWuQpUuSqW7zs1Mg3HFArx61,Stellium,252,252
CkCMabrc3HgBgDkeKPXkbWuQpUuSqW7zs1Mg3HFArx61,Temporal,327,327
CkCMabrc3HgBgDkeKPXkbWuQpUuSqW7zs1Mg3HFArx61,blockRazor,16,16
CkCMabrc3HgBgDkeKPXkbWuQpUuSqW7zs1Mg3HFArx61,blockrazor,76,76
CkCMabrc3HgBgDkeKPXkbWuQpUuSqW7zs1Mg3HFArx61,blocksprint,216,216
CkCMabrc3HgBgDkeKPXkbWuQpUuSqW7zs1Mg3HFArx61,bloxroute,87,87
CkCMabrc3HgBgDkeKPXkbWuQpUuSqW7zs1Mg3HFArx61,landX,1142,1142
CkCMabrc3HgBgDkeKPXkbWuQpUuSqW7zs1Mg3HFArx61,stellium,1203,1203
CoG8d9Fp2TFJRkAmrPMiPsGhQWHzdTTVoegEp9svRgmJ,(none),9783,0
CoG8d9Fp2TFJRkAmrPMiPsGhQWHzdTTVoegEp9svRgmJ,0slot,866,866
CoG8d9Fp2TFJRkAmrPMiPsGhQWHzdTTVoegEp9svRgmJ,AstraLane,1697,1697
CoG8d9Fp2TFJRkAmrPMiPsGhQWHzdTTVoegEp9svRgmJ,Astralane,8,8
CoG8d9Fp2TFJRkAmrPMiPsGhQWHzdTTVoegEp9svRgmJ,BloxRoute,34,34
CoG8d9Fp2TFJRkAmrPMiPsGhQWHzdTTVoegEp9svRgmJ,Falcon,1390,1390
CoG8d9Fp2TFJRkAmrPMiPsGhQWHzdTTVoegEp9svRgmJ,Flashblock,10,10
CoG8d9Fp2TFJRkAmrPMiPsGhQWHzdTTVoegEp9svRgmJ,Helius,4265,4263
CoG8d9Fp2TFJRkAmrPMiPsGhQWHzdTTVoegEp9svRgmJ,Jito,905,904
CoG8d9Fp2TFJRkAmrPMiPsGhQWHzdTTVoegEp9svRgmJ,Moon,2,2
CoG8d9Fp2TFJRkAmrPMiPsGhQWHzdTTVoegEp9svRgmJ,Nextblock,569,569
CoG8d9Fp2TFJRkAmrPMiPsGhQWHzdTTVoegEp9svRgmJ,NodeOne,1109,1109
CoG8d9Fp2TFJRkAmrPMiPsGhQWHzdTTVoegEp9svRgmJ,Soyas,103,103
CoG8d9Fp2TFJRkAmrPMiPsGhQWHzdTTVoegEp9svRgmJ,Stellium,1455,1455
CoG8d9Fp2TFJRkAmrPMiPsGhQWHzdTTVoegEp9svRgmJ,Temporal,1754,1751
CoG8d9Fp2TFJRkAmrPMiPsGhQWHzdTTVoegEp9svRgmJ,blockRazor,76,76
CoG8d9Fp2TFJRkAmrPMiPsGhQWHzdTTVoegEp9svRgmJ,blockrazor,268,268
CoG8d9Fp2TFJRkAmrPMiPsGhQWHzdTTVoegEp9svRgmJ,blocksprint,1043,1043
CoG8d9Fp2TFJRkAmrPMiPsGhQWHzdTTVoegEp9svRgmJ,bloxroute,811,810
CoG8d9Fp2TFJRkAmrPMiPsGhQWHzdTTVoegEp9svRgmJ,landX,4243,4243
CoG8d9Fp2TFJRkAmrPMiPsGhQWHzdTTVoegEp9svRgmJ,stellium,5384,5384
Cogent51kHgGLHr7zpkpRjGYFXM57LgjHjDdqXd4ypdA,(none),2526,0
Cogent51kHgGLHr7zpkpRjGYFXM57LgjHjDdqXd4ypdA,0slot,180,180
Cogent51kHgGLHr7zpkpRjGYFXM57LgjHjDdqXd4ypdA,AstraLane,280,280
Cogent51kHgGLHr7zpkpRjGYFXM57LgjHjDdqXd4ypdA,BloxRoute,7,7
Cogent51kHgGLHr7zpkpRjGYFXM57LgjHjDdqXd4ypdA,Falcon,590,590
Cogent51kHgGLHr7zpkpRjGYFXM57LgjHjDdqXd4ypdA,Flashblock,4,4
Cogent51kHgGLHr7zpkpRjGYFXM57LgjHjDdqXd4ypdA,Helius,757,756
Cogent51kHgGLHr7zpkpRjGYFXM57LgjHjDdqXd4ypdA,Jito,275,275
Cogent51kHgGLHr7zpkpRjGYFXM57LgjHjDdqXd4ypdA,Moon,2,2
Cogent51kHgGLHr7zpkpRjGYFXM57LgjHjDdqXd4ypdA,Nextblock,111,111
Cogent51kHgGLHr7zpkpRjGYFXM57LgjHjDdqXd4ypdA,NodeOne,317,317
Cogent51kHgGLHr7zpkpRjGYFXM57LgjHjDdqXd4ypdA,Soyas,15,15
Cogent51kHgGLHr7zpkpRjGYFXM57LgjHjDdqXd4ypdA,Stellium,384,384
Cogent51kHgGLHr7zpkpRjGYFXM57LgjHjDdqXd4ypdA,Temporal,297,297
Cogent51kHgGLHr7zpkpRjGYFXM57LgjHjDdqXd4ypdA,blockRazor,12,12
Cogent51kHgGLHr7zpkpRjGYFXM57LgjHjDdqXd4ypdA,blockrazor,54,54
Cogent51kHgGLHr7zpkpRjGYFXM57LgjHjDdqXd4ypdA,blocksprint,238,238
Cogent51kHgGLHr7zpkpRjGYFXM57LgjHjDdqXd4ypdA,bloxroute,218,218
Cogent51kHgGLHr7zpkpRjGYFXM57LgjHjDdqXd4ypdA,landX,850,850
Cogent51kHgGLHr7zpkpRjGYFXM57LgjHjDdqXd4ypdA,stellium,1246,1246
CpNnGGhgVATJAbzHUXdrcGfpPiGuZyPka4QUmH7YgavX,(none),192,0
CpNnGGhgVATJAbzHUXdrcGfpPiGuZyPka4QUmH7YgavX,0slot,14,14
CpNnGGhgVATJAbzHUXdrcGfpPiGuZyPka4QUmH7YgavX,AstraLane,20,20
CpNnGGhgVATJAbzHUXdrcGfpPiGuZyPka4QUmH7YgavX,BloxRoute,2,2
CpNnGGhgVATJAbzHUXdrcGfpPiGuZyPka4QUmH7YgavX,Falcon,38,38
CpNnGGhgVATJAbzHUXdrcGfpPiGuZyPka4QUmH7YgavX,Helius,45,45
CpNnGGhgVATJAbzHUXdrcGfpPiGuZyPka4QUmH7YgavX,Jito,52,52
CpNnGGhgVATJAbzHUXdrcGfpPiGuZyPka4QUmH7YgavX,Nextblock,10,10
CpNnGGhgVATJAbzHUXdrcGfpPiGuZyPka4QUmH7YgavX,NodeOne,10,10
CpNnGGhgVATJAbzHUXdrcGfpPiGuZyPka4QUmH7YgavX,Soyas,1,1
CpNnGGhgVATJAbzHUXdrcGfpPiGuZyPka4QUmH7YgavX,Stellium,29,29
CpNnGGhgVATJAbzHUXdrcGfpPiGuZyPka4QUmH7YgavX,Temporal,17,17
CpNnGGhgVATJAbzHUXdrcGfpPiGuZyPka4QUmH7YgavX,blockRazor,1,1
CpNnGGhgVATJAbzHUXdrcGfpPiGuZyPka4QUmH7YgavX,blockrazor,4,4
CpNnGGhgVATJAbzHUXdrcGfpPiGuZyPka4QUmH7YgavX,blocksprint,10,10
CpNnGGhgVATJAbzHUXdrcGfpPiGuZyPka4QUmH7YgavX,bloxroute,7,7
CpNnGGhgVATJAbzHUXdrcGfpPiGuZyPka4QUmH7YgavX,landX,18,18
CpNnGGhgVATJAbzHUXdrcGfpPiGuZyPka4QUmH7YgavX,stellium,59,59
CpdzCVzaR9gjFymmEVE8xHboJFHaDnimRZ448cMBs6Rn,(none),257,0
CpdzCVzaR9gjFymmEVE8xHboJFHaDnimRZ448cMBs6Rn,0slot,15,15
CpdzCVzaR9gjFymmEVE8xHboJFHaDnimRZ448cMBs6Rn,AstraLane,44,44
CpdzCVzaR9gjFymmEVE8xHboJFHaDnimRZ448cMBs6Rn,Falcon,51,51
CpdzCVzaR9gjFymmEVE8xHboJFHaDnimRZ448cMBs6Rn,Helius,122,122
CpdzCVzaR9gjFymmEVE8xHboJFHaDnimRZ448cMBs6Rn,Jito,20,20
CpdzCVzaR9gjFymmEVE8xHboJFHaDnimRZ448cMBs6Rn,Nextblock,15,15
CpdzCVzaR9gjFymmEVE8xHboJFHaDnimRZ448cMBs6Rn,NodeOne,20,20
CpdzCVzaR9gjFymmEVE8xHboJFHaDnimRZ448cMBs6Rn,Soyas,4,4
CpdzCVzaR9gjFymmEVE8xHboJFHaDnimRZ448cMBs6Rn,Stellium,46,46
CpdzCVzaR9gjFymmEVE8xHboJFHaDnimRZ448cMBs6Rn,Temporal,42,42
CpdzCVzaR9gjFymmEVE8xHboJFHaDnimRZ448cMBs6Rn,blockRazor,2,2
CpdzCVzaR9gjFymmEVE8xHboJFHaDnimRZ448cMBs6Rn,blockrazor,8,8
CpdzCVzaR9gjFymmEVE8xHboJFHaDnimRZ448cMBs6Rn,blocksprint,31,31
CpdzCVzaR9gjFymmEVE8xHboJFHaDnimRZ448cMBs6Rn,bloxroute,1,1
CpdzCVzaR9gjFymmEVE8xHboJFHaDnimRZ448cMBs6Rn,landX,122,122
CpdzCVzaR9gjFymmEVE8xHboJFHaDnimRZ448cMBs6Rn,stellium,163,163
CpgSfd6QUoBw1267rTtJoZhELqC5q7isKLojBifSbNEE,(none),220,0
CpgSfd6QUoBw1267rTtJoZhELqC5q7isKLojBifSbNEE,0slot,22,22
CpgSfd6QUoBw1267rTtJoZhELqC5q7isKLojBifSbNEE,AstraLane,36,36
CpgSfd6QUoBw1267rTtJoZhELqC5q7isKLojBifSbNEE,Astralane,1,1
CpgSfd6QUoBw1267rTtJoZhELqC5q7isKLojBifSbNEE,BloxRoute,1,1
CpgSfd6QUoBw1267rTtJoZhELqC5q7isKLojBifSbNEE,Falcon,32,32
CpgSfd6QUoBw1267rTtJoZhELqC5q7isKLojBifSbNEE,Flashblock,1,1
CpgSfd6QUoBw1267rTtJoZhELqC5q7isKLojBifSbNEE,Helius,85,85
CpgSfd6QUoBw1267rTtJoZhELqC5q7isKLojBifSbNEE,Jito,39,39
CpgSfd6QUoBw1267rTtJoZhELqC5q7isKLojBifSbNEE,Nextblock,8,8
CpgSfd6QUoBw1267rTtJoZhELqC5q7isKLojBifSbNEE,NodeOne,10,10
CpgSfd6QUoBw1267rTtJoZhELqC5q7isKLojBifSbNEE,Soyas,2,2
CpgSfd6QUoBw1267rTtJoZhELqC5q7isKLojBifSbNEE,Stellium,34,34
CpgSfd6QUoBw1267rTtJoZhELqC5q7isKLojBifSbNEE,Temporal,34,34
CpgSfd6QUoBw1267rTtJoZhELqC5q7isKLojBifSbNEE,blockrazor,5,5
CpgSfd6QUoBw1267rTtJoZhELqC5q7isKLojBifSbNEE,blocksprint,16,16
CpgSfd6QUoBw1267rTtJoZhELqC5q7isKLojBifSbNEE,bloxroute,1,1
CpgSfd6QUoBw1267rTtJoZhELqC5q7isKLojBifSbNEE,landX,67,67
CpgSfd6QUoBw1267rTtJoZhELqC5q7isKLojBifSbNEE,stellium,99,99
CpuDNi3iVoHXbaT8gHpzKe6rqeBasoYjEKi21q7NRVJS,(none),254,0
CpuDNi3iVoHXbaT8gHpzKe6rqeBasoYjEKi21q7NRVJS,0slot,22,22
CpuDNi3iVoHXbaT8gHpzKe6rqeBasoYjEKi21q7NRVJS,AstraLane,32,32
CpuDNi3iVoHXbaT8gHpzKe6rqeBasoYjEKi21q7NRVJS,BloxRoute,1,1
CpuDNi3iVoHXbaT8gHpzKe6rqeBasoYjEKi21q7NRVJS,Falcon,39,39
CpuDNi3iVoHXbaT8gHpzKe6rqeBasoYjEKi21q7NRVJS,Flashblock,1,1
CpuDNi3iVoHXbaT8gHpzKe6rqeBasoYjEKi21q7NRVJS,Helius,69,69
CpuDNi3iVoHXbaT8gHpzKe6rqeBasoYjEKi21q7NRVJS,Jito,41,41
CpuDNi3iVoHXbaT8gHpzKe6rqeBasoYjEKi21q7NRVJS,Nextblock,7,7
CpuDNi3iVoHXbaT8gHpzKe6rqeBasoYjEKi21q7NRVJS,NodeOne,40,40
CpuDNi3iVoHXbaT8gHpzKe6rqeBasoYjEKi21q7NRVJS,Soyas,5,5
CpuDNi3iVoHXbaT8gHpzKe6rqeBasoYjEKi21q7NRVJS,Stellium,38,38
CpuDNi3iVoHXbaT8gHpzKe6rqeBasoYjEKi21q7NRVJS,Temporal,25,25
CpuDNi3iVoHXbaT8gHpzKe6rqeBasoYjEKi21q7NRVJS,blockRazor,1,1
CpuDNi3iVoHXbaT8gHpzKe6rqeBasoYjEKi21q7NRVJS,blockrazor,6,6
CpuDNi3iVoHXbaT8gHpzKe6rqeBasoYjEKi21q7NRVJS,blocksprint,14,14
CpuDNi3iVoHXbaT8gHpzKe6rqeBasoYjEKi21q7NRVJS,bloxroute,36,36
CpuDNi3iVoHXbaT8gHpzKe6rqeBasoYjEKi21q7NRVJS,landX,46,46
CpuDNi3iVoHXbaT8gHpzKe6rqeBasoYjEKi21q7NRVJS,stellium,93,93
CtvdyHYt8cMuGVHFarV2RADfoCdnrbd8e9jAsB225uMW,(none),122,0
CtvdyHYt8cMuGVHFarV2RADfoCdnrbd8e9jAsB225uMW,0slot,8,8
CtvdyHYt8cMuGVHFarV2RADfoCdnrbd8e9jAsB225uMW,AstraLane,21,21
CtvdyHYt8cMuGVHFarV2RADfoCdnrbd8e9jAsB225uMW,Falcon,24,24
CtvdyHYt8cMuGVHFarV2RADfoCdnrbd8e9jAsB225uMW,Helius,61,61
CtvdyHYt8cMuGVHFarV2RADfoCdnrbd8e9jAsB225uMW,Jito,27,27
CtvdyHYt8cMuGVHFarV2RADfoCdnrbd8e9jAsB225uMW,Nextblock,3,3
CtvdyHYt8cMuGVHFarV2RADfoCdnrbd8e9jAsB225uMW,NodeOne,15,15
CtvdyHYt8cMuGVHFarV2RADfoCdnrbd8e9jAsB225uMW,Soyas,2,2
CtvdyHYt8cMuGVHFarV2RADfoCdnrbd8e9jAsB225uMW,Stellium,21,21
CtvdyHYt8cMuGVHFarV2RADfoCdnrbd8e9jAsB225uMW,Temporal,17,17
CtvdyHYt8cMuGVHFarV2RADfoCdnrbd8e9jAsB225uMW,blockRazor,1,1
CtvdyHYt8cMuGVHFarV2RADfoCdnrbd8e9jAsB225uMW,blockrazor,3,3
CtvdyHYt8cMuGVHFarV2RADfoCdnrbd8e9jAsB225uMW,blocksprint,7,7
CtvdyHYt8cMuGVHFarV2RADfoCdnrbd8e9jAsB225uMW,bloxroute,17,17
CtvdyHYt8cMuGVHFarV2RADfoCdnrbd8e9jAsB225uMW,landX,37,37
CtvdyHYt8cMuGVHFarV2RADfoCdnrbd8e9jAsB225uMW,stellium,44,44
CtzN7ysR5rX69qd168Aosbuc83mPozhi81bEHbG7ecNP,(none),151,0
CtzN7ysR5rX69qd168Aosbuc83mPozhi81bEHbG7ecNP,0slot,12,12
CtzN7ysR5rX69qd168Aosbuc83mPozhi81bEHbG7ecNP,AstraLane,25,25
CtzN7ysR5rX69qd168Aosbuc83mPozhi81bEHbG7ecNP,Falcon,54,54
CtzN7ysR5rX69qd168Aosbuc83mPozhi81bEHbG7ecNP,Helius,51,51
CtzN7ysR5rX69qd168Aosbuc83mPozhi81bEHbG7ecNP,Jito,25,25
CtzN7ysR5rX69qd168Aosbuc83mPozhi81bEHbG7ecNP,Nextblock,7,7
CtzN7ysR5rX69qd168Aosbuc83mPozhi81bEHbG7ecNP,NodeOne,39,39
CtzN7ysR5rX69qd168Aosbuc83mPozhi81bEHbG7ecNP,Soyas,1,1
CtzN7ysR5rX69qd168Aosbuc83mPozhi81bEHbG7ecNP,Stellium,53,53
CtzN7ysR5rX69qd168Aosbuc83mPozhi81bEHbG7ecNP,Temporal,19,19
CtzN7ysR5rX69qd168Aosbuc83mPozhi81bEHbG7ecNP,blockRazor,1,1
CtzN7ysR5rX69qd168Aosbuc83mPozhi81bEHbG7ecNP,blockrazor,2,2
CtzN7ysR5rX69qd168Aosbuc83mPozhi81bEHbG7ecNP,blocksprint,17,17
CtzN7ysR5rX69qd168Aosbuc83mPozhi81bEHbG7ecNP,bloxroute,30,30
CtzN7ysR5rX69qd168Aosbuc83mPozhi81bEHbG7ecNP,landX,98,98
CtzN7ysR5rX69qd168Aosbuc83mPozhi81bEHbG7ecNP,stellium,135,135
Cu9Ls6dsTL6cxFHZdStHwVSh1uy2ynXz8qPJMS5FRq86,(none),2316,0
Cu9Ls6dsTL6cxFHZdStHwVSh1uy2ynXz8qPJMS5FRq86,0slot,166,166
Cu9Ls6dsTL6cxFHZdStHwVSh1uy2ynXz8qPJMS5FRq86,AstraLane,284,284
Cu9Ls6dsTL6cxFHZdStHwVSh1uy2ynXz8qPJMS5FRq86,BloxRoute,5,5
Cu9Ls6dsTL6cxFHZdStHwVSh1uy2ynXz8qPJMS5FRq86,Falcon,553,553
Cu9Ls6dsTL6cxFHZdStHwVSh1uy2ynXz8qPJMS5FRq86,Flashblock,4,4
Cu9Ls6dsTL6cxFHZdStHwVSh1uy2ynXz8qPJMS5FRq86,Helius,786,786
Cu9Ls6dsTL6cxFHZdStHwVSh1uy2ynXz8qPJMS5FRq86,Jito,224,224
Cu9Ls6dsTL6cxFHZdStHwVSh1uy2ynXz8qPJMS5FRq86,Moon,1,1
Cu9Ls6dsTL6cxFHZdStHwVSh1uy2ynXz8qPJMS5FRq86,Nextblock,112,112
Cu9Ls6dsTL6cxFHZdStHwVSh1uy2ynXz8qPJMS5FRq86,NodeOne,306,306
Cu9Ls6dsTL6cxFHZdStHwVSh1uy2ynXz8qPJMS5FRq86,Soyas,23,23
Cu9Ls6dsTL6cxFHZdStHwVSh1uy2ynXz8qPJMS5FRq86,Stellium,400,400
Cu9Ls6dsTL6cxFHZdStHwVSh1uy2ynXz8qPJMS5FRq86,Temporal,224,224
Cu9Ls6dsTL6cxFHZdStHwVSh1uy2ynXz8qPJMS5FRq86,blockRazor,17,17
Cu9Ls6dsTL6cxFHZdStHwVSh1uy2ynXz8qPJMS5FRq86,blockrazor,68,68
Cu9Ls6dsTL6cxFHZdStHwVSh1uy2ynXz8qPJMS5FRq86,blocksprint,184,184
Cu9Ls6dsTL6cxFHZdStHwVSh1uy2ynXz8qPJMS5FRq86,bloxroute,207,207
Cu9Ls6dsTL6cxFHZdStHwVSh1uy2ynXz8qPJMS5FRq86,landX,757,757
Cu9Ls6dsTL6cxFHZdStHwVSh1uy2ynXz8qPJMS5FRq86,stellium,1202,1202
CuStTdKU5nWev5YKxMHyFjiHYG2CnjZ3rrPa8r1G2hTw,(none),133,0
CuStTdKU5nWev5YKxMHyFjiHYG2CnjZ3rrPa8r1G2hTw,0slot,6,6
CuStTdKU5nWev5YKxMHyFjiHYG2CnjZ3rrPa8r1G2hTw,AstraLane,20,20
CuStTdKU5nWev5YKxMHyFjiHYG2CnjZ3rrPa8r1G2hTw,Falcon,6,6
CuStTdKU5nWev5YKxMHyFjiHYG2CnjZ3rrPa8r1G2hTw,Helius,63,63
CuStTdKU5nWev5YKxMHyFjiHYG2CnjZ3rrPa8r1G2hTw,Jito,3,3
CuStTdKU5nWev5YKxMHyFjiHYG2CnjZ3rrPa8r1G2hTw,Nextblock,9,9
CuStTdKU5nWev5YKxMHyFjiHYG2CnjZ3rrPa8r1G2hTw,NodeOne,17,17
CuStTdKU5nWev5YKxMHyFjiHYG2CnjZ3rrPa8r1G2hTw,Stellium,34,34
CuStTdKU5nWev5YKxMHyFjiHYG2CnjZ3rrPa8r1G2hTw,Temporal,10,10
CuStTdKU5nWev5YKxMHyFjiHYG2CnjZ3rrPa8r1G2hTw,blockRazor,1,1
CuStTdKU5nWev5YKxMHyFjiHYG2CnjZ3rrPa8r1G2hTw,blockrazor,4,4
CuStTdKU5nWev5YKxMHyFjiHYG2CnjZ3rrPa8r1G2hTw,blocksprint,18,18
CuStTdKU5nWev5YKxMHyFjiHYG2CnjZ3rrPa8r1G2hTw,bloxroute,25,25
CuStTdKU5nWev5YKxMHyFjiHYG2CnjZ3rrPa8r1G2hTw,landX,57,57
CuStTdKU5nWev5YKxMHyFjiHYG2CnjZ3rrPa8r1G2hTw,stellium,78,78
CwhdMezLucz7bcuWzStpLXgrzKGC2tBBiaVmJZjfprRN,(none),2,0
CwhdMezLucz7bcuWzStpLXgrzKGC2tBBiaVmJZjfprRN,Jito,1,1
CwhdMezLucz7bcuWzStpLXgrzKGC2tBBiaVmJZjfprRN,Temporal,3,3
CwyVpfmfSiMeCexi3JgUNvaiDfYN14cLDjzT99zcBuD2,(none),3205,0
CwyVpfmfSiMeCexi3JgUNvaiDfYN14cLDjzT99zcBuD2,0slot,244,244
CwyVpfmfSiMeCexi3JgUNvaiDfYN14cLDjzT99zcBuD2,AstraLane,362,362
CwyVpfmfSiMeCexi3JgUNvaiDfYN14cLDjzT99zcBuD2,BloxRoute,4,4
CwyVpfmfSiMeCexi3JgUNvaiDfYN14cLDjzT99zcBuD2,Falcon,585,585
CwyVpfmfSiMeCexi3JgUNvaiDfYN14cLDjzT99zcBuD2,Flashblock,3,3
CwyVpfmfSiMeCexi3JgUNvaiDfYN14cLDjzT99zcBuD2,Helius,858,858
CwyVpfmfSiMeCexi3JgUNvaiDfYN14cLDjzT99zcBuD2,Jito,352,352
CwyVpfmfSiMeCexi3JgUNvaiDfYN14cLDjzT99zcBuD2,Moon,3,3
CwyVpfmfSiMeCexi3JgUNvaiDfYN14cLDjzT99zcBuD2,Nextblock,108,108
CwyVpfmfSiMeCexi3JgUNvaiDfYN14cLDjzT99zcBuD2,NodeOne,417,417
CwyVpfmfSiMeCexi3JgUNvaiDfYN14cLDjzT99zcBuD2,Soyas,21,21
CwyVpfmfSiMeCexi3JgUNvaiDfYN14cLDjzT99zcBuD2,Stellium,425,425
CwyVpfmfSiMeCexi3JgUNvaiDfYN14cLDjzT99zcBuD2,Temporal,302,302
CwyVpfmfSiMeCexi3JgUNvaiDfYN14cLDjzT99zcBuD2,blockRazor,13,13
CwyVpfmfSiMeCexi3JgUNvaiDfYN14cLDjzT99zcBuD2,blockrazor,71,71
CwyVpfmfSiMeCexi3JgUNvaiDfYN14cLDjzT99zcBuD2,blocksprint,247,247
CwyVpfmfSiMeCexi3JgUNvaiDfYN14cLDjzT99zcBuD2,bloxroute,137,137
CwyVpfmfSiMeCexi3JgUNvaiDfYN14cLDjzT99zcBuD2,landX,1118,1118
CwyVpfmfSiMeCexi3JgUNvaiDfYN14cLDjzT99zcBuD2,stellium,1492,1492
D1A4F2yh38JLQExKjDiCi4G2tCMwj93c3sikseSSePKe,(none),199,0
D1A4F2yh38JLQExKjDiCi4G2tCMwj93c3sikseSSePKe,0slot,23,23
D1A4F2yh38JLQExKjDiCi4G2tCMwj93c3sikseSSePKe,AstraLane,22,22
D1A4F2yh38JLQExKjDiCi4G2tCMwj93c3sikseSSePKe,Astralane,1,1
D1A4F2yh38JLQExKjDiCi4G2tCMwj93c3sikseSSePKe,BloxRoute,1,1
D1A4F2yh38JLQExKjDiCi4G2tCMwj93c3sikseSSePKe,Falcon,55,55
D1A4F2yh38JLQExKjDiCi4G2tCMwj93c3sikseSSePKe,Helius,72,72
D1A4F2yh38JLQExKjDiCi4G2tCMwj93c3sikseSSePKe,Jito,24,24
D1A4F2yh38JLQExKjDiCi4G2tCMwj93c3sikseSSePKe,Nextblock,11,11
D1A4F2yh38JLQExKjDiCi4G2tCMwj93c3sikseSSePKe,NodeOne,25,25
D1A4F2yh38JLQExKjDiCi4G2tCMwj93c3sikseSSePKe,Soyas,1,1
D1A4F2yh38JLQExKjDiCi4G2tCMwj93c3sikseSSePKe,Stellium,35,35
D1A4F2yh38JLQExKjDiCi4G2tCMwj93c3sikseSSePKe,Temporal,23,23
D1A4F2yh38JLQExKjDiCi4G2tCMwj93c3sikseSSePKe,blockRazor,1,1
D1A4F2yh38JLQExKjDiCi4G2tCMwj93c3sikseSSePKe,blockrazor,5,5
D1A4F2yh38JLQExKjDiCi4G2tCMwj93c3sikseSSePKe,blocksprint,18,18
D1A4F2yh38JLQExKjDiCi4G2tCMwj93c3sikseSSePKe,bloxroute,11,11
D1A4F2yh38JLQExKjDiCi4G2tCMwj93c3sikseSSePKe,landX,104,104
D1A4F2yh38JLQExKjDiCi4G2tCMwj93c3sikseSSePKe,stellium,104,104
D1Vbgkrhp1TmLGhfUD1urRMx5Ntz9AqQpgdX8DR8QMC1,(none),1833,0
D1Vbgkrhp1TmLGhfUD1urRMx5Ntz9AqQpgdX8DR8QMC1,0slot,177,177
D1Vbgkrhp1TmLGhfUD1urRMx5Ntz9AqQpgdX8DR8QMC1,AstraLane,314,314
D1Vbgkrhp1TmLGhfUD1urRMx5Ntz9AqQpgdX8DR8QMC1,BloxRoute,7,7
D1Vbgkrhp1TmLGhfUD1urRMx5Ntz9AqQpgdX8DR8QMC1,Falcon,508,508
D1Vbgkrhp1TmLGhfUD1urRMx5Ntz9AqQpgdX8DR8QMC1,Flashblock,1,1
D1Vbgkrhp1TmLGhfUD1urRMx5Ntz9AqQpgdX8DR8QMC1,Helius,992,991
D1Vbgkrhp1TmLGhfUD1urRMx5Ntz9AqQpgdX8DR8QMC1,Jito,196,196
D1Vbgkrhp1TmLGhfUD1urRMx5Ntz9AqQpgdX8DR8QMC1,Nextblock,124,124
D1Vbgkrhp1TmLGhfUD1urRMx5Ntz9AqQpgdX8DR8QMC1,NodeOne,185,185
D1Vbgkrhp1TmLGhfUD1urRMx5Ntz9AqQpgdX8DR8QMC1,Soyas,30,30
D1Vbgkrhp1TmLGhfUD1urRMx5Ntz9AqQpgdX8DR8QMC1,Stellium,377,377
D1Vbgkrhp1TmLGhfUD1urRMx5Ntz9AqQpgdX8DR8QMC1,Temporal,210,210
D1Vbgkrhp1TmLGhfUD1urRMx5Ntz9AqQpgdX8DR8QMC1,blockRazor,21,21
D1Vbgkrhp1TmLGhfUD1urRMx5Ntz9AqQpgdX8DR8QMC1,blockrazor,54,54
D1Vbgkrhp1TmLGhfUD1urRMx5Ntz9AqQpgdX8DR8QMC1,blocksprint,230,230
D1Vbgkrhp1TmLGhfUD1urRMx5Ntz9AqQpgdX8DR8QMC1,bloxroute,70,70
D1Vbgkrhp1TmLGhfUD1urRMx5Ntz9AqQpgdX8DR8QMC1,landX,600,600
D1Vbgkrhp1TmLGhfUD1urRMx5Ntz9AqQpgdX8DR8QMC1,stellium,1102,1102
D2RV1q6FgePVVjrMa7AMzVbvvAeg5oS7TAV7qdNKSDsX,(none),514,0
D2RV1q6FgePVVjrMa7AMzVbvvAeg5oS7TAV7qdNKSDsX,0slot,45,45
D2RV1q6FgePVVjrMa7AMzVbvvAeg5oS7TAV7qdNKSDsX,AstraLane,64,64
D2RV1q6FgePVVjrMa7AMzVbvvAeg5oS7TAV7qdNKSDsX,Falcon,118,118
D2RV1q6FgePVVjrMa7AMzVbvvAeg5oS7TAV7qdNKSDsX,Helius,214,214
D2RV1q6FgePVVjrMa7AMzVbvvAeg5oS7TAV7qdNKSDsX,Jito,78,78
D2RV1q6FgePVVjrMa7AMzVbvvAeg5oS7TAV7qdNKSDsX,Nextblock,24,24
D2RV1q6FgePVVjrMa7AMzVbvvAeg5oS7TAV7qdNKSDsX,NodeOne,61,61
D2RV1q6FgePVVjrMa7AMzVbvvAeg5oS7TAV7qdNKSDsX,Soyas,3,3
D2RV1q6FgePVVjrMa7AMzVbvvAeg5oS7TAV7qdNKSDsX,Stellium,121,121
D2RV1q6FgePVVjrMa7AMzVbvvAeg5oS7TAV7qdNKSDsX,Temporal,81,81
D2RV1q6FgePVVjrMa7AMzVbvvAeg5oS7TAV7qdNKSDsX,blockRazor,2,2
D2RV1q6FgePVVjrMa7AMzVbvvAeg5oS7TAV7qdNKSDsX,blockrazor,18,18
D2RV1q6FgePVVjrMa7AMzVbvvAeg5oS7TAV7qdNKSDsX,blocksprint,64,64
D2RV1q6FgePVVjrMa7AMzVbvvAeg5oS7TAV7qdNKSDsX,bloxroute,22,22
D2RV1q6FgePVVjrMa7AMzVbvvAeg5oS7TAV7qdNKSDsX,landX,168,168
D2RV1q6FgePVVjrMa7AMzVbvvAeg5oS7TAV7qdNKSDsX,stellium,370,370
D3htsc6iRQJLqCNWcC2xcZgUuvcd1JT8zoYNqraNcTQz,(none),414,0
D3htsc6iRQJLqCNWcC2xcZgUuvcd1JT8zoYNqraNcTQz,0slot,47,47
D3htsc6iRQJLqCNWcC2xcZgUuvcd1JT8zoYNqraNcTQz,AstraLane,48,48
D3htsc6iRQJLqCNWcC2xcZgUuvcd1JT8zoYNqraNcTQz,BloxRoute,1,1
D3htsc6iRQJLqCNWcC2xcZgUuvcd1JT8zoYNqraNcTQz,Falcon,78,78
D3htsc6iRQJLqCNWcC2xcZgUuvcd1JT8zoYNqraNcTQz,Flashblock,1,1
D3htsc6iRQJLqCNWcC2xcZgUuvcd1JT8zoYNqraNcTQz,Helius,159,159
D3htsc6iRQJLqCNWcC2xcZgUuvcd1JT8zoYNqraNcTQz,Jito,57,57
D3htsc6iRQJLqCNWcC2xcZgUuvcd1JT8zoYNqraNcTQz,Nextblock,28,28
D3htsc6iRQJLqCNWcC2xcZgUuvcd1JT8zoYNqraNcTQz,NodeOne,61,61
D3htsc6iRQJLqCNWcC2xcZgUuvcd1JT8zoYNqraNcTQz,Soyas,7,7
D3htsc6iRQJLqCNWcC2xcZgUuvcd1JT8zoYNqraNcTQz,Stellium,64,64
D3htsc6iRQJLqCNWcC2xcZgUuvcd1JT8zoYNqraNcTQz,Temporal,65,65
D3htsc6iRQJLqCNWcC2xcZgUuvcd1JT8zoYNqraNcTQz,blockRazor,6,6
D3htsc6iRQJLqCNWcC2xcZgUuvcd1JT8zoYNqraNcTQz,blockrazor,10,10
D3htsc6iRQJLqCNWcC2xcZgUuvcd1JT8zoYNqraNcTQz,blocksprint,39,39
D3htsc6iRQJLqCNWcC2xcZgUuvcd1JT8zoYNqraNcTQz,bloxroute,13,13
D3htsc6iRQJLqCNWcC2xcZgUuvcd1JT8zoYNqraNcTQz,landX,135,135
D3htsc6iRQJLqCNWcC2xcZgUuvcd1JT8zoYNqraNcTQz,stellium,187,187
D4r6Rcua2L7nHHhdaiZe2k2bTfPg2WQqcNYpG6bugvCG,(none),401,0
D4r6Rcua2L7nHHhdaiZe2k2bTfPg2WQqcNYpG6bugvCG,0slot,38,38
D4r6Rcua2L7nHHhdaiZe2k2bTfPg2WQqcNYpG6bugvCG,AstraLane,45,45
D4r6Rcua2L7nHHhdaiZe2k2bTfPg2WQqcNYpG6bugvCG,Falcon,80,80
D4r6Rcua2L7nHHhdaiZe2k2bTfPg2WQqcNYpG6bugvCG,Helius,109,109
D4r6Rcua2L7nHHhdaiZe2k2bTfPg2WQqcNYpG6bugvCG,Jito,51,51
D4r6Rcua2L7nHHhdaiZe2k2bTfPg2WQqcNYpG6bugvCG,Nextblock,16,16
D4r6Rcua2L7nHHhdaiZe2k2bTfPg2WQqcNYpG6bugvCG,NodeOne,94,94
D4r6Rcua2L7nHHhdaiZe2k2bTfPg2WQqcNYpG6bugvCG,Soyas,3,3
D4r6Rcua2L7nHHhdaiZe2k2bTfPg2WQqcNYpG6bugvCG,Stellium,52,52
D4r6Rcua2L7nHHhdaiZe2k2bTfPg2WQqcNYpG6bugvCG,Temporal,29,29
D4r6Rcua2L7nHHhdaiZe2k2bTfPg2WQqcNYpG6bugvCG,blockrazor,5,5
D4r6Rcua2L7nHHhdaiZe2k2bTfPg2WQqcNYpG6bugvCG,blocksprint,36,36
D4r6Rcua2L7nHHhdaiZe2k2bTfPg2WQqcNYpG6bugvCG,bloxroute,16,16
D4r6Rcua2L7nHHhdaiZe2k2bTfPg2WQqcNYpG6bugvCG,landX,80,80
D4r6Rcua2L7nHHhdaiZe2k2bTfPg2WQqcNYpG6bugvCG,stellium,157,157
D8kuk3qEiVBGwYkuMGKfBDwuRi6jjRkzjAZg45fdaRLx,(none),714,0
D8kuk3qEiVBGwYkuMGKfBDwuRi6jjRkzjAZg45fdaRLx,0slot,89,89
D8kuk3qEiVBGwYkuMGKfBDwuRi6jjRkzjAZg45fdaRLx,AstraLane,126,126
D8kuk3qEiVBGwYkuMGKfBDwuRi6jjRkzjAZg45fdaRLx,BloxRoute,1,1
D8kuk3qEiVBGwYkuMGKfBDwuRi6jjRkzjAZg45fdaRLx,Falcon,227,227
D8kuk3qEiVBGwYkuMGKfBDwuRi6jjRkzjAZg45fdaRLx,Helius,322,322
D8kuk3qEiVBGwYkuMGKfBDwuRi6jjRkzjAZg45fdaRLx,Jito,75,75
D8kuk3qEiVBGwYkuMGKfBDwuRi6jjRkzjAZg45fdaRLx,Nextblock,37,37
D8kuk3qEiVBGwYkuMGKfBDwuRi6jjRkzjAZg45fdaRLx,NodeOne,52,52
D8kuk3qEiVBGwYkuMGKfBDwuRi6jjRkzjAZg45fdaRLx,Soyas,8,8
D8kuk3qEiVBGwYkuMGKfBDwuRi6jjRkzjAZg45fdaRLx,Stellium,159,159
D8kuk3qEiVBGwYkuMGKfBDwuRi6jjRkzjAZg45fdaRLx,Temporal,97,97
D8kuk3qEiVBGwYkuMGKfBDwuRi6jjRkzjAZg45fdaRLx,blockRazor,1,1
D8kuk3qEiVBGwYkuMGKfBDwuRi6jjRkzjAZg45fdaRLx,blockrazor,26,26
D8kuk3qEiVBGwYkuMGKfBDwuRi6jjRkzjAZg45fdaRLx,blocksprint,103,103
D8kuk3qEiVBGwYkuMGKfBDwuRi6jjRkzjAZg45fdaRLx,bloxroute,41,41
D8kuk3qEiVBGwYkuMGKfBDwuRi6jjRkzjAZg45fdaRLx,landX,238,238
D8kuk3qEiVBGwYkuMGKfBDwuRi6jjRkzjAZg45fdaRLx,stellium,432,432
D8xKNftHzFcCekENuTEcFC1eoL9y8wNHEg4Q5z57KK4e,(none),200,0
D8xKNftHzFcCekENuTEcFC1eoL9y8wNHEg4Q5z57KK4e,0slot,26,26
D8xKNftHzFcCekENuTEcFC1eoL9y8wNHEg4Q5z57KK4e,AstraLane,29,29
D8xKNftHzFcCekENuTEcFC1eoL9y8wNHEg4Q5z57KK4e,Falcon,30,30
D8xKNftHzFcCekENuTEcFC1eoL9y8wNHEg4Q5z57KK4e,Helius,110,110
D8xKNftHzFcCekENuTEcFC1eoL9y8wNHEg4Q5z57KK4e,Jito,49,49
D8xKNftHzFcCekENuTEcFC1eoL9y8wNHEg4Q5z57KK4e,Nextblock,8,8
D8xKNftHzFcCekENuTEcFC1eoL9y8wNHEg4Q5z57KK4e,NodeOne,26,26
D8xKNftHzFcCekENuTEcFC1eoL9y8wNHEg4Q5z57KK4e,Soyas,1,1
D8xKNftHzFcCekENuTEcFC1eoL9y8wNHEg4Q5z57KK4e,Stellium,29,29
D8xKNftHzFcCekENuTEcFC1eoL9y8wNHEg4Q5z57KK4e,Temporal,36,36
D8xKNftHzFcCekENuTEcFC1eoL9y8wNHEg4Q5z57KK4e,blockrazor,6,6
D8xKNftHzFcCekENuTEcFC1eoL9y8wNHEg4Q5z57KK4e,blocksprint,21,21
D8xKNftHzFcCekENuTEcFC1eoL9y8wNHEg4Q5z57KK4e,bloxroute,15,15
D8xKNftHzFcCekENuTEcFC1eoL9y8wNHEg4Q5z57KK4e,landX,55,55
D8xKNftHzFcCekENuTEcFC1eoL9y8wNHEg4Q5z57KK4e,stellium,98,98
DB7DNWMVQASMFxcjkwdr4w4eg3NmfjWTk2rqFMMbrPLA,(none),2291,0
DB7DNWMVQASMFxcjkwdr4w4eg3NmfjWTk2rqFMMbrPLA,0slot,226,226
DB7DNWMVQASMFxcjkwdr4w4eg3NmfjWTk2rqFMMbrPLA,AstraLane,257,257
DB7DNWMVQASMFxcjkwdr4w4eg3NmfjWTk2rqFMMbrPLA,Astralane,1,1
DB7DNWMVQASMFxcjkwdr4w4eg3NmfjWTk2rqFMMbrPLA,BloxRoute,6,6
DB7DNWMVQASMFxcjkwdr4w4eg3NmfjWTk2rqFMMbrPLA,Falcon,620,620
DB7DNWMVQASMFxcjkwdr4w4eg3NmfjWTk2rqFMMbrPLA,Helius,748,748
DB7DNWMVQASMFxcjkwdr4w4eg3NmfjWTk2rqFMMbrPLA,Jito,311,311
DB7DNWMVQASMFxcjkwdr4w4eg3NmfjWTk2rqFMMbrPLA,Nextblock,111,111
DB7DNWMVQASMFxcjkwdr4w4eg3NmfjWTk2rqFMMbrPLA,NodeOne,467,467
DB7DNWMVQASMFxcjkwdr4w4eg3NmfjWTk2rqFMMbrPLA,Soyas,24,24
DB7DNWMVQASMFxcjkwdr4w4eg3NmfjWTk2rqFMMbrPLA,Stellium,419,419
DB7DNWMVQASMFxcjkwdr4w4eg3NmfjWTk2rqFMMbrPLA,Temporal,317,317
DB7DNWMVQASMFxcjkwdr4w4eg3NmfjWTk2rqFMMbrPLA,blockRazor,11,11
DB7DNWMVQASMFxcjkwdr4w4eg3NmfjWTk2rqFMMbrPLA,blockrazor,65,65
DB7DNWMVQASMFxcjkwdr4w4eg3NmfjWTk2rqFMMbrPLA,blocksprint,193,193
DB7DNWMVQASMFxcjkwdr4w4eg3NmfjWTk2rqFMMbrPLA,bloxroute,82,81
DB7DNWMVQASMFxcjkwdr4w4eg3NmfjWTk2rqFMMbrPLA,landX,676,676
DB7DNWMVQASMFxcjkwdr4w4eg3NmfjWTk2rqFMMbrPLA,stellium,1206,1206
DCKyEmMENQMtLXgbmUoHRmgP9XdJ9HsR5WxrKnSDCzKA,(none),125,0
DCKyEmMENQMtLXgbmUoHRmgP9XdJ9HsR5WxrKnSDCzKA,0slot,25,25
DCKyEmMENQMtLXgbmUoHRmgP9XdJ9HsR5WxrKnSDCzKA,AstraLane,12,12
DCKyEmMENQMtLXgbmUoHRmgP9XdJ9HsR5WxrKnSDCzKA,Falcon,16,16
DCKyEmMENQMtLXgbmUoHRmgP9XdJ9HsR5WxrKnSDCzKA,Helius,42,42
DCKyEmMENQMtLXgbmUoHRmgP9XdJ9HsR5WxrKnSDCzKA,Jito,16,16
DCKyEmMENQMtLXgbmUoHRmgP9XdJ9HsR5WxrKnSDCzKA,Nextblock,5,5
DCKyEmMENQMtLXgbmUoHRmgP9XdJ9HsR5WxrKnSDCzKA,NodeOne,10,10
DCKyEmMENQMtLXgbmUoHRmgP9XdJ9HsR5WxrKnSDCzKA,Soyas,1,1
DCKyEmMENQMtLXgbmUoHRmgP9XdJ9HsR5WxrKnSDCzKA,Stellium,14,14
DCKyEmMENQMtLXgbmUoHRmgP9XdJ9HsR5WxrKnSDCzKA,Temporal,23,23
DCKyEmMENQMtLXgbmUoHRmgP9XdJ9HsR5WxrKnSDCzKA,blockrazor,4,4
DCKyEmMENQMtLXgbmUoHRmgP9XdJ9HsR5WxrKnSDCzKA,blocksprint,11,11
DCKyEmMENQMtLXgbmUoHRmgP9XdJ9HsR5WxrKnSDCzKA,bloxroute,3,3
DCKyEmMENQMtLXgbmUoHRmgP9XdJ9HsR5WxrKnSDCzKA,landX,38,38
DCKyEmMENQMtLXgbmUoHRmgP9XdJ9HsR5WxrKnSDCzKA,stellium,41,41
DCdTPyDbXNHrmdv4ZyPPzEfY4mPAqH4hDPtowAteoNgv,(none),215,0
DCdTPyDbXNHrmdv4ZyPPzEfY4mPAqH4hDPtowAteoNgv,0slot,15,15
DCdTPyDbXNHrmdv4ZyPPzEfY4mPAqH4hDPtowAteoNgv,AstraLane,19,19
DCdTPyDbXNHrmdv4ZyPPzEfY4mPAqH4hDPtowAteoNgv,Falcon,81,81
DCdTPyDbXNHrmdv4ZyPPzEfY4mPAqH4hDPtowAteoNgv,Helius,65,65
DCdTPyDbXNHrmdv4ZyPPzEfY4mPAqH4hDPtowAteoNgv,Jito,24,24
DCdTPyDbXNHrmdv4ZyPPzEfY4mPAqH4hDPtowAteoNgv,Nextblock,9,9
DCdTPyDbXNHrmdv4ZyPPzEfY4mPAqH4hDPtowAteoNgv,NodeOne,40,40
DCdTPyDbXNHrmdv4ZyPPzEfY4mPAqH4hDPtowAteoNgv,Soyas,6,6
DCdTPyDbXNHrmdv4ZyPPzEfY4mPAqH4hDPtowAteoNgv,Stellium,42,42
DCdTPyDbXNHrmdv4ZyPPzEfY4mPAqH4hDPtowAteoNgv,Temporal,31,31
DCdTPyDbXNHrmdv4ZyPPzEfY4mPAqH4hDPtowAteoNgv,blockRazor,1,1
DCdTPyDbXNHrmdv4ZyPPzEfY4mPAqH4hDPtowAteoNgv,blockrazor,4,4
DCdTPyDbXNHrmdv4ZyPPzEfY4mPAqH4hDPtowAteoNgv,blocksprint,21,21
DCdTPyDbXNHrmdv4ZyPPzEfY4mPAqH4hDPtowAteoNgv,bloxroute,26,26
DCdTPyDbXNHrmdv4ZyPPzEfY4mPAqH4hDPtowAteoNgv,landX,50,50
DCdTPyDbXNHrmdv4ZyPPzEfY4mPAqH4hDPtowAteoNgv,stellium,98,98
DDnAqxJVFo2GVTujibHt5cjevHMSE9bo8HJaydHoshdp,(none),941,0
DDnAqxJVFo2GVTujibHt5cjevHMSE9bo8HJaydHoshdp,0slot,87,87
DDnAqxJVFo2GVTujibHt5cjevHMSE9bo8HJaydHoshdp,AstraLane,109,109
DDnAqxJVFo2GVTujibHt5cjevHMSE9bo8HJaydHoshdp,Astralane,1,1
DDnAqxJVFo2GVTujibHt5cjevHMSE9bo8HJaydHoshdp,BloxRoute,1,1
DDnAqxJVFo2GVTujibHt5cjevHMSE9bo8HJaydHoshdp,Falcon,262,262
DDnAqxJVFo2GVTujibHt5cjevHMSE9bo8HJaydHoshdp,Helius,296,296
DDnAqxJVFo2GVTujibHt5cjevHMSE9bo8HJaydHoshdp,Jito,93,93
DDnAqxJVFo2GVTujibHt5cjevHMSE9bo8HJaydHoshdp,Nextblock,37,37
DDnAqxJVFo2GVTujibHt5cjevHMSE9bo8HJaydHoshdp,NodeOne,104,104
DDnAqxJVFo2GVTujibHt5cjevHMSE9bo8HJaydHoshdp,Soyas,5,5
DDnAqxJVFo2GVTujibHt5cjevHMSE9bo8HJaydHoshdp,Stellium,176,176
DDnAqxJVFo2GVTujibHt5cjevHMSE9bo8HJaydHoshdp,Temporal,115,115
DDnAqxJVFo2GVTujibHt5cjevHMSE9bo8HJaydHoshdp,blockRazor,3,3
DDnAqxJVFo2GVTujibHt5cjevHMSE9bo8HJaydHoshdp,blockrazor,23,23
DDnAqxJVFo2GVTujibHt5cjevHMSE9bo8HJaydHoshdp,blocksprint,88,88
DDnAqxJVFo2GVTujibHt5cjevHMSE9bo8HJaydHoshdp,bloxroute,38,38
DDnAqxJVFo2GVTujibHt5cjevHMSE9bo8HJaydHoshdp,landX,172,172
DDnAqxJVFo2GVTujibHt5cjevHMSE9bo8HJaydHoshdp,stellium,384,384
DEU4agzdUCA5oZ1QSLxCyZb1smvdu5j1NXXsK2r823Uu,(none),6,0
DEU4agzdUCA5oZ1QSLxCyZb1smvdu5j1NXXsK2r823Uu,AstraLane,2,2
DEU4agzdUCA5oZ1QSLxCyZb1smvdu5j1NXXsK2r823Uu,Falcon,2,2
DEU4agzdUCA5oZ1QSLxCyZb1smvdu5j1NXXsK2r823Uu,Helius,4,4
DEU4agzdUCA5oZ1QSLxCyZb1smvdu5j1NXXsK2r823Uu,NodeOne,3,3
DEU4agzdUCA5oZ1QSLxCyZb1smvdu5j1NXXsK2r823Uu,Stellium,3,3
DEU4agzdUCA5oZ1QSLxCyZb1smvdu5j1NXXsK2r823Uu,Temporal,2,2
DEU4agzdUCA5oZ1QSLxCyZb1smvdu5j1NXXsK2r823Uu,blocksprint,1,1
DEU4agzdUCA5oZ1QSLxCyZb1smvdu5j1NXXsK2r823Uu,bloxroute,2,2
DEU4agzdUCA5oZ1QSLxCyZb1smvdu5j1NXXsK2r823Uu,landX,4,4
DEU4agzdUCA5oZ1QSLxCyZb1smvdu5j1NXXsK2r823Uu,stellium,3,3
DF1owXYZ1fk5vWyHJ8s1cJeAozgkqsi1JUVqvktqrpwd,(none),2153,0
DF1owXYZ1fk5vWyHJ8s1cJeAozgkqsi1JUVqvktqrpwd,0slot,159,159
DF1owXYZ1fk5vWyHJ8s1cJeAozgkqsi1JUVqvktqrpwd,AstraLane,244,244
DF1owXYZ1fk5vWyHJ8s1cJeAozgkqsi1JUVqvktqrpwd,BloxRoute,4,4
DF1owXYZ1fk5vWyHJ8s1cJeAozgkqsi1JUVqvktqrpwd,Falcon,419,419
DF1owXYZ1fk5vWyHJ8s1cJeAozgkqsi1JUVqvktqrpwd,Flashblock,2,2
DF1owXYZ1fk5vWyHJ8s1cJeAozgkqsi1JUVqvktqrpwd,Helius,676,676
DF1owXYZ1fk5vWyHJ8s1cJeAozgkqsi1JUVqvktqrpwd,Jito,199,199
DF1owXYZ1fk5vWyHJ8s1cJeAozgkqsi1JUVqvktqrpwd,Moon,2,2
DF1owXYZ1fk5vWyHJ8s1cJeAozgkqsi1JUVqvktqrpwd,Nextblock,87,87
DF1owXYZ1fk5vWyHJ8s1cJeAozgkqsi1JUVqvktqrpwd,NodeOne,261,261
DF1owXYZ1fk5vWyHJ8s1cJeAozgkqsi1JUVqvktqrpwd,Soyas,27,27
DF1owXYZ1fk5vWyHJ8s1cJeAozgkqsi1JUVqvktqrpwd,Stellium,281,281
DF1owXYZ1fk5vWyHJ8s1cJeAozgkqsi1JUVqvktqrpwd,Temporal,192,192
DF1owXYZ1fk5vWyHJ8s1cJeAozgkqsi1JUVqvktqrpwd,blockRazor,8,8
DF1owXYZ1fk5vWyHJ8s1cJeAozgkqsi1JUVqvktqrpwd,blockrazor,41,41
DF1owXYZ1fk5vWyHJ8s1cJeAozgkqsi1JUVqvktqrpwd,blocksprint,146,146
DF1owXYZ1fk5vWyHJ8s1cJeAozgkqsi1JUVqvktqrpwd,bloxroute,100,100
DF1owXYZ1fk5vWyHJ8s1cJeAozgkqsi1JUVqvktqrpwd,landX,798,798
DF1owXYZ1fk5vWyHJ8s1cJeAozgkqsi1JUVqvktqrpwd,stellium,1178,1178
DNVZMSqeRH18Xa4MCTrb1MndNf3Npg4MEwqswo23eWkf,(none),10116,0
DNVZMSqeRH18Xa4MCTrb1MndNf3Npg4MEwqswo23eWkf,0slot,917,917
DNVZMSqeRH18Xa4MCTrb1MndNf3Npg4MEwqswo23eWkf,AstraLane,1413,1413
DNVZMSqeRH18Xa4MCTrb1MndNf3Npg4MEwqswo23eWkf,Astralane,13,13
DNVZMSqeRH18Xa4MCTrb1MndNf3Npg4MEwqswo23eWkf,BloxRoute,19,19
DNVZMSqeRH18Xa4MCTrb1MndNf3Npg4MEwqswo23eWkf,Falcon,2866,2866
DNVZMSqeRH18Xa4MCTrb1MndNf3Npg4MEwqswo23eWkf,Flashblock,13,13
DNVZMSqeRH18Xa4MCTrb1MndNf3Npg4MEwqswo23eWkf,Helius,3453,3451
DNVZMSqeRH18Xa4MCTrb1MndNf3Npg4MEwqswo23eWkf,Jito,857,857
DNVZMSqeRH18Xa4MCTrb1MndNf3Npg4MEwqswo23eWkf,Moon,5,5
DNVZMSqeRH18Xa4MCTrb1MndNf3Npg4MEwqswo23eWkf,Nextblock,481,481
DNVZMSqeRH18Xa4MCTrb1MndNf3Npg4MEwqswo23eWkf,NodeOne,1460,1460
DNVZMSqeRH18Xa4MCTrb1MndNf3Npg4MEwqswo23eWkf,Soyas,112,112
DNVZMSqeRH18Xa4MCTrb1MndNf3Npg4MEwqswo23eWkf,Stellium,1685,1685
DNVZMSqeRH18Xa4MCTrb1MndNf3Npg4MEwqswo23eWkf,Temporal,1324,1324
DNVZMSqeRH18Xa4MCTrb1MndNf3Npg4MEwqswo23eWkf,blockRazor,78,78
DNVZMSqeRH18Xa4MCTrb1MndNf3Npg4MEwqswo23eWkf,blockrazor,245,245
DNVZMSqeRH18Xa4MCTrb1MndNf3Npg4MEwqswo23eWkf,blocksprint,1054,1054
DNVZMSqeRH18Xa4MCTrb1MndNf3Npg4MEwqswo23eWkf,bloxroute,800,800
DNVZMSqeRH18Xa4MCTrb1MndNf3Npg4MEwqswo23eWkf,landX,3740,3740
DNVZMSqeRH18Xa4MCTrb1MndNf3Npg4MEwqswo23eWkf,stellium,5985,5985
DP9iBgK9c7tJYb83KhxQMFNc1LXYu7nE7EhWpEzQnjmg,(none),493,0
DP9iBgK9c7tJYb83KhxQMFNc1LXYu7nE7EhWpEzQnjmg,0slot,42,42
DP9iBgK9c7tJYb83KhxQMFNc1LXYu7nE7EhWpEzQnjmg,AstraLane,50,50
DP9iBgK9c7tJYb83KhxQMFNc1LXYu7nE7EhWpEzQnjmg,BloxRoute,1,1
DP9iBgK9c7tJYb83KhxQMFNc1LXYu7nE7EhWpEzQnjmg,Falcon,153,153
DP9iBgK9c7tJYb83KhxQMFNc1LXYu7nE7EhWpEzQnjmg,Flashblock,1,1
DP9iBgK9c7tJYb83KhxQMFNc1LXYu7nE7EhWpEzQnjmg,Helius,184,184
DP9iBgK9c7tJYb83KhxQMFNc1LXYu7nE7EhWpEzQnjmg,Jito,52,52
DP9iBgK9c7tJYb83KhxQMFNc1LXYu7nE7EhWpEzQnjmg,Nextblock,27,27
DP9iBgK9c7tJYb83KhxQMFNc1LXYu7nE7EhWpEzQnjmg,NodeOne,96,96
DP9iBgK9c7tJYb83KhxQMFNc1LXYu7nE7EhWpEzQnjmg,Soyas,6,6
DP9iBgK9c7tJYb83KhxQMFNc1LXYu7nE7EhWpEzQnjmg,Stellium,102,102
DP9iBgK9c7tJYb83KhxQMFNc1LXYu7nE7EhWpEzQnjmg,Temporal,59,59
DP9iBgK9c7tJYb83KhxQMFNc1LXYu7nE7EhWpEzQnjmg,blockRazor,4,4
DP9iBgK9c7tJYb83KhxQMFNc1LXYu7nE7EhWpEzQnjmg,blockrazor,12,12
DP9iBgK9c7tJYb83KhxQMFNc1LXYu7nE7EhWpEzQnjmg,blocksprint,38,38
DP9iBgK9c7tJYb83KhxQMFNc1LXYu7nE7EhWpEzQnjmg,bloxroute,43,43
DP9iBgK9c7tJYb83KhxQMFNc1LXYu7nE7EhWpEzQnjmg,landX,164,164
DP9iBgK9c7tJYb83KhxQMFNc1LXYu7nE7EhWpEzQnjmg,stellium,284,284
DRpbCBMxVnDK7maPM5tGv6MvB3v1sRMC86PZ8okm21hy,(none),55961,0
DRpbCBMxVnDK7maPM5tGv6MvB3v1sRMC86PZ8okm21hy,0slot,4897,4897
DRpbCBMxVnDK7maPM5tGv6MvB3v1sRMC86PZ8okm21hy,AstraLane,7103,7103
DRpbCBMxVnDK7maPM5tGv6MvB3v1sRMC86PZ8okm21hy,Astralane,7,7
DRpbCBMxVnDK7maPM5tGv6MvB3v1sRMC86PZ8okm21hy,BloxRoute,171,171
DRpbCBMxVnDK7maPM5tGv6MvB3v1sRMC86PZ8okm21hy,Falcon,12614,12614
DRpbCBMxVnDK7maPM5tGv6MvB3v1sRMC86PZ8okm21hy,Flashblock,79,79
DRpbCBMxVnDK7maPM5tGv6MvB3v1sRMC86PZ8okm21hy,Helius,19511,19508
DRpbCBMxVnDK7maPM5tGv6MvB3v1sRMC86PZ8okm21hy,Jito,6913,6911
DRpbCBMxVnDK7maPM5tGv6MvB3v1sRMC86PZ8okm21hy,Moon,15,15
DRpbCBMxVnDK7maPM5tGv6MvB3v1sRMC86PZ8okm21hy,Nextblock,2558,2558
DRpbCBMxVnDK7maPM5tGv6MvB3v1sRMC86PZ8okm21hy,NodeOne,5230,5230
DRpbCBMxVnDK7maPM5tGv6MvB3v1sRMC86PZ8okm21hy,Soyas,560,560
DRpbCBMxVnDK7maPM5tGv6MvB3v1sRMC86PZ8okm21hy,Stellium,8832,8832
DRpbCBMxVnDK7maPM5tGv6MvB3v1sRMC86PZ8okm21hy,Temporal,7319,7315
DRpbCBMxVnDK7maPM5tGv6MvB3v1sRMC86PZ8okm21hy,blockRazor,279,279
DRpbCBMxVnDK7maPM5tGv6MvB3v1sRMC86PZ8okm21hy,blockrazor,1276,1276
DRpbCBMxVnDK7maPM5tGv6MvB3v1sRMC86PZ8okm21hy,blocksprint,5172,5172
DRpbCBMxVnDK7maPM5tGv6MvB3v1sRMC86PZ8okm21hy,bloxroute,3177,3174
DRpbCBMxVnDK7maPM5tGv6MvB3v1sRMC86PZ8okm21hy,landX,16117,16117
DRpbCBMxVnDK7maPM5tGv6MvB3v1sRMC86PZ8okm21hy,stellium,27112,27112
DTSUkYHd2e9P2HLyZfbLarsbDdPhQUhZnWjRYuJZQRC8,(none),5631,0
DTSUkYHd2e9P2HLyZfbLarsbDdPhQUhZnWjRYuJZQRC8,0slot,426,426
DTSUkYHd2e9P2HLyZfbLarsbDdPhQUhZnWjRYuJZQRC8,AstraLane,1701,1701
DTSUkYHd2e9P2HLyZfbLarsbDdPhQUhZnWjRYuJZQRC8,Astralane,5,5
DTSUkYHd2e9P2HLyZfbLarsbDdPhQUhZnWjRYuJZQRC8,BloxRoute,11,11
DTSUkYHd2e9P2HLyZfbLarsbDdPhQUhZnWjRYuJZQRC8,Falcon,1575,1575
DTSUkYHd2e9P2HLyZfbLarsbDdPhQUhZnWjRYuJZQRC8,Flashblock,10,10
DTSUkYHd2e9P2HLyZfbLarsbDdPhQUhZnWjRYuJZQRC8,Helius,1834,1834
DTSUkYHd2e9P2HLyZfbLarsbDdPhQUhZnWjRYuJZQRC8,Jito,830,826
DTSUkYHd2e9P2HLyZfbLarsbDdPhQUhZnWjRYuJZQRC8,Nextblock,256,256
DTSUkYHd2e9P2HLyZfbLarsbDdPhQUhZnWjRYuJZQRC8,NodeOne,738,738
DTSUkYHd2e9P2HLyZfbLarsbDdPhQUhZnWjRYuJZQRC8,Soyas,34,34
DTSUkYHd2e9P2HLyZfbLarsbDdPhQUhZnWjRYuJZQRC8,Stellium,958,958
DTSUkYHd2e9P2HLyZfbLarsbDdPhQUhZnWjRYuJZQRC8,Temporal,934,934
DTSUkYHd2e9P2HLyZfbLarsbDdPhQUhZnWjRYuJZQRC8,blockRazor,35,35
DTSUkYHd2e9P2HLyZfbLarsbDdPhQUhZnWjRYuJZQRC8,blockrazor,132,132
DTSUkYHd2e9P2HLyZfbLarsbDdPhQUhZnWjRYuJZQRC8,blocksprint,667,667
DTSUkYHd2e9P2HLyZfbLarsbDdPhQUhZnWjRYuJZQRC8,bloxroute,1110,1110
DTSUkYHd2e9P2HLyZfbLarsbDdPhQUhZnWjRYuJZQRC8,landX,975,975
DTSUkYHd2e9P2HLyZfbLarsbDdPhQUhZnWjRYuJZQRC8,stellium,2395,2395
DUND26mEDfFeaPsVof3YvbXDRvpuQX7HMUJrLgEWzYw4,(none),10301,0
DUND26mEDfFeaPsVof3YvbXDRvpuQX7HMUJrLgEWzYw4,0slot,939,939
DUND26mEDfFeaPsVof3YvbXDRvpuQX7HMUJrLgEWzYw4,AstraLane,1351,1351
DUND26mEDfFeaPsVof3YvbXDRvpuQX7HMUJrLgEWzYw4,BloxRoute,20,20
DUND26mEDfFeaPsVof3YvbXDRvpuQX7HMUJrLgEWzYw4,Falcon,2178,2178
DUND26mEDfFeaPsVof3YvbXDRvpuQX7HMUJrLgEWzYw4,Flashblock,19,19
DUND26mEDfFeaPsVof3YvbXDRvpuQX7HMUJrLgEWzYw4,Helius,3989,3989
DUND26mEDfFeaPsVof3YvbXDRvpuQX7HMUJrLgEWzYw4,Jito,1170,1170
DUND26mEDfFeaPsVof3YvbXDRvpuQX7HMUJrLgEWzYw4,Moon,1,1
DUND26mEDfFeaPsVof3YvbXDRvpuQX7HMUJrLgEWzYw4,Nextblock,456,456
DUND26mEDfFeaPsVof3YvbXDRvpuQX7HMUJrLgEWzYw4,NodeOne,927,927
DUND26mEDfFeaPsVof3YvbXDRvpuQX7HMUJrLgEWzYw4,Soyas,165,165
DUND26mEDfFeaPsVof3YvbXDRvpuQX7HMUJrLgEWzYw4,Stellium,1763,1763
DUND26mEDfFeaPsVof3YvbXDRvpuQX7HMUJrLgEWzYw4,Temporal,1199,1199
DUND26mEDfFeaPsVof3YvbXDRvpuQX7HMUJrLgEWzYw4,blockRazor,68,68
DUND26mEDfFeaPsVof3YvbXDRvpuQX7HMUJrLgEWzYw4,blockrazor,255,255
DUND26mEDfFeaPsVof3YvbXDRvpuQX7HMUJrLgEWzYw4,blocksprint,1052,1052
DUND26mEDfFeaPsVof3YvbXDRvpuQX7HMUJrLgEWzYw4,bloxroute,613,613
DUND26mEDfFeaPsVof3YvbXDRvpuQX7HMUJrLgEWzYw4,landX,3330,3330
DUND26mEDfFeaPsVof3YvbXDRvpuQX7HMUJrLgEWzYw4,stellium,5551,5551
DViARWAWKkxAzp4UCgbw5B9pLSrBY3PaztFErcwgVUKX,(none),728,0
DViARWAWKkxAzp4UCgbw5B9pLSrBY3PaztFErcwgVUKX,0slot,73,73
DViARWAWKkxAzp4UCgbw5B9pLSrBY3PaztFErcwgVUKX,AstraLane,110,110
DViARWAWKkxAzp4UCgbw5B9pLSrBY3PaztFErcwgVUKX,Astralane,1,1
DViARWAWKkxAzp4UCgbw5B9pLSrBY3PaztFErcwgVUKX,Falcon,206,206
DViARWAWKkxAzp4UCgbw5B9pLSrBY3PaztFErcwgVUKX,Flashblock,3,3
DViARWAWKkxAzp4UCgbw5B9pLSrBY3PaztFErcwgVUKX,Helius,330,330
DViARWAWKkxAzp4UCgbw5B9pLSrBY3PaztFErcwgVUKX,Jito,87,87
DViARWAWKkxAzp4UCgbw5B9pLSrBY3PaztFErcwgVUKX,Nextblock,39,39
DViARWAWKkxAzp4UCgbw5B9pLSrBY3PaztFErcwgVUKX,NodeOne,102,102
DViARWAWKkxAzp4UCgbw5B9pLSrBY3PaztFErcwgVUKX,Soyas,9,9
DViARWAWKkxAzp4UCgbw5B9pLSrBY3PaztFErcwgVUKX,Stellium,143,143
DViARWAWKkxAzp4UCgbw5B9pLSrBY3PaztFErcwgVUKX,Temporal,89,89
DViARWAWKkxAzp4UCgbw5B9pLSrBY3PaztFErcwgVUKX,blockRazor,7,7
DViARWAWKkxAzp4UCgbw5B9pLSrBY3PaztFErcwgVUKX,blockrazor,21,21
DViARWAWKkxAzp4UCgbw5B9pLSrBY3PaztFErcwgVUKX,blocksprint,85,85
DViARWAWKkxAzp4UCgbw5B9pLSrBY3PaztFErcwgVUKX,bloxroute,25,25
DViARWAWKkxAzp4UCgbw5B9pLSrBY3PaztFErcwgVUKX,landX,216,216
DViARWAWKkxAzp4UCgbw5B9pLSrBY3PaztFErcwgVUKX,stellium,415,415
DWvDTSh3qfn88UoQTEKRV2JnLt5jtJAVoiCo3ivtMwXP,(none),18410,0
DWvDTSh3qfn88UoQTEKRV2JnLt5jtJAVoiCo3ivtMwXP,0slot,1847,1847
DWvDTSh3qfn88UoQTEKRV2JnLt5jtJAVoiCo3ivtMwXP,AstraLane,3088,3088
DWvDTSh3qfn88UoQTEKRV2JnLt5jtJAVoiCo3ivtMwXP,Astralane,4,4
DWvDTSh3qfn88UoQTEKRV2JnLt5jtJAVoiCo3ivtMwXP,BloxRoute,62,62
DWvDTSh3qfn88UoQTEKRV2JnLt5jtJAVoiCo3ivtMwXP,Falcon,1783,1783
DWvDTSh3qfn88UoQTEKRV2JnLt5jtJAVoiCo3ivtMwXP,Flashblock,25,25
DWvDTSh3qfn88UoQTEKRV2JnLt5jtJAVoiCo3ivtMwXP,Helius,7875,7871
DWvDTSh3qfn88UoQTEKRV2JnLt5jtJAVoiCo3ivtMwXP,Jito,2421,2418
DWvDTSh3qfn88UoQTEKRV2JnLt5jtJAVoiCo3ivtMwXP,Moon,9,9
DWvDTSh3qfn88UoQTEKRV2JnLt5jtJAVoiCo3ivtMwXP,Nextblock,983,983
DWvDTSh3qfn88UoQTEKRV2JnLt5jtJAVoiCo3ivtMwXP,NodeOne,2505,2505
DWvDTSh3qfn88UoQTEKRV2JnLt5jtJAVoiCo3ivtMwXP,Soyas,254,254
DWvDTSh3qfn88UoQTEKRV2JnLt5jtJAVoiCo3ivtMwXP,Stellium,2423,2423
DWvDTSh3qfn88UoQTEKRV2JnLt5jtJAVoiCo3ivtMwXP,Temporal,2488,2486
DWvDTSh3qfn88UoQTEKRV2JnLt5jtJAVoiCo3ivtMwXP,blockRazor,132,132
DWvDTSh3qfn88UoQTEKRV2JnLt5jtJAVoiCo3ivtMwXP,blockrazor,525,525
DWvDTSh3qfn88UoQTEKRV2JnLt5jtJAVoiCo3ivtMwXP,blocksprint,1792,1792
DWvDTSh3qfn88UoQTEKRV2JnLt5jtJAVoiCo3ivtMwXP,bloxroute,1751,1746
DWvDTSh3qfn88UoQTEKRV2JnLt5jtJAVoiCo3ivtMwXP,landX,7874,7874
DWvDTSh3qfn88UoQTEKRV2JnLt5jtJAVoiCo3ivtMwXP,stellium,9395,9395
DZKTNGR3r4Akj3G42ReZatKhkmgEXoZjk5Ed2tFwRyqm,(none),488,0
DZKTNGR3r4Akj3G42ReZatKhkmgEXoZjk5Ed2tFwRyqm,0slot,61,61
DZKTNGR3r4Akj3G42ReZatKhkmgEXoZjk5Ed2tFwRyqm,AstraLane,33,33
DZKTNGR3r4Akj3G42ReZatKhkmgEXoZjk5Ed2tFwRyqm,BloxRoute,1,1
DZKTNGR3r4Akj3G42ReZatKhkmgEXoZjk5Ed2tFwRyqm,Falcon,97,97
DZKTNGR3r4Akj3G42ReZatKhkmgEXoZjk5Ed2tFwRyqm,Flashblock,3,3
DZKTNGR3r4Akj3G42ReZatKhkmgEXoZjk5Ed2tFwRyqm,Helius,148,148
DZKTNGR3r4Akj3G42ReZatKhkmgEXoZjk5Ed2tFwRyqm,Jito,37,37
DZKTNGR3r4Akj3G42ReZatKhkmgEXoZjk5Ed2tFwRyqm,Nextblock,18,18
DZKTNGR3r4Akj3G42ReZatKhkmgEXoZjk5Ed2tFwRyqm,NodeOne,69,69
DZKTNGR3r4Akj3G42ReZatKhkmgEXoZjk5Ed2tFwRyqm,Soyas,5,5
DZKTNGR3r4Akj3G42ReZatKhkmgEXoZjk5Ed2tFwRyqm,Stellium,76,76
DZKTNGR3r4Akj3G42ReZatKhkmgEXoZjk5Ed2tFwRyqm,Temporal,23,23
DZKTNGR3r4Akj3G42ReZatKhkmgEXoZjk5Ed2tFwRyqm,blockRazor,2,2
DZKTNGR3r4Akj3G42ReZatKhkmgEXoZjk5Ed2tFwRyqm,blockrazor,7,7
DZKTNGR3r4Akj3G42ReZatKhkmgEXoZjk5Ed2tFwRyqm,blocksprint,38,38
DZKTNGR3r4Akj3G42ReZatKhkmgEXoZjk5Ed2tFwRyqm,bloxroute,42,42
DZKTNGR3r4Akj3G42ReZatKhkmgEXoZjk5Ed2tFwRyqm,landX,103,103
DZKTNGR3r4Akj3G42ReZatKhkmgEXoZjk5Ed2tFwRyqm,stellium,208,208
DeXsDvvZzKhVux4YfDFE6p4acJLGzr8yKt5pSTjzZB8t,(none),264,0
DeXsDvvZzKhVux4YfDFE6p4acJLGzr8yKt5pSTjzZB8t,0slot,20,20
DeXsDvvZzKhVux4YfDFE6p4acJLGzr8yKt5pSTjzZB8t,AstraLane,30,30
DeXsDvvZzKhVux4YfDFE6p4acJLGzr8yKt5pSTjzZB8t,Falcon,31,31
DeXsDvvZzKhVux4YfDFE6p4acJLGzr8yKt5pSTjzZB8t,Flashblock,1,1
DeXsDvvZzKhVux4YfDFE6p4acJLGzr8yKt5pSTjzZB8t,Helius,85,85
DeXsDvvZzKhVux4YfDFE6p4acJLGzr8yKt5pSTjzZB8t,Jito,55,55
DeXsDvvZzKhVux4YfDFE6p4acJLGzr8yKt5pSTjzZB8t,Nextblock,7,7
DeXsDvvZzKhVux4YfDFE6p4acJLGzr8yKt5pSTjzZB8t,NodeOne,30,30
DeXsDvvZzKhVux4YfDFE6p4acJLGzr8yKt5pSTjzZB8t,Soyas,5,5
DeXsDvvZzKhVux4YfDFE6p4acJLGzr8yKt5pSTjzZB8t,Stellium,28,28
DeXsDvvZzKhVux4YfDFE6p4acJLGzr8yKt5pSTjzZB8t,Temporal,23,23
DeXsDvvZzKhVux4YfDFE6p4acJLGzr8yKt5pSTjzZB8t,blockRazor,1,1
DeXsDvvZzKhVux4YfDFE6p4acJLGzr8yKt5pSTjzZB8t,blockrazor,5,5
DeXsDvvZzKhVux4YfDFE6p4acJLGzr8yKt5pSTjzZB8t,blocksprint,15,15
DeXsDvvZzKhVux4YfDFE6p4acJLGzr8yKt5pSTjzZB8t,bloxroute,26,26
DeXsDvvZzKhVux4YfDFE6p4acJLGzr8yKt5pSTjzZB8t,landX,101,101
DeXsDvvZzKhVux4YfDFE6p4acJLGzr8yKt5pSTjzZB8t,stellium,162,162
DeepM3FDWaAb7o53rvyZk5YvHLG3FvDiVXJLRY78z51p,(none),407,0
DeepM3FDWaAb7o53rvyZk5YvHLG3FvDiVXJLRY78z51p,0slot,24,24
DeepM3FDWaAb7o53rvyZk5YvHLG3FvDiVXJLRY78z51p,AstraLane,43,43
DeepM3FDWaAb7o53rvyZk5YvHLG3FvDiVXJLRY78z51p,Falcon,76,76
DeepM3FDWaAb7o53rvyZk5YvHLG3FvDiVXJLRY78z51p,Helius,143,143
DeepM3FDWaAb7o53rvyZk5YvHLG3FvDiVXJLRY78z51p,Jito,46,46
DeepM3FDWaAb7o53rvyZk5YvHLG3FvDiVXJLRY78z51p,Nextblock,18,18
DeepM3FDWaAb7o53rvyZk5YvHLG3FvDiVXJLRY78z51p,NodeOne,46,46
DeepM3FDWaAb7o53rvyZk5YvHLG3FvDiVXJLRY78z51p,Soyas,3,3
DeepM3FDWaAb7o53rvyZk5YvHLG3FvDiVXJLRY78z51p,Stellium,51,51
DeepM3FDWaAb7o53rvyZk5YvHLG3FvDiVXJLRY78z51p,Temporal,42,42
DeepM3FDWaAb7o53rvyZk5YvHLG3FvDiVXJLRY78z51p,blockRazor,2,2
DeepM3FDWaAb7o53rvyZk5YvHLG3FvDiVXJLRY78z51p,blockrazor,10,10
DeepM3FDWaAb7o53rvyZk5YvHLG3FvDiVXJLRY78z51p,blocksprint,36,36
DeepM3FDWaAb7o53rvyZk5YvHLG3FvDiVXJLRY78z51p,bloxroute,20,20
DeepM3FDWaAb7o53rvyZk5YvHLG3FvDiVXJLRY78z51p,landX,102,102
DeepM3FDWaAb7o53rvyZk5YvHLG3FvDiVXJLRY78z51p,stellium,147,147
DefiihS7gLkj6xLjjhcr87bFuwpVVNYpeNBaBeFe56CY,(none),358,0
DefiihS7gLkj6xLjjhcr87bFuwpVVNYpeNBaBeFe56CY,0slot,26,26
DefiihS7gLkj6xLjjhcr87bFuwpVVNYpeNBaBeFe56CY,AstraLane,78,78
DefiihS7gLkj6xLjjhcr87bFuwpVVNYpeNBaBeFe56CY,BloxRoute,1,1
DefiihS7gLkj6xLjjhcr87bFuwpVVNYpeNBaBeFe56CY,Falcon,65,65
DefiihS7gLkj6xLjjhcr87bFuwpVVNYpeNBaBeFe56CY,Helius,171,171
DefiihS7gLkj6xLjjhcr87bFuwpVVNYpeNBaBeFe56CY,Jito,21,21
DefiihS7gLkj6xLjjhcr87bFuwpVVNYpeNBaBeFe56CY,Nextblock,25,25
DefiihS7gLkj6xLjjhcr87bFuwpVVNYpeNBaBeFe56CY,NodeOne,39,39
DefiihS7gLkj6xLjjhcr87bFuwpVVNYpeNBaBeFe56CY,Soyas,7,7
DefiihS7gLkj6xLjjhcr87bFuwpVVNYpeNBaBeFe56CY,Stellium,48,48
DefiihS7gLkj6xLjjhcr87bFuwpVVNYpeNBaBeFe56CY,Temporal,46,46
DefiihS7gLkj6xLjjhcr87bFuwpVVNYpeNBaBeFe56CY,blockRazor,2,2
DefiihS7gLkj6xLjjhcr87bFuwpVVNYpeNBaBeFe56CY,blockrazor,15,15
DefiihS7gLkj6xLjjhcr87bFuwpVVNYpeNBaBeFe56CY,blocksprint,33,33
DefiihS7gLkj6xLjjhcr87bFuwpVVNYpeNBaBeFe56CY,bloxroute,11,11
DefiihS7gLkj6xLjjhcr87bFuwpVVNYpeNBaBeFe56CY,landX,149,149
DefiihS7gLkj6xLjjhcr87bFuwpVVNYpeNBaBeFe56CY,stellium,210,210
DiFeTctQSaNczJNmZ5121kYqLaBe9wDpM9sjCzTELJLE,(none),64,0
DiFeTctQSaNczJNmZ5121kYqLaBe9wDpM9sjCzTELJLE,0slot,2,2
DiFeTctQSaNczJNmZ5121kYqLaBe9wDpM9sjCzTELJLE,AstraLane,5,5
DiFeTctQSaNczJNmZ5121kYqLaBe9wDpM9sjCzTELJLE,Falcon,30,30
DiFeTctQSaNczJNmZ5121kYqLaBe9wDpM9sjCzTELJLE,Helius,19,19
DiFeTctQSaNczJNmZ5121kYqLaBe9wDpM9sjCzTELJLE,Nextblock,2,2
DiFeTctQSaNczJNmZ5121kYqLaBe9wDpM9sjCzTELJLE,NodeOne,9,9
DiFeTctQSaNczJNmZ5121kYqLaBe9wDpM9sjCzTELJLE,Stellium,18,18
DiFeTctQSaNczJNmZ5121kYqLaBe9wDpM9sjCzTELJLE,Temporal,3,3
DiFeTctQSaNczJNmZ5121kYqLaBe9wDpM9sjCzTELJLE,blockrazor,2,2
DiFeTctQSaNczJNmZ5121kYqLaBe9wDpM9sjCzTELJLE,blocksprint,13,13
DiFeTctQSaNczJNmZ5121kYqLaBe9wDpM9sjCzTELJLE,bloxroute,1,1
DiFeTctQSaNczJNmZ5121kYqLaBe9wDpM9sjCzTELJLE,landX,42,42
DiFeTctQSaNczJNmZ5121kYqLaBe9wDpM9sjCzTELJLE,stellium,64,64
DidkDYa64DEMx97P4iahDwsWtgUTnLiEhHSMUbQGihi5,(none),562,0
DidkDYa64DEMx97P4iahDwsWtgUTnLiEhHSMUbQGihi5,0slot,70,70
DidkDYa64DEMx97P4iahDwsWtgUTnLiEhHSMUbQGihi5,AstraLane,81,81
DidkDYa64DEMx97P4iahDwsWtgUTnLiEhHSMUbQGihi5,Falcon,221,221
DidkDYa64DEMx97P4iahDwsWtgUTnLiEhHSMUbQGihi5,Flashblock,2,2
DidkDYa64DEMx97P4iahDwsWtgUTnLiEhHSMUbQGihi5,Helius,166,166
DidkDYa64DEMx97P4iahDwsWtgUTnLiEhHSMUbQGihi5,Jito,55,55
DidkDYa64DEMx97P4iahDwsWtgUTnLiEhHSMUbQGihi5,Nextblock,28,28
DidkDYa64DEMx97P4iahDwsWtgUTnLiEhHSMUbQGihi5,NodeOne,38,38
DidkDYa64DEMx97P4iahDwsWtgUTnLiEhHSMUbQGihi5,Soyas,5,5
DidkDYa64DEMx97P4iahDwsWtgUTnLiEhHSMUbQGihi5,Stellium,127,127
DidkDYa64DEMx97P4iahDwsWtgUTnLiEhHSMUbQGihi5,Temporal,54,54
DidkDYa64DEMx97P4iahDwsWtgUTnLiEhHSMUbQGihi5,blockRazor,3,3
DidkDYa64DEMx97P4iahDwsWtgUTnLiEhHSMUbQGihi5,blockrazor,22,22
DidkDYa64DEMx97P4iahDwsWtgUTnLiEhHSMUbQGihi5,blocksprint,65,65
DidkDYa64DEMx97P4iahDwsWtgUTnLiEhHSMUbQGihi5,bloxroute,15,15
DidkDYa64DEMx97P4iahDwsWtgUTnLiEhHSMUbQGihi5,landX,184,184
DidkDYa64DEMx97P4iahDwsWtgUTnLiEhHSMUbQGihi5,stellium,324,324
Diman2GphWLwECE3swjrAEAJniezpYLxK1edUydiDZau,(none),1766,0
Diman2GphWLwECE3swjrAEAJniezpYLxK1edUydiDZau,0slot,143,143
Diman2GphWLwECE3swjrAEAJniezpYLxK1edUydiDZau,AstraLane,215,215
Diman2GphWLwECE3swjrAEAJniezpYLxK1edUydiDZau,BloxRoute,3,3
Diman2GphWLwECE3swjrAEAJniezpYLxK1edUydiDZau,Falcon,578,578
Diman2GphWLwECE3swjrAEAJniezpYLxK1edUydiDZau,Flashblock,4,4
Diman2GphWLwECE3swjrAEAJniezpYLxK1edUydiDZau,Helius,680,680
Diman2GphWLwECE3swjrAEAJniezpYLxK1edUydiDZau,Jito,42,42
Diman2GphWLwECE3swjrAEAJniezpYLxK1edUydiDZau,Nextblock,83,83
Diman2GphWLwECE3swjrAEAJniezpYLxK1edUydiDZau,NodeOne,229,229
Diman2GphWLwECE3swjrAEAJniezpYLxK1edUydiDZau,Soyas,12,12
Diman2GphWLwECE3swjrAEAJniezpYLxK1edUydiDZau,Stellium,333,333
Diman2GphWLwECE3swjrAEAJniezpYLxK1edUydiDZau,Temporal,223,223
Diman2GphWLwECE3swjrAEAJniezpYLxK1edUydiDZau,blockRazor,13,13
Diman2GphWLwECE3swjrAEAJniezpYLxK1edUydiDZau,blockrazor,46,46
Diman2GphWLwECE3swjrAEAJniezpYLxK1edUydiDZau,blocksprint,175,175
Diman2GphWLwECE3swjrAEAJniezpYLxK1edUydiDZau,bloxroute,117,117
Diman2GphWLwECE3swjrAEAJniezpYLxK1edUydiDZau,landX,604,604
Diman2GphWLwECE3swjrAEAJniezpYLxK1edUydiDZau,stellium,1132,1132
DiveRaPKviyDnQyiiMFdV4rujsCBJzMNvPjKfvGNLGvL,(none),709,0
DiveRaPKviyDnQyiiMFdV4rujsCBJzMNvPjKfvGNLGvL,0slot,52,52
DiveRaPKviyDnQyiiMFdV4rujsCBJzMNvPjKfvGNLGvL,AstraLane,49,49
DiveRaPKviyDnQyiiMFdV4rujsCBJzMNvPjKfvGNLGvL,BloxRoute,1,1
DiveRaPKviyDnQyiiMFdV4rujsCBJzMNvPjKfvGNLGvL,Falcon,120,120
DiveRaPKviyDnQyiiMFdV4rujsCBJzMNvPjKfvGNLGvL,Helius,170,170
DiveRaPKviyDnQyiiMFdV4rujsCBJzMNvPjKfvGNLGvL,Jito,89,89
DiveRaPKviyDnQyiiMFdV4rujsCBJzMNvPjKfvGNLGvL,Nextblock,26,26
DiveRaPKviyDnQyiiMFdV4rujsCBJzMNvPjKfvGNLGvL,NodeOne,82,82
DiveRaPKviyDnQyiiMFdV4rujsCBJzMNvPjKfvGNLGvL,Soyas,1,1
DiveRaPKviyDnQyiiMFdV4rujsCBJzMNvPjKfvGNLGvL,Stellium,90,90
DiveRaPKviyDnQyiiMFdV4rujsCBJzMNvPjKfvGNLGvL,Temporal,62,62
DiveRaPKviyDnQyiiMFdV4rujsCBJzMNvPjKfvGNLGvL,blockRazor,1,1
DiveRaPKviyDnQyiiMFdV4rujsCBJzMNvPjKfvGNLGvL,blockrazor,12,12
DiveRaPKviyDnQyiiMFdV4rujsCBJzMNvPjKfvGNLGvL,blocksprint,49,49
DiveRaPKviyDnQyiiMFdV4rujsCBJzMNvPjKfvGNLGvL,bloxroute,10,10
DiveRaPKviyDnQyiiMFdV4rujsCBJzMNvPjKfvGNLGvL,landX,120,120
DiveRaPKviyDnQyiiMFdV4rujsCBJzMNvPjKfvGNLGvL,stellium,238,238
DnQBmTJyLbBMgJYQLJDqJz25AJModNkyexL5LdVRGnG4,(none),250,0
DnQBmTJyLbBMgJYQLJDqJz25AJModNkyexL5LdVRGnG4,0slot,24,24
DnQBmTJyLbBMgJYQLJDqJz25AJModNkyexL5LdVRGnG4,AstraLane,50,50
DnQBmTJyLbBMgJYQLJDqJz25AJModNkyexL5LdVRGnG4,BloxRoute,2,2
DnQBmTJyLbBMgJYQLJDqJz25AJModNkyexL5LdVRGnG4,Falcon,86,86
DnQBmTJyLbBMgJYQLJDqJz25AJModNkyexL5LdVRGnG4,Flashblock,1,1
DnQBmTJyLbBMgJYQLJDqJz25AJModNkyexL5LdVRGnG4,Helius,157,157
DnQBmTJyLbBMgJYQLJDqJz25AJModNkyexL5LdVRGnG4,Jito,36,36
DnQBmTJyLbBMgJYQLJDqJz25AJModNkyexL5LdVRGnG4,Nextblock,26,26
DnQBmTJyLbBMgJYQLJDqJz25AJModNkyexL5LdVRGnG4,NodeOne,36,36
DnQBmTJyLbBMgJYQLJDqJz25AJModNkyexL5LdVRGnG4,Soyas,2,2
DnQBmTJyLbBMgJYQLJDqJz25AJModNkyexL5LdVRGnG4,Stellium,64,64
DnQBmTJyLbBMgJYQLJDqJz25AJModNkyexL5LdVRGnG4,Temporal,40,40
DnQBmTJyLbBMgJYQLJDqJz25AJModNkyexL5LdVRGnG4,blockRazor,3,3
DnQBmTJyLbBMgJYQLJDqJz25AJModNkyexL5LdVRGnG4,blockrazor,10,10
DnQBmTJyLbBMgJYQLJDqJz25AJModNkyexL5LdVRGnG4,blocksprint,46,46
DnQBmTJyLbBMgJYQLJDqJz25AJModNkyexL5LdVRGnG4,bloxroute,10,10
DnQBmTJyLbBMgJYQLJDqJz25AJModNkyexL5LdVRGnG4,landX,99,99
DnQBmTJyLbBMgJYQLJDqJz25AJModNkyexL5LdVRGnG4,stellium,201,201
DrifTrN923QaouP89UxkQzFGbumKPCnfkNYQRwmZxatz,(none),15726,0
DrifTrN923QaouP89UxkQzFGbumKPCnfkNYQRwmZxatz,0slot,1187,1187
DrifTrN923QaouP89UxkQzFGbumKPCnfkNYQRwmZxatz,AstraLane,2066,2066
DrifTrN923QaouP89UxkQzFGbumKPCnfkNYQRwmZxatz,Astralane,1,1
DrifTrN923QaouP89UxkQzFGbumKPCnfkNYQRwmZxatz,BloxRoute,34,34
DrifTrN923QaouP89UxkQzFGbumKPCnfkNYQRwmZxatz,Falcon,3681,3681
DrifTrN923QaouP89UxkQzFGbumKPCnfkNYQRwmZxatz,Flashblock,19,19
DrifTrN923QaouP89UxkQzFGbumKPCnfkNYQRwmZxatz,Helius,4713,4711
DrifTrN923QaouP89UxkQzFGbumKPCnfkNYQRwmZxatz,Jito,1686,1684
DrifTrN923QaouP89UxkQzFGbumKPCnfkNYQRwmZxatz,Moon,6,6
DrifTrN923QaouP89UxkQzFGbumKPCnfkNYQRwmZxatz,Nextblock,653,653
DrifTrN923QaouP89UxkQzFGbumKPCnfkNYQRwmZxatz,NodeOne,1702,1702
DrifTrN923QaouP89UxkQzFGbumKPCnfkNYQRwmZxatz,Soyas,138,138
DrifTrN923QaouP89UxkQzFGbumKPCnfkNYQRwmZxatz,Stellium,2367,2367
DrifTrN923QaouP89UxkQzFGbumKPCnfkNYQRwmZxatz,Temporal,1833,1830
DrifTrN923QaouP89UxkQzFGbumKPCnfkNYQRwmZxatz,blockRazor,76,76
DrifTrN923QaouP89UxkQzFGbumKPCnfkNYQRwmZxatz,blockrazor,302,302
DrifTrN923QaouP89UxkQzFGbumKPCnfkNYQRwmZxatz,blocksprint,1286,1286
DrifTrN923QaouP89UxkQzFGbumKPCnfkNYQRwmZxatz,bloxroute,989,988
DrifTrN923QaouP89UxkQzFGbumKPCnfkNYQRwmZxatz,landX,3980,3980
DrifTrN923QaouP89UxkQzFGbumKPCnfkNYQRwmZxatz,stellium,7079,7079
DupN8puwoPdFo9EYm8AXemEn9cMsore1QmZzfPaxyUG4,(none),293,0
DupN8puwoPdFo9EYm8AXemEn9cMsore1QmZzfPaxyUG4,0slot,25,25
DupN8puwoPdFo9EYm8AXemEn9cMsore1QmZzfPaxyUG4,AstraLane,59,59
DupN8puwoPdFo9EYm8AXemEn9cMsore1QmZzfPaxyUG4,Falcon,144,144
DupN8puwoPdFo9EYm8AXemEn9cMsore1QmZzfPaxyUG4,Helius,125,125
DupN8puwoPdFo9EYm8AXemEn9cMsore1QmZzfPaxyUG4,Jito,50,50
DupN8puwoPdFo9EYm8AXemEn9cMsore1QmZzfPaxyUG4,Nextblock,16,16
DupN8puwoPdFo9EYm8AXemEn9cMsore1QmZzfPaxyUG4,NodeOne,36,36
DupN8puwoPdFo9EYm8AXemEn9cMsore1QmZzfPaxyUG4,Soyas,7,7
DupN8puwoPdFo9EYm8AXemEn9cMsore1QmZzfPaxyUG4,Stellium,81,81
DupN8puwoPdFo9EYm8AXemEn9cMsore1QmZzfPaxyUG4,Temporal,48,48
DupN8puwoPdFo9EYm8AXemEn9cMsore1QmZzfPaxyUG4,blockRazor,3,3
DupN8puwoPdFo9EYm8AXemEn9cMsore1QmZzfPaxyUG4,blockrazor,8,8
DupN8puwoPdFo9EYm8AXemEn9cMsore1QmZzfPaxyUG4,blocksprint,35,35
DupN8puwoPdFo9EYm8AXemEn9cMsore1QmZzfPaxyUG4,bloxroute,18,18
DupN8puwoPdFo9EYm8AXemEn9cMsore1QmZzfPaxyUG4,landX,104,104
DupN8puwoPdFo9EYm8AXemEn9cMsore1QmZzfPaxyUG4,stellium,199,199
E1r4Psq84tHfQ6aPTvvDka4U3u8zPVD7gEUrH25RdxHL,(none),38952,0
E1r4Psq84tHfQ6aPTvvDka4U3u8zPVD7gEUrH25RdxHL,0slot,3264,3264
E1r4Psq84tHfQ6aPTvvDka4U3u8zPVD7gEUrH25RdxHL,AstraLane,4797,4797
E1r4Psq84tHfQ6aPTvvDka4U3u8zPVD7gEUrH25RdxHL,Astralane,9,9
E1r4Psq84tHfQ6aPTvvDka4U3u8zPVD7gEUrH25RdxHL,BlockRazor,2,2
E1r4Psq84tHfQ6aPTvvDka4U3u8zPVD7gEUrH25RdxHL,BloxRoute,89,89
E1r4Psq84tHfQ6aPTvvDka4U3u8zPVD7gEUrH25RdxHL,Falcon,9021,9021
E1r4Psq84tHfQ6aPTvvDka4U3u8zPVD7gEUrH25RdxHL,Flashblock,43,43
E1r4Psq84tHfQ6aPTvvDka4U3u8zPVD7gEUrH25RdxHL,Helius,14753,14748
E1r4Psq84tHfQ6aPTvvDka4U3u8zPVD7gEUrH25RdxHL,Jito,4078,4075
E1r4Psq84tHfQ6aPTvvDka4U3u8zPVD7gEUrH25RdxHL,Moon,20,20
E1r4Psq84tHfQ6aPTvvDka4U3u8zPVD7gEUrH25RdxHL,Nextblock,1793,1793
E1r4Psq84tHfQ6aPTvvDka4U3u8zPVD7gEUrH25RdxHL,NodeOne,4930,4930
E1r4Psq84tHfQ6aPTvvDka4U3u8zPVD7gEUrH25RdxHL,Soyas,437,437
E1r4Psq84tHfQ6aPTvvDka4U3u8zPVD7gEUrH25RdxHL,Stellium,5989,5989
E1r4Psq84tHfQ6aPTvvDka4U3u8zPVD7gEUrH25RdxHL,Temporal,4187,4186
E1r4Psq84tHfQ6aPTvvDka4U3u8zPVD7gEUrH25RdxHL,blockRazor,231,231
E1r4Psq84tHfQ6aPTvvDka4U3u8zPVD7gEUrH25RdxHL,blockrazor,905,905
E1r4Psq84tHfQ6aPTvvDka4U3u8zPVD7gEUrH25RdxHL,blocksprint,3863,3863
E1r4Psq84tHfQ6aPTvvDka4U3u8zPVD7gEUrH25RdxHL,bloxroute,2869,2866
E1r4Psq84tHfQ6aPTvvDka4U3u8zPVD7gEUrH25RdxHL,landX,12479,12479
E1r4Psq84tHfQ6aPTvvDka4U3u8zPVD7gEUrH25RdxHL,stellium,20239,20239
E3mDbFMr8yZcCAZx5wPUFCRmLX31u8Nnj4jPoPc54h3F,(none),3664,0
E3mDbFMr8yZcCAZx5wPUFCRmLX31u8Nnj4jPoPc54h3F,0slot,359,359
E3mDbFMr8yZcCAZx5wPUFCRmLX31u8Nnj4jPoPc54h3F,AstraLane,615,615
E3mDbFMr8yZcCAZx5wPUFCRmLX31u8Nnj4jPoPc54h3F,Astralane,3,3
E3mDbFMr8yZcCAZx5wPUFCRmLX31u8Nnj4jPoPc54h3F,BloxRoute,13,13
E3mDbFMr8yZcCAZx5wPUFCRmLX31u8Nnj4jPoPc54h3F,Falcon,1237,1237
E3mDbFMr8yZcCAZx5wPUFCRmLX31u8Nnj4jPoPc54h3F,Flashblock,6,6
E3mDbFMr8yZcCAZx5wPUFCRmLX31u8Nnj4jPoPc54h3F,Helius,1512,1511
E3mDbFMr8yZcCAZx5wPUFCRmLX31u8Nnj4jPoPc54h3F,Jito,463,463
E3mDbFMr8yZcCAZx5wPUFCRmLX31u8Nnj4jPoPc54h3F,Moon,2,2
E3mDbFMr8yZcCAZx5wPUFCRmLX31u8Nnj4jPoPc54h3F,Nextblock,246,246
E3mDbFMr8yZcCAZx5wPUFCRmLX31u8Nnj4jPoPc54h3F,NodeOne,431,431
E3mDbFMr8yZcCAZx5wPUFCRmLX31u8Nnj4jPoPc54h3F,Soyas,36,36
E3mDbFMr8yZcCAZx5wPUFCRmLX31u8Nnj4jPoPc54h3F,Stellium,767,767
E3mDbFMr8yZcCAZx5wPUFCRmLX31u8Nnj4jPoPc54h3F,Temporal,469,469
E3mDbFMr8yZcCAZx5wPUFCRmLX31u8Nnj4jPoPc54h3F,blockRazor,30,30
E3mDbFMr8yZcCAZx5wPUFCRmLX31u8Nnj4jPoPc54h3F,blockrazor,110,110
E3mDbFMr8yZcCAZx5wPUFCRmLX31u8Nnj4jPoPc54h3F,blocksprint,464,464
E3mDbFMr8yZcCAZx5wPUFCRmLX31u8Nnj4jPoPc54h3F,bloxroute,336,336
E3mDbFMr8yZcCAZx5wPUFCRmLX31u8Nnj4jPoPc54h3F,landX,1596,1596
E3mDbFMr8yZcCAZx5wPUFCRmLX31u8Nnj4jPoPc54h3F,stellium,2566,2566
E4xNK4UwGnMtkdiUPyx13i6NkFDdW9Gw9NFGY93wEdGZ,(none),59,0
E4xNK4UwGnMtkdiUPyx13i6NkFDdW9Gw9NFGY93wEdGZ,0slot,13,13
E4xNK4UwGnMtkdiUPyx13i6NkFDdW9Gw9NFGY93wEdGZ,AstraLane,8,8
E4xNK4UwGnMtkdiUPyx13i6NkFDdW9Gw9NFGY93wEdGZ,Falcon,36,36
E4xNK4UwGnMtkdiUPyx13i6NkFDdW9Gw9NFGY93wEdGZ,Helius,19,19
E4xNK4UwGnMtkdiUPyx13i6NkFDdW9Gw9NFGY93wEdGZ,Jito,18,18
E4xNK4UwGnMtkdiUPyx13i6NkFDdW9Gw9NFGY93wEdGZ,Moon,1,1
E4xNK4UwGnMtkdiUPyx13i6NkFDdW9Gw9NFGY93wEdGZ,Nextblock,6,6
E4xNK4UwGnMtkdiUPyx13i6NkFDdW9Gw9NFGY93wEdGZ,NodeOne,3,3
E4xNK4UwGnMtkdiUPyx13i6NkFDdW9Gw9NFGY93wEdGZ,Soyas,2,2
E4xNK4UwGnMtkdiUPyx13i6NkFDdW9Gw9NFGY93wEdGZ,Stellium,16,16
E4xNK4UwGnMtkdiUPyx13i6NkFDdW9Gw9NFGY93wEdGZ,Temporal,5,5
E4xNK4UwGnMtkdiUPyx13i6NkFDdW9Gw9NFGY93wEdGZ,blockRazor,1,1
E4xNK4UwGnMtkdiUPyx13i6NkFDdW9Gw9NFGY93wEdGZ,blockrazor,2,2
E4xNK4UwGnMtkdiUPyx13i6NkFDdW9Gw9NFGY93wEdGZ,blocksprint,14,14
E4xNK4UwGnMtkdiUPyx13i6NkFDdW9Gw9NFGY93wEdGZ,bloxroute,1,1
E4xNK4UwGnMtkdiUPyx13i6NkFDdW9Gw9NFGY93wEdGZ,landX,15,15
E4xNK4UwGnMtkdiUPyx13i6NkFDdW9Gw9NFGY93wEdGZ,stellium,39,39
E5UXkzUxqEXpeDf3WsrMZHTs2ZSSBpAz7G4hpGwgRGDT,(none),1919,0
E5UXkzUxqEXpeDf3WsrMZHTs2ZSSBpAz7G4hpGwgRGDT,0slot,167,167
E5UXkzUxqEXpeDf3WsrMZHTs2ZSSBpAz7G4hpGwgRGDT,AstraLane,221,221
E5UXkzUxqEXpeDf3WsrMZHTs2ZSSBpAz7G4hpGwgRGDT,BloxRoute,3,3
E5UXkzUxqEXpeDf3WsrMZHTs2ZSSBpAz7G4hpGwgRGDT,Falcon,147,147
E5UXkzUxqEXpeDf3WsrMZHTs2ZSSBpAz7G4hpGwgRGDT,Flashblock,1,1
E5UXkzUxqEXpeDf3WsrMZHTs2ZSSBpAz7G4hpGwgRGDT,Helius,628,628
E5UXkzUxqEXpeDf3WsrMZHTs2ZSSBpAz7G4hpGwgRGDT,Jito,158,158
E5UXkzUxqEXpeDf3WsrMZHTs2ZSSBpAz7G4hpGwgRGDT,Moon,4,4
E5UXkzUxqEXpeDf3WsrMZHTs2ZSSBpAz7G4hpGwgRGDT,Nextblock,82,82
E5UXkzUxqEXpeDf3WsrMZHTs2ZSSBpAz7G4hpGwgRGDT,NodeOne,211,211
E5UXkzUxqEXpeDf3WsrMZHTs2ZSSBpAz7G4hpGwgRGDT,Soyas,18,18
E5UXkzUxqEXpeDf3WsrMZHTs2ZSSBpAz7G4hpGwgRGDT,Stellium,218,218
E5UXkzUxqEXpeDf3WsrMZHTs2ZSSBpAz7G4hpGwgRGDT,Temporal,222,221
E5UXkzUxqEXpeDf3WsrMZHTs2ZSSBpAz7G4hpGwgRGDT,blockRazor,5,5
E5UXkzUxqEXpeDf3WsrMZHTs2ZSSBpAz7G4hpGwgRGDT,blockrazor,54,54
E5UXkzUxqEXpeDf3WsrMZHTs2ZSSBpAz7G4hpGwgRGDT,blocksprint,142,142
E5UXkzUxqEXpeDf3WsrMZHTs2ZSSBpAz7G4hpGwgRGDT,bloxroute,135,134
E5UXkzUxqEXpeDf3WsrMZHTs2ZSSBpAz7G4hpGwgRGDT,landX,757,757
E5UXkzUxqEXpeDf3WsrMZHTs2ZSSBpAz7G4hpGwgRGDT,stellium,877,877
E99w1XfS4UNM1xUKXWEuDmj8Mduy7u65jm2NCULTspSV,(none),548,0
E99w1XfS4UNM1xUKXWEuDmj8Mduy7u65jm2NCULTspSV,0slot,34,34
E99w1XfS4UNM1xUKXWEuDmj8Mduy7u65jm2NCULTspSV,AstraLane,53,53
E99w1XfS4UNM1xUKXWEuDmj8Mduy7u65jm2NCULTspSV,BloxRoute,2,2
E99w1XfS4UNM1xUKXWEuDmj8Mduy7u65jm2NCULTspSV,Falcon,105,105
E99w1XfS4UNM1xUKXWEuDmj8Mduy7u65jm2NCULTspSV,Flashblock,2,2
E99w1XfS4UNM1xUKXWEuDmj8Mduy7u65jm2NCULTspSV,Helius,135,135
E99w1XfS4UNM1xUKXWEuDmj8Mduy7u65jm2NCULTspSV,Jito,46,46
E99w1XfS4UNM1xUKXWEuDmj8Mduy7u65jm2NCULTspSV,Moon,1,1
E99w1XfS4UNM1xUKXWEuDmj8Mduy7u65jm2NCULTspSV,Nextblock,27,27
E99w1XfS4UNM1xUKXWEuDmj8Mduy7u65jm2NCULTspSV,NodeOne,42,42
E99w1XfS4UNM1xUKXWEuDmj8Mduy7u65jm2NCULTspSV,Soyas,8,8
E99w1XfS4UNM1xUKXWEuDmj8Mduy7u65jm2NCULTspSV,Stellium,60,60
E99w1XfS4UNM1xUKXWEuDmj8Mduy7u65jm2NCULTspSV,Temporal,38,38
E99w1XfS4UNM1xUKXWEuDmj8Mduy7u65jm2NCULTspSV,blockRazor,1,1
E99w1XfS4UNM1xUKXWEuDmj8Mduy7u65jm2NCULTspSV,blockrazor,7,7
E99w1XfS4UNM1xUKXWEuDmj8Mduy7u65jm2NCULTspSV,blocksprint,37,37
E99w1XfS4UNM1xUKXWEuDmj8Mduy7u65jm2NCULTspSV,landX,124,124
E99w1XfS4UNM1xUKXWEuDmj8Mduy7u65jm2NCULTspSV,stellium,287,287
E9hD3ikumJx1GVswDjnpCt6Uu4WG5mz1PDWCqdE5uhmo,(none),197,0
E9hD3ikumJx1GVswDjnpCt6Uu4WG5mz1PDWCqdE5uhmo,0slot,8,8
E9hD3ikumJx1GVswDjnpCt6Uu4WG5mz1PDWCqdE5uhmo,AstraLane,9,9
E9hD3ikumJx1GVswDjnpCt6Uu4WG5mz1PDWCqdE5uhmo,Falcon,20,20
E9hD3ikumJx1GVswDjnpCt6Uu4WG5mz1PDWCqdE5uhmo,Helius,43,43
E9hD3ikumJx1GVswDjnpCt6Uu4WG5mz1PDWCqdE5uhmo,Jito,19,19
E9hD3ikumJx1GVswDjnpCt6Uu4WG5mz1PDWCqdE5uhmo,Nextblock,2,2
E9hD3ikumJx1GVswDjnpCt6Uu4WG5mz1PDWCqdE5uhmo,NodeOne,15,15
E9hD3ikumJx1GVswDjnpCt6Uu4WG5mz1PDWCqdE5uhmo,Soyas,8,8
E9hD3ikumJx1GVswDjnpCt6Uu4WG5mz1PDWCqdE5uhmo,Stellium,32,32
E9hD3ikumJx1GVswDjnpCt6Uu4WG5mz1PDWCqdE5uhmo,Temporal,29,29
E9hD3ikumJx1GVswDjnpCt6Uu4WG5mz1PDWCqdE5uhmo,blockrazor,2,2
E9hD3ikumJx1GVswDjnpCt6Uu4WG5mz1PDWCqdE5uhmo,blocksprint,5,5
E9hD3ikumJx1GVswDjnpCt6Uu4WG5mz1PDWCqdE5uhmo,bloxroute,2,2
E9hD3ikumJx1GVswDjnpCt6Uu4WG5mz1PDWCqdE5uhmo,landX,44,44
E9hD3ikumJx1GVswDjnpCt6Uu4WG5mz1PDWCqdE5uhmo,stellium,60,60
EATpCzQNs8BzZh1mx1hXMAJm3o1MLXakTXr4UEmcsY7f,(none),469,0
EATpCzQNs8BzZh1mx1hXMAJm3o1MLXakTXr4UEmcsY7f,0slot,34,34
EATpCzQNs8BzZh1mx1hXMAJm3o1MLXakTXr4UEmcsY7f,AstraLane,69,69
EATpCzQNs8BzZh1mx1hXMAJm3o1MLXakTXr4UEmcsY7f,BloxRoute,1,1
EATpCzQNs8BzZh1mx1hXMAJm3o1MLXakTXr4UEmcsY7f,Falcon,145,145
EATpCzQNs8BzZh1mx1hXMAJm3o1MLXakTXr4UEmcsY7f,Helius,191,191
EATpCzQNs8BzZh1mx1hXMAJm3o1MLXakTXr4UEmcsY7f,Jito,58,58
EATpCzQNs8BzZh1mx1hXMAJm3o1MLXakTXr4UEmcsY7f,Nextblock,29,29
EATpCzQNs8BzZh1mx1hXMAJm3o1MLXakTXr4UEmcsY7f,NodeOne,39,39
EATpCzQNs8BzZh1mx1hXMAJm3o1MLXakTXr4UEmcsY7f,Soyas,4,4
EATpCzQNs8BzZh1mx1hXMAJm3o1MLXakTXr4UEmcsY7f,Stellium,88,88
EATpCzQNs8BzZh1mx1hXMAJm3o1MLXakTXr4UEmcsY7f,Temporal,39,39
EATpCzQNs8BzZh1mx1hXMAJm3o1MLXakTXr4UEmcsY7f,blockRazor,3,3
EATpCzQNs8BzZh1mx1hXMAJm3o1MLXakTXr4UEmcsY7f,blockrazor,10,10
EATpCzQNs8BzZh1mx1hXMAJm3o1MLXakTXr4UEmcsY7f,blocksprint,77,77
EATpCzQNs8BzZh1mx1hXMAJm3o1MLXakTXr4UEmcsY7f,bloxroute,64,64
EATpCzQNs8BzZh1mx1hXMAJm3o1MLXakTXr4UEmcsY7f,landX,153,153
EATpCzQNs8BzZh1mx1hXMAJm3o1MLXakTXr4UEmcsY7f,stellium,299,299
EAW9vxqogvdPNapq7QTDpiVTHK6o7begUhPVnf854VTc,(none),372,0
EAW9vxqogvdPNapq7QTDpiVTHK6o7begUhPVnf854VTc,0slot,27,27
EAW9vxqogvdPNapq7QTDpiVTHK6o7begUhPVnf854VTc,AstraLane,40,40
EAW9vxqogvdPNapq7QTDpiVTHK6o7begUhPVnf854VTc,Astralane,2,2
EAW9vxqogvdPNapq7QTDpiVTHK6o7begUhPVnf854VTc,BloxRoute,2,2
EAW9vxqogvdPNapq7QTDpiVTHK6o7begUhPVnf854VTc,Falcon,66,66
EAW9vxqogvdPNapq7QTDpiVTHK6o7begUhPVnf854VTc,Flashblock,1,1
EAW9vxqogvdPNapq7QTDpiVTHK6o7begUhPVnf854VTc,Helius,112,112
EAW9vxqogvdPNapq7QTDpiVTHK6o7begUhPVnf854VTc,Jito,43,43
EAW9vxqogvdPNapq7QTDpiVTHK6o7begUhPVnf854VTc,Moon,1,1
EAW9vxqogvdPNapq7QTDpiVTHK6o7begUhPVnf854VTc,Nextblock,22,22
EAW9vxqogvdPNapq7QTDpiVTHK6o7begUhPVnf854VTc,NodeOne,57,57
EAW9vxqogvdPNapq7QTDpiVTHK6o7begUhPVnf854VTc,Soyas,10,10
EAW9vxqogvdPNapq7QTDpiVTHK6o7begUhPVnf854VTc,Stellium,41,41
EAW9vxqogvdPNapq7QTDpiVTHK6o7begUhPVnf854VTc,Temporal,19,19
EAW9vxqogvdPNapq7QTDpiVTHK6o7begUhPVnf854VTc,blockRazor,1,1
EAW9vxqogvdPNapq7QTDpiVTHK6o7begUhPVnf854VTc,blockrazor,6,6
EAW9vxqogvdPNapq7QTDpiVTHK6o7begUhPVnf854VTc,blocksprint,15,15
EAW9vxqogvdPNapq7QTDpiVTHK6o7begUhPVnf854VTc,bloxroute,27,27
EAW9vxqogvdPNapq7QTDpiVTHK6o7begUhPVnf854VTc,landX,129,129
EAW9vxqogvdPNapq7QTDpiVTHK6o7begUhPVnf854VTc,stellium,157,157
EBk678aQvc3cUkfGyoehfw21JQfJXjmWuBeopYc89RSV,(none),260,0
EBk678aQvc3cUkfGyoehfw21JQfJXjmWuBeopYc89RSV,0slot,15,15
EBk678aQvc3cUkfGyoehfw21JQfJXjmWuBeopYc89RSV,AstraLane,28,28
EBk678aQvc3cUkfGyoehfw21JQfJXjmWuBeopYc89RSV,BloxRoute,1,1
EBk678aQvc3cUkfGyoehfw21JQfJXjmWuBeopYc89RSV,Falcon,71,71
EBk678aQvc3cUkfGyoehfw21JQfJXjmWuBeopYc89RSV,Helius,50,50
EBk678aQvc3cUkfGyoehfw21JQfJXjmWuBeopYc89RSV,Jito,40,40
EBk678aQvc3cUkfGyoehfw21JQfJXjmWuBeopYc89RSV,Nextblock,3,3
EBk678aQvc3cUkfGyoehfw21JQfJXjmWuBeopYc89RSV,NodeOne,32,32
EBk678aQvc3cUkfGyoehfw21JQfJXjmWuBeopYc89RSV,Soyas,4,4
EBk678aQvc3cUkfGyoehfw21JQfJXjmWuBeopYc89RSV,Stellium,31,31
EBk678aQvc3cUkfGyoehfw21JQfJXjmWuBeopYc89RSV,Temporal,27,27
EBk678aQvc3cUkfGyoehfw21JQfJXjmWuBeopYc89RSV,blockRazor,1,1
EBk678aQvc3cUkfGyoehfw21JQfJXjmWuBeopYc89RSV,blockrazor,4,4
EBk678aQvc3cUkfGyoehfw21JQfJXjmWuBeopYc89RSV,blocksprint,13,13
EBk678aQvc3cUkfGyoehfw21JQfJXjmWuBeopYc89RSV,bloxroute,8,8
EBk678aQvc3cUkfGyoehfw21JQfJXjmWuBeopYc89RSV,landX,61,61
EBk678aQvc3cUkfGyoehfw21JQfJXjmWuBeopYc89RSV,stellium,102,102
ECNnK4VjcKTsABiw8FAp3JCE6tCmYyrEJthYVyMazmxi,(none),534,0
ECNnK4VjcKTsABiw8FAp3JCE6tCmYyrEJthYVyMazmxi,0slot,65,65
ECNnK4VjcKTsABiw8FAp3JCE6tCmYyrEJthYVyMazmxi,AstraLane,158,158
ECNnK4VjcKTsABiw8FAp3JCE6tCmYyrEJthYVyMazmxi,Falcon,173,173
ECNnK4VjcKTsABiw8FAp3JCE6tCmYyrEJthYVyMazmxi,Flashblock,2,2
ECNnK4VjcKTsABiw8FAp3JCE6tCmYyrEJthYVyMazmxi,Helius,298,298
ECNnK4VjcKTsABiw8FAp3JCE6tCmYyrEJthYVyMazmxi,Jito,69,69
ECNnK4VjcKTsABiw8FAp3JCE6tCmYyrEJthYVyMazmxi,Moon,1,1
ECNnK4VjcKTsABiw8FAp3JCE6tCmYyrEJthYVyMazmxi,Nextblock,66,66
ECNnK4VjcKTsABiw8FAp3JCE6tCmYyrEJthYVyMazmxi,NodeOne,73,73
ECNnK4VjcKTsABiw8FAp3JCE6tCmYyrEJthYVyMazmxi,Soyas,13,13
ECNnK4VjcKTsABiw8FAp3JCE6tCmYyrEJthYVyMazmxi,Stellium,117,117
ECNnK4VjcKTsABiw8FAp3JCE6tCmYyrEJthYVyMazmxi,Temporal,69,69
ECNnK4VjcKTsABiw8FAp3JCE6tCmYyrEJthYVyMazmxi,blockRazor,9,9
ECNnK4VjcKTsABiw8FAp3JCE6tCmYyrEJthYVyMazmxi,blockrazor,18,18
ECNnK4VjcKTsABiw8FAp3JCE6tCmYyrEJthYVyMazmxi,blocksprint,91,91
ECNnK4VjcKTsABiw8FAp3JCE6tCmYyrEJthYVyMazmxi,bloxroute,41,41
ECNnK4VjcKTsABiw8FAp3JCE6tCmYyrEJthYVyMazmxi,landX,277,277
ECNnK4VjcKTsABiw8FAp3JCE6tCmYyrEJthYVyMazmxi,stellium,390,390
ECZx4Dfyn2o55KTYbM9r3Dt4VZRcrdfdrst7sUbWgrdU,(none),316,0
ECZx4Dfyn2o55KTYbM9r3Dt4VZRcrdfdrst7sUbWgrdU,0slot,31,31
ECZx4Dfyn2o55KTYbM9r3Dt4VZRcrdfdrst7sUbWgrdU,AstraLane,44,44
ECZx4Dfyn2o55KTYbM9r3Dt4VZRcrdfdrst7sUbWgrdU,BloxRoute,1,1
ECZx4Dfyn2o55KTYbM9r3Dt4VZRcrdfdrst7sUbWgrdU,Falcon,57,57
ECZx4Dfyn2o55KTYbM9r3Dt4VZRcrdfdrst7sUbWgrdU,Helius,113,113
ECZx4Dfyn2o55KTYbM9r3Dt4VZRcrdfdrst7sUbWgrdU,Jito,26,26
ECZx4Dfyn2o55KTYbM9r3Dt4VZRcrdfdrst7sUbWgrdU,Nextblock,12,12
ECZx4Dfyn2o55KTYbM9r3Dt4VZRcrdfdrst7sUbWgrdU,NodeOne,29,29
ECZx4Dfyn2o55KTYbM9r3Dt4VZRcrdfdrst7sUbWgrdU,Soyas,3,3
ECZx4Dfyn2o55KTYbM9r3Dt4VZRcrdfdrst7sUbWgrdU,Stellium,33,33
ECZx4Dfyn2o55KTYbM9r3Dt4VZRcrdfdrst7sUbWgrdU,Temporal,54,54
ECZx4Dfyn2o55KTYbM9r3Dt4VZRcrdfdrst7sUbWgrdU,blockRazor,2,2
ECZx4Dfyn2o55KTYbM9r3Dt4VZRcrdfdrst7sUbWgrdU,blockrazor,9,9
ECZx4Dfyn2o55KTYbM9r3Dt4VZRcrdfdrst7sUbWgrdU,blocksprint,34,34
ECZx4Dfyn2o55KTYbM9r3Dt4VZRcrdfdrst7sUbWgrdU,bloxroute,27,27
ECZx4Dfyn2o55KTYbM9r3Dt4VZRcrdfdrst7sUbWgrdU,landX,50,50
ECZx4Dfyn2o55KTYbM9r3Dt4VZRcrdfdrst7sUbWgrdU,stellium,135,135
ECeaWy82CxpeJQr3EG3XNmYXc9NrVeWDH5ag9Lt6TPVR,(none),574,0
ECeaWy82CxpeJQr3EG3XNmYXc9NrVeWDH5ag9Lt6TPVR,0slot,36,36
ECeaWy82CxpeJQr3EG3XNmYXc9NrVeWDH5ag9Lt6TPVR,AstraLane,81,81
ECeaWy82CxpeJQr3EG3XNmYXc9NrVeWDH5ag9Lt6TPVR,BloxRoute,1,1
ECeaWy82CxpeJQr3EG3XNmYXc9NrVeWDH5ag9Lt6TPVR,Falcon,110,110
ECeaWy82CxpeJQr3EG3XNmYXc9NrVeWDH5ag9Lt6TPVR,Helius,191,191
ECeaWy82CxpeJQr3EG3XNmYXc9NrVeWDH5ag9Lt6TPVR,Jito,50,50
ECeaWy82CxpeJQr3EG3XNmYXc9NrVeWDH5ag9Lt6TPVR,Nextblock,38,38
ECeaWy82CxpeJQr3EG3XNmYXc9NrVeWDH5ag9Lt6TPVR,NodeOne,50,50
ECeaWy82CxpeJQr3EG3XNmYXc9NrVeWDH5ag9Lt6TPVR,Soyas,11,11
ECeaWy82CxpeJQr3EG3XNmYXc9NrVeWDH5ag9Lt6TPVR,Stellium,89,89
ECeaWy82CxpeJQr3EG3XNmYXc9NrVeWDH5ag9Lt6TPVR,Temporal,44,44
ECeaWy82CxpeJQr3EG3XNmYXc9NrVeWDH5ag9Lt6TPVR,blockRazor,4,4
ECeaWy82CxpeJQr3EG3XNmYXc9NrVeWDH5ag9Lt6TPVR,blockrazor,13,13
ECeaWy82CxpeJQr3EG3XNmYXc9NrVeWDH5ag9Lt6TPVR,blocksprint,38,38
ECeaWy82CxpeJQr3EG3XNmYXc9NrVeWDH5ag9Lt6TPVR,bloxroute,10,10
ECeaWy82CxpeJQr3EG3XNmYXc9NrVeWDH5ag9Lt6TPVR,landX,203,203
ECeaWy82CxpeJQr3EG3XNmYXc9NrVeWDH5ag9Lt6TPVR,stellium,265,265
EKgSCR3ahdypkxXcBY43ZNxdmyZqPkKNPey3rwKjqbz7,(none),656,0
EKgSCR3ahdypkxXcBY43ZNxdmyZqPkKNPey3rwKjqbz7,0slot,58,58
EKgSCR3ahdypkxXcBY43ZNxdmyZqPkKNPey3rwKjqbz7,AstraLane,58,58
EKgSCR3ahdypkxXcBY43ZNxdmyZqPkKNPey3rwKjqbz7,BloxRoute,3,3
EKgSCR3ahdypkxXcBY43ZNxdmyZqPkKNPey3rwKjqbz7,Falcon,154,154
EKgSCR3ahdypkxXcBY43ZNxdmyZqPkKNPey3rwKjqbz7,Flashblock,1,1
EKgSCR3ahdypkxXcBY43ZNxdmyZqPkKNPey3rwKjqbz7,Helius,167,167
EKgSCR3ahdypkxXcBY43ZNxdmyZqPkKNPey3rwKjqbz7,Jito,133,133
EKgSCR3ahdypkxXcBY43ZNxdmyZqPkKNPey3rwKjqbz7,Moon,1,1
EKgSCR3ahdypkxXcBY43ZNxdmyZqPkKNPey3rwKjqbz7,Nextblock,25,25
EKgSCR3ahdypkxXcBY43ZNxdmyZqPkKNPey3rwKjqbz7,NodeOne,39,39
EKgSCR3ahdypkxXcBY43ZNxdmyZqPkKNPey3rwKjqbz7,Soyas,8,8
EKgSCR3ahdypkxXcBY43ZNxdmyZqPkKNPey3rwKjqbz7,Stellium,99,99
EKgSCR3ahdypkxXcBY43ZNxdmyZqPkKNPey3rwKjqbz7,Temporal,53,53
EKgSCR3ahdypkxXcBY43ZNxdmyZqPkKNPey3rwKjqbz7,blockRazor,3,3
EKgSCR3ahdypkxXcBY43ZNxdmyZqPkKNPey3rwKjqbz7,blockrazor,9,9
EKgSCR3ahdypkxXcBY43ZNxdmyZqPkKNPey3rwKjqbz7,blocksprint,49,49
EKgSCR3ahdypkxXcBY43ZNxdmyZqPkKNPey3rwKjqbz7,bloxroute,10,10
EKgSCR3ahdypkxXcBY43ZNxdmyZqPkKNPey3rwKjqbz7,landX,126,126
EKgSCR3ahdypkxXcBY43ZNxdmyZqPkKNPey3rwKjqbz7,stellium,271,271
EN5F2BU5juUEWr9zRNNqKuQMi9zBUY1YLPHV5EyMrvnW,(none),427,0
EN5F2BU5juUEWr9zRNNqKuQMi9zBUY1YLPHV5EyMrvnW,0slot,27,27
EN5F2BU5juUEWr9zRNNqKuQMi9zBUY1YLPHV5EyMrvnW,AstraLane,35,35
EN5F2BU5juUEWr9zRNNqKuQMi9zBUY1YLPHV5EyMrvnW,Astralane,1,1
EN5F2BU5juUEWr9zRNNqKuQMi9zBUY1YLPHV5EyMrvnW,Falcon,79,79
EN5F2BU5juUEWr9zRNNqKuQMi9zBUY1YLPHV5EyMrvnW,Helius,106,105
EN5F2BU5juUEWr9zRNNqKuQMi9zBUY1YLPHV5EyMrvnW,Jito,63,63
EN5F2BU5juUEWr9zRNNqKuQMi9zBUY1YLPHV5EyMrvnW,Nextblock,9,9
EN5F2BU5juUEWr9zRNNqKuQMi9zBUY1YLPHV5EyMrvnW,NodeOne,63,63
EN5F2BU5juUEWr9zRNNqKuQMi9zBUY1YLPHV5EyMrvnW,Soyas,2,2
EN5F2BU5juUEWr9zRNNqKuQMi9zBUY1YLPHV5EyMrvnW,Stellium,42,42
EN5F2BU5juUEWr9zRNNqKuQMi9zBUY1YLPHV5EyMrvnW,Temporal,33,33
EN5F2BU5juUEWr9zRNNqKuQMi9zBUY1YLPHV5EyMrvnW,blockRazor,1,1
EN5F2BU5juUEWr9zRNNqKuQMi9zBUY1YLPHV5EyMrvnW,blockrazor,5,5
EN5F2BU5juUEWr9zRNNqKuQMi9zBUY1YLPHV5EyMrvnW,blocksprint,30,30
EN5F2BU5juUEWr9zRNNqKuQMi9zBUY1YLPHV5EyMrvnW,bloxroute,24,23
EN5F2BU5juUEWr9zRNNqKuQMi9zBUY1YLPHV5EyMrvnW,landX,98,98
EN5F2BU5juUEWr9zRNNqKuQMi9zBUY1YLPHV5EyMrvnW,stellium,164,164
EPFZFVrXuveEQar9LaEkt5kDRPMnbvK54qu5FwCxpkcy,(none),465,0
EPFZFVrXuveEQar9LaEkt5kDRPMnbvK54qu5FwCxpkcy,0slot,47,47
EPFZFVrXuveEQar9LaEkt5kDRPMnbvK54qu5FwCxpkcy,AstraLane,50,50
EPFZFVrXuveEQar9LaEkt5kDRPMnbvK54qu5FwCxpkcy,Astralane,1,1
EPFZFVrXuveEQar9LaEkt5kDRPMnbvK54qu5FwCxpkcy,BloxRoute,2,2
EPFZFVrXuveEQar9LaEkt5kDRPMnbvK54qu5FwCxpkcy,Falcon,55,55
EPFZFVrXuveEQar9LaEkt5kDRPMnbvK54qu5FwCxpkcy,Flashblock,4,4
EPFZFVrXuveEQar9LaEkt5kDRPMnbvK54qu5FwCxpkcy,Helius,144,144
EPFZFVrXuveEQar9LaEkt5kDRPMnbvK54qu5FwCxpkcy,Jito,60,59
EPFZFVrXuveEQar9LaEkt5kDRPMnbvK54qu5FwCxpkcy,Moon,1,1
EPFZFVrXuveEQar9LaEkt5kDRPMnbvK54qu5FwCxpkcy,Nextblock,9,9
EPFZFVrXuveEQar9LaEkt5kDRPMnbvK54qu5FwCxpkcy,NodeOne,29,29
EPFZFVrXuveEQar9LaEkt5kDRPMnbvK54qu5FwCxpkcy,Soyas,5,5
EPFZFVrXuveEQar9LaEkt5kDRPMnbvK54qu5FwCxpkcy,Stellium,65,65
EPFZFVrXuveEQar9LaEkt5kDRPMnbvK54qu5FwCxpkcy,Temporal,42,42
EPFZFVrXuveEQar9LaEkt5kDRPMnbvK54qu5FwCxpkcy,blockRazor,4,4
EPFZFVrXuveEQar9LaEkt5kDRPMnbvK54qu5FwCxpkcy,blockrazor,9,9
EPFZFVrXuveEQar9LaEkt5kDRPMnbvK54qu5FwCxpkcy,blocksprint,20,20
EPFZFVrXuveEQar9LaEkt5kDRPMnbvK54qu5FwCxpkcy,bloxroute,27,27
EPFZFVrXuveEQar9LaEkt5kDRPMnbvK54qu5FwCxpkcy,landX,66,66
EPFZFVrXuveEQar9LaEkt5kDRPMnbvK54qu5FwCxpkcy,stellium,147,147
EQhTjikb1L2jvxsCaSW2o2TuRXh4Do6HzBEWCxpeM44W,(none),1502,0
EQhTjikb1L2jvxsCaSW2o2TuRXh4Do6HzBEWCxpeM44W,0slot,112,112
EQhTjikb1L2jvxsCaSW2o2TuRXh4Do6HzBEWCxpeM44W,AstraLane,220,220
EQhTjikb1L2jvxsCaSW2o2TuRXh4Do6HzBEWCxpeM44W,Astralane,3,3
EQhTjikb1L2jvxsCaSW2o2TuRXh4Do6HzBEWCxpeM44W,Falcon,398,398
EQhTjikb1L2jvxsCaSW2o2TuRXh4Do6HzBEWCxpeM44W,Flashblock,4,4
EQhTjikb1L2jvxsCaSW2o2TuRXh4Do6HzBEWCxpeM44W,Helius,524,524
EQhTjikb1L2jvxsCaSW2o2TuRXh4Do6HzBEWCxpeM44W,Jito,125,125
EQhTjikb1L2jvxsCaSW2o2TuRXh4Do6HzBEWCxpeM44W,Moon,1,1
EQhTjikb1L2jvxsCaSW2o2TuRXh4Do6HzBEWCxpeM44W,Nextblock,71,71
EQhTjikb1L2jvxsCaSW2o2TuRXh4Do6HzBEWCxpeM44W,NodeOne,174,174
EQhTjikb1L2jvxsCaSW2o2TuRXh4Do6HzBEWCxpeM44W,Soyas,21,21
EQhTjikb1L2jvxsCaSW2o2TuRXh4Do6HzBEWCxpeM44W,Stellium,276,276
EQhTjikb1L2jvxsCaSW2o2TuRXh4Do6HzBEWCxpeM44W,Temporal,198,198
EQhTjikb1L2jvxsCaSW2o2TuRXh4Do6HzBEWCxpeM44W,blockRazor,2,2
EQhTjikb1L2jvxsCaSW2o2TuRXh4Do6HzBEWCxpeM44W,blockrazor,41,41
EQhTjikb1L2jvxsCaSW2o2TuRXh4Do6HzBEWCxpeM44W,blocksprint,151,151
EQhTjikb1L2jvxsCaSW2o2TuRXh4Do6HzBEWCxpeM44W,bloxroute,52,52
EQhTjikb1L2jvxsCaSW2o2TuRXh4Do6HzBEWCxpeM44W,landX,470,470
EQhTjikb1L2jvxsCaSW2o2TuRXh4Do6HzBEWCxpeM44W,stellium,801,801
ETcW7iuVraMKLMJayNCCsr9bLvKrJPDczy1CMVMPmXTc,(none),1260,0
ETcW7iuVraMKLMJayNCCsr9bLvKrJPDczy1CMVMPmXTc,0slot,90,90
ETcW7iuVraMKLMJayNCCsr9bLvKrJPDczy1CMVMPmXTc,AstraLane,206,206
ETcW7iuVraMKLMJayNCCsr9bLvKrJPDczy1CMVMPmXTc,BloxRoute,5,5
ETcW7iuVraMKLMJayNCCsr9bLvKrJPDczy1CMVMPmXTc,Falcon,270,270
ETcW7iuVraMKLMJayNCCsr9bLvKrJPDczy1CMVMPmXTc,Flashblock,1,1
ETcW7iuVraMKLMJayNCCsr9bLvKrJPDczy1CMVMPmXTc,Helius,522,522
ETcW7iuVraMKLMJayNCCsr9bLvKrJPDczy1CMVMPmXTc,Jito,164,164
ETcW7iuVraMKLMJayNCCsr9bLvKrJPDczy1CMVMPmXTc,Nextblock,64,64
ETcW7iuVraMKLMJayNCCsr9bLvKrJPDczy1CMVMPmXTc,NodeOne,107,107
ETcW7iuVraMKLMJayNCCsr9bLvKrJPDczy1CMVMPmXTc,Soyas,15,15
ETcW7iuVraMKLMJayNCCsr9bLvKrJPDczy1CMVMPmXTc,Stellium,189,189
ETcW7iuVraMKLMJayNCCsr9bLvKrJPDczy1CMVMPmXTc,Temporal,120,120
ETcW7iuVraMKLMJayNCCsr9bLvKrJPDczy1CMVMPmXTc,blockRazor,11,11
ETcW7iuVraMKLMJayNCCsr9bLvKrJPDczy1CMVMPmXTc,blockrazor,26,26
ETcW7iuVraMKLMJayNCCsr9bLvKrJPDczy1CMVMPmXTc,blocksprint,113,113
ETcW7iuVraMKLMJayNCCsr9bLvKrJPDczy1CMVMPmXTc,bloxroute,79,79
ETcW7iuVraMKLMJayNCCsr9bLvKrJPDczy1CMVMPmXTc,landX,398,398
ETcW7iuVraMKLMJayNCCsr9bLvKrJPDczy1CMVMPmXTc,stellium,771,771
ETuPS3kRfLufz5VSYN2ZrePoEVSZSpgVPKz3MUZpYe3x,(none),792,0
ETuPS3kRfLufz5VSYN2ZrePoEVSZSpgVPKz3MUZpYe3x,0slot,81,81
ETuPS3kRfLufz5VSYN2ZrePoEVSZSpgVPKz3MUZpYe3x,AstraLane,141,141
ETuPS3kRfLufz5VSYN2ZrePoEVSZSpgVPKz3MUZpYe3x,BloxRoute,1,1
ETuPS3kRfLufz5VSYN2ZrePoEVSZSpgVPKz3MUZpYe3x,Falcon,49,49
ETuPS3kRfLufz5VSYN2ZrePoEVSZSpgVPKz3MUZpYe3x,Flashblock,1,1
ETuPS3kRfLufz5VSYN2ZrePoEVSZSpgVPKz3MUZpYe3x,Helius,303,303
ETuPS3kRfLufz5VSYN2ZrePoEVSZSpgVPKz3MUZpYe3x,Jito,111,111
ETuPS3kRfLufz5VSYN2ZrePoEVSZSpgVPKz3MUZpYe3x,Nextblock,40,40
ETuPS3kRfLufz5VSYN2ZrePoEVSZSpgVPKz3MUZpYe3x,NodeOne,120,120
ETuPS3kRfLufz5VSYN2ZrePoEVSZSpgVPKz3MUZpYe3x,Soyas,6,6
ETuPS3kRfLufz5VSYN2ZrePoEVSZSpgVPKz3MUZpYe3x,Stellium,95,95
ETuPS3kRfLufz5VSYN2ZrePoEVSZSpgVPKz3MUZpYe3x,Temporal,112,112
ETuPS3kRfLufz5VSYN2ZrePoEVSZSpgVPKz3MUZpYe3x,blockRazor,3,3
ETuPS3kRfLufz5VSYN2ZrePoEVSZSpgVPKz3MUZpYe3x,blockrazor,23,23
ETuPS3kRfLufz5VSYN2ZrePoEVSZSpgVPKz3MUZpYe3x,blocksprint,58,58
ETuPS3kRfLufz5VSYN2ZrePoEVSZSpgVPKz3MUZpYe3x,bloxroute,44,44
ETuPS3kRfLufz5VSYN2ZrePoEVSZSpgVPKz3MUZpYe3x,landX,212,212
ETuPS3kRfLufz5VSYN2ZrePoEVSZSpgVPKz3MUZpYe3x,stellium,334,334
EUDis6LJeJzDHTEBgfHGQyjHp63XZkGkx4E69xunC2Ej,(none),317,0
EUDis6LJeJzDHTEBgfHGQyjHp63XZkGkx4E69xunC2Ej,0slot,37,37
EUDis6LJeJzDHTEBgfHGQyjHp63XZkGkx4E69xunC2Ej,AstraLane,69,69
EUDis6LJeJzDHTEBgfHGQyjHp63XZkGkx4E69xunC2Ej,BloxRoute,2,2
EUDis6LJeJzDHTEBgfHGQyjHp63XZkGkx4E69xunC2Ej,Falcon,132,132
EUDis6LJeJzDHTEBgfHGQyjHp63XZkGkx4E69xunC2Ej,Helius,109,109
EUDis6LJeJzDHTEBgfHGQyjHp63XZkGkx4E69xunC2Ej,Jito,49,49
EUDis6LJeJzDHTEBgfHGQyjHp63XZkGkx4E69xunC2Ej,Nextblock,22,22
EUDis6LJeJzDHTEBgfHGQyjHp63XZkGkx4E69xunC2Ej,NodeOne,58,58
EUDis6LJeJzDHTEBgfHGQyjHp63XZkGkx4E69xunC2Ej,Soyas,4,4
EUDis6LJeJzDHTEBgfHGQyjHp63XZkGkx4E69xunC2Ej,Stellium,62,62
EUDis6LJeJzDHTEBgfHGQyjHp63XZkGkx4E69xunC2Ej,Temporal,59,59
EUDis6LJeJzDHTEBgfHGQyjHp63XZkGkx4E69xunC2Ej,blockRazor,1,1
EUDis6LJeJzDHTEBgfHGQyjHp63XZkGkx4E69xunC2Ej,blockrazor,13,13
EUDis6LJeJzDHTEBgfHGQyjHp63XZkGkx4E69xunC2Ej,blocksprint,25,25
EUDis6LJeJzDHTEBgfHGQyjHp63XZkGkx4E69xunC2Ej,bloxroute,9,9
EUDis6LJeJzDHTEBgfHGQyjHp63XZkGkx4E69xunC2Ej,landX,103,103
EUDis6LJeJzDHTEBgfHGQyjHp63XZkGkx4E69xunC2Ej,stellium,153,153
EUcJwf7jXskRE6NZBtFPVH2EedNvNYko8LL2WT62XctB,(none),4200,0
EUcJwf7jXskRE6NZBtFPVH2EedNvNYko8LL2WT62XctB,0slot,379,379
EUcJwf7jXskRE6NZBtFPVH2EedNvNYko8LL2WT62XctB,AstraLane,729,729
EUcJwf7jXskRE6NZBtFPVH2EedNvNYko8LL2WT62XctB,Astralane,1,1
EUcJwf7jXskRE6NZBtFPVH2EedNvNYko8LL2WT62XctB,BloxRoute,11,11
EUcJwf7jXskRE6NZBtFPVH2EedNvNYko8LL2WT62XctB,Falcon,355,355
EUcJwf7jXskRE6NZBtFPVH2EedNvNYko8LL2WT62XctB,Flashblock,5,5
EUcJwf7jXskRE6NZBtFPVH2EedNvNYko8LL2WT62XctB,Helius,1483,1483
EUcJwf7jXskRE6NZBtFPVH2EedNvNYko8LL2WT62XctB,Jito,691,691
EUcJwf7jXskRE6NZBtFPVH2EedNvNYko8LL2WT62XctB,Moon,5,5
EUcJwf7jXskRE6NZBtFPVH2EedNvNYko8LL2WT62XctB,Nextblock,205,205
EUcJwf7jXskRE6NZBtFPVH2EedNvNYko8LL2WT62XctB,NodeOne,449,449
EUcJwf7jXskRE6NZBtFPVH2EedNvNYko8LL2WT62XctB,Soyas,42,42
EUcJwf7jXskRE6NZBtFPVH2EedNvNYko8LL2WT62XctB,Stellium,564,564
EUcJwf7jXskRE6NZBtFPVH2EedNvNYko8LL2WT62XctB,Temporal,538,537
EUcJwf7jXskRE6NZBtFPVH2EedNvNYko8LL2WT62XctB,blockRazor,26,26
EUcJwf7jXskRE6NZBtFPVH2EedNvNYko8LL2WT62XctB,blockrazor,117,117
EUcJwf7jXskRE6NZBtFPVH2EedNvNYko8LL2WT62XctB,blocksprint,336,336
EUcJwf7jXskRE6NZBtFPVH2EedNvNYko8LL2WT62XctB,bloxroute,556,556
EUcJwf7jXskRE6NZBtFPVH2EedNvNYko8LL2WT62XctB,landX,1122,1122
EUcJwf7jXskRE6NZBtFPVH2EedNvNYko8LL2WT62XctB,stellium,1837,1837
EWARp8Syq8cTWGWHtP5LT9fKAn5GvXfSCH8LfAwpgQ6m,(none),335,0
EWARp8Syq8cTWGWHtP5LT9fKAn5GvXfSCH8LfAwpgQ6m,0slot,35,35
EWARp8Syq8cTWGWHtP5LT9fKAn5GvXfSCH8LfAwpgQ6m,96gYZGLnJYVFmbjzopPSU6QiEV5fGqZNyN9nmNhvrZU5,1,1
EWARp8Syq8cTWGWHtP5LT9fKAn5GvXfSCH8LfAwpgQ6m,AstraLane,39,39
EWARp8Syq8cTWGWHtP5LT9fKAn5GvXfSCH8LfAwpgQ6m,Falcon,140,140
EWARp8Syq8cTWGWHtP5LT9fKAn5GvXfSCH8LfAwpgQ6m,Helius,86,86
EWARp8Syq8cTWGWHtP5LT9fKAn5GvXfSCH8LfAwpgQ6m,Jito,45,45
EWARp8Syq8cTWGWHtP5LT9fKAn5GvXfSCH8LfAwpgQ6m,Moon,1,1
EWARp8Syq8cTWGWHtP5LT9fKAn5GvXfSCH8LfAwpgQ6m,Nextblock,22,22
EWARp8Syq8cTWGWHtP5LT9fKAn5GvXfSCH8LfAwpgQ6m,NodeOne,58,58
EWARp8Syq8cTWGWHtP5LT9fKAn5GvXfSCH8LfAwpgQ6m,Soyas,4,4
EWARp8Syq8cTWGWHtP5LT9fKAn5GvXfSCH8LfAwpgQ6m,Stellium,60,60
EWARp8Syq8cTWGWHtP5LT9fKAn5GvXfSCH8LfAwpgQ6m,Temporal,40,40
EWARp8Syq8cTWGWHtP5LT9fKAn5GvXfSCH8LfAwpgQ6m,blockRazor,3,3
EWARp8Syq8cTWGWHtP5LT9fKAn5GvXfSCH8LfAwpgQ6m,blockrazor,10,10
EWARp8Syq8cTWGWHtP5LT9fKAn5GvXfSCH8LfAwpgQ6m,blocksprint,32,32
EWARp8Syq8cTWGWHtP5LT9fKAn5GvXfSCH8LfAwpgQ6m,bloxroute,19,19
EWARp8Syq8cTWGWHtP5LT9fKAn5GvXfSCH8LfAwpgQ6m,landX,84,84
EWARp8Syq8cTWGWHtP5LT9fKAn5GvXfSCH8LfAwpgQ6m,stellium,167,167
EXckihF3qmguH5znjhfzLvHsbk2E3nEW2DqNh4MMnDMm,(none),16781,0
EXckihF3qmguH5znjhfzLvHsbk2E3nEW2DqNh4MMnDMm,0slot,1078,1078
EXckihF3qmguH5znjhfzLvHsbk2E3nEW2DqNh4MMnDMm,AstraLane,6047,6047
EXckihF3qmguH5znjhfzLvHsbk2E3nEW2DqNh4MMnDMm,Astralane,12,12
EXckihF3qmguH5znjhfzLvHsbk2E3nEW2DqNh4MMnDMm,BloxRoute,54,54
EXckihF3qmguH5znjhfzLvHsbk2E3nEW2DqNh4MMnDMm,Falcon,5606,5606
EXckihF3qmguH5znjhfzLvHsbk2E3nEW2DqNh4MMnDMm,Flashblock,21,21
EXckihF3qmguH5znjhfzLvHsbk2E3nEW2DqNh4MMnDMm,Helius,6387,6387
EXckihF3qmguH5znjhfzLvHsbk2E3nEW2DqNh4MMnDMm,Jito,2688,2686
EXckihF3qmguH5znjhfzLvHsbk2E3nEW2DqNh4MMnDMm,Moon,2,2
EXckihF3qmguH5znjhfzLvHsbk2E3nEW2DqNh4MMnDMm,Nextblock,902,902
EXckihF3qmguH5znjhfzLvHsbk2E3nEW2DqNh4MMnDMm,NodeOne,1797,1797
EXckihF3qmguH5znjhfzLvHsbk2E3nEW2DqNh4MMnDMm,Soyas,188,188
EXckihF3qmguH5znjhfzLvHsbk2E3nEW2DqNh4MMnDMm,Stellium,3702,3702
EXckihF3qmguH5znjhfzLvHsbk2E3nEW2DqNh4MMnDMm,Temporal,2126,2125
EXckihF3qmguH5znjhfzLvHsbk2E3nEW2DqNh4MMnDMm,blockRazor,138,138
EXckihF3qmguH5znjhfzLvHsbk2E3nEW2DqNh4MMnDMm,blockrazor,329,329
EXckihF3qmguH5znjhfzLvHsbk2E3nEW2DqNh4MMnDMm,blocksprint,1848,1848
EXckihF3qmguH5znjhfzLvHsbk2E3nEW2DqNh4MMnDMm,bloxroute,4561,4560
EXckihF3qmguH5znjhfzLvHsbk2E3nEW2DqNh4MMnDMm,landX,4590,4590
EXckihF3qmguH5znjhfzLvHsbk2E3nEW2DqNh4MMnDMm,stellium,9269,9269
Ed9WjPnZfAXsPttcqxMwj94qsuXVRyBsyXnDkxFva2Zv,(none),1204,0
Ed9WjPnZfAXsPttcqxMwj94qsuXVRyBsyXnDkxFva2Zv,0slot,115,115
Ed9WjPnZfAXsPttcqxMwj94qsuXVRyBsyXnDkxFva2Zv,AstraLane,158,158
Ed9WjPnZfAXsPttcqxMwj94qsuXVRyBsyXnDkxFva2Zv,Astralane,3,3
Ed9WjPnZfAXsPttcqxMwj94qsuXVRyBsyXnDkxFva2Zv,BloxRoute,1,1
Ed9WjPnZfAXsPttcqxMwj94qsuXVRyBsyXnDkxFva2Zv,Falcon,385,385
Ed9WjPnZfAXsPttcqxMwj94qsuXVRyBsyXnDkxFva2Zv,Flashblock,1,1
Ed9WjPnZfAXsPttcqxMwj94qsuXVRyBsyXnDkxFva2Zv,Helius,405,405
Ed9WjPnZfAXsPttcqxMwj94qsuXVRyBsyXnDkxFva2Zv,Jito,165,165
Ed9WjPnZfAXsPttcqxMwj94qsuXVRyBsyXnDkxFva2Zv,Moon,2,2
Ed9WjPnZfAXsPttcqxMwj94qsuXVRyBsyXnDkxFva2Zv,Nextblock,79,79
Ed9WjPnZfAXsPttcqxMwj94qsuXVRyBsyXnDkxFva2Zv,NodeOne,145,145
Ed9WjPnZfAXsPttcqxMwj94qsuXVRyBsyXnDkxFva2Zv,Soyas,15,15
Ed9WjPnZfAXsPttcqxMwj94qsuXVRyBsyXnDkxFva2Zv,Stellium,202,202
Ed9WjPnZfAXsPttcqxMwj94qsuXVRyBsyXnDkxFva2Zv,Temporal,158,157
Ed9WjPnZfAXsPttcqxMwj94qsuXVRyBsyXnDkxFva2Zv,blockRazor,4,4
Ed9WjPnZfAXsPttcqxMwj94qsuXVRyBsyXnDkxFva2Zv,blockrazor,43,43
Ed9WjPnZfAXsPttcqxMwj94qsuXVRyBsyXnDkxFva2Zv,blocksprint,138,138
Ed9WjPnZfAXsPttcqxMwj94qsuXVRyBsyXnDkxFva2Zv,bloxroute,58,58
Ed9WjPnZfAXsPttcqxMwj94qsuXVRyBsyXnDkxFva2Zv,landX,334,334
Ed9WjPnZfAXsPttcqxMwj94qsuXVRyBsyXnDkxFva2Zv,stellium,608,608
EdFUcP2f6j9iBg5BqsgJn3WDr1JieiKCo41hZ5Zrsk6w,(none),1451,0
EdFUcP2f6j9iBg5BqsgJn3WDr1JieiKCo41hZ5Zrsk6w,0slot,96,96
EdFUcP2f6j9iBg5BqsgJn3WDr1JieiKCo41hZ5Zrsk6w,AstraLane,252,252
EdFUcP2f6j9iBg5BqsgJn3WDr1JieiKCo41hZ5Zrsk6w,BloxRoute,4,4
EdFUcP2f6j9iBg5BqsgJn3WDr1JieiKCo41hZ5Zrsk6w,Falcon,236,236
EdFUcP2f6j9iBg5BqsgJn3WDr1JieiKCo41hZ5Zrsk6w,Flashblock,1,1
EdFUcP2f6j9iBg5BqsgJn3WDr1JieiKCo41hZ5Zrsk6w,Helius,655,655
EdFUcP2f6j9iBg5BqsgJn3WDr1JieiKCo41hZ5Zrsk6w,Jito,120,120
EdFUcP2f6j9iBg5BqsgJn3WDr1JieiKCo41hZ5Zrsk6w,Nextblock,75,75
EdFUcP2f6j9iBg5BqsgJn3WDr1JieiKCo41hZ5Zrsk6w,NodeOne,125,125
EdFUcP2f6j9iBg5BqsgJn3WDr1JieiKCo41hZ5Zrsk6w,Soyas,11,11
EdFUcP2f6j9iBg5BqsgJn3WDr1JieiKCo41hZ5Zrsk6w,Stellium,177,177
EdFUcP2f6j9iBg5BqsgJn3WDr1JieiKCo41hZ5Zrsk6w,Temporal,121,121
EdFUcP2f6j9iBg5BqsgJn3WDr1JieiKCo41hZ5Zrsk6w,blockRazor,13,13
EdFUcP2f6j9iBg5BqsgJn3WDr1JieiKCo41hZ5Zrsk6w,blockrazor,34,34
EdFUcP2f6j9iBg5BqsgJn3WDr1JieiKCo41hZ5Zrsk6w,blocksprint,146,146
EdFUcP2f6j9iBg5BqsgJn3WDr1JieiKCo41hZ5Zrsk6w,bloxroute,58,58
EdFUcP2f6j9iBg5BqsgJn3WDr1JieiKCo41hZ5Zrsk6w,landX,458,458
EdFUcP2f6j9iBg5BqsgJn3WDr1JieiKCo41hZ5Zrsk6w,stellium,690,690
EdGevanA2MZsDpxDXK6b36FH7RCcTuDZZRcc6MEyE9hy,(none),1229,0
EdGevanA2MZsDpxDXK6b36FH7RCcTuDZZRcc6MEyE9hy,0slot,83,83
EdGevanA2MZsDpxDXK6b36FH7RCcTuDZZRcc6MEyE9hy,AstraLane,104,104
EdGevanA2MZsDpxDXK6b36FH7RCcTuDZZRcc6MEyE9hy,BloxRoute,3,3
EdGevanA2MZsDpxDXK6b36FH7RCcTuDZZRcc6MEyE9hy,Falcon,269,269
EdGevanA2MZsDpxDXK6b36FH7RCcTuDZZRcc6MEyE9hy,Helius,344,344
EdGevanA2MZsDpxDXK6b36FH7RCcTuDZZRcc6MEyE9hy,Jito,122,122
EdGevanA2MZsDpxDXK6b36FH7RCcTuDZZRcc6MEyE9hy,Nextblock,44,44
EdGevanA2MZsDpxDXK6b36FH7RCcTuDZZRcc6MEyE9hy,NodeOne,165,165
EdGevanA2MZsDpxDXK6b36FH7RCcTuDZZRcc6MEyE9hy,Soyas,9,9
EdGevanA2MZsDpxDXK6b36FH7RCcTuDZZRcc6MEyE9hy,Stellium,167,167
EdGevanA2MZsDpxDXK6b36FH7RCcTuDZZRcc6MEyE9hy,Temporal,109,109
EdGevanA2MZsDpxDXK6b36FH7RCcTuDZZRcc6MEyE9hy,blockRazor,5,5
EdGevanA2MZsDpxDXK6b36FH7RCcTuDZZRcc6MEyE9hy,blockrazor,23,23
EdGevanA2MZsDpxDXK6b36FH7RCcTuDZZRcc6MEyE9hy,blocksprint,121,121
EdGevanA2MZsDpxDXK6b36FH7RCcTuDZZRcc6MEyE9hy,bloxroute,98,98
EdGevanA2MZsDpxDXK6b36FH7RCcTuDZZRcc6MEyE9hy,landX,311,311
EdGevanA2MZsDpxDXK6b36FH7RCcTuDZZRcc6MEyE9hy,stellium,552,552
Ee8dX3qtwrDRnxYK6NGQfmMeKT3Qpp2QZHpxiAiw23W9,(none),742,0
Ee8dX3qtwrDRnxYK6NGQfmMeKT3Qpp2QZHpxiAiw23W9,0slot,62,62
Ee8dX3qtwrDRnxYK6NGQfmMeKT3Qpp2QZHpxiAiw23W9,AstraLane,115,115
Ee8dX3qtwrDRnxYK6NGQfmMeKT3Qpp2QZHpxiAiw23W9,Astralane,1,1
Ee8dX3qtwrDRnxYK6NGQfmMeKT3Qpp2QZHpxiAiw23W9,BloxRoute,2,2
Ee8dX3qtwrDRnxYK6NGQfmMeKT3Qpp2QZHpxiAiw23W9,Falcon,128,128
Ee8dX3qtwrDRnxYK6NGQfmMeKT3Qpp2QZHpxiAiw23W9,Flashblock,2,2
Ee8dX3qtwrDRnxYK6NGQfmMeKT3Qpp2QZHpxiAiw23W9,Helius,315,315
Ee8dX3qtwrDRnxYK6NGQfmMeKT3Qpp2QZHpxiAiw23W9,Jito,82,82
Ee8dX3qtwrDRnxYK6NGQfmMeKT3Qpp2QZHpxiAiw23W9,Nextblock,30,30
Ee8dX3qtwrDRnxYK6NGQfmMeKT3Qpp2QZHpxiAiw23W9,NodeOne,46,46
Ee8dX3qtwrDRnxYK6NGQfmMeKT3Qpp2QZHpxiAiw23W9,Soyas,4,4
Ee8dX3qtwrDRnxYK6NGQfmMeKT3Qpp2QZHpxiAiw23W9,Stellium,149,149
Ee8dX3qtwrDRnxYK6NGQfmMeKT3Qpp2QZHpxiAiw23W9,Temporal,97,97
Ee8dX3qtwrDRnxYK6NGQfmMeKT3Qpp2QZHpxiAiw23W9,blockRazor,5,5
Ee8dX3qtwrDRnxYK6NGQfmMeKT3Qpp2QZHpxiAiw23W9,blockrazor,17,17
Ee8dX3qtwrDRnxYK6NGQfmMeKT3Qpp2QZHpxiAiw23W9,blocksprint,98,98
Ee8dX3qtwrDRnxYK6NGQfmMeKT3Qpp2QZHpxiAiw23W9,bloxroute,86,86
Ee8dX3qtwrDRnxYK6NGQfmMeKT3Qpp2QZHpxiAiw23W9,landX,176,176
Ee8dX3qtwrDRnxYK6NGQfmMeKT3Qpp2QZHpxiAiw23W9,stellium,337,337
EfPYQ4BUMiKa6736qqrtnCBGkUSRDGSr1WvtyUgWHuyp,(none),1617,0
EfPYQ4BUMiKa6736qqrtnCBGkUSRDGSr1WvtyUgWHuyp,0slot,154,154
EfPYQ4BUMiKa6736qqrtnCBGkUSRDGSr1WvtyUgWHuyp,AstraLane,194,194
EfPYQ4BUMiKa6736qqrtnCBGkUSRDGSr1WvtyUgWHuyp,BloxRoute,2,2
EfPYQ4BUMiKa6736qqrtnCBGkUSRDGSr1WvtyUgWHuyp,Falcon,382,382
EfPYQ4BUMiKa6736qqrtnCBGkUSRDGSr1WvtyUgWHuyp,Flashblock,1,1
EfPYQ4BUMiKa6736qqrtnCBGkUSRDGSr1WvtyUgWHuyp,Helius,606,606
EfPYQ4BUMiKa6736qqrtnCBGkUSRDGSr1WvtyUgWHuyp,Jito,173,173
EfPYQ4BUMiKa6736qqrtnCBGkUSRDGSr1WvtyUgWHuyp,Nextblock,44,44
EfPYQ4BUMiKa6736qqrtnCBGkUSRDGSr1WvtyUgWHuyp,NodeOne,225,225
EfPYQ4BUMiKa6736qqrtnCBGkUSRDGSr1WvtyUgWHuyp,Soyas,17,17
EfPYQ4BUMiKa6736qqrtnCBGkUSRDGSr1WvtyUgWHuyp,Stellium,319,319
EfPYQ4BUMiKa6736qqrtnCBGkUSRDGSr1WvtyUgWHuyp,Temporal,189,189
EfPYQ4BUMiKa6736qqrtnCBGkUSRDGSr1WvtyUgWHuyp,blockRazor,9,9
EfPYQ4BUMiKa6736qqrtnCBGkUSRDGSr1WvtyUgWHuyp,blockrazor,32,32
EfPYQ4BUMiKa6736qqrtnCBGkUSRDGSr1WvtyUgWHuyp,blocksprint,157,157
EfPYQ4BUMiKa6736qqrtnCBGkUSRDGSr1WvtyUgWHuyp,bloxroute,109,109
EfPYQ4BUMiKa6736qqrtnCBGkUSRDGSr1WvtyUgWHuyp,landX,474,474
EfPYQ4BUMiKa6736qqrtnCBGkUSRDGSr1WvtyUgWHuyp,stellium,894,894
EkvdKhULbMFqjKBKotAzGi3kwMvMpYNDKJXXQQmi6C1f,(none),21475,0
EkvdKhULbMFqjKBKotAzGi3kwMvMpYNDKJXXQQmi6C1f,0slot,1548,1548
EkvdKhULbMFqjKBKotAzGi3kwMvMpYNDKJXXQQmi6C1f,AstraLane,5551,5551
EkvdKhULbMFqjKBKotAzGi3kwMvMpYNDKJXXQQmi6C1f,Astralane,23,23
EkvdKhULbMFqjKBKotAzGi3kwMvMpYNDKJXXQQmi6C1f,BloxRoute,43,43
EkvdKhULbMFqjKBKotAzGi3kwMvMpYNDKJXXQQmi6C1f,Falcon,5804,5804
EkvdKhULbMFqjKBKotAzGi3kwMvMpYNDKJXXQQmi6C1f,Flashblock,38,38
EkvdKhULbMFqjKBKotAzGi3kwMvMpYNDKJXXQQmi6C1f,Helius,6797,6797
EkvdKhULbMFqjKBKotAzGi3kwMvMpYNDKJXXQQmi6C1f,Jito,2346,2346
EkvdKhULbMFqjKBKotAzGi3kwMvMpYNDKJXXQQmi6C1f,Moon,11,11
EkvdKhULbMFqjKBKotAzGi3kwMvMpYNDKJXXQQmi6C1f,Nextblock,1045,1045
EkvdKhULbMFqjKBKotAzGi3kwMvMpYNDKJXXQQmi6C1f,NodeOne,2298,2298
EkvdKhULbMFqjKBKotAzGi3kwMvMpYNDKJXXQQmi6C1f,Soyas,194,194
EkvdKhULbMFqjKBKotAzGi3kwMvMpYNDKJXXQQmi6C1f,Stellium,3489,3489
EkvdKhULbMFqjKBKotAzGi3kwMvMpYNDKJXXQQmi6C1f,Temporal,3032,3032
EkvdKhULbMFqjKBKotAzGi3kwMvMpYNDKJXXQQmi6C1f,blockRazor,135,135
EkvdKhULbMFqjKBKotAzGi3kwMvMpYNDKJXXQQmi6C1f,blockrazor,522,522
EkvdKhULbMFqjKBKotAzGi3kwMvMpYNDKJXXQQmi6C1f,blocksprint,2337,2337
EkvdKhULbMFqjKBKotAzGi3kwMvMpYNDKJXXQQmi6C1f,bloxroute,3426,3426
EkvdKhULbMFqjKBKotAzGi3kwMvMpYNDKJXXQQmi6C1f,landX,4596,4596
EkvdKhULbMFqjKBKotAzGi3kwMvMpYNDKJXXQQmi6C1f,stellium,9681,9681
EtoMApqP2h1vVm9XLTTp5HERNezm5btkqrdAGQ9fZRnp,(none),13,0
EtoMApqP2h1vVm9XLTTp5HERNezm5btkqrdAGQ9fZRnp,0slot,1,1
EtoMApqP2h1vVm9XLTTp5HERNezm5btkqrdAGQ9fZRnp,Helius,1,1
EtoMApqP2h1vVm9XLTTp5HERNezm5btkqrdAGQ9fZRnp,Jito,3,3
EvnRmnMrd69kFdbLMxWkTn1icZ7DCceRhvmb2SJXqDo4,(none),40747,0
EvnRmnMrd69kFdbLMxWkTn1icZ7DCceRhvmb2SJXqDo4,0slot,3276,3276
EvnRmnMrd69kFdbLMxWkTn1icZ7DCceRhvmb2SJXqDo4,AstraLane,5320,5320
EvnRmnMrd69kFdbLMxWkTn1icZ7DCceRhvmb2SJXqDo4,Astralane,54,54
EvnRmnMrd69kFdbLMxWkTn1icZ7DCceRhvmb2SJXqDo4,BlockRazor,1,1
EvnRmnMrd69kFdbLMxWkTn1icZ7DCceRhvmb2SJXqDo4,BloxRoute,75,75
EvnRmnMrd69kFdbLMxWkTn1icZ7DCceRhvmb2SJXqDo4,Falcon,9542,9542
EvnRmnMrd69kFdbLMxWkTn1icZ7DCceRhvmb2SJXqDo4,Flashblock,36,36
EvnRmnMrd69kFdbLMxWkTn1icZ7DCceRhvmb2SJXqDo4,Helius,12400,12399
EvnRmnMrd69kFdbLMxWkTn1icZ7DCceRhvmb2SJXqDo4,Jito,4402,4402
EvnRmnMrd69kFdbLMxWkTn1icZ7DCceRhvmb2SJXqDo4,Moon,15,15
EvnRmnMrd69kFdbLMxWkTn1icZ7DCceRhvmb2SJXqDo4,Nextblock,1778,1778
EvnRmnMrd69kFdbLMxWkTn1icZ7DCceRhvmb2SJXqDo4,NodeOne,4553,4553
EvnRmnMrd69kFdbLMxWkTn1icZ7DCceRhvmb2SJXqDo4,Soyas,472,472
EvnRmnMrd69kFdbLMxWkTn1icZ7DCceRhvmb2SJXqDo4,Stellium,6091,6091
EvnRmnMrd69kFdbLMxWkTn1icZ7DCceRhvmb2SJXqDo4,Temporal,4505,4503
EvnRmnMrd69kFdbLMxWkTn1icZ7DCceRhvmb2SJXqDo4,blockRazor,193,193
EvnRmnMrd69kFdbLMxWkTn1icZ7DCceRhvmb2SJXqDo4,blockrazor,839,839
EvnRmnMrd69kFdbLMxWkTn1icZ7DCceRhvmb2SJXqDo4,blocksprint,3725,3725
EvnRmnMrd69kFdbLMxWkTn1icZ7DCceRhvmb2SJXqDo4,bloxroute,2130,2126
EvnRmnMrd69kFdbLMxWkTn1icZ7DCceRhvmb2SJXqDo4,landX,12662,12662
EvnRmnMrd69kFdbLMxWkTn1icZ7DCceRhvmb2SJXqDo4,stellium,19492,19492
Ex1AxFCipXGfSxgvXPPT3nPQUARddCduHwKR6jHiXAaT,(none),4560,0
Ex1AxFCipXGfSxgvXPPT3nPQUARddCduHwKR6jHiXAaT,0slot,324,324
Ex1AxFCipXGfSxgvXPPT3nPQUARddCduHwKR6jHiXAaT,AstraLane,1382,1382
Ex1AxFCipXGfSxgvXPPT3nPQUARddCduHwKR6jHiXAaT,Astralane,3,3
Ex1AxFCipXGfSxgvXPPT3nPQUARddCduHwKR6jHiXAaT,BloxRoute,7,7
Ex1AxFCipXGfSxgvXPPT3nPQUARddCduHwKR6jHiXAaT,Falcon,1002,1002
Ex1AxFCipXGfSxgvXPPT3nPQUARddCduHwKR6jHiXAaT,Flashblock,3,3
Ex1AxFCipXGfSxgvXPPT3nPQUARddCduHwKR6jHiXAaT,Helius,1412,1412
Ex1AxFCipXGfSxgvXPPT3nPQUARddCduHwKR6jHiXAaT,Jito,580,579
Ex1AxFCipXGfSxgvXPPT3nPQUARddCduHwKR6jHiXAaT,Moon,4,4
Ex1AxFCipXGfSxgvXPPT3nPQUARddCduHwKR6jHiXAaT,Nextblock,209,209
Ex1AxFCipXGfSxgvXPPT3nPQUARddCduHwKR6jHiXAaT,NodeOne,446,446
Ex1AxFCipXGfSxgvXPPT3nPQUARddCduHwKR6jHiXAaT,Soyas,50,50
Ex1AxFCipXGfSxgvXPPT3nPQUARddCduHwKR6jHiXAaT,Stellium,778,778
Ex1AxFCipXGfSxgvXPPT3nPQUARddCduHwKR6jHiXAaT,Temporal,591,589
Ex1AxFCipXGfSxgvXPPT3nPQUARddCduHwKR6jHiXAaT,blockRazor,32,32
Ex1AxFCipXGfSxgvXPPT3nPQUARddCduHwKR6jHiXAaT,blockrazor,93,93
Ex1AxFCipXGfSxgvXPPT3nPQUARddCduHwKR6jHiXAaT,blocksprint,390,390
Ex1AxFCipXGfSxgvXPPT3nPQUARddCduHwKR6jHiXAaT,bloxroute,985,983
Ex1AxFCipXGfSxgvXPPT3nPQUARddCduHwKR6jHiXAaT,landX,802,802
Ex1AxFCipXGfSxgvXPPT3nPQUARddCduHwKR6jHiXAaT,stellium,1891,1891
ExCHWgfeJyKRzpfryiQn4W6aYaWhbSAEnsoUnBGNqjWD,(none),405,0
ExCHWgfeJyKRzpfryiQn4W6aYaWhbSAEnsoUnBGNqjWD,0slot,33,33
ExCHWgfeJyKRzpfryiQn4W6aYaWhbSAEnsoUnBGNqjWD,AstraLane,59,59
ExCHWgfeJyKRzpfryiQn4W6aYaWhbSAEnsoUnBGNqjWD,BloxRoute,1,1
ExCHWgfeJyKRzpfryiQn4W6aYaWhbSAEnsoUnBGNqjWD,Falcon,69,69
ExCHWgfeJyKRzpfryiQn4W6aYaWhbSAEnsoUnBGNqjWD,Helius,178,178
ExCHWgfeJyKRzpfryiQn4W6aYaWhbSAEnsoUnBGNqjWD,Jito,58,58
ExCHWgfeJyKRzpfryiQn4W6aYaWhbSAEnsoUnBGNqjWD,Nextblock,17,17
ExCHWgfeJyKRzpfryiQn4W6aYaWhbSAEnsoUnBGNqjWD,NodeOne,41,41
ExCHWgfeJyKRzpfryiQn4W6aYaWhbSAEnsoUnBGNqjWD,Soyas,26,26
ExCHWgfeJyKRzpfryiQn4W6aYaWhbSAEnsoUnBGNqjWD,Stellium,65,65
ExCHWgfeJyKRzpfryiQn4W6aYaWhbSAEnsoUnBGNqjWD,Temporal,61,61
ExCHWgfeJyKRzpfryiQn4W6aYaWhbSAEnsoUnBGNqjWD,blockRazor,3,3
ExCHWgfeJyKRzpfryiQn4W6aYaWhbSAEnsoUnBGNqjWD,blockrazor,10,10
ExCHWgfeJyKRzpfryiQn4W6aYaWhbSAEnsoUnBGNqjWD,blocksprint,52,52
ExCHWgfeJyKRzpfryiQn4W6aYaWhbSAEnsoUnBGNqjWD,bloxroute,23,23
ExCHWgfeJyKRzpfryiQn4W6aYaWhbSAEnsoUnBGNqjWD,landX,129,129
ExCHWgfeJyKRzpfryiQn4W6aYaWhbSAEnsoUnBGNqjWD,stellium,199,199
Ey3DkEVbfBxfWmkTsG7Hqj7jshYf5Zx9H8462Zjjkykf,(none),849,0
Ey3DkEVbfBxfWmkTsG7Hqj7jshYf5Zx9H8462Zjjkykf,0slot,78,78
Ey3DkEVbfBxfWmkTsG7Hqj7jshYf5Zx9H8462Zjjkykf,AstraLane,170,170
Ey3DkEVbfBxfWmkTsG7Hqj7jshYf5Zx9H8462Zjjkykf,BloxRoute,3,3
Ey3DkEVbfBxfWmkTsG7Hqj7jshYf5Zx9H8462Zjjkykf,Falcon,246,246
Ey3DkEVbfBxfWmkTsG7Hqj7jshYf5Zx9H8462Zjjkykf,Flashblock,1,1
Ey3DkEVbfBxfWmkTsG7Hqj7jshYf5Zx9H8462Zjjkykf,Helius,347,347
Ey3DkEVbfBxfWmkTsG7Hqj7jshYf5Zx9H8462Zjjkykf,Jito,110,110
Ey3DkEVbfBxfWmkTsG7Hqj7jshYf5Zx9H8462Zjjkykf,Nextblock,43,43
Ey3DkEVbfBxfWmkTsG7Hqj7jshYf5Zx9H8462Zjjkykf,NodeOne,94,94
Ey3DkEVbfBxfWmkTsG7Hqj7jshYf5Zx9H8462Zjjkykf,Soyas,10,10
Ey3DkEVbfBxfWmkTsG7Hqj7jshYf5Zx9H8462Zjjkykf,Stellium,153,153
Ey3DkEVbfBxfWmkTsG7Hqj7jshYf5Zx9H8462Zjjkykf,Temporal,110,109
Ey3DkEVbfBxfWmkTsG7Hqj7jshYf5Zx9H8462Zjjkykf,blockRazor,4,4
Ey3DkEVbfBxfWmkTsG7Hqj7jshYf5Zx9H8462Zjjkykf,blockrazor,21,21
Ey3DkEVbfBxfWmkTsG7Hqj7jshYf5Zx9H8462Zjjkykf,blocksprint,64,64
Ey3DkEVbfBxfWmkTsG7Hqj7jshYf5Zx9H8462Zjjkykf,bloxroute,85,85
Ey3DkEVbfBxfWmkTsG7Hqj7jshYf5Zx9H8462Zjjkykf,landX,415,415
Ey3DkEVbfBxfWmkTsG7Hqj7jshYf5Zx9H8462Zjjkykf,stellium,591,591
EydLxzdWfD434DDxZYXkTcajvK5VKH7p6CofEDCRUkJ4,(none),1180,0
EydLxzdWfD434DDxZYXkTcajvK5VKH7p6CofEDCRUkJ4,0slot,98,98
EydLxzdWfD434DDxZYXkTcajvK5VKH7p6CofEDCRUkJ4,AstraLane,104,104
EydLxzdWfD434DDxZYXkTcajvK5VKH7p6CofEDCRUkJ4,BloxRoute,3,3
EydLxzdWfD434DDxZYXkTcajvK5VKH7p6CofEDCRUkJ4,Falcon,244,244
EydLxzdWfD434DDxZYXkTcajvK5VKH7p6CofEDCRUkJ4,Flashblock,3,3
EydLxzdWfD434DDxZYXkTcajvK5VKH7p6CofEDCRUkJ4,Helius,301,301
EydLxzdWfD434DDxZYXkTcajvK5VKH7p6CofEDCRUkJ4,Jito,129,129
EydLxzdWfD434DDxZYXkTcajvK5VKH7p6CofEDCRUkJ4,Nextblock,41,41
EydLxzdWfD434DDxZYXkTcajvK5VKH7p6CofEDCRUkJ4,NodeOne,109,109
EydLxzdWfD434DDxZYXkTcajvK5VKH7p6CofEDCRUkJ4,Soyas,8,8
EydLxzdWfD434DDxZYXkTcajvK5VKH7p6CofEDCRUkJ4,Stellium,142,142
EydLxzdWfD434DDxZYXkTcajvK5VKH7p6CofEDCRUkJ4,Temporal,101,101
EydLxzdWfD434DDxZYXkTcajvK5VKH7p6CofEDCRUkJ4,blockRazor,3,3
EydLxzdWfD434DDxZYXkTcajvK5VKH7p6CofEDCRUkJ4,blockrazor,20,20
EydLxzdWfD434DDxZYXkTcajvK5VKH7p6CofEDCRUkJ4,blocksprint,81,81
EydLxzdWfD434DDxZYXkTcajvK5VKH7p6CofEDCRUkJ4,bloxroute,14,14
EydLxzdWfD434DDxZYXkTcajvK5VKH7p6CofEDCRUkJ4,landX,322,322
EydLxzdWfD434DDxZYXkTcajvK5VKH7p6CofEDCRUkJ4,stellium,558,558
F6kVwubXEfZZo6e4Kozrtg7WoWk5wTRmrC8pwoxSLa7S,(none),912,0
F6kVwubXEfZZo6e4Kozrtg7WoWk5wTRmrC8pwoxSLa7S,0slot,95,95
F6kVwubXEfZZo6e4Kozrtg7WoWk5wTRmrC8pwoxSLa7S,AstraLane,98,98
F6kVwubXEfZZo6e4Kozrtg7WoWk5wTRmrC8pwoxSLa7S,Falcon,175,175
F6kVwubXEfZZo6e4Kozrtg7WoWk5wTRmrC8pwoxSLa7S,Flashblock,3,3
F6kVwubXEfZZo6e4Kozrtg7WoWk5wTRmrC8pwoxSLa7S,Helius,320,320
F6kVwubXEfZZo6e4Kozrtg7WoWk5wTRmrC8pwoxSLa7S,Jito,108,107
F6kVwubXEfZZo6e4Kozrtg7WoWk5wTRmrC8pwoxSLa7S,Moon,2,2
F6kVwubXEfZZo6e4Kozrtg7WoWk5wTRmrC8pwoxSLa7S,Nextblock,39,39
F6kVwubXEfZZo6e4Kozrtg7WoWk5wTRmrC8pwoxSLa7S,NodeOne,121,121
F6kVwubXEfZZo6e4Kozrtg7WoWk5wTRmrC8pwoxSLa7S,Soyas,9,9
F6kVwubXEfZZo6e4Kozrtg7WoWk5wTRmrC8pwoxSLa7S,Stellium,134,134
F6kVwubXEfZZo6e4Kozrtg7WoWk5wTRmrC8pwoxSLa7S,Temporal,93,93
F6kVwubXEfZZo6e4Kozrtg7WoWk5wTRmrC8pwoxSLa7S,blockRazor,6,6
F6kVwubXEfZZo6e4Kozrtg7WoWk5wTRmrC8pwoxSLa7S,blockrazor,20,20
F6kVwubXEfZZo6e4Kozrtg7WoWk5wTRmrC8pwoxSLa7S,blocksprint,91,91
F6kVwubXEfZZo6e4Kozrtg7WoWk5wTRmrC8pwoxSLa7S,bloxroute,17,17
F6kVwubXEfZZo6e4Kozrtg7WoWk5wTRmrC8pwoxSLa7S,landX,276,276
F6kVwubXEfZZo6e4Kozrtg7WoWk5wTRmrC8pwoxSLa7S,stellium,469,469
FACb6bbTDRBHCK999V8ox8jga5JBnt1r3vvzmAYAMv2o,(none),1324,0
FACb6bbTDRBHCK999V8ox8jga5JBnt1r3vvzmAYAMv2o,0slot,106,106
FACb6bbTDRBHCK999V8ox8jga5JBnt1r3vvzmAYAMv2o,AstraLane,121,121
FACb6bbTDRBHCK999V8ox8jga5JBnt1r3vvzmAYAMv2o,Astralane,1,1
FACb6bbTDRBHCK999V8ox8jga5JBnt1r3vvzmAYAMv2o,BloxRoute,2,2
FACb6bbTDRBHCK999V8ox8jga5JBnt1r3vvzmAYAMv2o,Falcon,241,241
FACb6bbTDRBHCK999V8ox8jga5JBnt1r3vvzmAYAMv2o,Flashblock,2,2
FACb6bbTDRBHCK999V8ox8jga5JBnt1r3vvzmAYAMv2o,Helius,368,367
FACb6bbTDRBHCK999V8ox8jga5JBnt1r3vvzmAYAMv2o,Jito,129,129
FACb6bbTDRBHCK999V8ox8jga5JBnt1r3vvzmAYAMv2o,Nextblock,47,47
FACb6bbTDRBHCK999V8ox8jga5JBnt1r3vvzmAYAMv2o,NodeOne,91,91
FACb6bbTDRBHCK999V8ox8jga5JBnt1r3vvzmAYAMv2o,Soyas,12,12
FACb6bbTDRBHCK999V8ox8jga5JBnt1r3vvzmAYAMv2o,Stellium,171,171
FACb6bbTDRBHCK999V8ox8jga5JBnt1r3vvzmAYAMv2o,Temporal,128,128
FACb6bbTDRBHCK999V8ox8jga5JBnt1r3vvzmAYAMv2o,blockRazor,4,4
FACb6bbTDRBHCK999V8ox8jga5JBnt1r3vvzmAYAMv2o,blockrazor,30,30
FACb6bbTDRBHCK999V8ox8jga5JBnt1r3vvzmAYAMv2o,blocksprint,94,94
FACb6bbTDRBHCK999V8ox8jga5JBnt1r3vvzmAYAMv2o,bloxroute,58,57
FACb6bbTDRBHCK999V8ox8jga5JBnt1r3vvzmAYAMv2o,landX,270,270
FACb6bbTDRBHCK999V8ox8jga5JBnt1r3vvzmAYAMv2o,stellium,510,510
FBKFWadXZJahGtFitAsBvbqh5968gLY7dMBBJUoUjeNi,(none),20439,0
FBKFWadXZJahGtFitAsBvbqh5968gLY7dMBBJUoUjeNi,0slot,1757,1757
FBKFWadXZJahGtFitAsBvbqh5968gLY7dMBBJUoUjeNi,AstraLane,5826,5826
FBKFWadXZJahGtFitAsBvbqh5968gLY7dMBBJUoUjeNi,Astralane,26,26
FBKFWadXZJahGtFitAsBvbqh5968gLY7dMBBJUoUjeNi,BloxRoute,50,50
FBKFWadXZJahGtFitAsBvbqh5968gLY7dMBBJUoUjeNi,Falcon,5433,5433
FBKFWadXZJahGtFitAsBvbqh5968gLY7dMBBJUoUjeNi,Flashblock,37,37
FBKFWadXZJahGtFitAsBvbqh5968gLY7dMBBJUoUjeNi,Helius,7275,7273
FBKFWadXZJahGtFitAsBvbqh5968gLY7dMBBJUoUjeNi,Jito,2241,2236
FBKFWadXZJahGtFitAsBvbqh5968gLY7dMBBJUoUjeNi,Moon,10,10
FBKFWadXZJahGtFitAsBvbqh5968gLY7dMBBJUoUjeNi,Nextblock,1026,1026
FBKFWadXZJahGtFitAsBvbqh5968gLY7dMBBJUoUjeNi,NodeOne,2394,2394
FBKFWadXZJahGtFitAsBvbqh5968gLY7dMBBJUoUjeNi,Soyas,221,221
FBKFWadXZJahGtFitAsBvbqh5968gLY7dMBBJUoUjeNi,Stellium,3486,3486
FBKFWadXZJahGtFitAsBvbqh5968gLY7dMBBJUoUjeNi,Temporal,2810,2810
FBKFWadXZJahGtFitAsBvbqh5968gLY7dMBBJUoUjeNi,blockRazor,127,127
FBKFWadXZJahGtFitAsBvbqh5968gLY7dMBBJUoUjeNi,blockrazor,524,524
FBKFWadXZJahGtFitAsBvbqh5968gLY7dMBBJUoUjeNi,blocksprint,2140,2140
FBKFWadXZJahGtFitAsBvbqh5968gLY7dMBBJUoUjeNi,bloxroute,3847,3846
FBKFWadXZJahGtFitAsBvbqh5968gLY7dMBBJUoUjeNi,landX,4487,4487
FBKFWadXZJahGtFitAsBvbqh5968gLY7dMBBJUoUjeNi,stellium,9113,9113
FBbqKvwLfKGZrKrfSbPJz4ymQ7zMarhRyZtu1RBkSe89,(none),8757,0
FBbqKvwLfKGZrKrfSbPJz4ymQ7zMarhRyZtu1RBkSe89,0slot,760,760
FBbqKvwLfKGZrKrfSbPJz4ymQ7zMarhRyZtu1RBkSe89,AstraLane,1275,1275
FBbqKvwLfKGZrKrfSbPJz4ymQ7zMarhRyZtu1RBkSe89,Astralane,12,12
FBbqKvwLfKGZrKrfSbPJz4ymQ7zMarhRyZtu1RBkSe89,BloxRoute,12,12
FBbqKvwLfKGZrKrfSbPJz4ymQ7zMarhRyZtu1RBkSe89,Falcon,2654,2654
FBbqKvwLfKGZrKrfSbPJz4ymQ7zMarhRyZtu1RBkSe89,Flashblock,12,12
FBbqKvwLfKGZrKrfSbPJz4ymQ7zMarhRyZtu1RBkSe89,Helius,3102,3101
FBbqKvwLfKGZrKrfSbPJz4ymQ7zMarhRyZtu1RBkSe89,Jito,757,757
FBbqKvwLfKGZrKrfSbPJz4ymQ7zMarhRyZtu1RBkSe89,Moon,3,3
FBbqKvwLfKGZrKrfSbPJz4ymQ7zMarhRyZtu1RBkSe89,Nextblock,460,460
FBbqKvwLfKGZrKrfSbPJz4ymQ7zMarhRyZtu1RBkSe89,NodeOne,823,823
FBbqKvwLfKGZrKrfSbPJz4ymQ7zMarhRyZtu1RBkSe89,Soyas,155,155
FBbqKvwLfKGZrKrfSbPJz4ymQ7zMarhRyZtu1RBkSe89,Stellium,1634,1634
FBbqKvwLfKGZrKrfSbPJz4ymQ7zMarhRyZtu1RBkSe89,Temporal,1011,1010
FBbqKvwLfKGZrKrfSbPJz4ymQ7zMarhRyZtu1RBkSe89,blockRazor,60,60
FBbqKvwLfKGZrKrfSbPJz4ymQ7zMarhRyZtu1RBkSe89,blockrazor,225,225
FBbqKvwLfKGZrKrfSbPJz4ymQ7zMarhRyZtu1RBkSe89,blocksprint,876,876
FBbqKvwLfKGZrKrfSbPJz4ymQ7zMarhRyZtu1RBkSe89,bloxroute,817,817
FBbqKvwLfKGZrKrfSbPJz4ymQ7zMarhRyZtu1RBkSe89,landX,3318,3318
FBbqKvwLfKGZrKrfSbPJz4ymQ7zMarhRyZtu1RBkSe89,stellium,5393,5393
FCWkGAHDWK41ANjiaoPudkCZRkvTecaEkoZQugezUnpr,(none),480,0
FCWkGAHDWK41ANjiaoPudkCZRkvTecaEkoZQugezUnpr,0slot,39,39
FCWkGAHDWK41ANjiaoPudkCZRkvTecaEkoZQugezUnpr,AstraLane,88,88
FCWkGAHDWK41ANjiaoPudkCZRkvTecaEkoZQugezUnpr,BloxRoute,1,1
FCWkGAHDWK41ANjiaoPudkCZRkvTecaEkoZQugezUnpr,Falcon,156,156
FCWkGAHDWK41ANjiaoPudkCZRkvTecaEkoZQugezUnpr,Flashblock,2,2
FCWkGAHDWK41ANjiaoPudkCZRkvTecaEkoZQugezUnpr,Helius,172,171
FCWkGAHDWK41ANjiaoPudkCZRkvTecaEkoZQugezUnpr,Jito,45,45
FCWkGAHDWK41ANjiaoPudkCZRkvTecaEkoZQugezUnpr,Nextblock,29,29
FCWkGAHDWK41ANjiaoPudkCZRkvTecaEkoZQugezUnpr,NodeOne,31,31
FCWkGAHDWK41ANjiaoPudkCZRkvTecaEkoZQugezUnpr,Soyas,2,2
FCWkGAHDWK41ANjiaoPudkCZRkvTecaEkoZQugezUnpr,Stellium,84,84
FCWkGAHDWK41ANjiaoPudkCZRkvTecaEkoZQugezUnpr,Temporal,69,69
FCWkGAHDWK41ANjiaoPudkCZRkvTecaEkoZQugezUnpr,blockRazor,1,1
FCWkGAHDWK41ANjiaoPudkCZRkvTecaEkoZQugezUnpr,blockrazor,18,18
FCWkGAHDWK41ANjiaoPudkCZRkvTecaEkoZQugezUnpr,blocksprint,68,68
FCWkGAHDWK41ANjiaoPudkCZRkvTecaEkoZQugezUnpr,bloxroute,40,40
FCWkGAHDWK41ANjiaoPudkCZRkvTecaEkoZQugezUnpr,landX,127,127
FCWkGAHDWK41ANjiaoPudkCZRkvTecaEkoZQugezUnpr,stellium,242,242
FFevTkywysWf8PJvH4DZkEp4v9ks9HJPJhZWbhhJiYnr,(none),996,0
FFevTkywysWf8PJvH4DZkEp4v9ks9HJPJhZWbhhJiYnr,0slot,72,72
FFevTkywysWf8PJvH4DZkEp4v9ks9HJPJhZWbhhJiYnr,AstraLane,126,126
FFevTkywysWf8PJvH4DZkEp4v9ks9HJPJhZWbhhJiYnr,BloxRoute,1,1
FFevTkywysWf8PJvH4DZkEp4v9ks9HJPJhZWbhhJiYnr,Falcon,238,238
FFevTkywysWf8PJvH4DZkEp4v9ks9HJPJhZWbhhJiYnr,Helius,351,351
FFevTkywysWf8PJvH4DZkEp4v9ks9HJPJhZWbhhJiYnr,Jito,77,77
FFevTkywysWf8PJvH4DZkEp4v9ks9HJPJhZWbhhJiYnr,Nextblock,48,48
FFevTkywysWf8PJvH4DZkEp4v9ks9HJPJhZWbhhJiYnr,NodeOne,93,93
FFevTkywysWf8PJvH4DZkEp4v9ks9HJPJhZWbhhJiYnr,Soyas,8,8
FFevTkywysWf8PJvH4DZkEp4v9ks9HJPJhZWbhhJiYnr,Stellium,151,151
FFevTkywysWf8PJvH4DZkEp4v9ks9HJPJhZWbhhJiYnr,Temporal,125,125
FFevTkywysWf8PJvH4DZkEp4v9ks9HJPJhZWbhhJiYnr,blockRazor,1,1
FFevTkywysWf8PJvH4DZkEp4v9ks9HJPJhZWbhhJiYnr,blockrazor,28,28
FFevTkywysWf8PJvH4DZkEp4v9ks9HJPJhZWbhhJiYnr,blocksprint,98,98
FFevTkywysWf8PJvH4DZkEp4v9ks9HJPJhZWbhhJiYnr,bloxroute,59,59
FFevTkywysWf8PJvH4DZkEp4v9ks9HJPJhZWbhhJiYnr,landX,363,363
FFevTkywysWf8PJvH4DZkEp4v9ks9HJPJhZWbhhJiYnr,stellium,584,584
FGiEdzde7Fco2WLpNQMat299hUVoykJdaA5hxdmCzHiS,(none),629,0
FGiEdzde7Fco2WLpNQMat299hUVoykJdaA5hxdmCzHiS,0slot,32,32
FGiEdzde7Fco2WLpNQMat299hUVoykJdaA5hxdmCzHiS,AstraLane,56,56
FGiEdzde7Fco2WLpNQMat299hUVoykJdaA5hxdmCzHiS,BloxRoute,2,2
FGiEdzde7Fco2WLpNQMat299hUVoykJdaA5hxdmCzHiS,Falcon,106,106
FGiEdzde7Fco2WLpNQMat299hUVoykJdaA5hxdmCzHiS,Flashblock,1,1
FGiEdzde7Fco2WLpNQMat299hUVoykJdaA5hxdmCzHiS,Helius,225,225
FGiEdzde7Fco2WLpNQMat299hUVoykJdaA5hxdmCzHiS,Jito,25,25
FGiEdzde7Fco2WLpNQMat299hUVoykJdaA5hxdmCzHiS,Nextblock,28,28
FGiEdzde7Fco2WLpNQMat299hUVoykJdaA5hxdmCzHiS,NodeOne,68,68
FGiEdzde7Fco2WLpNQMat299hUVoykJdaA5hxdmCzHiS,Soyas,4,4
FGiEdzde7Fco2WLpNQMat299hUVoykJdaA5hxdmCzHiS,Stellium,72,72
FGiEdzde7Fco2WLpNQMat299hUVoykJdaA5hxdmCzHiS,Temporal,54,54
FGiEdzde7Fco2WLpNQMat299hUVoykJdaA5hxdmCzHiS,blockRazor,5,5
FGiEdzde7Fco2WLpNQMat299hUVoykJdaA5hxdmCzHiS,blockrazor,6,6
FGiEdzde7Fco2WLpNQMat299hUVoykJdaA5hxdmCzHiS,blocksprint,47,47
FGiEdzde7Fco2WLpNQMat299hUVoykJdaA5hxdmCzHiS,bloxroute,35,35
FGiEdzde7Fco2WLpNQMat299hUVoykJdaA5hxdmCzHiS,landX,185,185
FGiEdzde7Fco2WLpNQMat299hUVoykJdaA5hxdmCzHiS,stellium,293,293
FLVgaCPvSGFguumN9ao188izB4K4rxSWzkHneQMtkwQJ,(none),30,0
FLVgaCPvSGFguumN9ao188izB4K4rxSWzkHneQMtkwQJ,0slot,2,2
FLVgaCPvSGFguumN9ao188izB4K4rxSWzkHneQMtkwQJ,AstraLane,1,1
FLVgaCPvSGFguumN9ao188izB4K4rxSWzkHneQMtkwQJ,Helius,3,3
FLVgaCPvSGFguumN9ao188izB4K4rxSWzkHneQMtkwQJ,Jito,3,3
FLVgaCPvSGFguumN9ao188izB4K4rxSWzkHneQMtkwQJ,Nextblock,1,1
FLVgaCPvSGFguumN9ao188izB4K4rxSWzkHneQMtkwQJ,Stellium,1,1
FLVgaCPvSGFguumN9ao188izB4K4rxSWzkHneQMtkwQJ,Temporal,1,1
FLVgaCPvSGFguumN9ao188izB4K4rxSWzkHneQMtkwQJ,stellium,3,3
FLwV8tm3pL8pZj6d927VASzPrgW51Gf4nRJuTewrfega,(none),1571,0
FLwV8tm3pL8pZj6d927VASzPrgW51Gf4nRJuTewrfega,0slot,146,146
FLwV8tm3pL8pZj6d927VASzPrgW51Gf4nRJuTewrfega,AstraLane,207,207
FLwV8tm3pL8pZj6d927VASzPrgW51Gf4nRJuTewrfega,BloxRoute,3,3
FLwV8tm3pL8pZj6d927VASzPrgW51Gf4nRJuTewrfega,Falcon,451,451
FLwV8tm3pL8pZj6d927VASzPrgW51Gf4nRJuTewrfega,Flashblock,2,2
FLwV8tm3pL8pZj6d927VASzPrgW51Gf4nRJuTewrfega,Helius,658,658
FLwV8tm3pL8pZj6d927VASzPrgW51Gf4nRJuTewrfega,Jito,187,187
FLwV8tm3pL8pZj6d927VASzPrgW51Gf4nRJuTewrfega,Nextblock,95,95
FLwV8tm3pL8pZj6d927VASzPrgW51Gf4nRJuTewrfega,NodeOne,149,149
FLwV8tm3pL8pZj6d927VASzPrgW51Gf4nRJuTewrfega,Soyas,19,19
FLwV8tm3pL8pZj6d927VASzPrgW51Gf4nRJuTewrfega,Stellium,278,278
FLwV8tm3pL8pZj6d927VASzPrgW51Gf4nRJuTewrfega,Temporal,134,133
FLwV8tm3pL8pZj6d927VASzPrgW51Gf4nRJuTewrfega,blockRazor,9,9
FLwV8tm3pL8pZj6d927VASzPrgW51Gf4nRJuTewrfega,blockrazor,39,39
FLwV8tm3pL8pZj6d927VASzPrgW51Gf4nRJuTewrfega,blocksprint,178,178
FLwV8tm3pL8pZj6d927VASzPrgW51Gf4nRJuTewrfega,bloxroute,51,51
FLwV8tm3pL8pZj6d927VASzPrgW51Gf4nRJuTewrfega,landX,412,412
FLwV8tm3pL8pZj6d927VASzPrgW51Gf4nRJuTewrfega,stellium,804,804
FNKgX9dYUhYQFRTM9bkeKoRpsyEtZGNMxbdQLDzfqB8a,(none),17688,0
FNKgX9dYUhYQFRTM9bkeKoRpsyEtZGNMxbdQLDzfqB8a,0slot,1391,1391
FNKgX9dYUhYQFRTM9bkeKoRpsyEtZGNMxbdQLDzfqB8a,AstraLane,4357,4357
FNKgX9dYUhYQFRTM9bkeKoRpsyEtZGNMxbdQLDzfqB8a,Astralane,22,22
FNKgX9dYUhYQFRTM9bkeKoRpsyEtZGNMxbdQLDzfqB8a,BloxRoute,44,44
FNKgX9dYUhYQFRTM9bkeKoRpsyEtZGNMxbdQLDzfqB8a,Falcon,4597,4597
FNKgX9dYUhYQFRTM9bkeKoRpsyEtZGNMxbdQLDzfqB8a,Flashblock,29,29
FNKgX9dYUhYQFRTM9bkeKoRpsyEtZGNMxbdQLDzfqB8a,Helius,6089,6088
FNKgX9dYUhYQFRTM9bkeKoRpsyEtZGNMxbdQLDzfqB8a,Jito,2001,2000
FNKgX9dYUhYQFRTM9bkeKoRpsyEtZGNMxbdQLDzfqB8a,Moon,7,7
FNKgX9dYUhYQFRTM9bkeKoRpsyEtZGNMxbdQLDzfqB8a,Nextblock,801,801
FNKgX9dYUhYQFRTM9bkeKoRpsyEtZGNMxbdQLDzfqB8a,NodeOne,1842,1842
FNKgX9dYUhYQFRTM9bkeKoRpsyEtZGNMxbdQLDzfqB8a,Soyas,171,171
FNKgX9dYUhYQFRTM9bkeKoRpsyEtZGNMxbdQLDzfqB8a,Stellium,2952,2952
FNKgX9dYUhYQFRTM9bkeKoRpsyEtZGNMxbdQLDzfqB8a,Temporal,2573,2571
FNKgX9dYUhYQFRTM9bkeKoRpsyEtZGNMxbdQLDzfqB8a,blockRazor,101,101
FNKgX9dYUhYQFRTM9bkeKoRpsyEtZGNMxbdQLDzfqB8a,blockrazor,390,390
FNKgX9dYUhYQFRTM9bkeKoRpsyEtZGNMxbdQLDzfqB8a,blocksprint,1934,1934
FNKgX9dYUhYQFRTM9bkeKoRpsyEtZGNMxbdQLDzfqB8a,bloxroute,2712,2709
FNKgX9dYUhYQFRTM9bkeKoRpsyEtZGNMxbdQLDzfqB8a,landX,3256,3256
FNKgX9dYUhYQFRTM9bkeKoRpsyEtZGNMxbdQLDzfqB8a,stellium,7448,7448
FNTPSUuRpDoJx1hwFmB5ncNLLMX42aE83P4hsFYUfNRL,(none),667,0
FNTPSUuRpDoJx1hwFmB5ncNLLMX42aE83P4hsFYUfNRL,0slot,38,38
FNTPSUuRpDoJx1hwFmB5ncNLLMX42aE83P4hsFYUfNRL,AstraLane,62,62
FNTPSUuRpDoJx1hwFmB5ncNLLMX42aE83P4hsFYUfNRL,BloxRoute,1,1
FNTPSUuRpDoJx1hwFmB5ncNLLMX42aE83P4hsFYUfNRL,Falcon,135,135
FNTPSUuRpDoJx1hwFmB5ncNLLMX42aE83P4hsFYUfNRL,Flashblock,1,1
FNTPSUuRpDoJx1hwFmB5ncNLLMX42aE83P4hsFYUfNRL,Helius,224,224
FNTPSUuRpDoJx1hwFmB5ncNLLMX42aE83P4hsFYUfNRL,Jito,85,85
FNTPSUuRpDoJx1hwFmB5ncNLLMX42aE83P4hsFYUfNRL,Nextblock,23,23
FNTPSUuRpDoJx1hwFmB5ncNLLMX42aE83P4hsFYUfNRL,NodeOne,53,53
FNTPSUuRpDoJx1hwFmB5ncNLLMX42aE83P4hsFYUfNRL,Soyas,5,5
FNTPSUuRpDoJx1hwFmB5ncNLLMX42aE83P4hsFYUfNRL,Stellium,105,105
FNTPSUuRpDoJx1hwFmB5ncNLLMX42aE83P4hsFYUfNRL,Temporal,55,55
FNTPSUuRpDoJx1hwFmB5ncNLLMX42aE83P4hsFYUfNRL,blockRazor,5,5
FNTPSUuRpDoJx1hwFmB5ncNLLMX42aE83P4hsFYUfNRL,blockrazor,12,12
FNTPSUuRpDoJx1hwFmB5ncNLLMX42aE83P4hsFYUfNRL,blocksprint,52,52
FNTPSUuRpDoJx1hwFmB5ncNLLMX42aE83P4hsFYUfNRL,bloxroute,34,34
FNTPSUuRpDoJx1hwFmB5ncNLLMX42aE83P4hsFYUfNRL,landX,182,182
FNTPSUuRpDoJx1hwFmB5ncNLLMX42aE83P4hsFYUfNRL,stellium,300,300
FSyAsxcE7g8pSSEu5nx7Hkz44rMZiYio5Wz8Lszh3Nbi,(none),522,0
FSyAsxcE7g8pSSEu5nx7Hkz44rMZiYio5Wz8Lszh3Nbi,0slot,38,38
FSyAsxcE7g8pSSEu5nx7Hkz44rMZiYio5Wz8Lszh3Nbi,AstraLane,58,58
FSyAsxcE7g8pSSEu5nx7Hkz44rMZiYio5Wz8Lszh3Nbi,Falcon,92,92
FSyAsxcE7g8pSSEu5nx7Hkz44rMZiYio5Wz8Lszh3Nbi,Helius,214,214
FSyAsxcE7g8pSSEu5nx7Hkz44rMZiYio5Wz8Lszh3Nbi,Jito,26,26
FSyAsxcE7g8pSSEu5nx7Hkz44rMZiYio5Wz8Lszh3Nbi,Nextblock,18,18
FSyAsxcE7g8pSSEu5nx7Hkz44rMZiYio5Wz8Lszh3Nbi,NodeOne,68,68
FSyAsxcE7g8pSSEu5nx7Hkz44rMZiYio5Wz8Lszh3Nbi,Soyas,6,6
FSyAsxcE7g8pSSEu5nx7Hkz44rMZiYio5Wz8Lszh3Nbi,Stellium,69,69
FSyAsxcE7g8pSSEu5nx7Hkz44rMZiYio5Wz8Lszh3Nbi,Temporal,40,40
FSyAsxcE7g8pSSEu5nx7Hkz44rMZiYio5Wz8Lszh3Nbi,blockrazor,9,9
FSyAsxcE7g8pSSEu5nx7Hkz44rMZiYio5Wz8Lszh3Nbi,blocksprint,47,47
FSyAsxcE7g8pSSEu5nx7Hkz44rMZiYio5Wz8Lszh3Nbi,bloxroute,22,22
FSyAsxcE7g8pSSEu5nx7Hkz44rMZiYio5Wz8Lszh3Nbi,landX,200,200
FSyAsxcE7g8pSSEu5nx7Hkz44rMZiYio5Wz8Lszh3Nbi,stellium,292,292
FWwwP9tNttSy9dJFxwf6ebXWfc6VJXqFNMTccrMiLFTH,(none),3396,0
FWwwP9tNttSy9dJFxwf6ebXWfc6VJXqFNMTccrMiLFTH,0slot,302,302
FWwwP9tNttSy9dJFxwf6ebXWfc6VJXqFNMTccrMiLFTH,AstraLane,492,492
FWwwP9tNttSy9dJFxwf6ebXWfc6VJXqFNMTccrMiLFTH,BloxRoute,7,7
FWwwP9tNttSy9dJFxwf6ebXWfc6VJXqFNMTccrMiLFTH,Falcon,782,782
FWwwP9tNttSy9dJFxwf6ebXWfc6VJXqFNMTccrMiLFTH,Flashblock,4,4
FWwwP9tNttSy9dJFxwf6ebXWfc6VJXqFNMTccrMiLFTH,Helius,1334,1334
FWwwP9tNttSy9dJFxwf6ebXWfc6VJXqFNMTccrMiLFTH,Jito,329,329
FWwwP9tNttSy9dJFxwf6ebXWfc6VJXqFNMTccrMiLFTH,Moon,1,1
FWwwP9tNttSy9dJFxwf6ebXWfc6VJXqFNMTccrMiLFTH,Nextblock,185,185
FWwwP9tNttSy9dJFxwf6ebXWfc6VJXqFNMTccrMiLFTH,NodeOne,470,470
FWwwP9tNttSy9dJFxwf6ebXWfc6VJXqFNMTccrMiLFTH,Soyas,38,38
FWwwP9tNttSy9dJFxwf6ebXWfc6VJXqFNMTccrMiLFTH,Stellium,510,510
FWwwP9tNttSy9dJFxwf6ebXWfc6VJXqFNMTccrMiLFTH,Temporal,448,448
FWwwP9tNttSy9dJFxwf6ebXWfc6VJXqFNMTccrMiLFTH,blockRazor,18,18
FWwwP9tNttSy9dJFxwf6ebXWfc6VJXqFNMTccrMiLFTH,blockrazor,91,91
FWwwP9tNttSy9dJFxwf6ebXWfc6VJXqFNMTccrMiLFTH,blocksprint,366,366
FWwwP9tNttSy9dJFxwf6ebXWfc6VJXqFNMTccrMiLFTH,bloxroute,161,161
FWwwP9tNttSy9dJFxwf6ebXWfc6VJXqFNMTccrMiLFTH,landX,947,947
FWwwP9tNttSy9dJFxwf6ebXWfc6VJXqFNMTccrMiLFTH,stellium,1701,1701
FZ4MT1HYJHd9GK8D5mJ9f3r7irLaDL5NxBNLjGqrLqs9,(none),326,0
FZ4MT1HYJHd9GK8D5mJ9f3r7irLaDL5NxBNLjGqrLqs9,0slot,17,17
FZ4MT1HYJHd9GK8D5mJ9f3r7irLaDL5NxBNLjGqrLqs9,AstraLane,12,12
FZ4MT1HYJHd9GK8D5mJ9f3r7irLaDL5NxBNLjGqrLqs9,Falcon,5,5
FZ4MT1HYJHd9GK8D5mJ9f3r7irLaDL5NxBNLjGqrLqs9,Flashblock,1,1
FZ4MT1HYJHd9GK8D5mJ9f3r7irLaDL5NxBNLjGqrLqs9,Helius,49,49
FZ4MT1HYJHd9GK8D5mJ9f3r7irLaDL5NxBNLjGqrLqs9,Jito,73,73
FZ4MT1HYJHd9GK8D5mJ9f3r7irLaDL5NxBNLjGqrLqs9,Moon,2,2
FZ4MT1HYJHd9GK8D5mJ9f3r7irLaDL5NxBNLjGqrLqs9,Nextblock,8,8
FZ4MT1HYJHd9GK8D5mJ9f3r7irLaDL5NxBNLjGqrLqs9,NodeOne,17,17
FZ4MT1HYJHd9GK8D5mJ9f3r7irLaDL5NxBNLjGqrLqs9,Soyas,8,8
FZ4MT1HYJHd9GK8D5mJ9f3r7irLaDL5NxBNLjGqrLqs9,Stellium,11,11
FZ4MT1HYJHd9GK8D5mJ9f3r7irLaDL5NxBNLjGqrLqs9,Temporal,21,21
FZ4MT1HYJHd9GK8D5mJ9f3r7irLaDL5NxBNLjGqrLqs9,blockRazor,1,1
FZ4MT1HYJHd9GK8D5mJ9f3r7irLaDL5NxBNLjGqrLqs9,blocksprint,3,3
FZ4MT1HYJHd9GK8D5mJ9f3r7irLaDL5NxBNLjGqrLqs9,bloxroute,1,1
FZ4MT1HYJHd9GK8D5mJ9f3r7irLaDL5NxBNLjGqrLqs9,stellium,21,21
FZrSKKsKfZJovcQWRQFDXz8DbHKCSRZLZqbBAGd1dG57,(none),21,0
FZrSKKsKfZJovcQWRQFDXz8DbHKCSRZLZqbBAGd1dG57,0slot,2,2
FZrSKKsKfZJovcQWRQFDXz8DbHKCSRZLZqbBAGd1dG57,AstraLane,7,7
FZrSKKsKfZJovcQWRQFDXz8DbHKCSRZLZqbBAGd1dG57,Falcon,19,19
FZrSKKsKfZJovcQWRQFDXz8DbHKCSRZLZqbBAGd1dG57,Helius,14,14
FZrSKKsKfZJovcQWRQFDXz8DbHKCSRZLZqbBAGd1dG57,Jito,3,3
FZrSKKsKfZJovcQWRQFDXz8DbHKCSRZLZqbBAGd1dG57,Nextblock,5,5
FZrSKKsKfZJovcQWRQFDXz8DbHKCSRZLZqbBAGd1dG57,NodeOne,2,2
FZrSKKsKfZJovcQWRQFDXz8DbHKCSRZLZqbBAGd1dG57,Stellium,15,15
FZrSKKsKfZJovcQWRQFDXz8DbHKCSRZLZqbBAGd1dG57,Temporal,13,13
FZrSKKsKfZJovcQWRQFDXz8DbHKCSRZLZqbBAGd1dG57,blockrazor,2,2
FZrSKKsKfZJovcQWRQFDXz8DbHKCSRZLZqbBAGd1dG57,blocksprint,6,6
FZrSKKsKfZJovcQWRQFDXz8DbHKCSRZLZqbBAGd1dG57,stellium,19,19
Fb77sbwgXmtjmkjkaoSckGp5yg3nqdtD8zf1dyxxiCSf,(none),296,0
Fb77sbwgXmtjmkjkaoSckGp5yg3nqdtD8zf1dyxxiCSf,0slot,26,26
Fb77sbwgXmtjmkjkaoSckGp5yg3nqdtD8zf1dyxxiCSf,AstraLane,40,40
Fb77sbwgXmtjmkjkaoSckGp5yg3nqdtD8zf1dyxxiCSf,BloxRoute,1,1
Fb77sbwgXmtjmkjkaoSckGp5yg3nqdtD8zf1dyxxiCSf,Falcon,71,71
Fb77sbwgXmtjmkjkaoSckGp5yg3nqdtD8zf1dyxxiCSf,Helius,124,124
Fb77sbwgXmtjmkjkaoSckGp5yg3nqdtD8zf1dyxxiCSf,Jito,53,53
Fb77sbwgXmtjmkjkaoSckGp5yg3nqdtD8zf1dyxxiCSf,Moon,1,1
Fb77sbwgXmtjmkjkaoSckGp5yg3nqdtD8zf1dyxxiCSf,Nextblock,22,22
Fb77sbwgXmtjmkjkaoSckGp5yg3nqdtD8zf1dyxxiCSf,NodeOne,15,15
Fb77sbwgXmtjmkjkaoSckGp5yg3nqdtD8zf1dyxxiCSf,Soyas,4,4
Fb77sbwgXmtjmkjkaoSckGp5yg3nqdtD8zf1dyxxiCSf,Stellium,65,65
Fb77sbwgXmtjmkjkaoSckGp5yg3nqdtD8zf1dyxxiCSf,Temporal,37,37
Fb77sbwgXmtjmkjkaoSckGp5yg3nqdtD8zf1dyxxiCSf,blockRazor,1,1
Fb77sbwgXmtjmkjkaoSckGp5yg3nqdtD8zf1dyxxiCSf,blockrazor,7,7
Fb77sbwgXmtjmkjkaoSckGp5yg3nqdtD8zf1dyxxiCSf,blocksprint,29,29
Fb77sbwgXmtjmkjkaoSckGp5yg3nqdtD8zf1dyxxiCSf,bloxroute,18,18
Fb77sbwgXmtjmkjkaoSckGp5yg3nqdtD8zf1dyxxiCSf,landX,78,78
Fb77sbwgXmtjmkjkaoSckGp5yg3nqdtD8zf1dyxxiCSf,stellium,145,145
FbYX2uN573G5WsgiPdHU6fS5PNUyjdXfGfpZNkYUuT4k,(none),10772,0
FbYX2uN573G5WsgiPdHU6fS5PNUyjdXfGfpZNkYUuT4k,0slot,955,955
FbYX2uN573G5WsgiPdHU6fS5PNUyjdXfGfpZNkYUuT4k,AstraLane,1656,1656
FbYX2uN573G5WsgiPdHU6fS5PNUyjdXfGfpZNkYUuT4k,Astralane,4,4
FbYX2uN573G5WsgiPdHU6fS5PNUyjdXfGfpZNkYUuT4k,BloxRoute,33,33
FbYX2uN573G5WsgiPdHU6fS5PNUyjdXfGfpZNkYUuT4k,Falcon,2573,2573
FbYX2uN573G5WsgiPdHU6fS5PNUyjdXfGfpZNkYUuT4k,Flashblock,20,20
FbYX2uN573G5WsgiPdHU6fS5PNUyjdXfGfpZNkYUuT4k,Helius,4195,4195
FbYX2uN573G5WsgiPdHU6fS5PNUyjdXfGfpZNkYUuT4k,Jito,937,937
FbYX2uN573G5WsgiPdHU6fS5PNUyjdXfGfpZNkYUuT4k,Moon,8,8
FbYX2uN573G5WsgiPdHU6fS5PNUyjdXfGfpZNkYUuT4k,Nextblock,626,626
FbYX2uN573G5WsgiPdHU6fS5PNUyjdXfGfpZNkYUuT4k,NodeOne,2328,2328
FbYX2uN573G5WsgiPdHU6fS5PNUyjdXfGfpZNkYUuT4k,Soyas,108,108
FbYX2uN573G5WsgiPdHU6fS5PNUyjdXfGfpZNkYUuT4k,Stellium,2007,2007
FbYX2uN573G5WsgiPdHU6fS5PNUyjdXfGfpZNkYUuT4k,Temporal,1469,1468
FbYX2uN573G5WsgiPdHU6fS5PNUyjdXfGfpZNkYUuT4k,blockRazor,66,66
FbYX2uN573G5WsgiPdHU6fS5PNUyjdXfGfpZNkYUuT4k,blockrazor,300,300
FbYX2uN573G5WsgiPdHU6fS5PNUyjdXfGfpZNkYUuT4k,blocksprint,1241,1241
FbYX2uN573G5WsgiPdHU6fS5PNUyjdXfGfpZNkYUuT4k,bloxroute,858,856
FbYX2uN573G5WsgiPdHU6fS5PNUyjdXfGfpZNkYUuT4k,landX,3951,3951
FbYX2uN573G5WsgiPdHU6fS5PNUyjdXfGfpZNkYUuT4k,stellium,6674,6674
Fc6NNdS2j3EmrWbU6Uqt6wsKB5ef72NjaWfNxKYbULGD,(none),11665,0
Fc6NNdS2j3EmrWbU6Uqt6wsKB5ef72NjaWfNxKYbULGD,0slot,1029,1029
Fc6NNdS2j3EmrWbU6Uqt6wsKB5ef72NjaWfNxKYbULGD,AstraLane,1817,1817
Fc6NNdS2j3EmrWbU6Uqt6wsKB5ef72NjaWfNxKYbULGD,Astralane,8,8
Fc6NNdS2j3EmrWbU6Uqt6wsKB5ef72NjaWfNxKYbULGD,BloxRoute,24,24
Fc6NNdS2j3EmrWbU6Uqt6wsKB5ef72NjaWfNxKYbULGD,Falcon,2567,2567
Fc6NNdS2j3EmrWbU6Uqt6wsKB5ef72NjaWfNxKYbULGD,Flashblock,19,19
Fc6NNdS2j3EmrWbU6Uqt6wsKB5ef72NjaWfNxKYbULGD,Helius,4429,4425
Fc6NNdS2j3EmrWbU6Uqt6wsKB5ef72NjaWfNxKYbULGD,Jito,1390,1390
Fc6NNdS2j3EmrWbU6Uqt6wsKB5ef72NjaWfNxKYbULGD,Moon,4,4
Fc6NNdS2j3EmrWbU6Uqt6wsKB5ef72NjaWfNxKYbULGD,Nextblock,606,606
Fc6NNdS2j3EmrWbU6Uqt6wsKB5ef72NjaWfNxKYbULGD,NodeOne,1110,1110
Fc6NNdS2j3EmrWbU6Uqt6wsKB5ef72NjaWfNxKYbULGD,Soyas,115,115
Fc6NNdS2j3EmrWbU6Uqt6wsKB5ef72NjaWfNxKYbULGD,Stellium,1898,1898
Fc6NNdS2j3EmrWbU6Uqt6wsKB5ef72NjaWfNxKYbULGD,Temporal,1308,1307
Fc6NNdS2j3EmrWbU6Uqt6wsKB5ef72NjaWfNxKYbULGD,blockRazor,69,69
Fc6NNdS2j3EmrWbU6Uqt6wsKB5ef72NjaWfNxKYbULGD,blockrazor,284,284
Fc6NNdS2j3EmrWbU6Uqt6wsKB5ef72NjaWfNxKYbULGD,blocksprint,1138,1138
Fc6NNdS2j3EmrWbU6Uqt6wsKB5ef72NjaWfNxKYbULGD,bloxroute,768,766
Fc6NNdS2j3EmrWbU6Uqt6wsKB5ef72NjaWfNxKYbULGD,landX,3536,3536
Fc6NNdS2j3EmrWbU6Uqt6wsKB5ef72NjaWfNxKYbULGD,stellium,5792,5792
Fd7btgySsrjuo25CJCj7oE7VPMyezDhnx7pZkj2v69Nk,(none),74745,0
Fd7btgySsrjuo25CJCj7oE7VPMyezDhnx7pZkj2v69Nk,0slot,6778,6778
Fd7btgySsrjuo25CJCj7oE7VPMyezDhnx7pZkj2v69Nk,AstraLane,12437,12437
Fd7btgySsrjuo25CJCj7oE7VPMyezDhnx7pZkj2v69Nk,Astralane,11,11
Fd7btgySsrjuo25CJCj7oE7VPMyezDhnx7pZkj2v69Nk,BloxRoute,213,213
Fd7btgySsrjuo25CJCj7oE7VPMyezDhnx7pZkj2v69Nk,Falcon,17987,17987
Fd7btgySsrjuo25CJCj7oE7VPMyezDhnx7pZkj2v69Nk,Flashblock,141,141
Fd7btgySsrjuo25CJCj7oE7VPMyezDhnx7pZkj2v69Nk,Helius,33693,33690
Fd7btgySsrjuo25CJCj7oE7VPMyezDhnx7pZkj2v69Nk,Jito,10420,10414
Fd7btgySsrjuo25CJCj7oE7VPMyezDhnx7pZkj2v69Nk,Moon,62,62
Fd7btgySsrjuo25CJCj7oE7VPMyezDhnx7pZkj2v69Nk,Nextblock,3984,3984
Fd7btgySsrjuo25CJCj7oE7VPMyezDhnx7pZkj2v69Nk,NodeOne,9449,9449
Fd7btgySsrjuo25CJCj7oE7VPMyezDhnx7pZkj2v69Nk,Soyas,1031,1031
Fd7btgySsrjuo25CJCj7oE7VPMyezDhnx7pZkj2v69Nk,Stellium,12468,12468
Fd7btgySsrjuo25CJCj7oE7VPMyezDhnx7pZkj2v69Nk,Temporal,9289,9286
Fd7btgySsrjuo25CJCj7oE7VPMyezDhnx7pZkj2v69Nk,blockRazor,485,485
Fd7btgySsrjuo25CJCj7oE7VPMyezDhnx7pZkj2v69Nk,blockrazor,2035,2035
Fd7btgySsrjuo25CJCj7oE7VPMyezDhnx7pZkj2v69Nk,blocksprint,7943,7943
Fd7btgySsrjuo25CJCj7oE7VPMyezDhnx7pZkj2v69Nk,bloxroute,8200,8195
Fd7btgySsrjuo25CJCj7oE7VPMyezDhnx7pZkj2v69Nk,landX,29730,29730
Fd7btgySsrjuo25CJCj7oE7VPMyezDhnx7pZkj2v69Nk,stellium,42232,42232
FdH9QEQBxPQfaF2JpcjgdfcMnDb7rjZkCDRCWLRjTQwj,(none),197,0
FdH9QEQBxPQfaF2JpcjgdfcMnDb7rjZkCDRCWLRjTQwj,0slot,24,24
FdH9QEQBxPQfaF2JpcjgdfcMnDb7rjZkCDRCWLRjTQwj,AstraLane,33,33
FdH9QEQBxPQfaF2JpcjgdfcMnDb7rjZkCDRCWLRjTQwj,Falcon,17,17
FdH9QEQBxPQfaF2JpcjgdfcMnDb7rjZkCDRCWLRjTQwj,Flashblock,1,1
FdH9QEQBxPQfaF2JpcjgdfcMnDb7rjZkCDRCWLRjTQwj,Helius,79,79
FdH9QEQBxPQfaF2JpcjgdfcMnDb7rjZkCDRCWLRjTQwj,Jito,33,33
FdH9QEQBxPQfaF2JpcjgdfcMnDb7rjZkCDRCWLRjTQwj,Nextblock,13,13
FdH9QEQBxPQfaF2JpcjgdfcMnDb7rjZkCDRCWLRjTQwj,NodeOne,19,19
FdH9QEQBxPQfaF2JpcjgdfcMnDb7rjZkCDRCWLRjTQwj,Soyas,2,2
FdH9QEQBxPQfaF2JpcjgdfcMnDb7rjZkCDRCWLRjTQwj,Stellium,22,22
FdH9QEQBxPQfaF2JpcjgdfcMnDb7rjZkCDRCWLRjTQwj,Temporal,28,28
FdH9QEQBxPQfaF2JpcjgdfcMnDb7rjZkCDRCWLRjTQwj,blockrazor,9,9
FdH9QEQBxPQfaF2JpcjgdfcMnDb7rjZkCDRCWLRjTQwj,blocksprint,14,14
FdH9QEQBxPQfaF2JpcjgdfcMnDb7rjZkCDRCWLRjTQwj,landX,66,66
FdH9QEQBxPQfaF2JpcjgdfcMnDb7rjZkCDRCWLRjTQwj,stellium,78,78
FjYEr2UCeFzNfAKiFrbhG34Zv8LxbmfHYAFhAfc7SLQL,(none),811,0
FjYEr2UCeFzNfAKiFrbhG34Zv8LxbmfHYAFhAfc7SLQL,0slot,92,92
FjYEr2UCeFzNfAKiFrbhG34Zv8LxbmfHYAFhAfc7SLQL,AstraLane,102,102
FjYEr2UCeFzNfAKiFrbhG34Zv8LxbmfHYAFhAfc7SLQL,BloxRoute,3,3
FjYEr2UCeFzNfAKiFrbhG34Zv8LxbmfHYAFhAfc7SLQL,Falcon,166,166
FjYEr2UCeFzNfAKiFrbhG34Zv8LxbmfHYAFhAfc7SLQL,Flashblock,1,1
FjYEr2UCeFzNfAKiFrbhG34Zv8LxbmfHYAFhAfc7SLQL,Helius,268,268
FjYEr2UCeFzNfAKiFrbhG34Zv8LxbmfHYAFhAfc7SLQL,Jito,63,63
FjYEr2UCeFzNfAKiFrbhG34Zv8LxbmfHYAFhAfc7SLQL,Nextblock,37,37
FjYEr2UCeFzNfAKiFrbhG34Zv8LxbmfHYAFhAfc7SLQL,NodeOne,103,103
FjYEr2UCeFzNfAKiFrbhG34Zv8LxbmfHYAFhAfc7SLQL,Soyas,7,7
FjYEr2UCeFzNfAKiFrbhG34Zv8LxbmfHYAFhAfc7SLQL,Stellium,131,131
FjYEr2UCeFzNfAKiFrbhG34Zv8LxbmfHYAFhAfc7SLQL,Temporal,120,120
FjYEr2UCeFzNfAKiFrbhG34Zv8LxbmfHYAFhAfc7SLQL,blockRazor,1,1
FjYEr2UCeFzNfAKiFrbhG34Zv8LxbmfHYAFhAfc7SLQL,blockrazor,27,27
FjYEr2UCeFzNfAKiFrbhG34Zv8LxbmfHYAFhAfc7SLQL,blocksprint,66,66
FjYEr2UCeFzNfAKiFrbhG34Zv8LxbmfHYAFhAfc7SLQL,bloxroute,25,25
FjYEr2UCeFzNfAKiFrbhG34Zv8LxbmfHYAFhAfc7SLQL,landX,205,205
FjYEr2UCeFzNfAKiFrbhG34Zv8LxbmfHYAFhAfc7SLQL,stellium,420,420
FoXyHJXdQGK2eHoTjSAzHq4hzxWdJvpGgyzrtPS9eAk,(none),152,0
FoXyHJXdQGK2eHoTjSAzHq4hzxWdJvpGgyzrtPS9eAk,0slot,16,16
FoXyHJXdQGK2eHoTjSAzHq4hzxWdJvpGgyzrtPS9eAk,AstraLane,38,38
FoXyHJXdQGK2eHoTjSAzHq4hzxWdJvpGgyzrtPS9eAk,BloxRoute,3,3
FoXyHJXdQGK2eHoTjSAzHq4hzxWdJvpGgyzrtPS9eAk,Falcon,27,27
FoXyHJXdQGK2eHoTjSAzHq4hzxWdJvpGgyzrtPS9eAk,Helius,64,64
FoXyHJXdQGK2eHoTjSAzHq4hzxWdJvpGgyzrtPS9eAk,Jito,6,6
FoXyHJXdQGK2eHoTjSAzHq4hzxWdJvpGgyzrtPS9eAk,Nextblock,17,17
FoXyHJXdQGK2eHoTjSAzHq4hzxWdJvpGgyzrtPS9eAk,NodeOne,61,61
FoXyHJXdQGK2eHoTjSAzHq4hzxWdJvpGgyzrtPS9eAk,Soyas,2,2
FoXyHJXdQGK2eHoTjSAzHq4hzxWdJvpGgyzrtPS9eAk,Stellium,26,26
FoXyHJXdQGK2eHoTjSAzHq4hzxWdJvpGgyzrtPS9eAk,Temporal,14,14
FoXyHJXdQGK2eHoTjSAzHq4hzxWdJvpGgyzrtPS9eAk,blockRazor,2,2
FoXyHJXdQGK2eHoTjSAzHq4hzxWdJvpGgyzrtPS9eAk,blockrazor,4,4
FoXyHJXdQGK2eHoTjSAzHq4hzxWdJvpGgyzrtPS9eAk,blocksprint,14,14
FoXyHJXdQGK2eHoTjSAzHq4hzxWdJvpGgyzrtPS9eAk,bloxroute,4,4
FoXyHJXdQGK2eHoTjSAzHq4hzxWdJvpGgyzrtPS9eAk,landX,58,58
FoXyHJXdQGK2eHoTjSAzHq4hzxWdJvpGgyzrtPS9eAk,stellium,108,108
FoigPJ6kL6Gth5Er6t9d1Nkh96Skadqw63Ciyjxc1f8H,(none),355,0
FoigPJ6kL6Gth5Er6t9d1Nkh96Skadqw63Ciyjxc1f8H,0slot,36,36
FoigPJ6kL6Gth5Er6t9d1Nkh96Skadqw63Ciyjxc1f8H,AstraLane,69,69
FoigPJ6kL6Gth5Er6t9d1Nkh96Skadqw63Ciyjxc1f8H,BloxRoute,2,2
FoigPJ6kL6Gth5Er6t9d1Nkh96Skadqw63Ciyjxc1f8H,Falcon,100,100
FoigPJ6kL6Gth5Er6t9d1Nkh96Skadqw63Ciyjxc1f8H,Helius,145,145
FoigPJ6kL6Gth5Er6t9d1Nkh96Skadqw63Ciyjxc1f8H,Jito,28,28
FoigPJ6kL6Gth5Er6t9d1Nkh96Skadqw63Ciyjxc1f8H,Nextblock,17,17
FoigPJ6kL6Gth5Er6t9d1Nkh96Skadqw63Ciyjxc1f8H,NodeOne,36,36
FoigPJ6kL6Gth5Er6t9d1Nkh96Skadqw63Ciyjxc1f8H,Soyas,1,1
FoigPJ6kL6Gth5Er6t9d1Nkh96Skadqw63Ciyjxc1f8H,Stellium,69,69
FoigPJ6kL6Gth5Er6t9d1Nkh96Skadqw63Ciyjxc1f8H,Temporal,56,56
FoigPJ6kL6Gth5Er6t9d1Nkh96Skadqw63Ciyjxc1f8H,blockRazor,2,2
FoigPJ6kL6Gth5Er6t9d1Nkh96Skadqw63Ciyjxc1f8H,blockrazor,12,12
FoigPJ6kL6Gth5Er6t9d1Nkh96Skadqw63Ciyjxc1f8H,blocksprint,41,41
FoigPJ6kL6Gth5Er6t9d1Nkh96Skadqw63Ciyjxc1f8H,bloxroute,42,42
FoigPJ6kL6Gth5Er6t9d1Nkh96Skadqw63Ciyjxc1f8H,landX,156,156
FoigPJ6kL6Gth5Er6t9d1Nkh96Skadqw63Ciyjxc1f8H,stellium,255,255
FphFJA451qptiGyCeCN3xvrDi8cApGAnyR5vw2KxxQ1q,(none),141,0
FphFJA451qptiGyCeCN3xvrDi8cApGAnyR5vw2KxxQ1q,0slot,13,13
FphFJA451qptiGyCeCN3xvrDi8cApGAnyR5vw2KxxQ1q,AstraLane,21,21
FphFJA451qptiGyCeCN3xvrDi8cApGAnyR5vw2KxxQ1q,Falcon,26,26
FphFJA451qptiGyCeCN3xvrDi8cApGAnyR5vw2KxxQ1q,Helius,44,44
FphFJA451qptiGyCeCN3xvrDi8cApGAnyR5vw2KxxQ1q,Jito,15,15
FphFJA451qptiGyCeCN3xvrDi8cApGAnyR5vw2KxxQ1q,Nextblock,7,7
FphFJA451qptiGyCeCN3xvrDi8cApGAnyR5vw2KxxQ1q,NodeOne,21,21
FphFJA451qptiGyCeCN3xvrDi8cApGAnyR5vw2KxxQ1q,Soyas,2,2
FphFJA451qptiGyCeCN3xvrDi8cApGAnyR5vw2KxxQ1q,Stellium,27,27
FphFJA451qptiGyCeCN3xvrDi8cApGAnyR5vw2KxxQ1q,Temporal,23,23
FphFJA451qptiGyCeCN3xvrDi8cApGAnyR5vw2KxxQ1q,blockRazor,1,1
FphFJA451qptiGyCeCN3xvrDi8cApGAnyR5vw2KxxQ1q,blockrazor,3,3
FphFJA451qptiGyCeCN3xvrDi8cApGAnyR5vw2KxxQ1q,blocksprint,10,10
FphFJA451qptiGyCeCN3xvrDi8cApGAnyR5vw2KxxQ1q,bloxroute,4,4
FphFJA451qptiGyCeCN3xvrDi8cApGAnyR5vw2KxxQ1q,landX,28,28
FphFJA451qptiGyCeCN3xvrDi8cApGAnyR5vw2KxxQ1q,stellium,85,85
Frog1Fks1AVN8ywFH3HTFeYojq6LQqoEPzgQFx2Kz5Ch,(none),2360,0
Frog1Fks1AVN8ywFH3HTFeYojq6LQqoEPzgQFx2Kz5Ch,0slot,184,184
Frog1Fks1AVN8ywFH3HTFeYojq6LQqoEPzgQFx2Kz5Ch,AstraLane,311,311
Frog1Fks1AVN8ywFH3HTFeYojq6LQqoEPzgQFx2Kz5Ch,BloxRoute,7,7
Frog1Fks1AVN8ywFH3HTFeYojq6LQqoEPzgQFx2Kz5Ch,Falcon,573,573
Frog1Fks1AVN8ywFH3HTFeYojq6LQqoEPzgQFx2Kz5Ch,Flashblock,4,4
Frog1Fks1AVN8ywFH3HTFeYojq6LQqoEPzgQFx2Kz5Ch,Helius,890,890
Frog1Fks1AVN8ywFH3HTFeYojq6LQqoEPzgQFx2Kz5Ch,Jito,275,275
Frog1Fks1AVN8ywFH3HTFeYojq6LQqoEPzgQFx2Kz5Ch,Nextblock,119,119
Frog1Fks1AVN8ywFH3HTFeYojq6LQqoEPzgQFx2Kz5Ch,NodeOne,400,400
Frog1Fks1AVN8ywFH3HTFeYojq6LQqoEPzgQFx2Kz5Ch,Soyas,25,25
Frog1Fks1AVN8ywFH3HTFeYojq6LQqoEPzgQFx2Kz5Ch,Stellium,394,394
Frog1Fks1AVN8ywFH3HTFeYojq6LQqoEPzgQFx2Kz5Ch,Temporal,253,253
Frog1Fks1AVN8ywFH3HTFeYojq6LQqoEPzgQFx2Kz5Ch,blockRazor,16,16
Frog1Fks1AVN8ywFH3HTFeYojq6LQqoEPzgQFx2Kz5Ch,blockrazor,56,56
Frog1Fks1AVN8ywFH3HTFeYojq6LQqoEPzgQFx2Kz5Ch,blocksprint,250,250
Frog1Fks1AVN8ywFH3HTFeYojq6LQqoEPzgQFx2Kz5Ch,bloxroute,168,168
Frog1Fks1AVN8ywFH3HTFeYojq6LQqoEPzgQFx2Kz5Ch,landX,613,613
Frog1Fks1AVN8ywFH3HTFeYojq6LQqoEPzgQFx2Kz5Ch,stellium,1128,1128
Fudp7uPDYNYQRxoq1Q4JiwJnzyxhVz37bGqRki3PBzS,(none),421,0
Fudp7uPDYNYQRxoq1Q4JiwJnzyxhVz37bGqRki3PBzS,0slot,28,28
Fudp7uPDYNYQRxoq1Q4JiwJnzyxhVz37bGqRki3PBzS,AstraLane,62,62
Fudp7uPDYNYQRxoq1Q4JiwJnzyxhVz37bGqRki3PBzS,BloxRoute,1,1
Fudp7uPDYNYQRxoq1Q4JiwJnzyxhVz37bGqRki3PBzS,Falcon,73,73
Fudp7uPDYNYQRxoq1Q4JiwJnzyxhVz37bGqRki3PBzS,Helius,116,116
Fudp7uPDYNYQRxoq1Q4JiwJnzyxhVz37bGqRki3PBzS,Jito,71,69
Fudp7uPDYNYQRxoq1Q4JiwJnzyxhVz37bGqRki3PBzS,Nextblock,19,19
Fudp7uPDYNYQRxoq1Q4JiwJnzyxhVz37bGqRki3PBzS,NodeOne,37,37
Fudp7uPDYNYQRxoq1Q4JiwJnzyxhVz37bGqRki3PBzS,Soyas,3,3
Fudp7uPDYNYQRxoq1Q4JiwJnzyxhVz37bGqRki3PBzS,Stellium,93,93
Fudp7uPDYNYQRxoq1Q4JiwJnzyxhVz37bGqRki3PBzS,Temporal,64,64
Fudp7uPDYNYQRxoq1Q4JiwJnzyxhVz37bGqRki3PBzS,blockRazor,2,2
Fudp7uPDYNYQRxoq1Q4JiwJnzyxhVz37bGqRki3PBzS,blockrazor,14,14
Fudp7uPDYNYQRxoq1Q4JiwJnzyxhVz37bGqRki3PBzS,blocksprint,63,63
Fudp7uPDYNYQRxoq1Q4JiwJnzyxhVz37bGqRki3PBzS,bloxroute,79,79
Fudp7uPDYNYQRxoq1Q4JiwJnzyxhVz37bGqRki3PBzS,landX,195,195
Fudp7uPDYNYQRxoq1Q4JiwJnzyxhVz37bGqRki3PBzS,stellium,285,285
FugJZepeGfh1Ruunhep19JC4F3Hr2FL3oKUMezoK8ajp,(none),902,0
FugJZepeGfh1Ruunhep19JC4F3Hr2FL3oKUMezoK8ajp,0slot,83,83
FugJZepeGfh1Ruunhep19JC4F3Hr2FL3oKUMezoK8ajp,AstraLane,261,261
FugJZepeGfh1Ruunhep19JC4F3Hr2FL3oKUMezoK8ajp,BloxRoute,1,1
FugJZepeGfh1Ruunhep19JC4F3Hr2FL3oKUMezoK8ajp,Falcon,310,310
FugJZepeGfh1Ruunhep19JC4F3Hr2FL3oKUMezoK8ajp,Flashblock,1,1
FugJZepeGfh1Ruunhep19JC4F3Hr2FL3oKUMezoK8ajp,Helius,268,268
FugJZepeGfh1Ruunhep19JC4F3Hr2FL3oKUMezoK8ajp,Jito,125,125
FugJZepeGfh1Ruunhep19JC4F3Hr2FL3oKUMezoK8ajp,Moon,1,1
FugJZepeGfh1Ruunhep19JC4F3Hr2FL3oKUMezoK8ajp,Nextblock,31,31
FugJZepeGfh1Ruunhep19JC4F3Hr2FL3oKUMezoK8ajp,NodeOne,64,64
FugJZepeGfh1Ruunhep19JC4F3Hr2FL3oKUMezoK8ajp,Soyas,9,9
FugJZepeGfh1Ruunhep19JC4F3Hr2FL3oKUMezoK8ajp,Stellium,153,153
FugJZepeGfh1Ruunhep19JC4F3Hr2FL3oKUMezoK8ajp,Temporal,144,144
FugJZepeGfh1Ruunhep19JC4F3Hr2FL3oKUMezoK8ajp,blockRazor,3,3
FugJZepeGfh1Ruunhep19JC4F3Hr2FL3oKUMezoK8ajp,blockrazor,25,25
FugJZepeGfh1Ruunhep19JC4F3Hr2FL3oKUMezoK8ajp,blocksprint,86,86
FugJZepeGfh1Ruunhep19JC4F3Hr2FL3oKUMezoK8ajp,bloxroute,148,148
FugJZepeGfh1Ruunhep19JC4F3Hr2FL3oKUMezoK8ajp,landX,156,156
FugJZepeGfh1Ruunhep19JC4F3Hr2FL3oKUMezoK8ajp,stellium,379,379
FwnWx7x99rGwLmipzz8ii15NqcHkKRo2oS1Y7j6LivgZ,(none),1066,0
FwnWx7x99rGwLmipzz8ii15NqcHkKRo2oS1Y7j6LivgZ,0slot,108,108
FwnWx7x99rGwLmipzz8ii15NqcHkKRo2oS1Y7j6LivgZ,AstraLane,100,100
FwnWx7x99rGwLmipzz8ii15NqcHkKRo2oS1Y7j6LivgZ,BloxRoute,1,1
FwnWx7x99rGwLmipzz8ii15NqcHkKRo2oS1Y7j6LivgZ,Falcon,167,167
FwnWx7x99rGwLmipzz8ii15NqcHkKRo2oS1Y7j6LivgZ,Flashblock,2,2
FwnWx7x99rGwLmipzz8ii15NqcHkKRo2oS1Y7j6LivgZ,Helius,300,300
FwnWx7x99rGwLmipzz8ii15NqcHkKRo2oS1Y7j6LivgZ,Jito,109,109
FwnWx7x99rGwLmipzz8ii15NqcHkKRo2oS1Y7j6LivgZ,Nextblock,33,33
FwnWx7x99rGwLmipzz8ii15NqcHkKRo2oS1Y7j6LivgZ,NodeOne,63,63
FwnWx7x99rGwLmipzz8ii15NqcHkKRo2oS1Y7j6LivgZ,Soyas,5,5
FwnWx7x99rGwLmipzz8ii15NqcHkKRo2oS1Y7j6LivgZ,Stellium,120,120
FwnWx7x99rGwLmipzz8ii15NqcHkKRo2oS1Y7j6LivgZ,Temporal,123,123
FwnWx7x99rGwLmipzz8ii15NqcHkKRo2oS1Y7j6LivgZ,blockRazor,2,2
FwnWx7x99rGwLmipzz8ii15NqcHkKRo2oS1Y7j6LivgZ,blockrazor,24,24
FwnWx7x99rGwLmipzz8ii15NqcHkKRo2oS1Y7j6LivgZ,blocksprint,92,92
FwnWx7x99rGwLmipzz8ii15NqcHkKRo2oS1Y7j6LivgZ,bloxroute,11,11
FwnWx7x99rGwLmipzz8ii15NqcHkKRo2oS1Y7j6LivgZ,landX,254,254
FwnWx7x99rGwLmipzz8ii15NqcHkKRo2oS1Y7j6LivgZ,stellium,359,359
Fy7RCjDdFLG8wLn7TBKbccaKwYX1FetdSoVDREdUHf5o,(none),451,0
Fy7RCjDdFLG8wLn7TBKbccaKwYX1FetdSoVDREdUHf5o,0slot,48,48
Fy7RCjDdFLG8wLn7TBKbccaKwYX1FetdSoVDREdUHf5o,AstraLane,45,45
Fy7RCjDdFLG8wLn7TBKbccaKwYX1FetdSoVDREdUHf5o,Astralane,1,1
Fy7RCjDdFLG8wLn7TBKbccaKwYX1FetdSoVDREdUHf5o,BloxRoute,1,1
Fy7RCjDdFLG8wLn7TBKbccaKwYX1FetdSoVDREdUHf5o,Falcon,96,96
Fy7RCjDdFLG8wLn7TBKbccaKwYX1FetdSoVDREdUHf5o,Flashblock,3,3
Fy7RCjDdFLG8wLn7TBKbccaKwYX1FetdSoVDREdUHf5o,Helius,137,137
Fy7RCjDdFLG8wLn7TBKbccaKwYX1FetdSoVDREdUHf5o,Jito,44,44
Fy7RCjDdFLG8wLn7TBKbccaKwYX1FetdSoVDREdUHf5o,Nextblock,11,11
Fy7RCjDdFLG8wLn7TBKbccaKwYX1FetdSoVDREdUHf5o,NodeOne,26,26
Fy7RCjDdFLG8wLn7TBKbccaKwYX1FetdSoVDREdUHf5o,Soyas,4,4
Fy7RCjDdFLG8wLn7TBKbccaKwYX1FetdSoVDREdUHf5o,Stellium,60,60
Fy7RCjDdFLG8wLn7TBKbccaKwYX1FetdSoVDREdUHf5o,Temporal,47,47
Fy7RCjDdFLG8wLn7TBKbccaKwYX1FetdSoVDREdUHf5o,blockrazor,6,6
Fy7RCjDdFLG8wLn7TBKbccaKwYX1FetdSoVDREdUHf5o,blocksprint,30,30
Fy7RCjDdFLG8wLn7TBKbccaKwYX1FetdSoVDREdUHf5o,bloxroute,17,17
Fy7RCjDdFLG8wLn7TBKbccaKwYX1FetdSoVDREdUHf5o,landX,83,83
Fy7RCjDdFLG8wLn7TBKbccaKwYX1FetdSoVDREdUHf5o,stellium,182,182
FyLVPAKkgdAy8Gn9jnFYN5yjC1ubQWRkw2EHt2UnC8uA,(none),434,0
FyLVPAKkgdAy8Gn9jnFYN5yjC1ubQWRkw2EHt2UnC8uA,0slot,35,35
FyLVPAKkgdAy8Gn9jnFYN5yjC1ubQWRkw2EHt2UnC8uA,AstraLane,43,43
FyLVPAKkgdAy8Gn9jnFYN5yjC1ubQWRkw2EHt2UnC8uA,Falcon,150,150
FyLVPAKkgdAy8Gn9jnFYN5yjC1ubQWRkw2EHt2UnC8uA,Helius,114,114
FyLVPAKkgdAy8Gn9jnFYN5yjC1ubQWRkw2EHt2UnC8uA,Jito,68,68
FyLVPAKkgdAy8Gn9jnFYN5yjC1ubQWRkw2EHt2UnC8uA,Nextblock,20,20
FyLVPAKkgdAy8Gn9jnFYN5yjC1ubQWRkw2EHt2UnC8uA,NodeOne,114,114
FyLVPAKkgdAy8Gn9jnFYN5yjC1ubQWRkw2EHt2UnC8uA,Soyas,5,5
FyLVPAKkgdAy8Gn9jnFYN5yjC1ubQWRkw2EHt2UnC8uA,Stellium,96,96
FyLVPAKkgdAy8Gn9jnFYN5yjC1ubQWRkw2EHt2UnC8uA,Temporal,52,52
FyLVPAKkgdAy8Gn9jnFYN5yjC1ubQWRkw2EHt2UnC8uA,blockrazor,15,15
FyLVPAKkgdAy8Gn9jnFYN5yjC1ubQWRkw2EHt2UnC8uA,blocksprint,52,52
FyLVPAKkgdAy8Gn9jnFYN5yjC1ubQWRkw2EHt2UnC8uA,bloxroute,20,20
FyLVPAKkgdAy8Gn9jnFYN5yjC1ubQWRkw2EHt2UnC8uA,landX,83,83
FyLVPAKkgdAy8Gn9jnFYN5yjC1ubQWRkw2EHt2UnC8uA,stellium,185,185
FyrwfMaomErzqrFUXMjCJ7mA4u81DsiDdrzC3MJD6d4j,(none),1133,0
FyrwfMaomErzqrFUXMjCJ7mA4u81DsiDdrzC3MJD6d4j,0slot,190,190
FyrwfMaomErzqrFUXMjCJ7mA4u81DsiDdrzC3MJD6d4j,AstraLane,202,202
FyrwfMaomErzqrFUXMjCJ7mA4u81DsiDdrzC3MJD6d4j,Astralane,1,1
FyrwfMaomErzqrFUXMjCJ7mA4u81DsiDdrzC3MJD6d4j,BloxRoute,2,2
FyrwfMaomErzqrFUXMjCJ7mA4u81DsiDdrzC3MJD6d4j,Falcon,235,235
FyrwfMaomErzqrFUXMjCJ7mA4u81DsiDdrzC3MJD6d4j,Flashblock,4,4
FyrwfMaomErzqrFUXMjCJ7mA4u81DsiDdrzC3MJD6d4j,Helius,444,444
FyrwfMaomErzqrFUXMjCJ7mA4u81DsiDdrzC3MJD6d4j,Jito,133,133
FyrwfMaomErzqrFUXMjCJ7mA4u81DsiDdrzC3MJD6d4j,Moon,1,1
FyrwfMaomErzqrFUXMjCJ7mA4u81DsiDdrzC3MJD6d4j,Nextblock,58,58
FyrwfMaomErzqrFUXMjCJ7mA4u81DsiDdrzC3MJD6d4j,NodeOne,111,111
FyrwfMaomErzqrFUXMjCJ7mA4u81DsiDdrzC3MJD6d4j,Soyas,12,12
FyrwfMaomErzqrFUXMjCJ7mA4u81DsiDdrzC3MJD6d4j,Stellium,143,143
FyrwfMaomErzqrFUXMjCJ7mA4u81DsiDdrzC3MJD6d4j,Temporal,154,154
FyrwfMaomErzqrFUXMjCJ7mA4u81DsiDdrzC3MJD6d4j,blockRazor,4,4
FyrwfMaomErzqrFUXMjCJ7mA4u81DsiDdrzC3MJD6d4j,blockrazor,31,31
FyrwfMaomErzqrFUXMjCJ7mA4u81DsiDdrzC3MJD6d4j,blocksprint,82,82
FyrwfMaomErzqrFUXMjCJ7mA4u81DsiDdrzC3MJD6d4j,bloxroute,55,55
FyrwfMaomErzqrFUXMjCJ7mA4u81DsiDdrzC3MJD6d4j,landX,316,316
FyrwfMaomErzqrFUXMjCJ7mA4u81DsiDdrzC3MJD6d4j,stellium,608,608
FzQqaDStQQHs52YKeCnDovwSqvyZBCgs2kJcmvoFZwaS,(none),6746,0
FzQqaDStQQHs52YKeCnDovwSqvyZBCgs2kJcmvoFZwaS,0slot,561,561
FzQqaDStQQHs52YKeCnDovwSqvyZBCgs2kJcmvoFZwaS,AstraLane,847,847
FzQqaDStQQHs52YKeCnDovwSqvyZBCgs2kJcmvoFZwaS,Astralane,3,3
FzQqaDStQQHs52YKeCnDovwSqvyZBCgs2kJcmvoFZwaS,BloxRoute,16,16
FzQqaDStQQHs52YKeCnDovwSqvyZBCgs2kJcmvoFZwaS,Falcon,1157,1157
FzQqaDStQQHs52YKeCnDovwSqvyZBCgs2kJcmvoFZwaS,Flashblock,10,10
FzQqaDStQQHs52YKeCnDovwSqvyZBCgs2kJcmvoFZwaS,Helius,2274,2274
FzQqaDStQQHs52YKeCnDovwSqvyZBCgs2kJcmvoFZwaS,Jito,842,842
FzQqaDStQQHs52YKeCnDovwSqvyZBCgs2kJcmvoFZwaS,Moon,1,1
FzQqaDStQQHs52YKeCnDovwSqvyZBCgs2kJcmvoFZwaS,Nextblock,254,254
FzQqaDStQQHs52YKeCnDovwSqvyZBCgs2kJcmvoFZwaS,NodeOne,600,600
FzQqaDStQQHs52YKeCnDovwSqvyZBCgs2kJcmvoFZwaS,Soyas,52,52
FzQqaDStQQHs52YKeCnDovwSqvyZBCgs2kJcmvoFZwaS,Stellium,953,953
FzQqaDStQQHs52YKeCnDovwSqvyZBCgs2kJcmvoFZwaS,Temporal,854,854
FzQqaDStQQHs52YKeCnDovwSqvyZBCgs2kJcmvoFZwaS,blockRazor,31,31
FzQqaDStQQHs52YKeCnDovwSqvyZBCgs2kJcmvoFZwaS,blockrazor,141,141
FzQqaDStQQHs52YKeCnDovwSqvyZBCgs2kJcmvoFZwaS,blocksprint,577,577
FzQqaDStQQHs52YKeCnDovwSqvyZBCgs2kJcmvoFZwaS,bloxroute,345,345
FzQqaDStQQHs52YKeCnDovwSqvyZBCgs2kJcmvoFZwaS,landX,1760,1760
FzQqaDStQQHs52YKeCnDovwSqvyZBCgs2kJcmvoFZwaS,stellium,3252,3252
G1bLKfyNm7zsmmYEL9dyxBvMtxpFcwy2s84bHDj2ZFUY,(none),2146,0
G1bLKfyNm7zsmmYEL9dyxBvMtxpFcwy2s84bHDj2ZFUY,0slot,252,252
G1bLKfyNm7zsmmYEL9dyxBvMtxpFcwy2s84bHDj2ZFUY,AstraLane,503,503
G1bLKfyNm7zsmmYEL9dyxBvMtxpFcwy2s84bHDj2ZFUY,BloxRoute,9,9
G1bLKfyNm7zsmmYEL9dyxBvMtxpFcwy2s84bHDj2ZFUY,Falcon,144,144
G1bLKfyNm7zsmmYEL9dyxBvMtxpFcwy2s84bHDj2ZFUY,Flashblock,3,3
G1bLKfyNm7zsmmYEL9dyxBvMtxpFcwy2s84bHDj2ZFUY,Helius,1182,1182
G1bLKfyNm7zsmmYEL9dyxBvMtxpFcwy2s84bHDj2ZFUY,Jito,456,456
G1bLKfyNm7zsmmYEL9dyxBvMtxpFcwy2s84bHDj2ZFUY,Moon,1,1
G1bLKfyNm7zsmmYEL9dyxBvMtxpFcwy2s84bHDj2ZFUY,Nextblock,130,130
G1bLKfyNm7zsmmYEL9dyxBvMtxpFcwy2s84bHDj2ZFUY,NodeOne,283,283
G1bLKfyNm7zsmmYEL9dyxBvMtxpFcwy2s84bHDj2ZFUY,Soyas,22,22
G1bLKfyNm7zsmmYEL9dyxBvMtxpFcwy2s84bHDj2ZFUY,Stellium,353,353
G1bLKfyNm7zsmmYEL9dyxBvMtxpFcwy2s84bHDj2ZFUY,Temporal,331,330
G1bLKfyNm7zsmmYEL9dyxBvMtxpFcwy2s84bHDj2ZFUY,blockRazor,21,21
G1bLKfyNm7zsmmYEL9dyxBvMtxpFcwy2s84bHDj2ZFUY,blockrazor,78,78
G1bLKfyNm7zsmmYEL9dyxBvMtxpFcwy2s84bHDj2ZFUY,blocksprint,230,230
G1bLKfyNm7zsmmYEL9dyxBvMtxpFcwy2s84bHDj2ZFUY,bloxroute,288,288
G1bLKfyNm7zsmmYEL9dyxBvMtxpFcwy2s84bHDj2ZFUY,landX,914,914
G1bLKfyNm7zsmmYEL9dyxBvMtxpFcwy2s84bHDj2ZFUY,stellium,1263,1263
G1eAmANVWf6ZeoxG4aMbS1APauyEDHqLxHFytzk5hZqN,(none),120,0
G1eAmANVWf6ZeoxG4aMbS1APauyEDHqLxHFytzk5hZqN,0slot,27,27
G1eAmANVWf6ZeoxG4aMbS1APauyEDHqLxHFytzk5hZqN,AstraLane,59,59
G1eAmANVWf6ZeoxG4aMbS1APauyEDHqLxHFytzk5hZqN,Falcon,47,47
G1eAmANVWf6ZeoxG4aMbS1APauyEDHqLxHFytzk5hZqN,Helius,73,73
G1eAmANVWf6ZeoxG4aMbS1APauyEDHqLxHFytzk5hZqN,Jito,21,21
G1eAmANVWf6ZeoxG4aMbS1APauyEDHqLxHFytzk5hZqN,Nextblock,10,10
G1eAmANVWf6ZeoxG4aMbS1APauyEDHqLxHFytzk5hZqN,NodeOne,5,5
G1eAmANVWf6ZeoxG4aMbS1APauyEDHqLxHFytzk5hZqN,Soyas,3,3
G1eAmANVWf6ZeoxG4aMbS1APauyEDHqLxHFytzk5hZqN,Stellium,38,38
G1eAmANVWf6ZeoxG4aMbS1APauyEDHqLxHFytzk5hZqN,Temporal,17,17
G1eAmANVWf6ZeoxG4aMbS1APauyEDHqLxHFytzk5hZqN,blockRazor,1,1
G1eAmANVWf6ZeoxG4aMbS1APauyEDHqLxHFytzk5hZqN,blockrazor,1,1
G1eAmANVWf6ZeoxG4aMbS1APauyEDHqLxHFytzk5hZqN,blocksprint,19,19
G1eAmANVWf6ZeoxG4aMbS1APauyEDHqLxHFytzk5hZqN,bloxroute,42,42
G1eAmANVWf6ZeoxG4aMbS1APauyEDHqLxHFytzk5hZqN,landX,32,32
G1eAmANVWf6ZeoxG4aMbS1APauyEDHqLxHFytzk5hZqN,stellium,54,54
G2TBEh2ahNGS9tGnuBNyDduNjyfUtGhMcssgRb8b6KfH,(none),4081,0
G2TBEh2ahNGS9tGnuBNyDduNjyfUtGhMcssgRb8b6KfH,0slot,403,403
G2TBEh2ahNGS9tGnuBNyDduNjyfUtGhMcssgRb8b6KfH,AstraLane,596,596
G2TBEh2ahNGS9tGnuBNyDduNjyfUtGhMcssgRb8b6KfH,Astralane,2,2
G2TBEh2ahNGS9tGnuBNyDduNjyfUtGhMcssgRb8b6KfH,BloxRoute,2,2
G2TBEh2ahNGS9tGnuBNyDduNjyfUtGhMcssgRb8b6KfH,Falcon,1082,1082
G2TBEh2ahNGS9tGnuBNyDduNjyfUtGhMcssgRb8b6KfH,Flashblock,6,6
G2TBEh2ahNGS9tGnuBNyDduNjyfUtGhMcssgRb8b6KfH,Helius,1435,1434
G2TBEh2ahNGS9tGnuBNyDduNjyfUtGhMcssgRb8b6KfH,Jito,427,427
G2TBEh2ahNGS9tGnuBNyDduNjyfUtGhMcssgRb8b6KfH,Moon,4,4
G2TBEh2ahNGS9tGnuBNyDduNjyfUtGhMcssgRb8b6KfH,Nextblock,203,203
G2TBEh2ahNGS9tGnuBNyDduNjyfUtGhMcssgRb8b6KfH,NodeOne,663,663
G2TBEh2ahNGS9tGnuBNyDduNjyfUtGhMcssgRb8b6KfH,Soyas,61,61
G2TBEh2ahNGS9tGnuBNyDduNjyfUtGhMcssgRb8b6KfH,Stellium,664,664
G2TBEh2ahNGS9tGnuBNyDduNjyfUtGhMcssgRb8b6KfH,Temporal,444,444
G2TBEh2ahNGS9tGnuBNyDduNjyfUtGhMcssgRb8b6KfH,blockRazor,32,32
G2TBEh2ahNGS9tGnuBNyDduNjyfUtGhMcssgRb8b6KfH,blockrazor,95,95
G2TBEh2ahNGS9tGnuBNyDduNjyfUtGhMcssgRb8b6KfH,blocksprint,375,375
G2TBEh2ahNGS9tGnuBNyDduNjyfUtGhMcssgRb8b6KfH,bloxroute,34,34
G2TBEh2ahNGS9tGnuBNyDduNjyfUtGhMcssgRb8b6KfH,landX,1406,1406
G2TBEh2ahNGS9tGnuBNyDduNjyfUtGhMcssgRb8b6KfH,stellium,2155,2155
G3a3iYZKNLbivothF3twqcaTCEvoPb9uJ2bFc9DNKkBQ,(none),6625,0
G3a3iYZKNLbivothF3twqcaTCEvoPb9uJ2bFc9DNKkBQ,0slot,463,463
G3a3iYZKNLbivothF3twqcaTCEvoPb9uJ2bFc9DNKkBQ,AstraLane,693,693
G3a3iYZKNLbivothF3twqcaTCEvoPb9uJ2bFc9DNKkBQ,Astralane,1,1
G3a3iYZKNLbivothF3twqcaTCEvoPb9uJ2bFc9DNKkBQ,BloxRoute,17,17
G3a3iYZKNLbivothF3twqcaTCEvoPb9uJ2bFc9DNKkBQ,Falcon,1276,1276
G3a3iYZKNLbivothF3twqcaTCEvoPb9uJ2bFc9DNKkBQ,Flashblock,10,10
G3a3iYZKNLbivothF3twqcaTCEvoPb9uJ2bFc9DNKkBQ,Helius,1998,1998
G3a3iYZKNLbivothF3twqcaTCEvoPb9uJ2bFc9DNKkBQ,Jito,673,673
G3a3iYZKNLbivothF3twqcaTCEvoPb9uJ2bFc9DNKkBQ,Moon,4,4
G3a3iYZKNLbivothF3twqcaTCEvoPb9uJ2bFc9DNKkBQ,Nextblock,276,276
G3a3iYZKNLbivothF3twqcaTCEvoPb9uJ2bFc9DNKkBQ,NodeOne,714,714
G3a3iYZKNLbivothF3twqcaTCEvoPb9uJ2bFc9DNKkBQ,Soyas,54,54
G3a3iYZKNLbivothF3twqcaTCEvoPb9uJ2bFc9DNKkBQ,Stellium,952,952
G3a3iYZKNLbivothF3twqcaTCEvoPb9uJ2bFc9DNKkBQ,Temporal,603,603
G3a3iYZKNLbivothF3twqcaTCEvoPb9uJ2bFc9DNKkBQ,blockRazor,27,27
G3a3iYZKNLbivothF3twqcaTCEvoPb9uJ2bFc9DNKkBQ,blockrazor,150,150
G3a3iYZKNLbivothF3twqcaTCEvoPb9uJ2bFc9DNKkBQ,blocksprint,500,500
G3a3iYZKNLbivothF3twqcaTCEvoPb9uJ2bFc9DNKkBQ,bloxroute,275,273
G3a3iYZKNLbivothF3twqcaTCEvoPb9uJ2bFc9DNKkBQ,landX,1636,1636
G3a3iYZKNLbivothF3twqcaTCEvoPb9uJ2bFc9DNKkBQ,stellium,3108,3108
G4GT8z4AKWNoy3x6nuzxW83UfFXLXzrwn7DZQt4GvWdU,(none),767,0
G4GT8z4AKWNoy3x6nuzxW83UfFXLXzrwn7DZQt4GvWdU,0slot,76,76
G4GT8z4AKWNoy3x6nuzxW83UfFXLXzrwn7DZQt4GvWdU,AstraLane,173,173
G4GT8z4AKWNoy3x6nuzxW83UfFXLXzrwn7DZQt4GvWdU,BloxRoute,4,4
G4GT8z4AKWNoy3x6nuzxW83UfFXLXzrwn7DZQt4GvWdU,Falcon,234,234
G4GT8z4AKWNoy3x6nuzxW83UfFXLXzrwn7DZQt4GvWdU,Flashblock,1,1
G4GT8z4AKWNoy3x6nuzxW83UfFXLXzrwn7DZQt4GvWdU,Helius,333,333
G4GT8z4AKWNoy3x6nuzxW83UfFXLXzrwn7DZQt4GvWdU,Jito,81,81
G4GT8z4AKWNoy3x6nuzxW83UfFXLXzrwn7DZQt4GvWdU,Nextblock,68,68
G4GT8z4AKWNoy3x6nuzxW83UfFXLXzrwn7DZQt4GvWdU,NodeOne,90,90
G4GT8z4AKWNoy3x6nuzxW83UfFXLXzrwn7DZQt4GvWdU,Soyas,15,15
G4GT8z4AKWNoy3x6nuzxW83UfFXLXzrwn7DZQt4GvWdU,Stellium,176,176
G4GT8z4AKWNoy3x6nuzxW83UfFXLXzrwn7DZQt4GvWdU,Temporal,80,80
G4GT8z4AKWNoy3x6nuzxW83UfFXLXzrwn7DZQt4GvWdU,blockRazor,9,9
G4GT8z4AKWNoy3x6nuzxW83UfFXLXzrwn7DZQt4GvWdU,blockrazor,26,26
G4GT8z4AKWNoy3x6nuzxW83UfFXLXzrwn7DZQt4GvWdU,blocksprint,91,91
G4GT8z4AKWNoy3x6nuzxW83UfFXLXzrwn7DZQt4GvWdU,bloxroute,143,143
G4GT8z4AKWNoy3x6nuzxW83UfFXLXzrwn7DZQt4GvWdU,landX,218,218
G4GT8z4AKWNoy3x6nuzxW83UfFXLXzrwn7DZQt4GvWdU,stellium,404,404
G9vCpJUUSpEm4zPwzSNpDmZ8MGwLEbiSLV59EBzCGvzM,(none),4084,0
G9vCpJUUSpEm4zPwzSNpDmZ8MGwLEbiSLV59EBzCGvzM,0slot,430,430
G9vCpJUUSpEm4zPwzSNpDmZ8MGwLEbiSLV59EBzCGvzM,AstraLane,623,623
G9vCpJUUSpEm4zPwzSNpDmZ8MGwLEbiSLV59EBzCGvzM,BloxRoute,10,10
G9vCpJUUSpEm4zPwzSNpDmZ8MGwLEbiSLV59EBzCGvzM,Falcon,1131,1131
G9vCpJUUSpEm4zPwzSNpDmZ8MGwLEbiSLV59EBzCGvzM,Flashblock,4,4
G9vCpJUUSpEm4zPwzSNpDmZ8MGwLEbiSLV59EBzCGvzM,Helius,1789,1789
G9vCpJUUSpEm4zPwzSNpDmZ8MGwLEbiSLV59EBzCGvzM,Jito,504,504
G9vCpJUUSpEm4zPwzSNpDmZ8MGwLEbiSLV59EBzCGvzM,Moon,2,2
G9vCpJUUSpEm4zPwzSNpDmZ8MGwLEbiSLV59EBzCGvzM,Nextblock,240,240
G9vCpJUUSpEm4zPwzSNpDmZ8MGwLEbiSLV59EBzCGvzM,NodeOne,407,407
G9vCpJUUSpEm4zPwzSNpDmZ8MGwLEbiSLV59EBzCGvzM,Soyas,59,59
G9vCpJUUSpEm4zPwzSNpDmZ8MGwLEbiSLV59EBzCGvzM,Stellium,812,812
G9vCpJUUSpEm4zPwzSNpDmZ8MGwLEbiSLV59EBzCGvzM,Temporal,596,595
G9vCpJUUSpEm4zPwzSNpDmZ8MGwLEbiSLV59EBzCGvzM,blockRazor,40,40
G9vCpJUUSpEm4zPwzSNpDmZ8MGwLEbiSLV59EBzCGvzM,blockrazor,118,118
G9vCpJUUSpEm4zPwzSNpDmZ8MGwLEbiSLV59EBzCGvzM,blocksprint,534,534
G9vCpJUUSpEm4zPwzSNpDmZ8MGwLEbiSLV59EBzCGvzM,bloxroute,358,357
G9vCpJUUSpEm4zPwzSNpDmZ8MGwLEbiSLV59EBzCGvzM,landX,1235,1235
G9vCpJUUSpEm4zPwzSNpDmZ8MGwLEbiSLV59EBzCGvzM,stellium,2158,2158
GBQ2GvTzmjXMu97dr7WUnLKYTNim1aoZsYS53KYXAAAA,(none),13584,0
GBQ2GvTzmjXMu97dr7WUnLKYTNim1aoZsYS53KYXAAAA,0slot,1219,1219
GBQ2GvTzmjXMu97dr7WUnLKYTNim1aoZsYS53KYXAAAA,AstraLane,1628,1628
GBQ2GvTzmjXMu97dr7WUnLKYTNim1aoZsYS53KYXAAAA,Astralane,1,1
GBQ2GvTzmjXMu97dr7WUnLKYTNim1aoZsYS53KYXAAAA,BloxRoute,33,33
GBQ2GvTzmjXMu97dr7WUnLKYTNim1aoZsYS53KYXAAAA,Falcon,3484,3484
GBQ2GvTzmjXMu97dr7WUnLKYTNim1aoZsYS53KYXAAAA,Flashblock,10,10
GBQ2GvTzmjXMu97dr7WUnLKYTNim1aoZsYS53KYXAAAA,Helius,4939,4937
GBQ2GvTzmjXMu97dr7WUnLKYTNim1aoZsYS53KYXAAAA,Jito,1899,1896
GBQ2GvTzmjXMu97dr7WUnLKYTNim1aoZsYS53KYXAAAA,Moon,8,8
GBQ2GvTzmjXMu97dr7WUnLKYTNim1aoZsYS53KYXAAAA,Nextblock,620,620
GBQ2GvTzmjXMu97dr7WUnLKYTNim1aoZsYS53KYXAAAA,NodeOne,1800,1800
GBQ2GvTzmjXMu97dr7WUnLKYTNim1aoZsYS53KYXAAAA,Soyas,151,151
GBQ2GvTzmjXMu97dr7WUnLKYTNim1aoZsYS53KYXAAAA,Stellium,2317,2317
GBQ2GvTzmjXMu97dr7WUnLKYTNim1aoZsYS53KYXAAAA,Temporal,1400,1400
GBQ2GvTzmjXMu97dr7WUnLKYTNim1aoZsYS53KYXAAAA,blockRazor,62,62
GBQ2GvTzmjXMu97dr7WUnLKYTNim1aoZsYS53KYXAAAA,blockrazor,305,305
GBQ2GvTzmjXMu97dr7WUnLKYTNim1aoZsYS53KYXAAAA,blocksprint,1203,1203
GBQ2GvTzmjXMu97dr7WUnLKYTNim1aoZsYS53KYXAAAA,bloxroute,573,572
GBQ2GvTzmjXMu97dr7WUnLKYTNim1aoZsYS53KYXAAAA,landX,3921,3921
GBQ2GvTzmjXMu97dr7WUnLKYTNim1aoZsYS53KYXAAAA,stellium,7006,7006
GEM1N1UE3C8BB8EaaEPrcFvT3iLMVrurknjW5AYjUReR,(none),3045,0
GEM1N1UE3C8BB8EaaEPrcFvT3iLMVrurknjW5AYjUReR,0slot,233,233
GEM1N1UE3C8BB8EaaEPrcFvT3iLMVrurknjW5AYjUReR,AstraLane,319,319
GEM1N1UE3C8BB8EaaEPrcFvT3iLMVrurknjW5AYjUReR,BloxRoute,3,3
GEM1N1UE3C8BB8EaaEPrcFvT3iLMVrurknjW5AYjUReR,Falcon,566,566
GEM1N1UE3C8BB8EaaEPrcFvT3iLMVrurknjW5AYjUReR,Flashblock,5,5
GEM1N1UE3C8BB8EaaEPrcFvT3iLMVrurknjW5AYjUReR,Helius,895,895
GEM1N1UE3C8BB8EaaEPrcFvT3iLMVrurknjW5AYjUReR,Jito,266,266
GEM1N1UE3C8BB8EaaEPrcFvT3iLMVrurknjW5AYjUReR,Moon,1,1
GEM1N1UE3C8BB8EaaEPrcFvT3iLMVrurknjW5AYjUReR,Nextblock,134,134
GEM1N1UE3C8BB8EaaEPrcFvT3iLMVrurknjW5AYjUReR,NodeOne,231,231
GEM1N1UE3C8BB8EaaEPrcFvT3iLMVrurknjW5AYjUReR,Soyas,41,41
GEM1N1UE3C8BB8EaaEPrcFvT3iLMVrurknjW5AYjUReR,Stellium,411,411
GEM1N1UE3C8BB8EaaEPrcFvT3iLMVrurknjW5AYjUReR,Temporal,328,328
GEM1N1UE3C8BB8EaaEPrcFvT3iLMVrurknjW5AYjUReR,blockRazor,15,15
GEM1N1UE3C8BB8EaaEPrcFvT3iLMVrurknjW5AYjUReR,blockrazor,59,59
GEM1N1UE3C8BB8EaaEPrcFvT3iLMVrurknjW5AYjUReR,blocksprint,253,253
GEM1N1UE3C8BB8EaaEPrcFvT3iLMVrurknjW5AYjUReR,bloxroute,206,206
GEM1N1UE3C8BB8EaaEPrcFvT3iLMVrurknjW5AYjUReR,landX,829,829
GEM1N1UE3C8BB8EaaEPrcFvT3iLMVrurknjW5AYjUReR,stellium,1351,1351
GFXVa19rX6iwfs3sLS5UvX9Exu2usRsG4V5MRMDRo23V,(none),625,0
GFXVa19rX6iwfs3sLS5UvX9Exu2usRsG4V5MRMDRo23V,0slot,61,61
GFXVa19rX6iwfs3sLS5UvX9Exu2usRsG4V5MRMDRo23V,AstraLane,85,85
GFXVa19rX6iwfs3sLS5UvX9Exu2usRsG4V5MRMDRo23V,BloxRoute,2,2
GFXVa19rX6iwfs3sLS5UvX9Exu2usRsG4V5MRMDRo23V,Falcon,135,135
GFXVa19rX6iwfs3sLS5UvX9Exu2usRsG4V5MRMDRo23V,Flashblock,1,1
GFXVa19rX6iwfs3sLS5UvX9Exu2usRsG4V5MRMDRo23V,Helius,212,212
GFXVa19rX6iwfs3sLS5UvX9Exu2usRsG4V5MRMDRo23V,Jito,90,90
GFXVa19rX6iwfs3sLS5UvX9Exu2usRsG4V5MRMDRo23V,Nextblock,31,31
GFXVa19rX6iwfs3sLS5UvX9Exu2usRsG4V5MRMDRo23V,NodeOne,55,55
GFXVa19rX6iwfs3sLS5UvX9Exu2usRsG4V5MRMDRo23V,Soyas,6,6
GFXVa19rX6iwfs3sLS5UvX9Exu2usRsG4V5MRMDRo23V,Stellium,110,110
GFXVa19rX6iwfs3sLS5UvX9Exu2usRsG4V5MRMDRo23V,Temporal,95,95
GFXVa19rX6iwfs3sLS5UvX9Exu2usRsG4V5MRMDRo23V,blockRazor,2,2
GFXVa19rX6iwfs3sLS5UvX9Exu2usRsG4V5MRMDRo23V,blockrazor,26,26
GFXVa19rX6iwfs3sLS5UvX9Exu2usRsG4V5MRMDRo23V,blocksprint,73,73
GFXVa19rX6iwfs3sLS5UvX9Exu2usRsG4V5MRMDRo23V,bloxroute,35,35
GFXVa19rX6iwfs3sLS5UvX9Exu2usRsG4V5MRMDRo23V,landX,105,105
GFXVa19rX6iwfs3sLS5UvX9Exu2usRsG4V5MRMDRo23V,stellium,260,260
GGX3BEoZDqjxcw4AbCdu62ZTMrkpSgmPt81oP2mVuZNS,(none),455,0
GGX3BEoZDqjxcw4AbCdu62ZTMrkpSgmPt81oP2mVuZNS,0slot,72,72
GGX3BEoZDqjxcw4AbCdu62ZTMrkpSgmPt81oP2mVuZNS,AstraLane,49,49
GGX3BEoZDqjxcw4AbCdu62ZTMrkpSgmPt81oP2mVuZNS,Falcon,126,126
GGX3BEoZDqjxcw4AbCdu62ZTMrkpSgmPt81oP2mVuZNS,Flashblock,1,1
GGX3BEoZDqjxcw4AbCdu62ZTMrkpSgmPt81oP2mVuZNS,Helius,182,182
GGX3BEoZDqjxcw4AbCdu62ZTMrkpSgmPt81oP2mVuZNS,Jito,63,63
GGX3BEoZDqjxcw4AbCdu62ZTMrkpSgmPt81oP2mVuZNS,Nextblock,25,25
GGX3BEoZDqjxcw4AbCdu62ZTMrkpSgmPt81oP2mVuZNS,NodeOne,54,54
GGX3BEoZDqjxcw4AbCdu62ZTMrkpSgmPt81oP2mVuZNS,Soyas,4,4
GGX3BEoZDqjxcw4AbCdu62ZTMrkpSgmPt81oP2mVuZNS,Stellium,109,109
GGX3BEoZDqjxcw4AbCdu62ZTMrkpSgmPt81oP2mVuZNS,Temporal,59,59
GGX3BEoZDqjxcw4AbCdu62ZTMrkpSgmPt81oP2mVuZNS,blockRazor,4,4
GGX3BEoZDqjxcw4AbCdu62ZTMrkpSgmPt81oP2mVuZNS,blockrazor,15,15
GGX3BEoZDqjxcw4AbCdu62ZTMrkpSgmPt81oP2mVuZNS,blocksprint,58,58
GGX3BEoZDqjxcw4AbCdu62ZTMrkpSgmPt81oP2mVuZNS,bloxroute,35,35
GGX3BEoZDqjxcw4AbCdu62ZTMrkpSgmPt81oP2mVuZNS,landX,90,90
GGX3BEoZDqjxcw4AbCdu62ZTMrkpSgmPt81oP2mVuZNS,stellium,224,224
GK2YYwmQk58xA2k2SeugY3i334SJVViqTT8sT5wim3Dk,(none),154,0
GK2YYwmQk58xA2k2SeugY3i334SJVViqTT8sT5wim3Dk,0slot,11,11
GK2YYwmQk58xA2k2SeugY3i334SJVViqTT8sT5wim3Dk,AstraLane,13,13
GK2YYwmQk58xA2k2SeugY3i334SJVViqTT8sT5wim3Dk,Falcon,27,27
GK2YYwmQk58xA2k2SeugY3i334SJVViqTT8sT5wim3Dk,Flashblock,1,1
GK2YYwmQk58xA2k2SeugY3i334SJVViqTT8sT5wim3Dk,Helius,38,38
GK2YYwmQk58xA2k2SeugY3i334SJVViqTT8sT5wim3Dk,Jito,18,18
GK2YYwmQk58xA2k2SeugY3i334SJVViqTT8sT5wim3Dk,Nextblock,2,2
GK2YYwmQk58xA2k2SeugY3i334SJVViqTT8sT5wim3Dk,NodeOne,9,9
GK2YYwmQk58xA2k2SeugY3i334SJVViqTT8sT5wim3Dk,Soyas,3,3
GK2YYwmQk58xA2k2SeugY3i334SJVViqTT8sT5wim3Dk,Stellium,17,17
GK2YYwmQk58xA2k2SeugY3i334SJVViqTT8sT5wim3Dk,Temporal,12,12
GK2YYwmQk58xA2k2SeugY3i334SJVViqTT8sT5wim3Dk,blockrazor,2,2
GK2YYwmQk58xA2k2SeugY3i334SJVViqTT8sT5wim3Dk,blocksprint,7,7
GK2YYwmQk58xA2k2SeugY3i334SJVViqTT8sT5wim3Dk,landX,18,18
GK2YYwmQk58xA2k2SeugY3i334SJVViqTT8sT5wim3Dk,stellium,39,39
GQiWnDYrzHMALWG9avt5FCu1wisAQHjGY5ve7GMBiPEe,(none),276,0
GQiWnDYrzHMALWG9avt5FCu1wisAQHjGY5ve7GMBiPEe,0slot,19,19
GQiWnDYrzHMALWG9avt5FCu1wisAQHjGY5ve7GMBiPEe,AstraLane,22,22
GQiWnDYrzHMALWG9avt5FCu1wisAQHjGY5ve7GMBiPEe,BloxRoute,1,1
GQiWnDYrzHMALWG9avt5FCu1wisAQHjGY5ve7GMBiPEe,Falcon,19,19
GQiWnDYrzHMALWG9avt5FCu1wisAQHjGY5ve7GMBiPEe,Helius,129,129
GQiWnDYrzHMALWG9avt5FCu1wisAQHjGY5ve7GMBiPEe,Jito,51,51
GQiWnDYrzHMALWG9avt5FCu1wisAQHjGY5ve7GMBiPEe,Nextblock,14,14
GQiWnDYrzHMALWG9avt5FCu1wisAQHjGY5ve7GMBiPEe,NodeOne,29,29
GQiWnDYrzHMALWG9avt5FCu1wisAQHjGY5ve7GMBiPEe,Soyas,2,2
GQiWnDYrzHMALWG9avt5FCu1wisAQHjGY5ve7GMBiPEe,Stellium,23,23
GQiWnDYrzHMALWG9avt5FCu1wisAQHjGY5ve7GMBiPEe,Temporal,23,23
GQiWnDYrzHMALWG9avt5FCu1wisAQHjGY5ve7GMBiPEe,blockRazor,2,2
GQiWnDYrzHMALWG9avt5FCu1wisAQHjGY5ve7GMBiPEe,blockrazor,5,5
GQiWnDYrzHMALWG9avt5FCu1wisAQHjGY5ve7GMBiPEe,blocksprint,36,36
GQiWnDYrzHMALWG9avt5FCu1wisAQHjGY5ve7GMBiPEe,bloxroute,13,13
GQiWnDYrzHMALWG9avt5FCu1wisAQHjGY5ve7GMBiPEe,landX,44,44
GQiWnDYrzHMALWG9avt5FCu1wisAQHjGY5ve7GMBiPEe,stellium,72,72
GQzMeEMwAR44ugoNCifTb5NdRKos1GduDUPeNh6AgV46,(none),9654,0
GQzMeEMwAR44ugoNCifTb5NdRKos1GduDUPeNh6AgV46,0slot,676,676
GQzMeEMwAR44ugoNCifTb5NdRKos1GduDUPeNh6AgV46,AstraLane,1302,1302
GQzMeEMwAR44ugoNCifTb5NdRKos1GduDUPeNh6AgV46,BloxRoute,16,16
GQzMeEMwAR44ugoNCifTb5NdRKos1GduDUPeNh6AgV46,Falcon,2151,2151
GQzMeEMwAR44ugoNCifTb5NdRKos1GduDUPeNh6AgV46,Flashblock,11,11
GQzMeEMwAR44ugoNCifTb5NdRKos1GduDUPeNh6AgV46,Helius,3478,3478
GQzMeEMwAR44ugoNCifTb5NdRKos1GduDUPeNh6AgV46,Jito,699,699
GQzMeEMwAR44ugoNCifTb5NdRKos1GduDUPeNh6AgV46,Nextblock,400,400
GQzMeEMwAR44ugoNCifTb5NdRKos1GduDUPeNh6AgV46,NodeOne,757,757
GQzMeEMwAR44ugoNCifTb5NdRKos1GduDUPeNh6AgV46,Soyas,161,161
GQzMeEMwAR44ugoNCifTb5NdRKos1GduDUPeNh6AgV46,Stellium,1559,1559
GQzMeEMwAR44ugoNCifTb5NdRKos1GduDUPeNh6AgV46,Temporal,940,939
GQzMeEMwAR44ugoNCifTb5NdRKos1GduDUPeNh6AgV46,blockRazor,50,50
GQzMeEMwAR44ugoNCifTb5NdRKos1GduDUPeNh6AgV46,blockrazor,233,233
GQzMeEMwAR44ugoNCifTb5NdRKos1GduDUPeNh6AgV46,blocksprint,913,913
GQzMeEMwAR44ugoNCifTb5NdRKos1GduDUPeNh6AgV46,bloxroute,866,866
GQzMeEMwAR44ugoNCifTb5NdRKos1GduDUPeNh6AgV46,landX,3164,3164
GQzMeEMwAR44ugoNCifTb5NdRKos1GduDUPeNh6AgV46,stellium,4957,4957
GREEDkgav1ox1jYyd9Anv6exLqKV2vYnxMw5prGwmNKc,(none),1911,0
GREEDkgav1ox1jYyd9Anv6exLqKV2vYnxMw5prGwmNKc,0slot,191,191
GREEDkgav1ox1jYyd9Anv6exLqKV2vYnxMw5prGwmNKc,AstraLane,311,311
GREEDkgav1ox1jYyd9Anv6exLqKV2vYnxMw5prGwmNKc,Astralane,1,1
GREEDkgav1ox1jYyd9Anv6exLqKV2vYnxMw5prGwmNKc,BloxRoute,5,5
GREEDkgav1ox1jYyd9Anv6exLqKV2vYnxMw5prGwmNKc,Falcon,360,360
GREEDkgav1ox1jYyd9Anv6exLqKV2vYnxMw5prGwmNKc,Flashblock,5,5
GREEDkgav1ox1jYyd9Anv6exLqKV2vYnxMw5prGwmNKc,Helius,751,751
GREEDkgav1ox1jYyd9Anv6exLqKV2vYnxMw5prGwmNKc,Jito,321,321
GREEDkgav1ox1jYyd9Anv6exLqKV2vYnxMw5prGwmNKc,Moon,1,1
GREEDkgav1ox1jYyd9Anv6exLqKV2vYnxMw5prGwmNKc,Nextblock,93,93
GREEDkgav1ox1jYyd9Anv6exLqKV2vYnxMw5prGwmNKc,NodeOne,159,159
GREEDkgav1ox1jYyd9Anv6exLqKV2vYnxMw5prGwmNKc,Soyas,24,24
GREEDkgav1ox1jYyd9Anv6exLqKV2vYnxMw5prGwmNKc,Stellium,293,293
GREEDkgav1ox1jYyd9Anv6exLqKV2vYnxMw5prGwmNKc,Temporal,264,264
GREEDkgav1ox1jYyd9Anv6exLqKV2vYnxMw5prGwmNKc,blockRazor,16,16
GREEDkgav1ox1jYyd9Anv6exLqKV2vYnxMw5prGwmNKc,blockrazor,50,50
GREEDkgav1ox1jYyd9Anv6exLqKV2vYnxMw5prGwmNKc,blocksprint,190,190
GREEDkgav1ox1jYyd9Anv6exLqKV2vYnxMw5prGwmNKc,bloxroute,107,106
GREEDkgav1ox1jYyd9Anv6exLqKV2vYnxMw5prGwmNKc,landX,639,639
GREEDkgav1ox1jYyd9Anv6exLqKV2vYnxMw5prGwmNKc,stellium,1050,1050
GRT7yrpfF1TEvp3RmCzu5YZ74B4EueVMPg5NYtSiPwtD,(none),44,0
GRT7yrpfF1TEvp3RmCzu5YZ74B4EueVMPg5NYtSiPwtD,0slot,1,1
GRT7yrpfF1TEvp3RmCzu5YZ74B4EueVMPg5NYtSiPwtD,AstraLane,1,1
GRT7yrpfF1TEvp3RmCzu5YZ74B4EueVMPg5NYtSiPwtD,Helius,9,9
GRT7yrpfF1TEvp3RmCzu5YZ74B4EueVMPg5NYtSiPwtD,Jito,17,17
GRT7yrpfF1TEvp3RmCzu5YZ74B4EueVMPg5NYtSiPwtD,NodeOne,2,2
GRT7yrpfF1TEvp3RmCzu5YZ74B4EueVMPg5NYtSiPwtD,Soyas,2,2
GRT7yrpfF1TEvp3RmCzu5YZ74B4EueVMPg5NYtSiPwtD,Stellium,5,5
GRT7yrpfF1TEvp3RmCzu5YZ74B4EueVMPg5NYtSiPwtD,Temporal,7,7
GRT7yrpfF1TEvp3RmCzu5YZ74B4EueVMPg5NYtSiPwtD,stellium,6,6
GSTampk6BJRKSDkzhaMM49R7qRx98MTPYYWvKbp83XKc,(none),9873,0
GSTampk6BJRKSDkzhaMM49R7qRx98MTPYYWvKbp83XKc,0slot,928,928
GSTampk6BJRKSDkzhaMM49R7qRx98MTPYYWvKbp83XKc,AstraLane,1272,1272
GSTampk6BJRKSDkzhaMM49R7qRx98MTPYYWvKbp83XKc,BloxRoute,25,25
GSTampk6BJRKSDkzhaMM49R7qRx98MTPYYWvKbp83XKc,Falcon,2312,2312
GSTampk6BJRKSDkzhaMM49R7qRx98MTPYYWvKbp83XKc,Flashblock,12,12
GSTampk6BJRKSDkzhaMM49R7qRx98MTPYYWvKbp83XKc,Helius,3456,3456
GSTampk6BJRKSDkzhaMM49R7qRx98MTPYYWvKbp83XKc,Jito,1135,1132
GSTampk6BJRKSDkzhaMM49R7qRx98MTPYYWvKbp83XKc,Moon,3,3
GSTampk6BJRKSDkzhaMM49R7qRx98MTPYYWvKbp83XKc,Nextblock,499,499
GSTampk6BJRKSDkzhaMM49R7qRx98MTPYYWvKbp83XKc,NodeOne,1521,1521
GSTampk6BJRKSDkzhaMM49R7qRx98MTPYYWvKbp83XKc,Soyas,107,107
GSTampk6BJRKSDkzhaMM49R7qRx98MTPYYWvKbp83XKc,Stellium,1540,1540
GSTampk6BJRKSDkzhaMM49R7qRx98MTPYYWvKbp83XKc,Temporal,1162,1161
GSTampk6BJRKSDkzhaMM49R7qRx98MTPYYWvKbp83XKc,blockRazor,54,54
GSTampk6BJRKSDkzhaMM49R7qRx98MTPYYWvKbp83XKc,blockrazor,228,228
GSTampk6BJRKSDkzhaMM49R7qRx98MTPYYWvKbp83XKc,blocksprint,908,908
GSTampk6BJRKSDkzhaMM49R7qRx98MTPYYWvKbp83XKc,bloxroute,491,491
GSTampk6BJRKSDkzhaMM49R7qRx98MTPYYWvKbp83XKc,landX,2826,2826
GSTampk6BJRKSDkzhaMM49R7qRx98MTPYYWvKbp83XKc,stellium,4967,4967
GWJyUxzcVwRRtpLuLiu1mpiUQsZ4onYFAYfCjQnuLmz5,(none),229,0
GWJyUxzcVwRRtpLuLiu1mpiUQsZ4onYFAYfCjQnuLmz5,0slot,12,12
GWJyUxzcVwRRtpLuLiu1mpiUQsZ4onYFAYfCjQnuLmz5,AstraLane,28,28
GWJyUxzcVwRRtpLuLiu1mpiUQsZ4onYFAYfCjQnuLmz5,Falcon,32,32
GWJyUxzcVwRRtpLuLiu1mpiUQsZ4onYFAYfCjQnuLmz5,Helius,113,113
GWJyUxzcVwRRtpLuLiu1mpiUQsZ4onYFAYfCjQnuLmz5,Jito,53,53
GWJyUxzcVwRRtpLuLiu1mpiUQsZ4onYFAYfCjQnuLmz5,Nextblock,9,9
GWJyUxzcVwRRtpLuLiu1mpiUQsZ4onYFAYfCjQnuLmz5,NodeOne,26,26
GWJyUxzcVwRRtpLuLiu1mpiUQsZ4onYFAYfCjQnuLmz5,Soyas,4,4
GWJyUxzcVwRRtpLuLiu1mpiUQsZ4onYFAYfCjQnuLmz5,Stellium,44,44
GWJyUxzcVwRRtpLuLiu1mpiUQsZ4onYFAYfCjQnuLmz5,Temporal,35,35
GWJyUxzcVwRRtpLuLiu1mpiUQsZ4onYFAYfCjQnuLmz5,blockRazor,1,1
GWJyUxzcVwRRtpLuLiu1mpiUQsZ4onYFAYfCjQnuLmz5,blockrazor,6,6
GWJyUxzcVwRRtpLuLiu1mpiUQsZ4onYFAYfCjQnuLmz5,blocksprint,18,18
GWJyUxzcVwRRtpLuLiu1mpiUQsZ4onYFAYfCjQnuLmz5,bloxroute,14,14
GWJyUxzcVwRRtpLuLiu1mpiUQsZ4onYFAYfCjQnuLmz5,landX,96,96
GWJyUxzcVwRRtpLuLiu1mpiUQsZ4onYFAYfCjQnuLmz5,stellium,144,144
GYx8kpp7SsRwtQEEsGQjAxb4hFMMmT91kFJuDeky3YGQ,(none),6443,0
GYx8kpp7SsRwtQEEsGQjAxb4hFMMmT91kFJuDeky3YGQ,0slot,519,519
GYx8kpp7SsRwtQEEsGQjAxb4hFMMmT91kFJuDeky3YGQ,AstraLane,1600,1600
GYx8kpp7SsRwtQEEsGQjAxb4hFMMmT91kFJuDeky3YGQ,Astralane,10,10
GYx8kpp7SsRwtQEEsGQjAxb4hFMMmT91kFJuDeky3YGQ,BloxRoute,10,10
GYx8kpp7SsRwtQEEsGQjAxb4hFMMmT91kFJuDeky3YGQ,Falcon,1566,1566
GYx8kpp7SsRwtQEEsGQjAxb4hFMMmT91kFJuDeky3YGQ,Flashblock,13,13
GYx8kpp7SsRwtQEEsGQjAxb4hFMMmT91kFJuDeky3YGQ,Helius,2207,2207
GYx8kpp7SsRwtQEEsGQjAxb4hFMMmT91kFJuDeky3YGQ,Jito,755,755
GYx8kpp7SsRwtQEEsGQjAxb4hFMMmT91kFJuDeky3YGQ,Moon,2,2
GYx8kpp7SsRwtQEEsGQjAxb4hFMMmT91kFJuDeky3YGQ,Nextblock,281,281
GYx8kpp7SsRwtQEEsGQjAxb4hFMMmT91kFJuDeky3YGQ,NodeOne,418,418
GYx8kpp7SsRwtQEEsGQjAxb4hFMMmT91kFJuDeky3YGQ,Soyas,45,45
GYx8kpp7SsRwtQEEsGQjAxb4hFMMmT91kFJuDeky3YGQ,Stellium,1011,1011
GYx8kpp7SsRwtQEEsGQjAxb4hFMMmT91kFJuDeky3YGQ,Temporal,746,746
GYx8kpp7SsRwtQEEsGQjAxb4hFMMmT91kFJuDeky3YGQ,blockRazor,28,28
GYx8kpp7SsRwtQEEsGQjAxb4hFMMmT91kFJuDeky3YGQ,blockrazor,144,144
GYx8kpp7SsRwtQEEsGQjAxb4hFMMmT91kFJuDeky3YGQ,blocksprint,582,582
GYx8kpp7SsRwtQEEsGQjAxb4hFMMmT91kFJuDeky3YGQ,bloxroute,1614,1614
GYx8kpp7SsRwtQEEsGQjAxb4hFMMmT91kFJuDeky3YGQ,landX,1410,1410
GYx8kpp7SsRwtQEEsGQjAxb4hFMMmT91kFJuDeky3YGQ,stellium,2960,2960
GiYSnFRrXrmkJMC54A1j3K4xT6ZMfx1NSThEe5X2WpDe,(none),1001,0
GiYSnFRrXrmkJMC54A1j3K4xT6ZMfx1NSThEe5X2WpDe,0slot,95,95
GiYSnFRrXrmkJMC54A1j3K4xT6ZMfx1NSThEe5X2WpDe,AstraLane,203,203
GiYSnFRrXrmkJMC54A1j3K4xT6ZMfx1NSThEe5X2WpDe,BloxRoute,1,1
GiYSnFRrXrmkJMC54A1j3K4xT6ZMfx1NSThEe5X2WpDe,Falcon,88,88
GiYSnFRrXrmkJMC54A1j3K4xT6ZMfx1NSThEe5X2WpDe,Flashblock,3,3
GiYSnFRrXrmkJMC54A1j3K4xT6ZMfx1NSThEe5X2WpDe,Helius,515,515
GiYSnFRrXrmkJMC54A1j3K4xT6ZMfx1NSThEe5X2WpDe,Jito,98,98
GiYSnFRrXrmkJMC54A1j3K4xT6ZMfx1NSThEe5X2WpDe,Nextblock,73,73
GiYSnFRrXrmkJMC54A1j3K4xT6ZMfx1NSThEe5X2WpDe,NodeOne,93,93
GiYSnFRrXrmkJMC54A1j3K4xT6ZMfx1NSThEe5X2WpDe,Soyas,18,18
GiYSnFRrXrmkJMC54A1j3K4xT6ZMfx1NSThEe5X2WpDe,Stellium,130,130
GiYSnFRrXrmkJMC54A1j3K4xT6ZMfx1NSThEe5X2WpDe,Temporal,123,123
GiYSnFRrXrmkJMC54A1j3K4xT6ZMfx1NSThEe5X2WpDe,blockRazor,14,14
GiYSnFRrXrmkJMC54A1j3K4xT6ZMfx1NSThEe5X2WpDe,blockrazor,35,35
GiYSnFRrXrmkJMC54A1j3K4xT6ZMfx1NSThEe5X2WpDe,blocksprint,106,106
GiYSnFRrXrmkJMC54A1j3K4xT6ZMfx1NSThEe5X2WpDe,bloxroute,60,60
GiYSnFRrXrmkJMC54A1j3K4xT6ZMfx1NSThEe5X2WpDe,landX,424,424
GiYSnFRrXrmkJMC54A1j3K4xT6ZMfx1NSThEe5X2WpDe,stellium,579,579
GkFT5nmcFVmJiLwuE98PjdF3LReMeq4WbejFHfwrnsgw,(none),1128,0
GkFT5nmcFVmJiLwuE98PjdF3LReMeq4WbejFHfwrnsgw,0slot,82,82
GkFT5nmcFVmJiLwuE98PjdF3LReMeq4WbejFHfwrnsgw,AstraLane,144,144
GkFT5nmcFVmJiLwuE98PjdF3LReMeq4WbejFHfwrnsgw,Astralane,1,1
GkFT5nmcFVmJiLwuE98PjdF3LReMeq4WbejFHfwrnsgw,BloxRoute,2,2
GkFT5nmcFVmJiLwuE98PjdF3LReMeq4WbejFHfwrnsgw,Falcon,134,134
GkFT5nmcFVmJiLwuE98PjdF3LReMeq4WbejFHfwrnsgw,Flashblock,1,1
GkFT5nmcFVmJiLwuE98PjdF3LReMeq4WbejFHfwrnsgw,Helius,433,433
GkFT5nmcFVmJiLwuE98PjdF3LReMeq4WbejFHfwrnsgw,Jito,170,170
GkFT5nmcFVmJiLwuE98PjdF3LReMeq4WbejFHfwrnsgw,Moon,1,1
GkFT5nmcFVmJiLwuE98PjdF3LReMeq4WbejFHfwrnsgw,Nextblock,49,49
GkFT5nmcFVmJiLwuE98PjdF3LReMeq4WbejFHfwrnsgw,NodeOne,184,184
GkFT5nmcFVmJiLwuE98PjdF3LReMeq4WbejFHfwrnsgw,Soyas,9,9
GkFT5nmcFVmJiLwuE98PjdF3LReMeq4WbejFHfwrnsgw,Stellium,142,142
GkFT5nmcFVmJiLwuE98PjdF3LReMeq4WbejFHfwrnsgw,Temporal,127,127
GkFT5nmcFVmJiLwuE98PjdF3LReMeq4WbejFHfwrnsgw,blockRazor,6,6
GkFT5nmcFVmJiLwuE98PjdF3LReMeq4WbejFHfwrnsgw,blockrazor,32,32
GkFT5nmcFVmJiLwuE98PjdF3LReMeq4WbejFHfwrnsgw,blocksprint,97,97
GkFT5nmcFVmJiLwuE98PjdF3LReMeq4WbejFHfwrnsgw,bloxroute,63,63
GkFT5nmcFVmJiLwuE98PjdF3LReMeq4WbejFHfwrnsgw,landX,390,390
GkFT5nmcFVmJiLwuE98PjdF3LReMeq4WbejFHfwrnsgw,stellium,543,543
GmCxjmjKZoaKN1DKunbYq8RCYib94Nm3sHyncFfofaF5,(none),3763,0
GmCxjmjKZoaKN1DKunbYq8RCYib94Nm3sHyncFfofaF5,0slot,356,356
GmCxjmjKZoaKN1DKunbYq8RCYib94Nm3sHyncFfofaF5,AstraLane,379,379
GmCxjmjKZoaKN1DKunbYq8RCYib94Nm3sHyncFfofaF5,Astralane,1,1
GmCxjmjKZoaKN1DKunbYq8RCYib94Nm3sHyncFfofaF5,BloxRoute,10,10
GmCxjmjKZoaKN1DKunbYq8RCYib94Nm3sHyncFfofaF5,Falcon,759,759
GmCxjmjKZoaKN1DKunbYq8RCYib94Nm3sHyncFfofaF5,Flashblock,4,4
GmCxjmjKZoaKN1DKunbYq8RCYib94Nm3sHyncFfofaF5,Helius,1351,1351
GmCxjmjKZoaKN1DKunbYq8RCYib94Nm3sHyncFfofaF5,Jito,416,416
GmCxjmjKZoaKN1DKunbYq8RCYib94Nm3sHyncFfofaF5,Moon,1,1
GmCxjmjKZoaKN1DKunbYq8RCYib94Nm3sHyncFfofaF5,Nextblock,157,157
GmCxjmjKZoaKN1DKunbYq8RCYib94Nm3sHyncFfofaF5,NodeOne,472,472
GmCxjmjKZoaKN1DKunbYq8RCYib94Nm3sHyncFfofaF5,Soyas,30,30
GmCxjmjKZoaKN1DKunbYq8RCYib94Nm3sHyncFfofaF5,Stellium,559,559
GmCxjmjKZoaKN1DKunbYq8RCYib94Nm3sHyncFfofaF5,Temporal,430,430
GmCxjmjKZoaKN1DKunbYq8RCYib94Nm3sHyncFfofaF5,blockRazor,15,15
GmCxjmjKZoaKN1DKunbYq8RCYib94Nm3sHyncFfofaF5,blockrazor,77,77
GmCxjmjKZoaKN1DKunbYq8RCYib94Nm3sHyncFfofaF5,blocksprint,302,302
GmCxjmjKZoaKN1DKunbYq8RCYib94Nm3sHyncFfofaF5,bloxroute,163,162
GmCxjmjKZoaKN1DKunbYq8RCYib94Nm3sHyncFfofaF5,landX,1062,1062
GmCxjmjKZoaKN1DKunbYq8RCYib94Nm3sHyncFfofaF5,stellium,1737,1737
GoeW4aFK4dGoekJySgUynWDxBZiQJqm8GDAF4H53tDK9,(none),19068,0
GoeW4aFK4dGoekJySgUynWDxBZiQJqm8GDAF4H53tDK9,0slot,1164,1164
GoeW4aFK4dGoekJySgUynWDxBZiQJqm8GDAF4H53tDK9,AstraLane,4793,4793
GoeW4aFK4dGoekJySgUynWDxBZiQJqm8GDAF4H53tDK9,Astralane,14,14
GoeW4aFK4dGoekJySgUynWDxBZiQJqm8GDAF4H53tDK9,BloxRoute,46,46
GoeW4aFK4dGoekJySgUynWDxBZiQJqm8GDAF4H53tDK9,Falcon,4780,4780
GoeW4aFK4dGoekJySgUynWDxBZiQJqm8GDAF4H53tDK9,Flashblock,29,29
GoeW4aFK4dGoekJySgUynWDxBZiQJqm8GDAF4H53tDK9,Helius,6261,6261
GoeW4aFK4dGoekJySgUynWDxBZiQJqm8GDAF4H53tDK9,Jito,2368,2366
GoeW4aFK4dGoekJySgUynWDxBZiQJqm8GDAF4H53tDK9,Moon,6,6
GoeW4aFK4dGoekJySgUynWDxBZiQJqm8GDAF4H53tDK9,Nextblock,803,803
GoeW4aFK4dGoekJySgUynWDxBZiQJqm8GDAF4H53tDK9,NodeOne,1838,1838
GoeW4aFK4dGoekJySgUynWDxBZiQJqm8GDAF4H53tDK9,Soyas,188,188
GoeW4aFK4dGoekJySgUynWDxBZiQJqm8GDAF4H53tDK9,Stellium,3084,3084
GoeW4aFK4dGoekJySgUynWDxBZiQJqm8GDAF4H53tDK9,Temporal,2644,2641
GoeW4aFK4dGoekJySgUynWDxBZiQJqm8GDAF4H53tDK9,blockRazor,109,109
GoeW4aFK4dGoekJySgUynWDxBZiQJqm8GDAF4H53tDK9,blockrazor,380,380
GoeW4aFK4dGoekJySgUynWDxBZiQJqm8GDAF4H53tDK9,blocksprint,2038,2038
GoeW4aFK4dGoekJySgUynWDxBZiQJqm8GDAF4H53tDK9,bloxroute,3332,3330
GoeW4aFK4dGoekJySgUynWDxBZiQJqm8GDAF4H53tDK9,landX,3799,3799
GoeW4aFK4dGoekJySgUynWDxBZiQJqm8GDAF4H53tDK9,stellium,8071,8071
GqDCbnafLmKkdqiqf278jDLXqjjZMB2sViZQtR82jPUf,(none),372,0
GqDCbnafLmKkdqiqf278jDLXqjjZMB2sViZQtR82jPUf,0slot,27,27
GqDCbnafLmKkdqiqf278jDLXqjjZMB2sViZQtR82jPUf,AstraLane,69,69
GqDCbnafLmKkdqiqf278jDLXqjjZMB2sViZQtR82jPUf,Astralane,1,1
GqDCbnafLmKkdqiqf278jDLXqjjZMB2sViZQtR82jPUf,BloxRoute,2,2
GqDCbnafLmKkdqiqf278jDLXqjjZMB2sViZQtR82jPUf,Falcon,88,88
GqDCbnafLmKkdqiqf278jDLXqjjZMB2sViZQtR82jPUf,Flashblock,1,1
GqDCbnafLmKkdqiqf278jDLXqjjZMB2sViZQtR82jPUf,Helius,165,165
GqDCbnafLmKkdqiqf278jDLXqjjZMB2sViZQtR82jPUf,Jito,49,49
GqDCbnafLmKkdqiqf278jDLXqjjZMB2sViZQtR82jPUf,Nextblock,23,23
GqDCbnafLmKkdqiqf278jDLXqjjZMB2sViZQtR82jPUf,NodeOne,56,56
GqDCbnafLmKkdqiqf278jDLXqjjZMB2sViZQtR82jPUf,Soyas,7,7
GqDCbnafLmKkdqiqf278jDLXqjjZMB2sViZQtR82jPUf,Stellium,56,56
GqDCbnafLmKkdqiqf278jDLXqjjZMB2sViZQtR82jPUf,Temporal,40,40
GqDCbnafLmKkdqiqf278jDLXqjjZMB2sViZQtR82jPUf,blockRazor,6,6
GqDCbnafLmKkdqiqf278jDLXqjjZMB2sViZQtR82jPUf,blockrazor,12,12
GqDCbnafLmKkdqiqf278jDLXqjjZMB2sViZQtR82jPUf,blocksprint,57,57
GqDCbnafLmKkdqiqf278jDLXqjjZMB2sViZQtR82jPUf,bloxroute,52,52
GqDCbnafLmKkdqiqf278jDLXqjjZMB2sViZQtR82jPUf,landX,96,96
GqDCbnafLmKkdqiqf278jDLXqjjZMB2sViZQtR82jPUf,stellium,167,167
Gv9gguvrAkgQtB5g5a3Un7trcHCxLYsk8vSojLmQMsWV,(none),5262,0
Gv9gguvrAkgQtB5g5a3Un7trcHCxLYsk8vSojLmQMsWV,0slot,398,398
Gv9gguvrAkgQtB5g5a3Un7trcHCxLYsk8vSojLmQMsWV,AstraLane,746,746
Gv9gguvrAkgQtB5g5a3Un7trcHCxLYsk8vSojLmQMsWV,Astralane,1,1
Gv9gguvrAkgQtB5g5a3Un7trcHCxLYsk8vSojLmQMsWV,BloxRoute,9,9
Gv9gguvrAkgQtB5g5a3Un7trcHCxLYsk8vSojLmQMsWV,Falcon,1393,1393
Gv9gguvrAkgQtB5g5a3Un7trcHCxLYsk8vSojLmQMsWV,Flashblock,3,3
Gv9gguvrAkgQtB5g5a3Un7trcHCxLYsk8vSojLmQMsWV,Helius,1969,1968
Gv9gguvrAkgQtB5g5a3Un7trcHCxLYsk8vSojLmQMsWV,Jito,550,550
Gv9gguvrAkgQtB5g5a3Un7trcHCxLYsk8vSojLmQMsWV,Moon,2,2
Gv9gguvrAkgQtB5g5a3Un7trcHCxLYsk8vSojLmQMsWV,Nextblock,217,217
Gv9gguvrAkgQtB5g5a3Un7trcHCxLYsk8vSojLmQMsWV,NodeOne,569,569
Gv9gguvrAkgQtB5g5a3Un7trcHCxLYsk8vSojLmQMsWV,Soyas,55,55
Gv9gguvrAkgQtB5g5a3Un7trcHCxLYsk8vSojLmQMsWV,Stellium,889,889
Gv9gguvrAkgQtB5g5a3Un7trcHCxLYsk8vSojLmQMsWV,Temporal,477,475
Gv9gguvrAkgQtB5g5a3Un7trcHCxLYsk8vSojLmQMsWV,blockRazor,19,19
Gv9gguvrAkgQtB5g5a3Un7trcHCxLYsk8vSojLmQMsWV,blockrazor,104,104
Gv9gguvrAkgQtB5g5a3Un7trcHCxLYsk8vSojLmQMsWV,blocksprint,564,564
Gv9gguvrAkgQtB5g5a3Un7trcHCxLYsk8vSojLmQMsWV,bloxroute,638,638
Gv9gguvrAkgQtB5g5a3Un7trcHCxLYsk8vSojLmQMsWV,landX,1714,1714
Gv9gguvrAkgQtB5g5a3Un7trcHCxLYsk8vSojLmQMsWV,stellium,2804,2804
GvfaiJUhNCRZGVGumsEF1eHDb8JpAeFAyHSrTifyhrbt,(none),291,0
GvfaiJUhNCRZGVGumsEF1eHDb8JpAeFAyHSrTifyhrbt,0slot,74,74
GvfaiJUhNCRZGVGumsEF1eHDb8JpAeFAyHSrTifyhrbt,AstraLane,58,58
GvfaiJUhNCRZGVGumsEF1eHDb8JpAeFAyHSrTifyhrbt,BloxRoute,2,2
GvfaiJUhNCRZGVGumsEF1eHDb8JpAeFAyHSrTifyhrbt,Falcon,58,58
GvfaiJUhNCRZGVGumsEF1eHDb8JpAeFAyHSrTifyhrbt,Helius,134,134
GvfaiJUhNCRZGVGumsEF1eHDb8JpAeFAyHSrTifyhrbt,Jito,59,59
GvfaiJUhNCRZGVGumsEF1eHDb8JpAeFAyHSrTifyhrbt,Nextblock,19,19
GvfaiJUhNCRZGVGumsEF1eHDb8JpAeFAyHSrTifyhrbt,NodeOne,20,20
GvfaiJUhNCRZGVGumsEF1eHDb8JpAeFAyHSrTifyhrbt,Soyas,6,6
GvfaiJUhNCRZGVGumsEF1eHDb8JpAeFAyHSrTifyhrbt,Stellium,38,38
GvfaiJUhNCRZGVGumsEF1eHDb8JpAeFAyHSrTifyhrbt,Temporal,71,71
GvfaiJUhNCRZGVGumsEF1eHDb8JpAeFAyHSrTifyhrbt,blockRazor,3,3
GvfaiJUhNCRZGVGumsEF1eHDb8JpAeFAyHSrTifyhrbt,blockrazor,5,5
GvfaiJUhNCRZGVGumsEF1eHDb8JpAeFAyHSrTifyhrbt,blocksprint,39,39
GvfaiJUhNCRZGVGumsEF1eHDb8JpAeFAyHSrTifyhrbt,bloxroute,21,21
GvfaiJUhNCRZGVGumsEF1eHDb8JpAeFAyHSrTifyhrbt,landX,109,109
GvfaiJUhNCRZGVGumsEF1eHDb8JpAeFAyHSrTifyhrbt,stellium,143,143
GwHH8ciFhR8vejWCqmg8FWZUCNtubPY2esALvy5tBvji,(none),1285,0
GwHH8ciFhR8vejWCqmg8FWZUCNtubPY2esALvy5tBvji,0slot,101,101
GwHH8ciFhR8vejWCqmg8FWZUCNtubPY2esALvy5tBvji,AstraLane,106,106
GwHH8ciFhR8vejWCqmg8FWZUCNtubPY2esALvy5tBvji,BloxRoute,1,1
GwHH8ciFhR8vejWCqmg8FWZUCNtubPY2esALvy5tBvji,Falcon,220,220
GwHH8ciFhR8vejWCqmg8FWZUCNtubPY2esALvy5tBvji,Helius,296,296
GwHH8ciFhR8vejWCqmg8FWZUCNtubPY2esALvy5tBvji,Jito,92,92
GwHH8ciFhR8vejWCqmg8FWZUCNtubPY2esALvy5tBvji,Moon,1,1
GwHH8ciFhR8vejWCqmg8FWZUCNtubPY2esALvy5tBvji,Nextblock,36,36
GwHH8ciFhR8vejWCqmg8FWZUCNtubPY2esALvy5tBvji,NodeOne,165,165
GwHH8ciFhR8vejWCqmg8FWZUCNtubPY2esALvy5tBvji,Soyas,6,6
GwHH8ciFhR8vejWCqmg8FWZUCNtubPY2esALvy5tBvji,Stellium,141,141
GwHH8ciFhR8vejWCqmg8FWZUCNtubPY2esALvy5tBvji,Temporal,130,130
GwHH8ciFhR8vejWCqmg8FWZUCNtubPY2esALvy5tBvji,blockRazor,2,2
GwHH8ciFhR8vejWCqmg8FWZUCNtubPY2esALvy5tBvji,blockrazor,17,17
GwHH8ciFhR8vejWCqmg8FWZUCNtubPY2esALvy5tBvji,blocksprint,79,79
GwHH8ciFhR8vejWCqmg8FWZUCNtubPY2esALvy5tBvji,bloxroute,41,41
GwHH8ciFhR8vejWCqmg8FWZUCNtubPY2esALvy5tBvji,landX,259,259
GwHH8ciFhR8vejWCqmg8FWZUCNtubPY2esALvy5tBvji,stellium,463,463
H8fHToVcZPi5bupGZohGPX2SWs8NHzgFKQ31wi5n6oux,(none),2915,0
H8fHToVcZPi5bupGZohGPX2SWs8NHzgFKQ31wi5n6oux,0slot,295,295
H8fHToVcZPi5bupGZohGPX2SWs8NHzgFKQ31wi5n6oux,AstraLane,432,432
H8fHToVcZPi5bupGZohGPX2SWs8NHzgFKQ31wi5n6oux,BloxRoute,6,6
H8fHToVcZPi5bupGZohGPX2SWs8NHzgFKQ31wi5n6oux,Falcon,447,447
H8fHToVcZPi5bupGZohGPX2SWs8NHzgFKQ31wi5n6oux,Helius,1282,1282
H8fHToVcZPi5bupGZohGPX2SWs8NHzgFKQ31wi5n6oux,Jito,478,478
H8fHToVcZPi5bupGZohGPX2SWs8NHzgFKQ31wi5n6oux,Moon,1,1
H8fHToVcZPi5bupGZohGPX2SWs8NHzgFKQ31wi5n6oux,Nextblock,173,173
H8fHToVcZPi5bupGZohGPX2SWs8NHzgFKQ31wi5n6oux,NodeOne,506,506
H8fHToVcZPi5bupGZohGPX2SWs8NHzgFKQ31wi5n6oux,Soyas,21,21
H8fHToVcZPi5bupGZohGPX2SWs8NHzgFKQ31wi5n6oux,Stellium,454,454
H8fHToVcZPi5bupGZohGPX2SWs8NHzgFKQ31wi5n6oux,Temporal,397,397
H8fHToVcZPi5bupGZohGPX2SWs8NHzgFKQ31wi5n6oux,blockRazor,9,9
H8fHToVcZPi5bupGZohGPX2SWs8NHzgFKQ31wi5n6oux,blockrazor,75,75
H8fHToVcZPi5bupGZohGPX2SWs8NHzgFKQ31wi5n6oux,blocksprint,328,328
H8fHToVcZPi5bupGZohGPX2SWs8NHzgFKQ31wi5n6oux,bloxroute,151,151
H8fHToVcZPi5bupGZohGPX2SWs8NHzgFKQ31wi5n6oux,landX,824,824
H8fHToVcZPi5bupGZohGPX2SWs8NHzgFKQ31wi5n6oux,stellium,1620,1620
H9ENbtmy2tWFtAJNmpC8xQtbcr1NTp4FXLdphRaG8L2T,(none),799,0
H9ENbtmy2tWFtAJNmpC8xQtbcr1NTp4FXLdphRaG8L2T,0slot,39,39
H9ENbtmy2tWFtAJNmpC8xQtbcr1NTp4FXLdphRaG8L2T,AstraLane,96,96
H9ENbtmy2tWFtAJNmpC8xQtbcr1NTp4FXLdphRaG8L2T,BloxRoute,2,2
H9ENbtmy2tWFtAJNmpC8xQtbcr1NTp4FXLdphRaG8L2T,Falcon,155,155
H9ENbtmy2tWFtAJNmpC8xQtbcr1NTp4FXLdphRaG8L2T,Flashblock,2,2
H9ENbtmy2tWFtAJNmpC8xQtbcr1NTp4FXLdphRaG8L2T,Helius,294,293
H9ENbtmy2tWFtAJNmpC8xQtbcr1NTp4FXLdphRaG8L2T,Jito,81,81
H9ENbtmy2tWFtAJNmpC8xQtbcr1NTp4FXLdphRaG8L2T,Moon,2,2
H9ENbtmy2tWFtAJNmpC8xQtbcr1NTp4FXLdphRaG8L2T,Nextblock,27,27
H9ENbtmy2tWFtAJNmpC8xQtbcr1NTp4FXLdphRaG8L2T,NodeOne,78,78
H9ENbtmy2tWFtAJNmpC8xQtbcr1NTp4FXLdphRaG8L2T,Soyas,14,14
H9ENbtmy2tWFtAJNmpC8xQtbcr1NTp4FXLdphRaG8L2T,Stellium,115,115
H9ENbtmy2tWFtAJNmpC8xQtbcr1NTp4FXLdphRaG8L2T,Temporal,72,72
H9ENbtmy2tWFtAJNmpC8xQtbcr1NTp4FXLdphRaG8L2T,blockRazor,4,4
H9ENbtmy2tWFtAJNmpC8xQtbcr1NTp4FXLdphRaG8L2T,blockrazor,11,11
H9ENbtmy2tWFtAJNmpC8xQtbcr1NTp4FXLdphRaG8L2T,blocksprint,68,68
H9ENbtmy2tWFtAJNmpC8xQtbcr1NTp4FXLdphRaG8L2T,bloxroute,117,117
H9ENbtmy2tWFtAJNmpC8xQtbcr1NTp4FXLdphRaG8L2T,landX,200,200
H9ENbtmy2tWFtAJNmpC8xQtbcr1NTp4FXLdphRaG8L2T,stellium,302,302
HDxxzxzHnkGTQLGN1DpVvByiNapmrjztt7C7xzhnrqTn,(none),228,0
HDxxzxzHnkGTQLGN1DpVvByiNapmrjztt7C7xzhnrqTn,0slot,17,17
HDxxzxzHnkGTQLGN1DpVvByiNapmrjztt7C7xzhnrqTn,AstraLane,39,39
HDxxzxzHnkGTQLGN1DpVvByiNapmrjztt7C7xzhnrqTn,Falcon,76,76
HDxxzxzHnkGTQLGN1DpVvByiNapmrjztt7C7xzhnrqTn,Helius,106,106
HDxxzxzHnkGTQLGN1DpVvByiNapmrjztt7C7xzhnrqTn,Jito,61,60
HDxxzxzHnkGTQLGN1DpVvByiNapmrjztt7C7xzhnrqTn,Nextblock,13,13
HDxxzxzHnkGTQLGN1DpVvByiNapmrjztt7C7xzhnrqTn,NodeOne,36,36
HDxxzxzHnkGTQLGN1DpVvByiNapmrjztt7C7xzhnrqTn,Soyas,1,1
HDxxzxzHnkGTQLGN1DpVvByiNapmrjztt7C7xzhnrqTn,Stellium,40,40
HDxxzxzHnkGTQLGN1DpVvByiNapmrjztt7C7xzhnrqTn,Temporal,46,46
HDxxzxzHnkGTQLGN1DpVvByiNapmrjztt7C7xzhnrqTn,blockrazor,11,11
HDxxzxzHnkGTQLGN1DpVvByiNapmrjztt7C7xzhnrqTn,blocksprint,36,36
HDxxzxzHnkGTQLGN1DpVvByiNapmrjztt7C7xzhnrqTn,bloxroute,3,3
HDxxzxzHnkGTQLGN1DpVvByiNapmrjztt7C7xzhnrqTn,landX,64,64
HDxxzxzHnkGTQLGN1DpVvByiNapmrjztt7C7xzhnrqTn,stellium,131,131
HE2REn7YRhFEghuctv3y1dUEK9aWhw8QQSUpRiHd819r,(none),2007,0
HE2REn7YRhFEghuctv3y1dUEK9aWhw8QQSUpRiHd819r,0slot,89,89
HE2REn7YRhFEghuctv3y1dUEK9aWhw8QQSUpRiHd819r,AstraLane,669,669
HE2REn7YRhFEghuctv3y1dUEK9aWhw8QQSUpRiHd819r,Astralane,2,2
HE2REn7YRhFEghuctv3y1dUEK9aWhw8QQSUpRiHd819r,BloxRoute,7,7
HE2REn7YRhFEghuctv3y1dUEK9aWhw8QQSUpRiHd819r,Falcon,496,496
HE2REn7YRhFEghuctv3y1dUEK9aWhw8QQSUpRiHd819r,Helius,727,727
HE2REn7YRhFEghuctv3y1dUEK9aWhw8QQSUpRiHd819r,Jito,133,133
HE2REn7YRhFEghuctv3y1dUEK9aWhw8QQSUpRiHd819r,Nextblock,103,103
HE2REn7YRhFEghuctv3y1dUEK9aWhw8QQSUpRiHd819r,NodeOne,102,102
HE2REn7YRhFEghuctv3y1dUEK9aWhw8QQSUpRiHd819r,Soyas,15,15
HE2REn7YRhFEghuctv3y1dUEK9aWhw8QQSUpRiHd819r,Stellium,292,292
HE2REn7YRhFEghuctv3y1dUEK9aWhw8QQSUpRiHd819r,Temporal,228,228
HE2REn7YRhFEghuctv3y1dUEK9aWhw8QQSUpRiHd819r,blockRazor,12,12
HE2REn7YRhFEghuctv3y1dUEK9aWhw8QQSUpRiHd819r,blockrazor,36,36
HE2REn7YRhFEghuctv3y1dUEK9aWhw8QQSUpRiHd819r,blocksprint,214,214
HE2REn7YRhFEghuctv3y1dUEK9aWhw8QQSUpRiHd819r,bloxroute,306,306
HE2REn7YRhFEghuctv3y1dUEK9aWhw8QQSUpRiHd819r,landX,655,655
HE2REn7YRhFEghuctv3y1dUEK9aWhw8QQSUpRiHd819r,stellium,984,984
HEL1USMZKAL2odpNBj2oCjffnFGaYwmbGmyewGv1e2TU,(none),79694,0
HEL1USMZKAL2odpNBj2oCjffnFGaYwmbGmyewGv1e2TU,0slot,5843,5843
HEL1USMZKAL2odpNBj2oCjffnFGaYwmbGmyewGv1e2TU,AstraLane,9421,9421
HEL1USMZKAL2odpNBj2oCjffnFGaYwmbGmyewGv1e2TU,Astralane,21,21
HEL1USMZKAL2odpNBj2oCjffnFGaYwmbGmyewGv1e2TU,BloxRoute,178,178
HEL1USMZKAL2odpNBj2oCjffnFGaYwmbGmyewGv1e2TU,Falcon,18510,18510
HEL1USMZKAL2odpNBj2oCjffnFGaYwmbGmyewGv1e2TU,Flashblock,120,120
HEL1USMZKAL2odpNBj2oCjffnFGaYwmbGmyewGv1e2TU,Helius,35327,35325
HEL1USMZKAL2odpNBj2oCjffnFGaYwmbGmyewGv1e2TU,Jito,7956,7953
HEL1USMZKAL2odpNBj2oCjffnFGaYwmbGmyewGv1e2TU,Moon,36,36
HEL1USMZKAL2odpNBj2oCjffnFGaYwmbGmyewGv1e2TU,Nextblock,3557,3557
HEL1USMZKAL2odpNBj2oCjffnFGaYwmbGmyewGv1e2TU,NodeOne,9513,9513
HEL1USMZKAL2odpNBj2oCjffnFGaYwmbGmyewGv1e2TU,Soyas,1085,1085
HEL1USMZKAL2odpNBj2oCjffnFGaYwmbGmyewGv1e2TU,Stellium,11635,11635
HEL1USMZKAL2odpNBj2oCjffnFGaYwmbGmyewGv1e2TU,Temporal,7940,7931
HEL1USMZKAL2odpNBj2oCjffnFGaYwmbGmyewGv1e2TU,blockRazor,414,414
HEL1USMZKAL2odpNBj2oCjffnFGaYwmbGmyewGv1e2TU,blockrazor,1745,1745
HEL1USMZKAL2odpNBj2oCjffnFGaYwmbGmyewGv1e2TU,blocksprint,7923,7923
HEL1USMZKAL2odpNBj2oCjffnFGaYwmbGmyewGv1e2TU,bloxroute,4985,4983
HEL1USMZKAL2odpNBj2oCjffnFGaYwmbGmyewGv1e2TU,landX,27822,27822
HEL1USMZKAL2odpNBj2oCjffnFGaYwmbGmyewGv1e2TU,stellium,39864,39864
HFTcVVrX93SJwYHAiiHAssb3c4zXqSsF4mNjg5arGPEj,(none),207,0
HFTcVVrX93SJwYHAiiHAssb3c4zXqSsF4mNjg5arGPEj,0slot,28,28
HFTcVVrX93SJwYHAiiHAssb3c4zXqSsF4mNjg5arGPEj,AstraLane,17,17
HFTcVVrX93SJwYHAiiHAssb3c4zXqSsF4mNjg5arGPEj,BloxRoute,1,1
HFTcVVrX93SJwYHAiiHAssb3c4zXqSsF4mNjg5arGPEj,Falcon,111,111
HFTcVVrX93SJwYHAiiHAssb3c4zXqSsF4mNjg5arGPEj,Helius,74,74
HFTcVVrX93SJwYHAiiHAssb3c4zXqSsF4mNjg5arGPEj,Jito,32,32
HFTcVVrX93SJwYHAiiHAssb3c4zXqSsF4mNjg5arGPEj,Nextblock,12,12
HFTcVVrX93SJwYHAiiHAssb3c4zXqSsF4mNjg5arGPEj,NodeOne,35,35
HFTcVVrX93SJwYHAiiHAssb3c4zXqSsF4mNjg5arGPEj,Soyas,2,2
HFTcVVrX93SJwYHAiiHAssb3c4zXqSsF4mNjg5arGPEj,Stellium,54,54
HFTcVVrX93SJwYHAiiHAssb3c4zXqSsF4mNjg5arGPEj,Temporal,18,18
HFTcVVrX93SJwYHAiiHAssb3c4zXqSsF4mNjg5arGPEj,blockRazor,3,3
HFTcVVrX93SJwYHAiiHAssb3c4zXqSsF4mNjg5arGPEj,blockrazor,4,4
HFTcVVrX93SJwYHAiiHAssb3c4zXqSsF4mNjg5arGPEj,blocksprint,22,22
HFTcVVrX93SJwYHAiiHAssb3c4zXqSsF4mNjg5arGPEj,bloxroute,4,4
HFTcVVrX93SJwYHAiiHAssb3c4zXqSsF4mNjg5arGPEj,landX,52,52
HFTcVVrX93SJwYHAiiHAssb3c4zXqSsF4mNjg5arGPEj,stellium,140,140
HH5dA42XF1HxNk1TRpG6LuKfLViMYNdAz5iWrFM4hWFi,(none),4499,0
HH5dA42XF1HxNk1TRpG6LuKfLViMYNdAz5iWrFM4hWFi,0slot,432,432
HH5dA42XF1HxNk1TRpG6LuKfLViMYNdAz5iWrFM4hWFi,AstraLane,610,610
HH5dA42XF1HxNk1TRpG6LuKfLViMYNdAz5iWrFM4hWFi,BloxRoute,8,8
HH5dA42XF1HxNk1TRpG6LuKfLViMYNdAz5iWrFM4hWFi,Falcon,381,381
HH5dA42XF1HxNk1TRpG6LuKfLViMYNdAz5iWrFM4hWFi,Flashblock,6,6
HH5dA42XF1HxNk1TRpG6LuKfLViMYNdAz5iWrFM4hWFi,Helius,1977,1977
HH5dA42XF1HxNk1TRpG6LuKfLViMYNdAz5iWrFM4hWFi,Jito,582,581
HH5dA42XF1HxNk1TRpG6LuKfLViMYNdAz5iWrFM4hWFi,Moon,4,4
HH5dA42XF1HxNk1TRpG6LuKfLViMYNdAz5iWrFM4hWFi,Nextblock,203,203
HH5dA42XF1HxNk1TRpG6LuKfLViMYNdAz5iWrFM4hWFi,NodeOne,765,765
HH5dA42XF1HxNk1TRpG6LuKfLViMYNdAz5iWrFM4hWFi,Soyas,49,49
HH5dA42XF1HxNk1TRpG6LuKfLViMYNdAz5iWrFM4hWFi,Stellium,664,664
HH5dA42XF1HxNk1TRpG6LuKfLViMYNdAz5iWrFM4hWFi,Temporal,634,634
HH5dA42XF1HxNk1TRpG6LuKfLViMYNdAz5iWrFM4hWFi,blockRazor,22,22
HH5dA42XF1HxNk1TRpG6LuKfLViMYNdAz5iWrFM4hWFi,blockrazor,120,120
HH5dA42XF1HxNk1TRpG6LuKfLViMYNdAz5iWrFM4hWFi,blocksprint,392,392
HH5dA42XF1HxNk1TRpG6LuKfLViMYNdAz5iWrFM4hWFi,bloxroute,401,401
HH5dA42XF1HxNk1TRpG6LuKfLViMYNdAz5iWrFM4hWFi,landX,1303,1303
HH5dA42XF1HxNk1TRpG6LuKfLViMYNdAz5iWrFM4hWFi,stellium,2177,2177
HLXxkmjb47spcmbbKi3UCfZ2qmFY29t8MN562AEmh2Qh,(none),192,0
HLXxkmjb47spcmbbKi3UCfZ2qmFY29t8MN562AEmh2Qh,0slot,18,18
HLXxkmjb47spcmbbKi3UCfZ2qmFY29t8MN562AEmh2Qh,AstraLane,43,43
HLXxkmjb47spcmbbKi3UCfZ2qmFY29t8MN562AEmh2Qh,Falcon,29,29
HLXxkmjb47spcmbbKi3UCfZ2qmFY29t8MN562AEmh2Qh,Helius,101,101
HLXxkmjb47spcmbbKi3UCfZ2qmFY29t8MN562AEmh2Qh,Jito,48,48
HLXxkmjb47spcmbbKi3UCfZ2qmFY29t8MN562AEmh2Qh,Moon,1,1
HLXxkmjb47spcmbbKi3UCfZ2qmFY29t8MN562AEmh2Qh,Nextblock,12,12
HLXxkmjb47spcmbbKi3UCfZ2qmFY29t8MN562AEmh2Qh,NodeOne,40,40
HLXxkmjb47spcmbbKi3UCfZ2qmFY29t8MN562AEmh2Qh,Soyas,5,5
HLXxkmjb47spcmbbKi3UCfZ2qmFY29t8MN562AEmh2Qh,Stellium,42,42
HLXxkmjb47spcmbbKi3UCfZ2qmFY29t8MN562AEmh2Qh,Temporal,23,23
HLXxkmjb47spcmbbKi3UCfZ2qmFY29t8MN562AEmh2Qh,blockRazor,1,1
HLXxkmjb47spcmbbKi3UCfZ2qmFY29t8MN562AEmh2Qh,blockrazor,4,4
HLXxkmjb47spcmbbKi3UCfZ2qmFY29t8MN562AEmh2Qh,blocksprint,30,30
HLXxkmjb47spcmbbKi3UCfZ2qmFY29t8MN562AEmh2Qh,bloxroute,57,57
HLXxkmjb47spcmbbKi3UCfZ2qmFY29t8MN562AEmh2Qh,landX,125,125
HLXxkmjb47spcmbbKi3UCfZ2qmFY29t8MN562AEmh2Qh,stellium,162,162
HLnodbYkL5PFA8hjAZDkm5pGzV7eLTvcs671AW2L6St9,(none),5867,0
HLnodbYkL5PFA8hjAZDkm5pGzV7eLTvcs671AW2L6St9,0slot,500,500
HLnodbYkL5PFA8hjAZDkm5pGzV7eLTvcs671AW2L6St9,AstraLane,869,869
HLnodbYkL5PFA8hjAZDkm5pGzV7eLTvcs671AW2L6St9,Astralane,1,1
HLnodbYkL5PFA8hjAZDkm5pGzV7eLTvcs671AW2L6St9,BloxRoute,14,14
HLnodbYkL5PFA8hjAZDkm5pGzV7eLTvcs671AW2L6St9,Falcon,1330,1330
HLnodbYkL5PFA8hjAZDkm5pGzV7eLTvcs671AW2L6St9,Flashblock,12,12
HLnodbYkL5PFA8hjAZDkm5pGzV7eLTvcs671AW2L6St9,Helius,2188,2188
HLnodbYkL5PFA8hjAZDkm5pGzV7eLTvcs671AW2L6St9,Jito,695,695
HLnodbYkL5PFA8hjAZDkm5pGzV7eLTvcs671AW2L6St9,Moon,1,1
HLnodbYkL5PFA8hjAZDkm5pGzV7eLTvcs671AW2L6St9,Nextblock,248,248
HLnodbYkL5PFA8hjAZDkm5pGzV7eLTvcs671AW2L6St9,NodeOne,587,587
HLnodbYkL5PFA8hjAZDkm5pGzV7eLTvcs671AW2L6St9,Soyas,65,65
HLnodbYkL5PFA8hjAZDkm5pGzV7eLTvcs671AW2L6St9,Stellium,894,894
HLnodbYkL5PFA8hjAZDkm5pGzV7eLTvcs671AW2L6St9,Temporal,733,733
HLnodbYkL5PFA8hjAZDkm5pGzV7eLTvcs671AW2L6St9,blockRazor,37,37
HLnodbYkL5PFA8hjAZDkm5pGzV7eLTvcs671AW2L6St9,blockrazor,124,124
HLnodbYkL5PFA8hjAZDkm5pGzV7eLTvcs671AW2L6St9,blocksprint,550,550
HLnodbYkL5PFA8hjAZDkm5pGzV7eLTvcs671AW2L6St9,bloxroute,422,421
HLnodbYkL5PFA8hjAZDkm5pGzV7eLTvcs671AW2L6St9,landX,1924,1924
HLnodbYkL5PFA8hjAZDkm5pGzV7eLTvcs671AW2L6St9,stellium,3001,3001
HM1KjNaXa4w8K4gCXbieoMh5gUTNeUhg9fvdXMKeBW3L,(none),3599,0
HM1KjNaXa4w8K4gCXbieoMh5gUTNeUhg9fvdXMKeBW3L,0slot,278,278
HM1KjNaXa4w8K4gCXbieoMh5gUTNeUhg9fvdXMKeBW3L,AstraLane,996,996
HM1KjNaXa4w8K4gCXbieoMh5gUTNeUhg9fvdXMKeBW3L,Astralane,5,5
HM1KjNaXa4w8K4gCXbieoMh5gUTNeUhg9fvdXMKeBW3L,BloxRoute,8,8
HM1KjNaXa4w8K4gCXbieoMh5gUTNeUhg9fvdXMKeBW3L,Falcon,903,903
HM1KjNaXa4w8K4gCXbieoMh5gUTNeUhg9fvdXMKeBW3L,Flashblock,4,4
HM1KjNaXa4w8K4gCXbieoMh5gUTNeUhg9fvdXMKeBW3L,Helius,1218,1217
HM1KjNaXa4w8K4gCXbieoMh5gUTNeUhg9fvdXMKeBW3L,Jito,452,452
HM1KjNaXa4w8K4gCXbieoMh5gUTNeUhg9fvdXMKeBW3L,Moon,4,4
HM1KjNaXa4w8K4gCXbieoMh5gUTNeUhg9fvdXMKeBW3L,Nextblock,184,184
HM1KjNaXa4w8K4gCXbieoMh5gUTNeUhg9fvdXMKeBW3L,NodeOne,445,445
HM1KjNaXa4w8K4gCXbieoMh5gUTNeUhg9fvdXMKeBW3L,Soyas,33,33
HM1KjNaXa4w8K4gCXbieoMh5gUTNeUhg9fvdXMKeBW3L,Stellium,613,613
HM1KjNaXa4w8K4gCXbieoMh5gUTNeUhg9fvdXMKeBW3L,Temporal,557,557
HM1KjNaXa4w8K4gCXbieoMh5gUTNeUhg9fvdXMKeBW3L,blockRazor,16,16
HM1KjNaXa4w8K4gCXbieoMh5gUTNeUhg9fvdXMKeBW3L,blockrazor,96,96
HM1KjNaXa4w8K4gCXbieoMh5gUTNeUhg9fvdXMKeBW3L,blocksprint,414,414
HM1KjNaXa4w8K4gCXbieoMh5gUTNeUhg9fvdXMKeBW3L,bloxroute,719,719
HM1KjNaXa4w8K4gCXbieoMh5gUTNeUhg9fvdXMKeBW3L,landX,532,532
HM1KjNaXa4w8K4gCXbieoMh5gUTNeUhg9fvdXMKeBW3L,stellium,1390,1390
HMWXfjaeSHhww1wvdBhqhHVP9v96mFB4LJ9xP2MXbDGH,(none),499,0
HMWXfjaeSHhww1wvdBhqhHVP9v96mFB4LJ9xP2MXbDGH,0slot,43,43
HMWXfjaeSHhww1wvdBhqhHVP9v96mFB4LJ9xP2MXbDGH,AstraLane,72,72
HMWXfjaeSHhww1wvdBhqhHVP9v96mFB4LJ9xP2MXbDGH,BloxRoute,1,1
HMWXfjaeSHhww1wvdBhqhHVP9v96mFB4LJ9xP2MXbDGH,Falcon,150,150
HMWXfjaeSHhww1wvdBhqhHVP9v96mFB4LJ9xP2MXbDGH,Flashblock,3,3
HMWXfjaeSHhww1wvdBhqhHVP9v96mFB4LJ9xP2MXbDGH,Helius,186,186
HMWXfjaeSHhww1wvdBhqhHVP9v96mFB4LJ9xP2MXbDGH,Jito,65,65
HMWXfjaeSHhww1wvdBhqhHVP9v96mFB4LJ9xP2MXbDGH,Nextblock,27,27
HMWXfjaeSHhww1wvdBhqhHVP9v96mFB4LJ9xP2MXbDGH,NodeOne,44,44
HMWXfjaeSHhww1wvdBhqhHVP9v96mFB4LJ9xP2MXbDGH,Soyas,6,6
HMWXfjaeSHhww1wvdBhqhHVP9v96mFB4LJ9xP2MXbDGH,Stellium,104,104
HMWXfjaeSHhww1wvdBhqhHVP9v96mFB4LJ9xP2MXbDGH,Temporal,73,73
HMWXfjaeSHhww1wvdBhqhHVP9v96mFB4LJ9xP2MXbDGH,blockRazor,4,4
HMWXfjaeSHhww1wvdBhqhHVP9v96mFB4LJ9xP2MXbDGH,blockrazor,10,10
HMWXfjaeSHhww1wvdBhqhHVP9v96mFB4LJ9xP2MXbDGH,blocksprint,45,45
HMWXfjaeSHhww1wvdBhqhHVP9v96mFB4LJ9xP2MXbDGH,bloxroute,53,53
HMWXfjaeSHhww1wvdBhqhHVP9v96mFB4LJ9xP2MXbDGH,landX,163,163
HMWXfjaeSHhww1wvdBhqhHVP9v96mFB4LJ9xP2MXbDGH,stellium,297,297
HSDTxfgrqY8ZK88Q5Fx2DdX7zxMDqXgxJKgErTBSLoQJ,(none),69,0
HSDTxfgrqY8ZK88Q5Fx2DdX7zxMDqXgxJKgErTBSLoQJ,0slot,5,5
HSDTxfgrqY8ZK88Q5Fx2DdX7zxMDqXgxJKgErTBSLoQJ,AstraLane,8,8
HSDTxfgrqY8ZK88Q5Fx2DdX7zxMDqXgxJKgErTBSLoQJ,Falcon,7,7
HSDTxfgrqY8ZK88Q5Fx2DdX7zxMDqXgxJKgErTBSLoQJ,Helius,17,17
HSDTxfgrqY8ZK88Q5Fx2DdX7zxMDqXgxJKgErTBSLoQJ,Nextblock,3,3
HSDTxfgrqY8ZK88Q5Fx2DdX7zxMDqXgxJKgErTBSLoQJ,NodeOne,2,2
HSDTxfgrqY8ZK88Q5Fx2DdX7zxMDqXgxJKgErTBSLoQJ,Soyas,2,2
HSDTxfgrqY8ZK88Q5Fx2DdX7zxMDqXgxJKgErTBSLoQJ,Stellium,3,3
HSDTxfgrqY8ZK88Q5Fx2DdX7zxMDqXgxJKgErTBSLoQJ,Temporal,5,5
HSDTxfgrqY8ZK88Q5Fx2DdX7zxMDqXgxJKgErTBSLoQJ,blockrazor,1,1
HSDTxfgrqY8ZK88Q5Fx2DdX7zxMDqXgxJKgErTBSLoQJ,landX,21,21
HSDTxfgrqY8ZK88Q5Fx2DdX7zxMDqXgxJKgErTBSLoQJ,stellium,16,16
HT41udB8mLZZf7tev9tUoHYJ41TP8GWZ6zFMbjiviXk5,(none),1177,0
HT41udB8mLZZf7tev9tUoHYJ41TP8GWZ6zFMbjiviXk5,0slot,87,87
HT41udB8mLZZf7tev9tUoHYJ41TP8GWZ6zFMbjiviXk5,AstraLane,161,161
HT41udB8mLZZf7tev9tUoHYJ41TP8GWZ6zFMbjiviXk5,BloxRoute,4,4
HT41udB8mLZZf7tev9tUoHYJ41TP8GWZ6zFMbjiviXk5,Falcon,239,239
HT41udB8mLZZf7tev9tUoHYJ41TP8GWZ6zFMbjiviXk5,Flashblock,2,2
HT41udB8mLZZf7tev9tUoHYJ41TP8GWZ6zFMbjiviXk5,Helius,397,396
HT41udB8mLZZf7tev9tUoHYJ41TP8GWZ6zFMbjiviXk5,Jito,166,166
HT41udB8mLZZf7tev9tUoHYJ41TP8GWZ6zFMbjiviXk5,Nextblock,59,59
HT41udB8mLZZf7tev9tUoHYJ41TP8GWZ6zFMbjiviXk5,NodeOne,86,86
HT41udB8mLZZf7tev9tUoHYJ41TP8GWZ6zFMbjiviXk5,Soyas,12,12
HT41udB8mLZZf7tev9tUoHYJ41TP8GWZ6zFMbjiviXk5,Stellium,149,149
HT41udB8mLZZf7tev9tUoHYJ41TP8GWZ6zFMbjiviXk5,Temporal,131,131
HT41udB8mLZZf7tev9tUoHYJ41TP8GWZ6zFMbjiviXk5,blockRazor,11,11
HT41udB8mLZZf7tev9tUoHYJ41TP8GWZ6zFMbjiviXk5,blockrazor,23,23
HT41udB8mLZZf7tev9tUoHYJ41TP8GWZ6zFMbjiviXk5,blocksprint,83,83
HT41udB8mLZZf7tev9tUoHYJ41TP8GWZ6zFMbjiviXk5,bloxroute,89,89
HT41udB8mLZZf7tev9tUoHYJ41TP8GWZ6zFMbjiviXk5,landX,246,246
HT41udB8mLZZf7tev9tUoHYJ41TP8GWZ6zFMbjiviXk5,stellium,472,472
HTeRsa3gm3CGrizMoCrtWj4uBZ1NKYcGqh8jfBu2u3Jo,(none),8393,0
HTeRsa3gm3CGrizMoCrtWj4uBZ1NKYcGqh8jfBu2u3Jo,0slot,626,626
HTeRsa3gm3CGrizMoCrtWj4uBZ1NKYcGqh8jfBu2u3Jo,AstraLane,2352,2352
HTeRsa3gm3CGrizMoCrtWj4uBZ1NKYcGqh8jfBu2u3Jo,Astralane,5,5
HTeRsa3gm3CGrizMoCrtWj4uBZ1NKYcGqh8jfBu2u3Jo,BloxRoute,26,26
HTeRsa3gm3CGrizMoCrtWj4uBZ1NKYcGqh8jfBu2u3Jo,Falcon,2408,2408
HTeRsa3gm3CGrizMoCrtWj4uBZ1NKYcGqh8jfBu2u3Jo,Flashblock,5,5
HTeRsa3gm3CGrizMoCrtWj4uBZ1NKYcGqh8jfBu2u3Jo,Helius,2928,2927
HTeRsa3gm3CGrizMoCrtWj4uBZ1NKYcGqh8jfBu2u3Jo,Jito,994,994
HTeRsa3gm3CGrizMoCrtWj4uBZ1NKYcGqh8jfBu2u3Jo,Moon,3,3
HTeRsa3gm3CGrizMoCrtWj4uBZ1NKYcGqh8jfBu2u3Jo,Nextblock,493,493
HTeRsa3gm3CGrizMoCrtWj4uBZ1NKYcGqh8jfBu2u3Jo,NodeOne,800,800
HTeRsa3gm3CGrizMoCrtWj4uBZ1NKYcGqh8jfBu2u3Jo,Soyas,89,89
HTeRsa3gm3CGrizMoCrtWj4uBZ1NKYcGqh8jfBu2u3Jo,Stellium,1467,1467
HTeRsa3gm3CGrizMoCrtWj4uBZ1NKYcGqh8jfBu2u3Jo,Temporal,1128,1128
HTeRsa3gm3CGrizMoCrtWj4uBZ1NKYcGqh8jfBu2u3Jo,blockRazor,45,45
HTeRsa3gm3CGrizMoCrtWj4uBZ1NKYcGqh8jfBu2u3Jo,blockrazor,220,220
HTeRsa3gm3CGrizMoCrtWj4uBZ1NKYcGqh8jfBu2u3Jo,blocksprint,951,951
HTeRsa3gm3CGrizMoCrtWj4uBZ1NKYcGqh8jfBu2u3Jo,bloxroute,1350,1350
HTeRsa3gm3CGrizMoCrtWj4uBZ1NKYcGqh8jfBu2u3Jo,landX,1580,1580
HTeRsa3gm3CGrizMoCrtWj4uBZ1NKYcGqh8jfBu2u3Jo,stellium,3747,3747
HVXXmNKkmDZbZwj74iL2Y9Wu4SyrchBoxAfFYVAktLrG,(none),1179,0
HVXXmNKkmDZbZwj74iL2Y9Wu4SyrchBoxAfFYVAktLrG,0slot,88,88
HVXXmNKkmDZbZwj74iL2Y9Wu4SyrchBoxAfFYVAktLrG,AstraLane,102,102
HVXXmNKkmDZbZwj74iL2Y9Wu4SyrchBoxAfFYVAktLrG,Astralane,1,1
HVXXmNKkmDZbZwj74iL2Y9Wu4SyrchBoxAfFYVAktLrG,BloxRoute,1,1
HVXXmNKkmDZbZwj74iL2Y9Wu4SyrchBoxAfFYVAktLrG,Falcon,185,185
HVXXmNKkmDZbZwj74iL2Y9Wu4SyrchBoxAfFYVAktLrG,Flashblock,2,2
HVXXmNKkmDZbZwj74iL2Y9Wu4SyrchBoxAfFYVAktLrG,Helius,270,270
HVXXmNKkmDZbZwj74iL2Y9Wu4SyrchBoxAfFYVAktLrG,Jito,107,107
HVXXmNKkmDZbZwj74iL2Y9Wu4SyrchBoxAfFYVAktLrG,Nextblock,43,43
HVXXmNKkmDZbZwj74iL2Y9Wu4SyrchBoxAfFYVAktLrG,NodeOne,93,93
HVXXmNKkmDZbZwj74iL2Y9Wu4SyrchBoxAfFYVAktLrG,Soyas,6,6
HVXXmNKkmDZbZwj74iL2Y9Wu4SyrchBoxAfFYVAktLrG,Stellium,141,141
HVXXmNKkmDZbZwj74iL2Y9Wu4SyrchBoxAfFYVAktLrG,Temporal,116,116
HVXXmNKkmDZbZwj74iL2Y9Wu4SyrchBoxAfFYVAktLrG,blockRazor,2,2
HVXXmNKkmDZbZwj74iL2Y9Wu4SyrchBoxAfFYVAktLrG,blockrazor,23,23
HVXXmNKkmDZbZwj74iL2Y9Wu4SyrchBoxAfFYVAktLrG,blocksprint,84,84
HVXXmNKkmDZbZwj74iL2Y9Wu4SyrchBoxAfFYVAktLrG,bloxroute,34,34
HVXXmNKkmDZbZwj74iL2Y9Wu4SyrchBoxAfFYVAktLrG,landX,287,287
HVXXmNKkmDZbZwj74iL2Y9Wu4SyrchBoxAfFYVAktLrG,stellium,429,429
HW4zorvt6xDwhU36RqjcWNwU8YMj9tiqnAafBKW4cqV,(none),1796,0
HW4zorvt6xDwhU36RqjcWNwU8YMj9tiqnAafBKW4cqV,0slot,121,121
HW4zorvt6xDwhU36RqjcWNwU8YMj9tiqnAafBKW4cqV,AstraLane,599,599
HW4zorvt6xDwhU36RqjcWNwU8YMj9tiqnAafBKW4cqV,Astralane,3,3
HW4zorvt6xDwhU36RqjcWNwU8YMj9tiqnAafBKW4cqV,BloxRoute,8,8
HW4zorvt6xDwhU36RqjcWNwU8YMj9tiqnAafBKW4cqV,Falcon,548,548
HW4zorvt6xDwhU36RqjcWNwU8YMj9tiqnAafBKW4cqV,Flashblock,3,3
HW4zorvt6xDwhU36RqjcWNwU8YMj9tiqnAafBKW4cqV,Helius,612,612
HW4zorvt6xDwhU36RqjcWNwU8YMj9tiqnAafBKW4cqV,Jito,207,207
HW4zorvt6xDwhU36RqjcWNwU8YMj9tiqnAafBKW4cqV,Nextblock,90,90
HW4zorvt6xDwhU36RqjcWNwU8YMj9tiqnAafBKW4cqV,NodeOne,109,109
HW4zorvt6xDwhU36RqjcWNwU8YMj9tiqnAafBKW4cqV,Soyas,30,30
HW4zorvt6xDwhU36RqjcWNwU8YMj9tiqnAafBKW4cqV,Stellium,330,330
HW4zorvt6xDwhU36RqjcWNwU8YMj9tiqnAafBKW4cqV,Temporal,210,209
HW4zorvt6xDwhU36RqjcWNwU8YMj9tiqnAafBKW4cqV,blockRazor,13,13
HW4zorvt6xDwhU36RqjcWNwU8YMj9tiqnAafBKW4cqV,blockrazor,38,38
HW4zorvt6xDwhU36RqjcWNwU8YMj9tiqnAafBKW4cqV,blocksprint,197,197
HW4zorvt6xDwhU36RqjcWNwU8YMj9tiqnAafBKW4cqV,bloxroute,503,501
HW4zorvt6xDwhU36RqjcWNwU8YMj9tiqnAafBKW4cqV,landX,368,368
HW4zorvt6xDwhU36RqjcWNwU8YMj9tiqnAafBKW4cqV,stellium,783,783
Ha1iade1AH3B12K9SccfWoPdFtQKKQsj2ZyWwxcjqJJU,(none),5246,0
Ha1iade1AH3B12K9SccfWoPdFtQKKQsj2ZyWwxcjqJJU,0slot,348,348
Ha1iade1AH3B12K9SccfWoPdFtQKKQsj2ZyWwxcjqJJU,AstraLane,1312,1312
Ha1iade1AH3B12K9SccfWoPdFtQKKQsj2ZyWwxcjqJJU,Astralane,7,7
Ha1iade1AH3B12K9SccfWoPdFtQKKQsj2ZyWwxcjqJJU,BloxRoute,13,13
Ha1iade1AH3B12K9SccfWoPdFtQKKQsj2ZyWwxcjqJJU,Falcon,1162,1162
Ha1iade1AH3B12K9SccfWoPdFtQKKQsj2ZyWwxcjqJJU,Flashblock,9,9
Ha1iade1AH3B12K9SccfWoPdFtQKKQsj2ZyWwxcjqJJU,Helius,1541,1541
Ha1iade1AH3B12K9SccfWoPdFtQKKQsj2ZyWwxcjqJJU,Jito,615,615
Ha1iade1AH3B12K9SccfWoPdFtQKKQsj2ZyWwxcjqJJU,Moon,2,2
Ha1iade1AH3B12K9SccfWoPdFtQKKQsj2ZyWwxcjqJJU,Nextblock,196,196
Ha1iade1AH3B12K9SccfWoPdFtQKKQsj2ZyWwxcjqJJU,NodeOne,248,248
Ha1iade1AH3B12K9SccfWoPdFtQKKQsj2ZyWwxcjqJJU,Soyas,49,49
Ha1iade1AH3B12K9SccfWoPdFtQKKQsj2ZyWwxcjqJJU,Stellium,816,816
Ha1iade1AH3B12K9SccfWoPdFtQKKQsj2ZyWwxcjqJJU,Temporal,699,699
Ha1iade1AH3B12K9SccfWoPdFtQKKQsj2ZyWwxcjqJJU,blockRazor,28,28
Ha1iade1AH3B12K9SccfWoPdFtQKKQsj2ZyWwxcjqJJU,blockrazor,112,112
Ha1iade1AH3B12K9SccfWoPdFtQKKQsj2ZyWwxcjqJJU,blocksprint,450,450
Ha1iade1AH3B12K9SccfWoPdFtQKKQsj2ZyWwxcjqJJU,bloxroute,897,897
Ha1iade1AH3B12K9SccfWoPdFtQKKQsj2ZyWwxcjqJJU,landX,1012,1012
Ha1iade1AH3B12K9SccfWoPdFtQKKQsj2ZyWwxcjqJJU,stellium,2150,2150
HaLanfo94ezLc3JZ55qqxr7W3qbe1PprJyv2uEtriEqN,(none),2557,0
HaLanfo94ezLc3JZ55qqxr7W3qbe1PprJyv2uEtriEqN,0slot,204,204
HaLanfo94ezLc3JZ55qqxr7W3qbe1PprJyv2uEtriEqN,AstraLane,352,352
HaLanfo94ezLc3JZ55qqxr7W3qbe1PprJyv2uEtriEqN,BloxRoute,12,12
HaLanfo94ezLc3JZ55qqxr7W3qbe1PprJyv2uEtriEqN,Falcon,605,605
HaLanfo94ezLc3JZ55qqxr7W3qbe1PprJyv2uEtriEqN,Flashblock,2,2
HaLanfo94ezLc3JZ55qqxr7W3qbe1PprJyv2uEtriEqN,Helius,1012,1012
HaLanfo94ezLc3JZ55qqxr7W3qbe1PprJyv2uEtriEqN,Jito,304,304
HaLanfo94ezLc3JZ55qqxr7W3qbe1PprJyv2uEtriEqN,Nextblock,160,160
HaLanfo94ezLc3JZ55qqxr7W3qbe1PprJyv2uEtriEqN,NodeOne,376,376
HaLanfo94ezLc3JZ55qqxr7W3qbe1PprJyv2uEtriEqN,Soyas,46,46
HaLanfo94ezLc3JZ55qqxr7W3qbe1PprJyv2uEtriEqN,Stellium,409,409
HaLanfo94ezLc3JZ55qqxr7W3qbe1PprJyv2uEtriEqN,Temporal,235,235
HaLanfo94ezLc3JZ55qqxr7W3qbe1PprJyv2uEtriEqN,blockRazor,20,20
HaLanfo94ezLc3JZ55qqxr7W3qbe1PprJyv2uEtriEqN,blockrazor,53,53
HaLanfo94ezLc3JZ55qqxr7W3qbe1PprJyv2uEtriEqN,blocksprint,232,232
HaLanfo94ezLc3JZ55qqxr7W3qbe1PprJyv2uEtriEqN,bloxroute,134,134
HaLanfo94ezLc3JZ55qqxr7W3qbe1PprJyv2uEtriEqN,landX,783,783
HaLanfo94ezLc3JZ55qqxr7W3qbe1PprJyv2uEtriEqN,stellium,1266,1266
HarmonicyK3BwamKNtWnQAmUeK4GYGXXzeD9FD8WMyZi,(none),3422,0
HarmonicyK3BwamKNtWnQAmUeK4GYGXXzeD9FD8WMyZi,0slot,275,275
HarmonicyK3BwamKNtWnQAmUeK4GYGXXzeD9FD8WMyZi,AstraLane,1420,1420
HarmonicyK3BwamKNtWnQAmUeK4GYGXXzeD9FD8WMyZi,Astralane,6,6
HarmonicyK3BwamKNtWnQAmUeK4GYGXXzeD9FD8WMyZi,BloxRoute,16,16
HarmonicyK3BwamKNtWnQAmUeK4GYGXXzeD9FD8WMyZi,Falcon,1221,1221
HarmonicyK3BwamKNtWnQAmUeK4GYGXXzeD9FD8WMyZi,Flashblock,4,4
HarmonicyK3BwamKNtWnQAmUeK4GYGXXzeD9FD8WMyZi,Helius,1333,1333
HarmonicyK3BwamKNtWnQAmUeK4GYGXXzeD9FD8WMyZi,Jito,467,463
HarmonicyK3BwamKNtWnQAmUeK4GYGXXzeD9FD8WMyZi,Moon,1,1
HarmonicyK3BwamKNtWnQAmUeK4GYGXXzeD9FD8WMyZi,Nextblock,198,198
HarmonicyK3BwamKNtWnQAmUeK4GYGXXzeD9FD8WMyZi,NodeOne,297,297
HarmonicyK3BwamKNtWnQAmUeK4GYGXXzeD9FD8WMyZi,Soyas,41,41
HarmonicyK3BwamKNtWnQAmUeK4GYGXXzeD9FD8WMyZi,Stellium,687,687
HarmonicyK3BwamKNtWnQAmUeK4GYGXXzeD9FD8WMyZi,Temporal,554,553
HarmonicyK3BwamKNtWnQAmUeK4GYGXXzeD9FD8WMyZi,blockRazor,36,36
HarmonicyK3BwamKNtWnQAmUeK4GYGXXzeD9FD8WMyZi,blockrazor,90,90
HarmonicyK3BwamKNtWnQAmUeK4GYGXXzeD9FD8WMyZi,blocksprint,402,402
HarmonicyK3BwamKNtWnQAmUeK4GYGXXzeD9FD8WMyZi,bloxroute,877,877
HarmonicyK3BwamKNtWnQAmUeK4GYGXXzeD9FD8WMyZi,landX,804,804
HarmonicyK3BwamKNtWnQAmUeK4GYGXXzeD9FD8WMyZi,stellium,1742,1742
HbidP4hpQdwhkzrxder3x3VNPt6DQnE25gFG46napD2p,(none),7515,0
HbidP4hpQdwhkzrxder3x3VNPt6DQnE25gFG46napD2p,0slot,595,595
HbidP4hpQdwhkzrxder3x3VNPt6DQnE25gFG46napD2p,AstraLane,918,918
HbidP4hpQdwhkzrxder3x3VNPt6DQnE25gFG46napD2p,BloxRoute,18,18
HbidP4hpQdwhkzrxder3x3VNPt6DQnE25gFG46napD2p,Falcon,1582,1582
HbidP4hpQdwhkzrxder3x3VNPt6DQnE25gFG46napD2p,Flashblock,7,7
HbidP4hpQdwhkzrxder3x3VNPt6DQnE25gFG46napD2p,Helius,2399,2399
HbidP4hpQdwhkzrxder3x3VNPt6DQnE25gFG46napD2p,Jito,833,832
HbidP4hpQdwhkzrxder3x3VNPt6DQnE25gFG46napD2p,Moon,2,2
HbidP4hpQdwhkzrxder3x3VNPt6DQnE25gFG46napD2p,Nextblock,353,353
HbidP4hpQdwhkzrxder3x3VNPt6DQnE25gFG46napD2p,NodeOne,1070,1070
HbidP4hpQdwhkzrxder3x3VNPt6DQnE25gFG46napD2p,Soyas,70,70
HbidP4hpQdwhkzrxder3x3VNPt6DQnE25gFG46napD2p,Stellium,973,973
HbidP4hpQdwhkzrxder3x3VNPt6DQnE25gFG46napD2p,Temporal,787,786
HbidP4hpQdwhkzrxder3x3VNPt6DQnE25gFG46napD2p,blockRazor,37,37
HbidP4hpQdwhkzrxder3x3VNPt6DQnE25gFG46napD2p,blockrazor,180,180
HbidP4hpQdwhkzrxder3x3VNPt6DQnE25gFG46napD2p,blocksprint,610,610
HbidP4hpQdwhkzrxder3x3VNPt6DQnE25gFG46napD2p,bloxroute,413,412
HbidP4hpQdwhkzrxder3x3VNPt6DQnE25gFG46napD2p,landX,1938,1938
HbidP4hpQdwhkzrxder3x3VNPt6DQnE25gFG46napD2p,stellium,3261,3261
HcZvwZ83PfjrQDiq3GLHxisTs17aGURs6bJ2LwtmL4qv,(none),1315,0
HcZvwZ83PfjrQDiq3GLHxisTs17aGURs6bJ2LwtmL4qv,0slot,129,129
HcZvwZ83PfjrQDiq3GLHxisTs17aGURs6bJ2LwtmL4qv,AstraLane,162,162
HcZvwZ83PfjrQDiq3GLHxisTs17aGURs6bJ2LwtmL4qv,BloxRoute,7,7
HcZvwZ83PfjrQDiq3GLHxisTs17aGURs6bJ2LwtmL4qv,Falcon,342,342
HcZvwZ83PfjrQDiq3GLHxisTs17aGURs6bJ2LwtmL4qv,Flashblock,1,1
HcZvwZ83PfjrQDiq3GLHxisTs17aGURs6bJ2LwtmL4qv,Helius,471,471
HcZvwZ83PfjrQDiq3GLHxisTs17aGURs6bJ2LwtmL4qv,Jito,109,109
HcZvwZ83PfjrQDiq3GLHxisTs17aGURs6bJ2LwtmL4qv,Moon,2,2
HcZvwZ83PfjrQDiq3GLHxisTs17aGURs6bJ2LwtmL4qv,Nextblock,56,56
HcZvwZ83PfjrQDiq3GLHxisTs17aGURs6bJ2LwtmL4qv,NodeOne,99,99
HcZvwZ83PfjrQDiq3GLHxisTs17aGURs6bJ2LwtmL4qv,Soyas,18,18
HcZvwZ83PfjrQDiq3GLHxisTs17aGURs6bJ2LwtmL4qv,Stellium,198,198
HcZvwZ83PfjrQDiq3GLHxisTs17aGURs6bJ2LwtmL4qv,Temporal,147,147
HcZvwZ83PfjrQDiq3GLHxisTs17aGURs6bJ2LwtmL4qv,blockRazor,15,15
HcZvwZ83PfjrQDiq3GLHxisTs17aGURs6bJ2LwtmL4qv,blockrazor,35,35
HcZvwZ83PfjrQDiq3GLHxisTs17aGURs6bJ2LwtmL4qv,blocksprint,149,149
HcZvwZ83PfjrQDiq3GLHxisTs17aGURs6bJ2LwtmL4qv,bloxroute,74,74
HcZvwZ83PfjrQDiq3GLHxisTs17aGURs6bJ2LwtmL4qv,landX,425,425
HcZvwZ83PfjrQDiq3GLHxisTs17aGURs6bJ2LwtmL4qv,stellium,637,637
HgozywotiKv4F5g3jCgideF3gh9sdD3vz4QtgXKjWCtB,(none),248,0
HgozywotiKv4F5g3jCgideF3gh9sdD3vz4QtgXKjWCtB,0slot,20,20
HgozywotiKv4F5g3jCgideF3gh9sdD3vz4QtgXKjWCtB,AstraLane,17,17
HgozywotiKv4F5g3jCgideF3gh9sdD3vz4QtgXKjWCtB,Falcon,70,70
HgozywotiKv4F5g3jCgideF3gh9sdD3vz4QtgXKjWCtB,Helius,116,116
HgozywotiKv4F5g3jCgideF3gh9sdD3vz4QtgXKjWCtB,Jito,15,15
HgozywotiKv4F5g3jCgideF3gh9sdD3vz4QtgXKjWCtB,Nextblock,6,6
HgozywotiKv4F5g3jCgideF3gh9sdD3vz4QtgXKjWCtB,NodeOne,11,11
HgozywotiKv4F5g3jCgideF3gh9sdD3vz4QtgXKjWCtB,Stellium,57,57
HgozywotiKv4F5g3jCgideF3gh9sdD3vz4QtgXKjWCtB,Temporal,18,18
HgozywotiKv4F5g3jCgideF3gh9sdD3vz4QtgXKjWCtB,blockRazor,1,1
HgozywotiKv4F5g3jCgideF3gh9sdD3vz4QtgXKjWCtB,blockrazor,5,5
HgozywotiKv4F5g3jCgideF3gh9sdD3vz4QtgXKjWCtB,blocksprint,26,26
HgozywotiKv4F5g3jCgideF3gh9sdD3vz4QtgXKjWCtB,bloxroute,16,16
HgozywotiKv4F5g3jCgideF3gh9sdD3vz4QtgXKjWCtB,landX,148,148
HgozywotiKv4F5g3jCgideF3gh9sdD3vz4QtgXKjWCtB,stellium,208,208
Hj2jzpAp57KyM3SmnYwJbDVrQ8tTWizMon2hhzYzwxet,(none),508,0
Hj2jzpAp57KyM3SmnYwJbDVrQ8tTWizMon2hhzYzwxet,0slot,48,48
Hj2jzpAp57KyM3SmnYwJbDVrQ8tTWizMon2hhzYzwxet,AstraLane,90,90
Hj2jzpAp57KyM3SmnYwJbDVrQ8tTWizMon2hhzYzwxet,BloxRoute,1,1
Hj2jzpAp57KyM3SmnYwJbDVrQ8tTWizMon2hhzYzwxet,Falcon,131,131
Hj2jzpAp57KyM3SmnYwJbDVrQ8tTWizMon2hhzYzwxet,Helius,209,209
Hj2jzpAp57KyM3SmnYwJbDVrQ8tTWizMon2hhzYzwxet,Jito,63,63
Hj2jzpAp57KyM3SmnYwJbDVrQ8tTWizMon2hhzYzwxet,Nextblock,29,29
Hj2jzpAp57KyM3SmnYwJbDVrQ8tTWizMon2hhzYzwxet,NodeOne,50,50
Hj2jzpAp57KyM3SmnYwJbDVrQ8tTWizMon2hhzYzwxet,Soyas,9,9
Hj2jzpAp57KyM3SmnYwJbDVrQ8tTWizMon2hhzYzwxet,Stellium,93,93
Hj2jzpAp57KyM3SmnYwJbDVrQ8tTWizMon2hhzYzwxet,Temporal,84,84
Hj2jzpAp57KyM3SmnYwJbDVrQ8tTWizMon2hhzYzwxet,blockRazor,2,2
Hj2jzpAp57KyM3SmnYwJbDVrQ8tTWizMon2hhzYzwxet,blockrazor,19,19
Hj2jzpAp57KyM3SmnYwJbDVrQ8tTWizMon2hhzYzwxet,blocksprint,54,54
Hj2jzpAp57KyM3SmnYwJbDVrQ8tTWizMon2hhzYzwxet,bloxroute,1,1
Hj2jzpAp57KyM3SmnYwJbDVrQ8tTWizMon2hhzYzwxet,landX,186,186
Hj2jzpAp57KyM3SmnYwJbDVrQ8tTWizMon2hhzYzwxet,stellium,308,308
HnfPZDrbJFooiP9vvgWrjx3baXVNAZCgisT58gyMCgML,(none),8664,0
HnfPZDrbJFooiP9vvgWrjx3baXVNAZCgisT58gyMCgML,0slot,878,878
HnfPZDrbJFooiP9vvgWrjx3baXVNAZCgisT58gyMCgML,AstraLane,1203,1203
HnfPZDrbJFooiP9vvgWrjx3baXVNAZCgisT58gyMCgML,Astralane,3,3
HnfPZDrbJFooiP9vvgWrjx3baXVNAZCgisT58gyMCgML,BloxRoute,27,27
HnfPZDrbJFooiP9vvgWrjx3baXVNAZCgisT58gyMCgML,Falcon,2067,2067
HnfPZDrbJFooiP9vvgWrjx3baXVNAZCgisT58gyMCgML,Flashblock,12,12
HnfPZDrbJFooiP9vvgWrjx3baXVNAZCgisT58gyMCgML,Helius,3332,3331
HnfPZDrbJFooiP9vvgWrjx3baXVNAZCgisT58gyMCgML,Jito,958,958
HnfPZDrbJFooiP9vvgWrjx3baXVNAZCgisT58gyMCgML,Moon,1,1
HnfPZDrbJFooiP9vvgWrjx3baXVNAZCgisT58gyMCgML,Nextblock,463,463
HnfPZDrbJFooiP9vvgWrjx3baXVNAZCgisT58gyMCgML,NodeOne,705,705
HnfPZDrbJFooiP9vvgWrjx3baXVNAZCgisT58gyMCgML,Soyas,95,95
HnfPZDrbJFooiP9vvgWrjx3baXVNAZCgisT58gyMCgML,Stellium,1498,1498
HnfPZDrbJFooiP9vvgWrjx3baXVNAZCgisT58gyMCgML,Temporal,1022,1021
HnfPZDrbJFooiP9vvgWrjx3baXVNAZCgisT58gyMCgML,blockRazor,64,64
HnfPZDrbJFooiP9vvgWrjx3baXVNAZCgisT58gyMCgML,blockrazor,251,251
HnfPZDrbJFooiP9vvgWrjx3baXVNAZCgisT58gyMCgML,blocksprint,975,975
HnfPZDrbJFooiP9vvgWrjx3baXVNAZCgisT58gyMCgML,bloxroute,498,498
HnfPZDrbJFooiP9vvgWrjx3baXVNAZCgisT58gyMCgML,landX,2386,2386
HnfPZDrbJFooiP9vvgWrjx3baXVNAZCgisT58gyMCgML,stellium,4318,4318
HnwMGBAw5PxaX56eSYc969MorEy2NzEMPLkmBkdnJmeq,(none),585,0
HnwMGBAw5PxaX56eSYc969MorEy2NzEMPLkmBkdnJmeq,0slot,70,70
HnwMGBAw5PxaX56eSYc969MorEy2NzEMPLkmBkdnJmeq,AstraLane,69,69
HnwMGBAw5PxaX56eSYc969MorEy2NzEMPLkmBkdnJmeq,Astralane,1,1
HnwMGBAw5PxaX56eSYc969MorEy2NzEMPLkmBkdnJmeq,BloxRoute,1,1
HnwMGBAw5PxaX56eSYc969MorEy2NzEMPLkmBkdnJmeq,Falcon,122,122
HnwMGBAw5PxaX56eSYc969MorEy2NzEMPLkmBkdnJmeq,Helius,202,202
HnwMGBAw5PxaX56eSYc969MorEy2NzEMPLkmBkdnJmeq,Jito,85,85
HnwMGBAw5PxaX56eSYc969MorEy2NzEMPLkmBkdnJmeq,Moon,1,1
HnwMGBAw5PxaX56eSYc969MorEy2NzEMPLkmBkdnJmeq,Nextblock,20,20
HnwMGBAw5PxaX56eSYc969MorEy2NzEMPLkmBkdnJmeq,NodeOne,46,46
HnwMGBAw5PxaX56eSYc969MorEy2NzEMPLkmBkdnJmeq,Soyas,10,10
HnwMGBAw5PxaX56eSYc969MorEy2NzEMPLkmBkdnJmeq,Stellium,123,123
HnwMGBAw5PxaX56eSYc969MorEy2NzEMPLkmBkdnJmeq,Temporal,65,65
HnwMGBAw5PxaX56eSYc969MorEy2NzEMPLkmBkdnJmeq,blockRazor,3,3
HnwMGBAw5PxaX56eSYc969MorEy2NzEMPLkmBkdnJmeq,blockrazor,16,16
HnwMGBAw5PxaX56eSYc969MorEy2NzEMPLkmBkdnJmeq,blocksprint,58,58
HnwMGBAw5PxaX56eSYc969MorEy2NzEMPLkmBkdnJmeq,bloxroute,23,23
HnwMGBAw5PxaX56eSYc969MorEy2NzEMPLkmBkdnJmeq,landX,119,119
HnwMGBAw5PxaX56eSYc969MorEy2NzEMPLkmBkdnJmeq,stellium,275,275
HpcB5Qg8Y9E73dUkot5e8HkgAJbExsYeUzniY4bCuKac,(none),11785,0
HpcB5Qg8Y9E73dUkot5e8HkgAJbExsYeUzniY4bCuKac,0slot,1051,1051
HpcB5Qg8Y9E73dUkot5e8HkgAJbExsYeUzniY4bCuKac,AstraLane,1600,1600
HpcB5Qg8Y9E73dUkot5e8HkgAJbExsYeUzniY4bCuKac,Astralane,2,2
HpcB5Qg8Y9E73dUkot5e8HkgAJbExsYeUzniY4bCuKac,BloxRoute,29,29
HpcB5Qg8Y9E73dUkot5e8HkgAJbExsYeUzniY4bCuKac,Falcon,2827,2827
HpcB5Qg8Y9E73dUkot5e8HkgAJbExsYeUzniY4bCuKac,Flashblock,18,18
HpcB5Qg8Y9E73dUkot5e8HkgAJbExsYeUzniY4bCuKac,Helius,4126,4126
HpcB5Qg8Y9E73dUkot5e8HkgAJbExsYeUzniY4bCuKac,Jito,1306,1305
HpcB5Qg8Y9E73dUkot5e8HkgAJbExsYeUzniY4bCuKac,Moon,8,8
HpcB5Qg8Y9E73dUkot5e8HkgAJbExsYeUzniY4bCuKac,Nextblock,633,633
HpcB5Qg8Y9E73dUkot5e8HkgAJbExsYeUzniY4bCuKac,NodeOne,1682,1682
HpcB5Qg8Y9E73dUkot5e8HkgAJbExsYeUzniY4bCuKac,Soyas,101,101
HpcB5Qg8Y9E73dUkot5e8HkgAJbExsYeUzniY4bCuKac,Sp1x2AqpQckPLaWnWCJUNg8k6qQexfaEWcSRKf5JcDV,1,1
HpcB5Qg8Y9E73dUkot5e8HkgAJbExsYeUzniY4bCuKac,Stellium,1938,1938
HpcB5Qg8Y9E73dUkot5e8HkgAJbExsYeUzniY4bCuKac,Temporal,1693,1693
HpcB5Qg8Y9E73dUkot5e8HkgAJbExsYeUzniY4bCuKac,blockRazor,67,67
HpcB5Qg8Y9E73dUkot5e8HkgAJbExsYeUzniY4bCuKac,blockrazor,311,311
HpcB5Qg8Y9E73dUkot5e8HkgAJbExsYeUzniY4bCuKac,blocksprint,1224,1224
HpcB5Qg8Y9E73dUkot5e8HkgAJbExsYeUzniY4bCuKac,bloxroute,478,476
HpcB5Qg8Y9E73dUkot5e8HkgAJbExsYeUzniY4bCuKac,landX,3372,3372
HpcB5Qg8Y9E73dUkot5e8HkgAJbExsYeUzniY4bCuKac,stellium,6099,6099
HrpWeJSYnQVtZe3BKxFCBrAEr8GRCmYUbQev4hoGDBs6,(none),936,0
HrpWeJSYnQVtZe3BKxFCBrAEr8GRCmYUbQev4hoGDBs6,0slot,89,89
HrpWeJSYnQVtZe3BKxFCBrAEr8GRCmYUbQev4hoGDBs6,AstraLane,241,241
HrpWeJSYnQVtZe3BKxFCBrAEr8GRCmYUbQev4hoGDBs6,BloxRoute,4,4
HrpWeJSYnQVtZe3BKxFCBrAEr8GRCmYUbQev4hoGDBs6,Falcon,351,351
HrpWeJSYnQVtZe3BKxFCBrAEr8GRCmYUbQev4hoGDBs6,Helius,314,314
HrpWeJSYnQVtZe3BKxFCBrAEr8GRCmYUbQev4hoGDBs6,Jito,109,109
HrpWeJSYnQVtZe3BKxFCBrAEr8GRCmYUbQev4hoGDBs6,Nextblock,33,33
HrpWeJSYnQVtZe3BKxFCBrAEr8GRCmYUbQev4hoGDBs6,NodeOne,86,86
HrpWeJSYnQVtZe3BKxFCBrAEr8GRCmYUbQev4hoGDBs6,Soyas,9,9
HrpWeJSYnQVtZe3BKxFCBrAEr8GRCmYUbQev4hoGDBs6,Stellium,231,231
HrpWeJSYnQVtZe3BKxFCBrAEr8GRCmYUbQev4hoGDBs6,Temporal,114,114
HrpWeJSYnQVtZe3BKxFCBrAEr8GRCmYUbQev4hoGDBs6,blockRazor,6,6
HrpWeJSYnQVtZe3BKxFCBrAEr8GRCmYUbQev4hoGDBs6,blockrazor,28,28
HrpWeJSYnQVtZe3BKxFCBrAEr8GRCmYUbQev4hoGDBs6,blocksprint,180,180
HrpWeJSYnQVtZe3BKxFCBrAEr8GRCmYUbQev4hoGDBs6,bloxroute,174,174
HrpWeJSYnQVtZe3BKxFCBrAEr8GRCmYUbQev4hoGDBs6,landX,315,315
HrpWeJSYnQVtZe3BKxFCBrAEr8GRCmYUbQev4hoGDBs6,stellium,534,534
Hu7pi2Xg5Kav8vSAUUr5CCZaEmMCzT6FgCTpueu3oBtW,(none),341,0
Hu7pi2Xg5Kav8vSAUUr5CCZaEmMCzT6FgCTpueu3oBtW,0slot,26,26
Hu7pi2Xg5Kav8vSAUUr5CCZaEmMCzT6FgCTpueu3oBtW,AstraLane,64,64
Hu7pi2Xg5Kav8vSAUUr5CCZaEmMCzT6FgCTpueu3oBtW,Falcon,86,86
Hu7pi2Xg5Kav8vSAUUr5CCZaEmMCzT6FgCTpueu3oBtW,Flashblock,2,2
Hu7pi2Xg5Kav8vSAUUr5CCZaEmMCzT6FgCTpueu3oBtW,Helius,111,111
Hu7pi2Xg5Kav8vSAUUr5CCZaEmMCzT6FgCTpueu3oBtW,Jito,37,37
Hu7pi2Xg5Kav8vSAUUr5CCZaEmMCzT6FgCTpueu3oBtW,Nextblock,21,21
Hu7pi2Xg5Kav8vSAUUr5CCZaEmMCzT6FgCTpueu3oBtW,NodeOne,24,24
Hu7pi2Xg5Kav8vSAUUr5CCZaEmMCzT6FgCTpueu3oBtW,Soyas,3,3
Hu7pi2Xg5Kav8vSAUUr5CCZaEmMCzT6FgCTpueu3oBtW,Stellium,51,51
Hu7pi2Xg5Kav8vSAUUr5CCZaEmMCzT6FgCTpueu3oBtW,Temporal,18,18
Hu7pi2Xg5Kav8vSAUUr5CCZaEmMCzT6FgCTpueu3oBtW,blockRazor,1,1
Hu7pi2Xg5Kav8vSAUUr5CCZaEmMCzT6FgCTpueu3oBtW,blockrazor,7,7
Hu7pi2Xg5Kav8vSAUUr5CCZaEmMCzT6FgCTpueu3oBtW,blocksprint,45,45
Hu7pi2Xg5Kav8vSAUUr5CCZaEmMCzT6FgCTpueu3oBtW,bloxroute,36,36
Hu7pi2Xg5Kav8vSAUUr5CCZaEmMCzT6FgCTpueu3oBtW,landX,96,96
Hu7pi2Xg5Kav8vSAUUr5CCZaEmMCzT6FgCTpueu3oBtW,stellium,178,178
HwN6eoEe9N3kwHi66hpQDBMFPk6ASQGthWKPX5MZmisp,(none),829,0
HwN6eoEe9N3kwHi66hpQDBMFPk6ASQGthWKPX5MZmisp,0slot,67,67
HwN6eoEe9N3kwHi66hpQDBMFPk6ASQGthWKPX5MZmisp,AstraLane,128,128
HwN6eoEe9N3kwHi66hpQDBMFPk6ASQGthWKPX5MZmisp,Falcon,87,87
HwN6eoEe9N3kwHi66hpQDBMFPk6ASQGthWKPX5MZmisp,Helius,326,326
HwN6eoEe9N3kwHi66hpQDBMFPk6ASQGthWKPX5MZmisp,Jito,90,90
HwN6eoEe9N3kwHi66hpQDBMFPk6ASQGthWKPX5MZmisp,Nextblock,35,35
HwN6eoEe9N3kwHi66hpQDBMFPk6ASQGthWKPX5MZmisp,NodeOne,51,51
HwN6eoEe9N3kwHi66hpQDBMFPk6ASQGthWKPX5MZmisp,Soyas,6,6
HwN6eoEe9N3kwHi66hpQDBMFPk6ASQGthWKPX5MZmisp,Stellium,152,152
HwN6eoEe9N3kwHi66hpQDBMFPk6ASQGthWKPX5MZmisp,Temporal,65,65
HwN6eoEe9N3kwHi66hpQDBMFPk6ASQGthWKPX5MZmisp,blockRazor,4,4
HwN6eoEe9N3kwHi66hpQDBMFPk6ASQGthWKPX5MZmisp,blockrazor,14,14
HwN6eoEe9N3kwHi66hpQDBMFPk6ASQGthWKPX5MZmisp,blocksprint,73,73
HwN6eoEe9N3kwHi66hpQDBMFPk6ASQGthWKPX5MZmisp,bloxroute,210,210
HwN6eoEe9N3kwHi66hpQDBMFPk6ASQGthWKPX5MZmisp,landX,245,245
HwN6eoEe9N3kwHi66hpQDBMFPk6ASQGthWKPX5MZmisp,stellium,455,455
HyperSPG8w4jgdHgmA8ExrhRL1L1BriRTHD9UFdXJUud,(none),970,0
HyperSPG8w4jgdHgmA8ExrhRL1L1BriRTHD9UFdXJUud,0slot,102,102
HyperSPG8w4jgdHgmA8ExrhRL1L1BriRTHD9UFdXJUud,AstraLane,121,121
HyperSPG8w4jgdHgmA8ExrhRL1L1BriRTHD9UFdXJUud,Astralane,1,1
HyperSPG8w4jgdHgmA8ExrhRL1L1BriRTHD9UFdXJUud,BloxRoute,1,1
HyperSPG8w4jgdHgmA8ExrhRL1L1BriRTHD9UFdXJUud,Falcon,238,238
HyperSPG8w4jgdHgmA8ExrhRL1L1BriRTHD9UFdXJUud,Flashblock,3,3
HyperSPG8w4jgdHgmA8ExrhRL1L1BriRTHD9UFdXJUud,Helius,291,291
HyperSPG8w4jgdHgmA8ExrhRL1L1BriRTHD9UFdXJUud,Jito,97,97
HyperSPG8w4jgdHgmA8ExrhRL1L1BriRTHD9UFdXJUud,Nextblock,37,37
HyperSPG8w4jgdHgmA8ExrhRL1L1BriRTHD9UFdXJUud,NodeOne,60,60
HyperSPG8w4jgdHgmA8ExrhRL1L1BriRTHD9UFdXJUud,Soyas,2,2
HyperSPG8w4jgdHgmA8ExrhRL1L1BriRTHD9UFdXJUud,Stellium,162,162
HyperSPG8w4jgdHgmA8ExrhRL1L1BriRTHD9UFdXJUud,Temporal,99,99
HyperSPG8w4jgdHgmA8ExrhRL1L1BriRTHD9UFdXJUud,blockRazor,2,2
HyperSPG8w4jgdHgmA8ExrhRL1L1BriRTHD9UFdXJUud,blockrazor,23,23
HyperSPG8w4jgdHgmA8ExrhRL1L1BriRTHD9UFdXJUud,blocksprint,84,84
HyperSPG8w4jgdHgmA8ExrhRL1L1BriRTHD9UFdXJUud,bloxroute,70,70
HyperSPG8w4jgdHgmA8ExrhRL1L1BriRTHD9UFdXJUud,landX,182,182
HyperSPG8w4jgdHgmA8ExrhRL1L1BriRTHD9UFdXJUud,stellium,399,399
Hz5aLvpKScNWoe9YZWxBLrQA3qzHJivBGtfciMekk8m5,(none),21241,0
Hz5aLvpKScNWoe9YZWxBLrQA3qzHJivBGtfciMekk8m5,0slot,1516,1516
Hz5aLvpKScNWoe9YZWxBLrQA3qzHJivBGtfciMekk8m5,AstraLane,6259,6259
Hz5aLvpKScNWoe9YZWxBLrQA3qzHJivBGtfciMekk8m5,Astralane,26,26
Hz5aLvpKScNWoe9YZWxBLrQA3qzHJivBGtfciMekk8m5,BloxRoute,54,54
Hz5aLvpKScNWoe9YZWxBLrQA3qzHJivBGtfciMekk8m5,Falcon,5811,5811
Hz5aLvpKScNWoe9YZWxBLrQA3qzHJivBGtfciMekk8m5,Flashblock,34,34
Hz5aLvpKScNWoe9YZWxBLrQA3qzHJivBGtfciMekk8m5,Helius,7427,7424
Hz5aLvpKScNWoe9YZWxBLrQA3qzHJivBGtfciMekk8m5,Jito,2466,2463
Hz5aLvpKScNWoe9YZWxBLrQA3qzHJivBGtfciMekk8m5,Moon,7,7
Hz5aLvpKScNWoe9YZWxBLrQA3qzHJivBGtfciMekk8m5,Nextblock,1080,1080
Hz5aLvpKScNWoe9YZWxBLrQA3qzHJivBGtfciMekk8m5,NodeOne,2370,2370
Hz5aLvpKScNWoe9YZWxBLrQA3qzHJivBGtfciMekk8m5,Soyas,207,207
Hz5aLvpKScNWoe9YZWxBLrQA3qzHJivBGtfciMekk8m5,Stellium,3716,3716
Hz5aLvpKScNWoe9YZWxBLrQA3qzHJivBGtfciMekk8m5,Temporal,3049,3049
Hz5aLvpKScNWoe9YZWxBLrQA3qzHJivBGtfciMekk8m5,blockRazor,120,120
Hz5aLvpKScNWoe9YZWxBLrQA3qzHJivBGtfciMekk8m5,blockrazor,520,520
Hz5aLvpKScNWoe9YZWxBLrQA3qzHJivBGtfciMekk8m5,blocksprint,2450,2450
Hz5aLvpKScNWoe9YZWxBLrQA3qzHJivBGtfciMekk8m5,bloxroute,4110,4109
Hz5aLvpKScNWoe9YZWxBLrQA3qzHJivBGtfciMekk8m5,landX,4492,4492
Hz5aLvpKScNWoe9YZWxBLrQA3qzHJivBGtfciMekk8m5,stellium,9634,9634
HzrEstnLfzsijhaD6z5frkSE2vWZEH5EUfn3bU9swo1f,(none),1886,0
HzrEstnLfzsijhaD6z5frkSE2vWZEH5EUfn3bU9swo1f,0slot,165,165
HzrEstnLfzsijhaD6z5frkSE2vWZEH5EUfn3bU9swo1f,AstraLane,217,217
HzrEstnLfzsijhaD6z5frkSE2vWZEH5EUfn3bU9swo1f,BloxRoute,4,4
HzrEstnLfzsijhaD6z5frkSE2vWZEH5EUfn3bU9swo1f,Falcon,528,528
HzrEstnLfzsijhaD6z5frkSE2vWZEH5EUfn3bU9swo1f,Flashblock,1,1
HzrEstnLfzsijhaD6z5frkSE2vWZEH5EUfn3bU9swo1f,Helius,723,723
HzrEstnLfzsijhaD6z5frkSE2vWZEH5EUfn3bU9swo1f,Jito,217,217
HzrEstnLfzsijhaD6z5frkSE2vWZEH5EUfn3bU9swo1f,Moon,5,5
HzrEstnLfzsijhaD6z5frkSE2vWZEH5EUfn3bU9swo1f,Nextblock,111,111
HzrEstnLfzsijhaD6z5frkSE2vWZEH5EUfn3bU9swo1f,NodeOne,249,249
HzrEstnLfzsijhaD6z5frkSE2vWZEH5EUfn3bU9swo1f,Soyas,29,29
HzrEstnLfzsijhaD6z5frkSE2vWZEH5EUfn3bU9swo1f,Stellium,358,358
HzrEstnLfzsijhaD6z5frkSE2vWZEH5EUfn3bU9swo1f,Temporal,222,222
HzrEstnLfzsijhaD6z5frkSE2vWZEH5EUfn3bU9swo1f,blockRazor,12,12
HzrEstnLfzsijhaD6z5frkSE2vWZEH5EUfn3bU9swo1f,blockrazor,50,50
HzrEstnLfzsijhaD6z5frkSE2vWZEH5EUfn3bU9swo1f,blocksprint,189,189
HzrEstnLfzsijhaD6z5frkSE2vWZEH5EUfn3bU9swo1f,bloxroute,73,72
HzrEstnLfzsijhaD6z5frkSE2vWZEH5EUfn3bU9swo1f,landX,597,597
HzrEstnLfzsijhaD6z5frkSE2vWZEH5EUfn3bU9swo1f,stellium,1072,1072
J6etcxDdYjPHrtyvDXrbCkx3q9W1UjMj1vy1jBFPJEbK,(none),22980,0
J6etcxDdYjPHrtyvDXrbCkx3q9W1UjMj1vy1jBFPJEbK,0slot,1517,1517
J6etcxDdYjPHrtyvDXrbCkx3q9W1UjMj1vy1jBFPJEbK,AstraLane,7461,7461
J6etcxDdYjPHrtyvDXrbCkx3q9W1UjMj1vy1jBFPJEbK,Astralane,15,15
J6etcxDdYjPHrtyvDXrbCkx3q9W1UjMj1vy1jBFPJEbK,BloxRoute,69,69
J6etcxDdYjPHrtyvDXrbCkx3q9W1UjMj1vy1jBFPJEbK,Falcon,5868,5868
J6etcxDdYjPHrtyvDXrbCkx3q9W1UjMj1vy1jBFPJEbK,Flashblock,37,37
J6etcxDdYjPHrtyvDXrbCkx3q9W1UjMj1vy1jBFPJEbK,Helius,7329,7329
J6etcxDdYjPHrtyvDXrbCkx3q9W1UjMj1vy1jBFPJEbK,Jito,2570,2568
J6etcxDdYjPHrtyvDXrbCkx3q9W1UjMj1vy1jBFPJEbK,Moon,8,8
J6etcxDdYjPHrtyvDXrbCkx3q9W1UjMj1vy1jBFPJEbK,Nextblock,1087,1087
J6etcxDdYjPHrtyvDXrbCkx3q9W1UjMj1vy1jBFPJEbK,NodeOne,1635,1635
J6etcxDdYjPHrtyvDXrbCkx3q9W1UjMj1vy1jBFPJEbK,Soyas,222,222
J6etcxDdYjPHrtyvDXrbCkx3q9W1UjMj1vy1jBFPJEbK,Stellium,3861,3861
J6etcxDdYjPHrtyvDXrbCkx3q9W1UjMj1vy1jBFPJEbK,Temporal,2937,2936
J6etcxDdYjPHrtyvDXrbCkx3q9W1UjMj1vy1jBFPJEbK,blockRazor,152,152
J6etcxDdYjPHrtyvDXrbCkx3q9W1UjMj1vy1jBFPJEbK,blockrazor,533,533
J6etcxDdYjPHrtyvDXrbCkx3q9W1UjMj1vy1jBFPJEbK,blocksprint,2242,2242
J6etcxDdYjPHrtyvDXrbCkx3q9W1UjMj1vy1jBFPJEbK,bloxroute,4695,4693
J6etcxDdYjPHrtyvDXrbCkx3q9W1UjMj1vy1jBFPJEbK,landX,4255,4255
J6etcxDdYjPHrtyvDXrbCkx3q9W1UjMj1vy1jBFPJEbK,stellium,9486,9486
JC7bH7HSZoDhwggBXtRF31cVt71WiizY2J6YDDQfG5er,(none),556,0
JC7bH7HSZoDhwggBXtRF31cVt71WiizY2J6YDDQfG5er,0slot,27,27
JC7bH7HSZoDhwggBXtRF31cVt71WiizY2J6YDDQfG5er,AstraLane,45,45
JC7bH7HSZoDhwggBXtRF31cVt71WiizY2J6YDDQfG5er,BloxRoute,1,1
JC7bH7HSZoDhwggBXtRF31cVt71WiizY2J6YDDQfG5er,Falcon,61,61
JC7bH7HSZoDhwggBXtRF31cVt71WiizY2J6YDDQfG5er,Helius,191,191
JC7bH7HSZoDhwggBXtRF31cVt71WiizY2J6YDDQfG5er,Jito,60,60
JC7bH7HSZoDhwggBXtRF31cVt71WiizY2J6YDDQfG5er,Nextblock,18,18
JC7bH7HSZoDhwggBXtRF31cVt71WiizY2J6YDDQfG5er,NodeOne,35,35
JC7bH7HSZoDhwggBXtRF31cVt71WiizY2J6YDDQfG5er,Soyas,1,1
JC7bH7HSZoDhwggBXtRF31cVt71WiizY2J6YDDQfG5er,Stellium,91,91
JC7bH7HSZoDhwggBXtRF31cVt71WiizY2J6YDDQfG5er,Temporal,36,36
JC7bH7HSZoDhwggBXtRF31cVt71WiizY2J6YDDQfG5er,blockRazor,5,5
JC7bH7HSZoDhwggBXtRF31cVt71WiizY2J6YDDQfG5er,blockrazor,11,11
JC7bH7HSZoDhwggBXtRF31cVt71WiizY2J6YDDQfG5er,blocksprint,46,46
JC7bH7HSZoDhwggBXtRF31cVt71WiizY2J6YDDQfG5er,bloxroute,10,10
JC7bH7HSZoDhwggBXtRF31cVt71WiizY2J6YDDQfG5er,landX,147,147
JC7bH7HSZoDhwggBXtRF31cVt71WiizY2J6YDDQfG5er,stellium,267,267
JD549HsbJHeEKKUrKgg4Fj2iyv2RGjsV7NTZjZUrHybB,(none),29585,0
JD549HsbJHeEKKUrKgg4Fj2iyv2RGjsV7NTZjZUrHybB,0slot,2527,2527
JD549HsbJHeEKKUrKgg4Fj2iyv2RGjsV7NTZjZUrHybB,AstraLane,3548,3548
JD549HsbJHeEKKUrKgg4Fj2iyv2RGjsV7NTZjZUrHybB,Astralane,26,26
JD549HsbJHeEKKUrKgg4Fj2iyv2RGjsV7NTZjZUrHybB,BloxRoute,84,84
JD549HsbJHeEKKUrKgg4Fj2iyv2RGjsV7NTZjZUrHybB,Falcon,6888,6888
JD549HsbJHeEKKUrKgg4Fj2iyv2RGjsV7NTZjZUrHybB,Flashblock,30,30
JD549HsbJHeEKKUrKgg4Fj2iyv2RGjsV7NTZjZUrHybB,Helius,9155,9152
JD549HsbJHeEKKUrKgg4Fj2iyv2RGjsV7NTZjZUrHybB,Jito,4592,4591
JD549HsbJHeEKKUrKgg4Fj2iyv2RGjsV7NTZjZUrHybB,Moon,7,7
JD549HsbJHeEKKUrKgg4Fj2iyv2RGjsV7NTZjZUrHybB,Nextblock,1231,1231
JD549HsbJHeEKKUrKgg4Fj2iyv2RGjsV7NTZjZUrHybB,NodeOne,2937,2937
JD549HsbJHeEKKUrKgg4Fj2iyv2RGjsV7NTZjZUrHybB,Soyas,298,298
JD549HsbJHeEKKUrKgg4Fj2iyv2RGjsV7NTZjZUrHybB,Stellium,4599,4599
JD549HsbJHeEKKUrKgg4Fj2iyv2RGjsV7NTZjZUrHybB,Temporal,2860,2855
JD549HsbJHeEKKUrKgg4Fj2iyv2RGjsV7NTZjZUrHybB,blockRazor,203,203
JD549HsbJHeEKKUrKgg4Fj2iyv2RGjsV7NTZjZUrHybB,blockrazor,454,454
JD549HsbJHeEKKUrKgg4Fj2iyv2RGjsV7NTZjZUrHybB,blocksprint,2565,2565
JD549HsbJHeEKKUrKgg4Fj2iyv2RGjsV7NTZjZUrHybB,bloxroute,1778,1776
JD549HsbJHeEKKUrKgg4Fj2iyv2RGjsV7NTZjZUrHybB,landX,8615,8615
JD549HsbJHeEKKUrKgg4Fj2iyv2RGjsV7NTZjZUrHybB,stellium,13931,13931
JUPiTERrZqgf1jUyR7dSkhMx4Kn2qJyekWsg3LT1h4b,(none),41545,0
JUPiTERrZqgf1jUyR7dSkhMx4Kn2qJyekWsg3LT1h4b,0slot,2541,2541
JUPiTERrZqgf1jUyR7dSkhMx4Kn2qJyekWsg3LT1h4b,AstraLane,9931,9931
JUPiTERrZqgf1jUyR7dSkhMx4Kn2qJyekWsg3LT1h4b,Astralane,38,38
JUPiTERrZqgf1jUyR7dSkhMx4Kn2qJyekWsg3LT1h4b,BloxRoute,139,139
JUPiTERrZqgf1jUyR7dSkhMx4Kn2qJyekWsg3LT1h4b,Falcon,11540,11540
JUPiTERrZqgf1jUyR7dSkhMx4Kn2qJyekWsg3LT1h4b,Flashblock,15,15
JUPiTERrZqgf1jUyR7dSkhMx4Kn2qJyekWsg3LT1h4b,Helius,14688,14688
JUPiTERrZqgf1jUyR7dSkhMx4Kn2qJyekWsg3LT1h4b,Jito,3472,3472
JUPiTERrZqgf1jUyR7dSkhMx4Kn2qJyekWsg3LT1h4b,Moon,12,12
JUPiTERrZqgf1jUyR7dSkhMx4Kn2qJyekWsg3LT1h4b,Nextblock,2452,2452
JUPiTERrZqgf1jUyR7dSkhMx4Kn2qJyekWsg3LT1h4b,NodeOne,5438,5438
JUPiTERrZqgf1jUyR7dSkhMx4Kn2qJyekWsg3LT1h4b,Soyas,588,588
JUPiTERrZqgf1jUyR7dSkhMx4Kn2qJyekWsg3LT1h4b,Stellium,7142,7142
JUPiTERrZqgf1jUyR7dSkhMx4Kn2qJyekWsg3LT1h4b,Temporal,3552,3551
JUPiTERrZqgf1jUyR7dSkhMx4Kn2qJyekWsg3LT1h4b,blockRazor,309,309
JUPiTERrZqgf1jUyR7dSkhMx4Kn2qJyekWsg3LT1h4b,blockrazor,1006,1006
JUPiTERrZqgf1jUyR7dSkhMx4Kn2qJyekWsg3LT1h4b,blocksprint,4492,4492
JUPiTERrZqgf1jUyR7dSkhMx4Kn2qJyekWsg3LT1h4b,bloxroute,7281,7281
JUPiTERrZqgf1jUyR7dSkhMx4Kn2qJyekWsg3LT1h4b,landX,12822,12822
JUPiTERrZqgf1jUyR7dSkhMx4Kn2qJyekWsg3LT1h4b,stellium,21956,21956
JupmVLmA8RoyTUbTMMuTtoPWHEiNQobxgTeGTrPNkzT,(none),21375,0
JupmVLmA8RoyTUbTMMuTtoPWHEiNQobxgTeGTrPNkzT,0slot,2050,2050
JupmVLmA8RoyTUbTMMuTtoPWHEiNQobxgTeGTrPNkzT,AstraLane,2477,2477
JupmVLmA8RoyTUbTMMuTtoPWHEiNQobxgTeGTrPNkzT,Astralane,21,21
JupmVLmA8RoyTUbTMMuTtoPWHEiNQobxgTeGTrPNkzT,BloxRoute,28,28
JupmVLmA8RoyTUbTMMuTtoPWHEiNQobxgTeGTrPNkzT,Falcon,2657,2657
JupmVLmA8RoyTUbTMMuTtoPWHEiNQobxgTeGTrPNkzT,Flashblock,58,58
JupmVLmA8RoyTUbTMMuTtoPWHEiNQobxgTeGTrPNkzT,Helius,7424,7420
JupmVLmA8RoyTUbTMMuTtoPWHEiNQobxgTeGTrPNkzT,Jito,2917,2915
JupmVLmA8RoyTUbTMMuTtoPWHEiNQobxgTeGTrPNkzT,Moon,21,21
JupmVLmA8RoyTUbTMMuTtoPWHEiNQobxgTeGTrPNkzT,Nextblock,733,733
JupmVLmA8RoyTUbTMMuTtoPWHEiNQobxgTeGTrPNkzT,NodeOne,2203,2203
JupmVLmA8RoyTUbTMMuTtoPWHEiNQobxgTeGTrPNkzT,Soyas,125,125
JupmVLmA8RoyTUbTMMuTtoPWHEiNQobxgTeGTrPNkzT,Stellium,3018,3018
JupmVLmA8RoyTUbTMMuTtoPWHEiNQobxgTeGTrPNkzT,Temporal,2874,2871
JupmVLmA8RoyTUbTMMuTtoPWHEiNQobxgTeGTrPNkzT,blockRazor,83,83
JupmVLmA8RoyTUbTMMuTtoPWHEiNQobxgTeGTrPNkzT,blockrazor,529,529
JupmVLmA8RoyTUbTMMuTtoPWHEiNQobxgTeGTrPNkzT,blocksprint,1905,1905
JupmVLmA8RoyTUbTMMuTtoPWHEiNQobxgTeGTrPNkzT,bloxroute,1858,1856
JupmVLmA8RoyTUbTMMuTtoPWHEiNQobxgTeGTrPNkzT,landX,2671,2671
JupmVLmA8RoyTUbTMMuTtoPWHEiNQobxgTeGTrPNkzT,stellium,7094,7094
KAW1LjxH73tRBd1XsaqsRsgeERFkg4WpdXUSqR4QjkW,(none),171,0
KAW1LjxH73tRBd1XsaqsRsgeERFkg4WpdXUSqR4QjkW,0slot,18,18
KAW1LjxH73tRBd1XsaqsRsgeERFkg4WpdXUSqR4QjkW,AstraLane,11,11
KAW1LjxH73tRBd1XsaqsRsgeERFkg4WpdXUSqR4QjkW,Falcon,101,101
KAW1LjxH73tRBd1XsaqsRsgeERFkg4WpdXUSqR4QjkW,Helius,49,49
KAW1LjxH73tRBd1XsaqsRsgeERFkg4WpdXUSqR4QjkW,Jito,22,22
KAW1LjxH73tRBd1XsaqsRsgeERFkg4WpdXUSqR4QjkW,Nextblock,5,5
KAW1LjxH73tRBd1XsaqsRsgeERFkg4WpdXUSqR4QjkW,NodeOne,35,35
KAW1LjxH73tRBd1XsaqsRsgeERFkg4WpdXUSqR4QjkW,Soyas,3,3
KAW1LjxH73tRBd1XsaqsRsgeERFkg4WpdXUSqR4QjkW,Stellium,64,64
KAW1LjxH73tRBd1XsaqsRsgeERFkg4WpdXUSqR4QjkW,Temporal,16,16
KAW1LjxH73tRBd1XsaqsRsgeERFkg4WpdXUSqR4QjkW,blockrazor,3,3
KAW1LjxH73tRBd1XsaqsRsgeERFkg4WpdXUSqR4QjkW,blocksprint,20,20
KAW1LjxH73tRBd1XsaqsRsgeERFkg4WpdXUSqR4QjkW,bloxroute,30,30
KAW1LjxH73tRBd1XsaqsRsgeERFkg4WpdXUSqR4QjkW,landX,68,68
KAW1LjxH73tRBd1XsaqsRsgeERFkg4WpdXUSqR4QjkW,stellium,142,142
KAoSp3EudGqUBXv46tQoDwbZxSm3iXa9wM2aF4ySbJJ,(none),66,0
KAoSp3EudGqUBXv46tQoDwbZxSm3iXa9wM2aF4ySbJJ,0slot,10,10
KAoSp3EudGqUBXv46tQoDwbZxSm3iXa9wM2aF4ySbJJ,AstraLane,28,28
KAoSp3EudGqUBXv46tQoDwbZxSm3iXa9wM2aF4ySbJJ,Falcon,33,33
KAoSp3EudGqUBXv46tQoDwbZxSm3iXa9wM2aF4ySbJJ,Flashblock,1,1
KAoSp3EudGqUBXv46tQoDwbZxSm3iXa9wM2aF4ySbJJ,Helius,40,40
KAoSp3EudGqUBXv46tQoDwbZxSm3iXa9wM2aF4ySbJJ,Jito,14,14
KAoSp3EudGqUBXv46tQoDwbZxSm3iXa9wM2aF4ySbJJ,Nextblock,3,3
KAoSp3EudGqUBXv46tQoDwbZxSm3iXa9wM2aF4ySbJJ,NodeOne,7,7
KAoSp3EudGqUBXv46tQoDwbZxSm3iXa9wM2aF4ySbJJ,Stellium,18,18
KAoSp3EudGqUBXv46tQoDwbZxSm3iXa9wM2aF4ySbJJ,Temporal,10,10
KAoSp3EudGqUBXv46tQoDwbZxSm3iXa9wM2aF4ySbJJ,blockrazor,4,4
KAoSp3EudGqUBXv46tQoDwbZxSm3iXa9wM2aF4ySbJJ,blocksprint,12,12
KAoSp3EudGqUBXv46tQoDwbZxSm3iXa9wM2aF4ySbJJ,landX,22,22
KAoSp3EudGqUBXv46tQoDwbZxSm3iXa9wM2aF4ySbJJ,stellium,57,57
KTMkUG8WCw9FdH44jLMBpc1teGafnYL6SgP4fHHbsNM,(none),418,0
KTMkUG8WCw9FdH44jLMBpc1teGafnYL6SgP4fHHbsNM,0slot,34,34
KTMkUG8WCw9FdH44jLMBpc1teGafnYL6SgP4fHHbsNM,AstraLane,58,58
KTMkUG8WCw9FdH44jLMBpc1teGafnYL6SgP4fHHbsNM,BloxRoute,2,2
KTMkUG8WCw9FdH44jLMBpc1teGafnYL6SgP4fHHbsNM,Falcon,74,74
KTMkUG8WCw9FdH44jLMBpc1teGafnYL6SgP4fHHbsNM,Flashblock,1,1
KTMkUG8WCw9FdH44jLMBpc1teGafnYL6SgP4fHHbsNM,Helius,155,155
KTMkUG8WCw9FdH44jLMBpc1teGafnYL6SgP4fHHbsNM,Jito,56,56
KTMkUG8WCw9FdH44jLMBpc1teGafnYL6SgP4fHHbsNM,Moon,1,1
KTMkUG8WCw9FdH44jLMBpc1teGafnYL6SgP4fHHbsNM,Nextblock,21,21
KTMkUG8WCw9FdH44jLMBpc1teGafnYL6SgP4fHHbsNM,NodeOne,60,60
KTMkUG8WCw9FdH44jLMBpc1teGafnYL6SgP4fHHbsNM,Soyas,6,6
KTMkUG8WCw9FdH44jLMBpc1teGafnYL6SgP4fHHbsNM,Stellium,51,51
KTMkUG8WCw9FdH44jLMBpc1teGafnYL6SgP4fHHbsNM,Temporal,57,57
KTMkUG8WCw9FdH44jLMBpc1teGafnYL6SgP4fHHbsNM,blockRazor,3,3
KTMkUG8WCw9FdH44jLMBpc1teGafnYL6SgP4fHHbsNM,blockrazor,13,13
KTMkUG8WCw9FdH44jLMBpc1teGafnYL6SgP4fHHbsNM,blocksprint,26,26
KTMkUG8WCw9FdH44jLMBpc1teGafnYL6SgP4fHHbsNM,bloxroute,29,29
KTMkUG8WCw9FdH44jLMBpc1teGafnYL6SgP4fHHbsNM,landX,105,105
KTMkUG8WCw9FdH44jLMBpc1teGafnYL6SgP4fHHbsNM,stellium,175,175
KoLibrJsbABbtmtFPc7nPvDxT81rc4UPM7mY9xSLjpo,(none),971,0
KoLibrJsbABbtmtFPc7nPvDxT81rc4UPM7mY9xSLjpo,0slot,106,106
KoLibrJsbABbtmtFPc7nPvDxT81rc4UPM7mY9xSLjpo,AstraLane,102,102
KoLibrJsbABbtmtFPc7nPvDxT81rc4UPM7mY9xSLjpo,BloxRoute,1,1
KoLibrJsbABbtmtFPc7nPvDxT81rc4UPM7mY9xSLjpo,Falcon,154,154
KoLibrJsbABbtmtFPc7nPvDxT81rc4UPM7mY9xSLjpo,Flashblock,2,2
KoLibrJsbABbtmtFPc7nPvDxT81rc4UPM7mY9xSLjpo,Helius,373,373
KoLibrJsbABbtmtFPc7nPvDxT81rc4UPM7mY9xSLjpo,Jito,109,109
KoLibrJsbABbtmtFPc7nPvDxT81rc4UPM7mY9xSLjpo,Nextblock,44,44
KoLibrJsbABbtmtFPc7nPvDxT81rc4UPM7mY9xSLjpo,NodeOne,115,115
KoLibrJsbABbtmtFPc7nPvDxT81rc4UPM7mY9xSLjpo,Soyas,7,7
KoLibrJsbABbtmtFPc7nPvDxT81rc4UPM7mY9xSLjpo,Stellium,155,155
KoLibrJsbABbtmtFPc7nPvDxT81rc4UPM7mY9xSLjpo,Temporal,114,114
KoLibrJsbABbtmtFPc7nPvDxT81rc4UPM7mY9xSLjpo,blockRazor,6,6
KoLibrJsbABbtmtFPc7nPvDxT81rc4UPM7mY9xSLjpo,blockrazor,27,27
KoLibrJsbABbtmtFPc7nPvDxT81rc4UPM7mY9xSLjpo,blocksprint,68,68
KoLibrJsbABbtmtFPc7nPvDxT81rc4UPM7mY9xSLjpo,bloxroute,45,44
KoLibrJsbABbtmtFPc7nPvDxT81rc4UPM7mY9xSLjpo,landX,380,380
KoLibrJsbABbtmtFPc7nPvDxT81rc4UPM7mY9xSLjpo,stellium,485,485
LA1NEzryoih6CQW3gwQqJQffK2mKgnXcjSQZSRpM3wc,(none),2454,0
LA1NEzryoih6CQW3gwQqJQffK2mKgnXcjSQZSRpM3wc,0slot,220,220
LA1NEzryoih6CQW3gwQqJQffK2mKgnXcjSQZSRpM3wc,AstraLane,240,240
LA1NEzryoih6CQW3gwQqJQffK2mKgnXcjSQZSRpM3wc,BloxRoute,3,3
LA1NEzryoih6CQW3gwQqJQffK2mKgnXcjSQZSRpM3wc,Falcon,586,586
LA1NEzryoih6CQW3gwQqJQffK2mKgnXcjSQZSRpM3wc,Flashblock,7,7
LA1NEzryoih6CQW3gwQqJQffK2mKgnXcjSQZSRpM3wc,Helius,767,765
LA1NEzryoih6CQW3gwQqJQffK2mKgnXcjSQZSRpM3wc,Jito,250,250
LA1NEzryoih6CQW3gwQqJQffK2mKgnXcjSQZSRpM3wc,Nextblock,89,89
LA1NEzryoih6CQW3gwQqJQffK2mKgnXcjSQZSRpM3wc,NodeOne,307,307
LA1NEzryoih6CQW3gwQqJQffK2mKgnXcjSQZSRpM3wc,Soyas,14,14
LA1NEzryoih6CQW3gwQqJQffK2mKgnXcjSQZSRpM3wc,Stellium,362,362
LA1NEzryoih6CQW3gwQqJQffK2mKgnXcjSQZSRpM3wc,Temporal,296,296
LA1NEzryoih6CQW3gwQqJQffK2mKgnXcjSQZSRpM3wc,blockRazor,7,7
LA1NEzryoih6CQW3gwQqJQffK2mKgnXcjSQZSRpM3wc,blockrazor,56,56
LA1NEzryoih6CQW3gwQqJQffK2mKgnXcjSQZSRpM3wc,blocksprint,204,204
LA1NEzryoih6CQW3gwQqJQffK2mKgnXcjSQZSRpM3wc,bloxroute,97,97
LA1NEzryoih6CQW3gwQqJQffK2mKgnXcjSQZSRpM3wc,landX,579,579
LA1NEzryoih6CQW3gwQqJQffK2mKgnXcjSQZSRpM3wc,stellium,1106,1106
LFGGGJtnBLvq78DyMz1gTeedM6f8owck76qHThDABBC,(none),636,0
LFGGGJtnBLvq78DyMz1gTeedM6f8owck76qHThDABBC,0slot,78,78
LFGGGJtnBLvq78DyMz1gTeedM6f8owck76qHThDABBC,AstraLane,117,117
LFGGGJtnBLvq78DyMz1gTeedM6f8owck76qHThDABBC,BloxRoute,2,2
LFGGGJtnBLvq78DyMz1gTeedM6f8owck76qHThDABBC,Falcon,70,70
LFGGGJtnBLvq78DyMz1gTeedM6f8owck76qHThDABBC,Helius,270,270
LFGGGJtnBLvq78DyMz1gTeedM6f8owck76qHThDABBC,Jito,72,72
LFGGGJtnBLvq78DyMz1gTeedM6f8owck76qHThDABBC,Nextblock,29,29
LFGGGJtnBLvq78DyMz1gTeedM6f8owck76qHThDABBC,NodeOne,100,100
LFGGGJtnBLvq78DyMz1gTeedM6f8owck76qHThDABBC,Soyas,3,3
LFGGGJtnBLvq78DyMz1gTeedM6f8owck76qHThDABBC,Stellium,100,100
LFGGGJtnBLvq78DyMz1gTeedM6f8owck76qHThDABBC,Temporal,91,91
LFGGGJtnBLvq78DyMz1gTeedM6f8owck76qHThDABBC,blockRazor,2,2
LFGGGJtnBLvq78DyMz1gTeedM6f8owck76qHThDABBC,blockrazor,23,23
LFGGGJtnBLvq78DyMz1gTeedM6f8owck76qHThDABBC,blocksprint,63,63
LFGGGJtnBLvq78DyMz1gTeedM6f8owck76qHThDABBC,bloxroute,32,32
LFGGGJtnBLvq78DyMz1gTeedM6f8owck76qHThDABBC,landX,245,245
LFGGGJtnBLvq78DyMz1gTeedM6f8owck76qHThDABBC,stellium,367,367
Lake8NXDThihebhxS3Js7mFnj9fthmus93zEdsFNrsL,(none),871,0
Lake8NXDThihebhxS3Js7mFnj9fthmus93zEdsFNrsL,0slot,62,62
Lake8NXDThihebhxS3Js7mFnj9fthmus93zEdsFNrsL,AstraLane,81,81
Lake8NXDThihebhxS3Js7mFnj9fthmus93zEdsFNrsL,BloxRoute,2,2
Lake8NXDThihebhxS3Js7mFnj9fthmus93zEdsFNrsL,Falcon,241,241
Lake8NXDThihebhxS3Js7mFnj9fthmus93zEdsFNrsL,Flashblock,2,2
Lake8NXDThihebhxS3Js7mFnj9fthmus93zEdsFNrsL,Helius,277,277
Lake8NXDThihebhxS3Js7mFnj9fthmus93zEdsFNrsL,Jito,114,114
Lake8NXDThihebhxS3Js7mFnj9fthmus93zEdsFNrsL,Nextblock,26,26
Lake8NXDThihebhxS3Js7mFnj9fthmus93zEdsFNrsL,NodeOne,61,61
Lake8NXDThihebhxS3Js7mFnj9fthmus93zEdsFNrsL,Soyas,12,12
Lake8NXDThihebhxS3Js7mFnj9fthmus93zEdsFNrsL,Stellium,120,120
Lake8NXDThihebhxS3Js7mFnj9fthmus93zEdsFNrsL,Temporal,90,90
Lake8NXDThihebhxS3Js7mFnj9fthmus93zEdsFNrsL,blockRazor,6,6
Lake8NXDThihebhxS3Js7mFnj9fthmus93zEdsFNrsL,blockrazor,18,18
Lake8NXDThihebhxS3Js7mFnj9fthmus93zEdsFNrsL,blocksprint,59,59
Lake8NXDThihebhxS3Js7mFnj9fthmus93zEdsFNrsL,bloxroute,57,57
Lake8NXDThihebhxS3Js7mFnj9fthmus93zEdsFNrsL,landX,246,246
Lake8NXDThihebhxS3Js7mFnj9fthmus93zEdsFNrsL,stellium,388,388
LeDbQ99QT342j9S5YdyXLrsq2Gu3T3dMGajExdAuE3V,(none),2611,0
LeDbQ99QT342j9S5YdyXLrsq2Gu3T3dMGajExdAuE3V,0slot,281,281
LeDbQ99QT342j9S5YdyXLrsq2Gu3T3dMGajExdAuE3V,AstraLane,398,398
LeDbQ99QT342j9S5YdyXLrsq2Gu3T3dMGajExdAuE3V,BloxRoute,4,4
LeDbQ99QT342j9S5YdyXLrsq2Gu3T3dMGajExdAuE3V,Falcon,219,219
LeDbQ99QT342j9S5YdyXLrsq2Gu3T3dMGajExdAuE3V,Flashblock,14,14
LeDbQ99QT342j9S5YdyXLrsq2Gu3T3dMGajExdAuE3V,Helius,1116,1116
LeDbQ99QT342j9S5YdyXLrsq2Gu3T3dMGajExdAuE3V,Jito,401,401
LeDbQ99QT342j9S5YdyXLrsq2Gu3T3dMGajExdAuE3V,Moon,1,1
LeDbQ99QT342j9S5YdyXLrsq2Gu3T3dMGajExdAuE3V,Nextblock,140,140
LeDbQ99QT342j9S5YdyXLrsq2Gu3T3dMGajExdAuE3V,NodeOne,219,219
LeDbQ99QT342j9S5YdyXLrsq2Gu3T3dMGajExdAuE3V,Soyas,44,44
LeDbQ99QT342j9S5YdyXLrsq2Gu3T3dMGajExdAuE3V,Stellium,400,400
LeDbQ99QT342j9S5YdyXLrsq2Gu3T3dMGajExdAuE3V,Temporal,401,401
LeDbQ99QT342j9S5YdyXLrsq2Gu3T3dMGajExdAuE3V,blockRazor,15,15
LeDbQ99QT342j9S5YdyXLrsq2Gu3T3dMGajExdAuE3V,blockrazor,62,62
LeDbQ99QT342j9S5YdyXLrsq2Gu3T3dMGajExdAuE3V,blocksprint,241,241
LeDbQ99QT342j9S5YdyXLrsq2Gu3T3dMGajExdAuE3V,bloxroute,168,168
LeDbQ99QT342j9S5YdyXLrsq2Gu3T3dMGajExdAuE3V,landX,1021,1021
LeDbQ99QT342j9S5YdyXLrsq2Gu3T3dMGajExdAuE3V,stellium,1412,1412
LiFiDJwJjW98MB8wxcnXpafKYsuz1hwpUkuszkERiX6,(none),190,0
LiFiDJwJjW98MB8wxcnXpafKYsuz1hwpUkuszkERiX6,0slot,12,12
LiFiDJwJjW98MB8wxcnXpafKYsuz1hwpUkuszkERiX6,AstraLane,21,21
LiFiDJwJjW98MB8wxcnXpafKYsuz1hwpUkuszkERiX6,Falcon,38,38
LiFiDJwJjW98MB8wxcnXpafKYsuz1hwpUkuszkERiX6,Helius,46,46
LiFiDJwJjW98MB8wxcnXpafKYsuz1hwpUkuszkERiX6,Jito,32,32
LiFiDJwJjW98MB8wxcnXpafKYsuz1hwpUkuszkERiX6,Nextblock,9,9
LiFiDJwJjW98MB8wxcnXpafKYsuz1hwpUkuszkERiX6,NodeOne,11,11
LiFiDJwJjW98MB8wxcnXpafKYsuz1hwpUkuszkERiX6,Soyas,2,2
LiFiDJwJjW98MB8wxcnXpafKYsuz1hwpUkuszkERiX6,Stellium,23,23
LiFiDJwJjW98MB8wxcnXpafKYsuz1hwpUkuszkERiX6,Temporal,12,12
LiFiDJwJjW98MB8wxcnXpafKYsuz1hwpUkuszkERiX6,blockrazor,5,5
LiFiDJwJjW98MB8wxcnXpafKYsuz1hwpUkuszkERiX6,blocksprint,15,15
LiFiDJwJjW98MB8wxcnXpafKYsuz1hwpUkuszkERiX6,landX,53,53
LiFiDJwJjW98MB8wxcnXpafKYsuz1hwpUkuszkERiX6,stellium,79,79
LimeA3gMLb2SjxrKbP7NsWk1UwTZrw4B6Ctc9dmVU6E,(none),496,0
LimeA3gMLb2SjxrKbP7NsWk1UwTZrw4B6Ctc9dmVU6E,0slot,41,41
LimeA3gMLb2SjxrKbP7NsWk1UwTZrw4B6Ctc9dmVU6E,AstraLane,77,77
LimeA3gMLb2SjxrKbP7NsWk1UwTZrw4B6Ctc9dmVU6E,BloxRoute,2,2
LimeA3gMLb2SjxrKbP7NsWk1UwTZrw4B6Ctc9dmVU6E,Falcon,114,114
LimeA3gMLb2SjxrKbP7NsWk1UwTZrw4B6Ctc9dmVU6E,Flashblock,1,1
LimeA3gMLb2SjxrKbP7NsWk1UwTZrw4B6Ctc9dmVU6E,Helius,226,226
LimeA3gMLb2SjxrKbP7NsWk1UwTZrw4B6Ctc9dmVU6E,Jito,56,56
LimeA3gMLb2SjxrKbP7NsWk1UwTZrw4B6Ctc9dmVU6E,Moon,1,1
LimeA3gMLb2SjxrKbP7NsWk1UwTZrw4B6Ctc9dmVU6E,Nextblock,26,26
LimeA3gMLb2SjxrKbP7NsWk1UwTZrw4B6Ctc9dmVU6E,NodeOne,63,63
LimeA3gMLb2SjxrKbP7NsWk1UwTZrw4B6Ctc9dmVU6E,Soyas,1,1
LimeA3gMLb2SjxrKbP7NsWk1UwTZrw4B6Ctc9dmVU6E,Stellium,106,106
LimeA3gMLb2SjxrKbP7NsWk1UwTZrw4B6Ctc9dmVU6E,Temporal,52,52
LimeA3gMLb2SjxrKbP7NsWk1UwTZrw4B6Ctc9dmVU6E,blockRazor,4,4
LimeA3gMLb2SjxrKbP7NsWk1UwTZrw4B6Ctc9dmVU6E,blockrazor,17,17
LimeA3gMLb2SjxrKbP7NsWk1UwTZrw4B6Ctc9dmVU6E,blocksprint,71,71
LimeA3gMLb2SjxrKbP7NsWk1UwTZrw4B6Ctc9dmVU6E,bloxroute,34,34
LimeA3gMLb2SjxrKbP7NsWk1UwTZrw4B6Ctc9dmVU6E,landX,114,114
LimeA3gMLb2SjxrKbP7NsWk1UwTZrw4B6Ctc9dmVU6E,stellium,260,260
LitxAVo3RnYXD2sX1TyRJxfnKy48amXgyGiysPZjZwE,(none),560,0
LitxAVo3RnYXD2sX1TyRJxfnKy48amXgyGiysPZjZwE,0slot,60,60
LitxAVo3RnYXD2sX1TyRJxfnKy48amXgyGiysPZjZwE,AstraLane,79,79
LitxAVo3RnYXD2sX1TyRJxfnKy48amXgyGiysPZjZwE,BloxRoute,2,2
LitxAVo3RnYXD2sX1TyRJxfnKy48amXgyGiysPZjZwE,Falcon,177,177
LitxAVo3RnYXD2sX1TyRJxfnKy48amXgyGiysPZjZwE,Flashblock,1,1
LitxAVo3RnYXD2sX1TyRJxfnKy48amXgyGiysPZjZwE,Helius,219,219
LitxAVo3RnYXD2sX1TyRJxfnKy48amXgyGiysPZjZwE,Jito,92,92
LitxAVo3RnYXD2sX1TyRJxfnKy48amXgyGiysPZjZwE,Nextblock,31,31
LitxAVo3RnYXD2sX1TyRJxfnKy48amXgyGiysPZjZwE,NodeOne,90,90
LitxAVo3RnYXD2sX1TyRJxfnKy48amXgyGiysPZjZwE,Soyas,9,9
LitxAVo3RnYXD2sX1TyRJxfnKy48amXgyGiysPZjZwE,Stellium,101,101
LitxAVo3RnYXD2sX1TyRJxfnKy48amXgyGiysPZjZwE,Temporal,71,71
LitxAVo3RnYXD2sX1TyRJxfnKy48amXgyGiysPZjZwE,blockRazor,9,9
LitxAVo3RnYXD2sX1TyRJxfnKy48amXgyGiysPZjZwE,blockrazor,15,15
LitxAVo3RnYXD2sX1TyRJxfnKy48amXgyGiysPZjZwE,blocksprint,68,68
LitxAVo3RnYXD2sX1TyRJxfnKy48amXgyGiysPZjZwE,bloxroute,55,55
LitxAVo3RnYXD2sX1TyRJxfnKy48amXgyGiysPZjZwE,landX,163,163
LitxAVo3RnYXD2sX1TyRJxfnKy48amXgyGiysPZjZwE,stellium,345,345
LodeuWMHPiPj2PUHUyca2bkpFv9HyzR3gaDBmGJ9TSS,(none),338,0
LodeuWMHPiPj2PUHUyca2bkpFv9HyzR3gaDBmGJ9TSS,0slot,27,27
LodeuWMHPiPj2PUHUyca2bkpFv9HyzR3gaDBmGJ9TSS,AstraLane,93,93
LodeuWMHPiPj2PUHUyca2bkpFv9HyzR3gaDBmGJ9TSS,BloxRoute,1,1
LodeuWMHPiPj2PUHUyca2bkpFv9HyzR3gaDBmGJ9TSS,Falcon,15,15
LodeuWMHPiPj2PUHUyca2bkpFv9HyzR3gaDBmGJ9TSS,Helius,169,169
LodeuWMHPiPj2PUHUyca2bkpFv9HyzR3gaDBmGJ9TSS,Jito,34,34
LodeuWMHPiPj2PUHUyca2bkpFv9HyzR3gaDBmGJ9TSS,Moon,1,1
LodeuWMHPiPj2PUHUyca2bkpFv9HyzR3gaDBmGJ9TSS,Nextblock,29,29
LodeuWMHPiPj2PUHUyca2bkpFv9HyzR3gaDBmGJ9TSS,NodeOne,15,15
LodeuWMHPiPj2PUHUyca2bkpFv9HyzR3gaDBmGJ9TSS,Soyas,3,3
LodeuWMHPiPj2PUHUyca2bkpFv9HyzR3gaDBmGJ9TSS,Stellium,27,27
LodeuWMHPiPj2PUHUyca2bkpFv9HyzR3gaDBmGJ9TSS,Temporal,31,30
LodeuWMHPiPj2PUHUyca2bkpFv9HyzR3gaDBmGJ9TSS,blockRazor,5,5
LodeuWMHPiPj2PUHUyca2bkpFv9HyzR3gaDBmGJ9TSS,blockrazor,7,7
LodeuWMHPiPj2PUHUyca2bkpFv9HyzR3gaDBmGJ9TSS,blocksprint,29,29
LodeuWMHPiPj2PUHUyca2bkpFv9HyzR3gaDBmGJ9TSS,bloxroute,5,4
LodeuWMHPiPj2PUHUyca2bkpFv9HyzR3gaDBmGJ9TSS,landX,115,115
LodeuWMHPiPj2PUHUyca2bkpFv9HyzR3gaDBmGJ9TSS,stellium,131,131
Lua1fxRRHCnjVAYdfGyv2GbUsRHGM2DN2wgpWuF2WSb,(none),231,0
Lua1fxRRHCnjVAYdfGyv2GbUsRHGM2DN2wgpWuF2WSb,0slot,19,19
Lua1fxRRHCnjVAYdfGyv2GbUsRHGM2DN2wgpWuF2WSb,AstraLane,29,29
Lua1fxRRHCnjVAYdfGyv2GbUsRHGM2DN2wgpWuF2WSb,Falcon,49,49
Lua1fxRRHCnjVAYdfGyv2GbUsRHGM2DN2wgpWuF2WSb,Flashblock,3,3
Lua1fxRRHCnjVAYdfGyv2GbUsRHGM2DN2wgpWuF2WSb,Helius,73,73
Lua1fxRRHCnjVAYdfGyv2GbUsRHGM2DN2wgpWuF2WSb,Jito,37,37
Lua1fxRRHCnjVAYdfGyv2GbUsRHGM2DN2wgpWuF2WSb,Nextblock,4,4
Lua1fxRRHCnjVAYdfGyv2GbUsRHGM2DN2wgpWuF2WSb,NodeOne,29,29
Lua1fxRRHCnjVAYdfGyv2GbUsRHGM2DN2wgpWuF2WSb,Soyas,1,1
Lua1fxRRHCnjVAYdfGyv2GbUsRHGM2DN2wgpWuF2WSb,Stellium,23,23
Lua1fxRRHCnjVAYdfGyv2GbUsRHGM2DN2wgpWuF2WSb,Temporal,29,29
Lua1fxRRHCnjVAYdfGyv2GbUsRHGM2DN2wgpWuF2WSb,blockRazor,1,1
Lua1fxRRHCnjVAYdfGyv2GbUsRHGM2DN2wgpWuF2WSb,blockrazor,5,5
Lua1fxRRHCnjVAYdfGyv2GbUsRHGM2DN2wgpWuF2WSb,blocksprint,12,12
Lua1fxRRHCnjVAYdfGyv2GbUsRHGM2DN2wgpWuF2WSb,bloxroute,8,8
Lua1fxRRHCnjVAYdfGyv2GbUsRHGM2DN2wgpWuF2WSb,landX,29,29
Lua1fxRRHCnjVAYdfGyv2GbUsRHGM2DN2wgpWuF2WSb,stellium,67,67
LunaowJnt875WWoqDkhHhE93SNYHa6tfFNVn1rqc57c,(none),595,0
LunaowJnt875WWoqDkhHhE93SNYHa6tfFNVn1rqc57c,0slot,51,51
LunaowJnt875WWoqDkhHhE93SNYHa6tfFNVn1rqc57c,AstraLane,66,66
LunaowJnt875WWoqDkhHhE93SNYHa6tfFNVn1rqc57c,BloxRoute,1,1
LunaowJnt875WWoqDkhHhE93SNYHa6tfFNVn1rqc57c,Falcon,184,184
LunaowJnt875WWoqDkhHhE93SNYHa6tfFNVn1rqc57c,Helius,199,199
LunaowJnt875WWoqDkhHhE93SNYHa6tfFNVn1rqc57c,Jito,53,53
LunaowJnt875WWoqDkhHhE93SNYHa6tfFNVn1rqc57c,Nextblock,24,24
LunaowJnt875WWoqDkhHhE93SNYHa6tfFNVn1rqc57c,NodeOne,27,27
LunaowJnt875WWoqDkhHhE93SNYHa6tfFNVn1rqc57c,Soyas,3,3
LunaowJnt875WWoqDkhHhE93SNYHa6tfFNVn1rqc57c,Stellium,89,89
LunaowJnt875WWoqDkhHhE93SNYHa6tfFNVn1rqc57c,Temporal,40,40
LunaowJnt875WWoqDkhHhE93SNYHa6tfFNVn1rqc57c,blockRazor,3,3
LunaowJnt875WWoqDkhHhE93SNYHa6tfFNVn1rqc57c,blockrazor,9,9
LunaowJnt875WWoqDkhHhE93SNYHa6tfFNVn1rqc57c,blocksprint,52,52
LunaowJnt875WWoqDkhHhE93SNYHa6tfFNVn1rqc57c,bloxroute,54,54
LunaowJnt875WWoqDkhHhE93SNYHa6tfFNVn1rqc57c,landX,111,111
LunaowJnt875WWoqDkhHhE93SNYHa6tfFNVn1rqc57c,stellium,240,240
MARiKM3t7pDCyXtvLq24ErWDAvYu84yXqCthkR1GS33,(none),2103,0
MARiKM3t7pDCyXtvLq24ErWDAvYu84yXqCthkR1GS33,0slot,161,161
MARiKM3t7pDCyXtvLq24ErWDAvYu84yXqCthkR1GS33,AstraLane,335,335
MARiKM3t7pDCyXtvLq24ErWDAvYu84yXqCthkR1GS33,Astralane,1,1
MARiKM3t7pDCyXtvLq24ErWDAvYu84yXqCthkR1GS33,BloxRoute,7,7
MARiKM3t7pDCyXtvLq24ErWDAvYu84yXqCthkR1GS33,Falcon,442,442
MARiKM3t7pDCyXtvLq24ErWDAvYu84yXqCthkR1GS33,Flashblock,3,3
MARiKM3t7pDCyXtvLq24ErWDAvYu84yXqCthkR1GS33,Helius,909,909
MARiKM3t7pDCyXtvLq24ErWDAvYu84yXqCthkR1GS33,Jito,177,177
MARiKM3t7pDCyXtvLq24ErWDAvYu84yXqCthkR1GS33,Nextblock,113,113
MARiKM3t7pDCyXtvLq24ErWDAvYu84yXqCthkR1GS33,NodeOne,304,304
MARiKM3t7pDCyXtvLq24ErWDAvYu84yXqCthkR1GS33,Soyas,18,18
MARiKM3t7pDCyXtvLq24ErWDAvYu84yXqCthkR1GS33,Stellium,295,295
MARiKM3t7pDCyXtvLq24ErWDAvYu84yXqCthkR1GS33,Temporal,298,298
MARiKM3t7pDCyXtvLq24ErWDAvYu84yXqCthkR1GS33,blockRazor,17,17
MARiKM3t7pDCyXtvLq24ErWDAvYu84yXqCthkR1GS33,blockrazor,58,58
MARiKM3t7pDCyXtvLq24ErWDAvYu84yXqCthkR1GS33,blocksprint,198,198
MARiKM3t7pDCyXtvLq24ErWDAvYu84yXqCthkR1GS33,bloxroute,128,128
MARiKM3t7pDCyXtvLq24ErWDAvYu84yXqCthkR1GS33,landX,767,767
MARiKM3t7pDCyXtvLq24ErWDAvYu84yXqCthkR1GS33,stellium,1214,1214
MBVyz9s72WSfUmbr1S8fgHjDJQkPs1Q4Wxi6A2Mees9,(none),481,0
MBVyz9s72WSfUmbr1S8fgHjDJQkPs1Q4Wxi6A2Mees9,0slot,27,27
MBVyz9s72WSfUmbr1S8fgHjDJQkPs1Q4Wxi6A2Mees9,AstraLane,71,71
MBVyz9s72WSfUmbr1S8fgHjDJQkPs1Q4Wxi6A2Mees9,BloxRoute,1,1
MBVyz9s72WSfUmbr1S8fgHjDJQkPs1Q4Wxi6A2Mees9,Falcon,63,63
MBVyz9s72WSfUmbr1S8fgHjDJQkPs1Q4Wxi6A2Mees9,Helius,165,165
MBVyz9s72WSfUmbr1S8fgHjDJQkPs1Q4Wxi6A2Mees9,Jito,62,62
MBVyz9s72WSfUmbr1S8fgHjDJQkPs1Q4Wxi6A2Mees9,Nextblock,25,25
MBVyz9s72WSfUmbr1S8fgHjDJQkPs1Q4Wxi6A2Mees9,NodeOne,63,63
MBVyz9s72WSfUmbr1S8fgHjDJQkPs1Q4Wxi6A2Mees9,Soyas,8,8
MBVyz9s72WSfUmbr1S8fgHjDJQkPs1Q4Wxi6A2Mees9,Stellium,68,68
MBVyz9s72WSfUmbr1S8fgHjDJQkPs1Q4Wxi6A2Mees9,Temporal,51,51
MBVyz9s72WSfUmbr1S8fgHjDJQkPs1Q4Wxi6A2Mees9,blockRazor,3,3
MBVyz9s72WSfUmbr1S8fgHjDJQkPs1Q4Wxi6A2Mees9,blockrazor,13,13
MBVyz9s72WSfUmbr1S8fgHjDJQkPs1Q4Wxi6A2Mees9,blocksprint,35,35
MBVyz9s72WSfUmbr1S8fgHjDJQkPs1Q4Wxi6A2Mees9,bloxroute,61,60
MBVyz9s72WSfUmbr1S8fgHjDJQkPs1Q4Wxi6A2Mees9,landX,188,188
MBVyz9s72WSfUmbr1S8fgHjDJQkPs1Q4Wxi6A2Mees9,stellium,274,274
MCFmmmXdzTKjBEoMggi8JGFJmd856uYSowuH2sCU5kx,(none),641,0
MCFmmmXdzTKjBEoMggi8JGFJmd856uYSowuH2sCU5kx,0slot,40,40
MCFmmmXdzTKjBEoMggi8JGFJmd856uYSowuH2sCU5kx,AstraLane,48,48
MCFmmmXdzTKjBEoMggi8JGFJmd856uYSowuH2sCU5kx,Falcon,130,130
MCFmmmXdzTKjBEoMggi8JGFJmd856uYSowuH2sCU5kx,Helius,192,192
MCFmmmXdzTKjBEoMggi8JGFJmd856uYSowuH2sCU5kx,Jito,76,76
MCFmmmXdzTKjBEoMggi8JGFJmd856uYSowuH2sCU5kx,Nextblock,20,20
MCFmmmXdzTKjBEoMggi8JGFJmd856uYSowuH2sCU5kx,NodeOne,43,43
MCFmmmXdzTKjBEoMggi8JGFJmd856uYSowuH2sCU5kx,Soyas,5,5
MCFmmmXdzTKjBEoMggi8JGFJmd856uYSowuH2sCU5kx,Stellium,99,99
MCFmmmXdzTKjBEoMggi8JGFJmd856uYSowuH2sCU5kx,Temporal,54,54
MCFmmmXdzTKjBEoMggi8JGFJmd856uYSowuH2sCU5kx,blockRazor,2,2
MCFmmmXdzTKjBEoMggi8JGFJmd856uYSowuH2sCU5kx,blockrazor,14,14
MCFmmmXdzTKjBEoMggi8JGFJmd856uYSowuH2sCU5kx,blocksprint,40,40
MCFmmmXdzTKjBEoMggi8JGFJmd856uYSowuH2sCU5kx,bloxroute,10,10
MCFmmmXdzTKjBEoMggi8JGFJmd856uYSowuH2sCU5kx,landX,349,349
MCFmmmXdzTKjBEoMggi8JGFJmd856uYSowuH2sCU5kx,stellium,371,371
MFLKSo4XDfrBf4FByx76zYM2dXSWcigag7ec2bCHTR4,(none),272,0
MFLKSo4XDfrBf4FByx76zYM2dXSWcigag7ec2bCHTR4,0slot,23,23
MFLKSo4XDfrBf4FByx76zYM2dXSWcigag7ec2bCHTR4,AstraLane,46,46
MFLKSo4XDfrBf4FByx76zYM2dXSWcigag7ec2bCHTR4,Astralane,1,1
MFLKSo4XDfrBf4FByx76zYM2dXSWcigag7ec2bCHTR4,Falcon,89,89
MFLKSo4XDfrBf4FByx76zYM2dXSWcigag7ec2bCHTR4,Flashblock,1,1
MFLKSo4XDfrBf4FByx76zYM2dXSWcigag7ec2bCHTR4,Helius,86,86
MFLKSo4XDfrBf4FByx76zYM2dXSWcigag7ec2bCHTR4,Jito,35,35
MFLKSo4XDfrBf4FByx76zYM2dXSWcigag7ec2bCHTR4,Moon,1,1
MFLKSo4XDfrBf4FByx76zYM2dXSWcigag7ec2bCHTR4,Nextblock,19,19
MFLKSo4XDfrBf4FByx76zYM2dXSWcigag7ec2bCHTR4,NodeOne,49,49
MFLKSo4XDfrBf4FByx76zYM2dXSWcigag7ec2bCHTR4,Soyas,2,2
MFLKSo4XDfrBf4FByx76zYM2dXSWcigag7ec2bCHTR4,Stellium,55,55
MFLKSo4XDfrBf4FByx76zYM2dXSWcigag7ec2bCHTR4,Temporal,45,45
MFLKSo4XDfrBf4FByx76zYM2dXSWcigag7ec2bCHTR4,blockrazor,8,8
MFLKSo4XDfrBf4FByx76zYM2dXSWcigag7ec2bCHTR4,blocksprint,43,43
MFLKSo4XDfrBf4FByx76zYM2dXSWcigag7ec2bCHTR4,bloxroute,66,66
MFLKSo4XDfrBf4FByx76zYM2dXSWcigag7ec2bCHTR4,landX,140,140
MFLKSo4XDfrBf4FByx76zYM2dXSWcigag7ec2bCHTR4,stellium,202,202
MagiCBYNPD9iTBXqiFybAFCREQzG6MSM4LmFLXQZxuV,(none),510,0
MagiCBYNPD9iTBXqiFybAFCREQzG6MSM4LmFLXQZxuV,0slot,43,43
MagiCBYNPD9iTBXqiFybAFCREQzG6MSM4LmFLXQZxuV,AstraLane,73,73
MagiCBYNPD9iTBXqiFybAFCREQzG6MSM4LmFLXQZxuV,Astralane,1,1
MagiCBYNPD9iTBXqiFybAFCREQzG6MSM4LmFLXQZxuV,BloxRoute,2,2
MagiCBYNPD9iTBXqiFybAFCREQzG6MSM4LmFLXQZxuV,Falcon,113,113
MagiCBYNPD9iTBXqiFybAFCREQzG6MSM4LmFLXQZxuV,Helius,220,220
MagiCBYNPD9iTBXqiFybAFCREQzG6MSM4LmFLXQZxuV,Jito,77,77
MagiCBYNPD9iTBXqiFybAFCREQzG6MSM4LmFLXQZxuV,Nextblock,28,28
MagiCBYNPD9iTBXqiFybAFCREQzG6MSM4LmFLXQZxuV,NodeOne,89,89
MagiCBYNPD9iTBXqiFybAFCREQzG6MSM4LmFLXQZxuV,Soyas,4,4
MagiCBYNPD9iTBXqiFybAFCREQzG6MSM4LmFLXQZxuV,Stellium,101,101
MagiCBYNPD9iTBXqiFybAFCREQzG6MSM4LmFLXQZxuV,Temporal,59,59
MagiCBYNPD9iTBXqiFybAFCREQzG6MSM4LmFLXQZxuV,blockRazor,2,2
MagiCBYNPD9iTBXqiFybAFCREQzG6MSM4LmFLXQZxuV,blockrazor,13,13
MagiCBYNPD9iTBXqiFybAFCREQzG6MSM4LmFLXQZxuV,blocksprint,64,64
MagiCBYNPD9iTBXqiFybAFCREQzG6MSM4LmFLXQZxuV,bloxroute,25,25
MagiCBYNPD9iTBXqiFybAFCREQzG6MSM4LmFLXQZxuV,landX,232,232
MagiCBYNPD9iTBXqiFybAFCREQzG6MSM4LmFLXQZxuV,stellium,363,363
MargusJeV9bkePFLWbbzRNsMVo3Re6h9wKB5Ago8Tfj,(none),44,0
MargusJeV9bkePFLWbbzRNsMVo3Re6h9wKB5Ago8Tfj,AstraLane,1,1
MargusJeV9bkePFLWbbzRNsMVo3Re6h9wKB5Ago8Tfj,Helius,10,10
MargusJeV9bkePFLWbbzRNsMVo3Re6h9wKB5Ago8Tfj,Jito,4,4
MargusJeV9bkePFLWbbzRNsMVo3Re6h9wKB5Ago8Tfj,Nextblock,2,2
MargusJeV9bkePFLWbbzRNsMVo3Re6h9wKB5Ago8Tfj,NodeOne,3,3
MargusJeV9bkePFLWbbzRNsMVo3Re6h9wKB5Ago8Tfj,Soyas,4,4
MargusJeV9bkePFLWbbzRNsMVo3Re6h9wKB5Ago8Tfj,Stellium,3,3
MargusJeV9bkePFLWbbzRNsMVo3Re6h9wKB5Ago8Tfj,Temporal,3,3
MargusJeV9bkePFLWbbzRNsMVo3Re6h9wKB5Ago8Tfj,landX,18,18
MargusJeV9bkePFLWbbzRNsMVo3Re6h9wKB5Ago8Tfj,stellium,21,21
MicoB9cA9R6jsicdhzWFjwd9HMkV8FA4o3WxYU6Z2yz,(none),345,0
MicoB9cA9R6jsicdhzWFjwd9HMkV8FA4o3WxYU6Z2yz,0slot,32,32
MicoB9cA9R6jsicdhzWFjwd9HMkV8FA4o3WxYU6Z2yz,AstraLane,28,28
MicoB9cA9R6jsicdhzWFjwd9HMkV8FA4o3WxYU6Z2yz,BloxRoute,1,1
MicoB9cA9R6jsicdhzWFjwd9HMkV8FA4o3WxYU6Z2yz,Falcon,57,57
MicoB9cA9R6jsicdhzWFjwd9HMkV8FA4o3WxYU6Z2yz,Helius,126,126
MicoB9cA9R6jsicdhzWFjwd9HMkV8FA4o3WxYU6Z2yz,Jito,45,45
MicoB9cA9R6jsicdhzWFjwd9HMkV8FA4o3WxYU6Z2yz,Nextblock,12,12
MicoB9cA9R6jsicdhzWFjwd9HMkV8FA4o3WxYU6Z2yz,NodeOne,38,38
MicoB9cA9R6jsicdhzWFjwd9HMkV8FA4o3WxYU6Z2yz,Soyas,4,4
MicoB9cA9R6jsicdhzWFjwd9HMkV8FA4o3WxYU6Z2yz,Stellium,56,56
MicoB9cA9R6jsicdhzWFjwd9HMkV8FA4o3WxYU6Z2yz,Temporal,28,28
MicoB9cA9R6jsicdhzWFjwd9HMkV8FA4o3WxYU6Z2yz,blockRazor,1,1
MicoB9cA9R6jsicdhzWFjwd9HMkV8FA4o3WxYU6Z2yz,blockrazor,6,6
MicoB9cA9R6jsicdhzWFjwd9HMkV8FA4o3WxYU6Z2yz,blocksprint,30,30
MicoB9cA9R6jsicdhzWFjwd9HMkV8FA4o3WxYU6Z2yz,bloxroute,10,10
MicoB9cA9R6jsicdhzWFjwd9HMkV8FA4o3WxYU6Z2yz,landX,84,84
MicoB9cA9R6jsicdhzWFjwd9HMkV8FA4o3WxYU6Z2yz,stellium,126,126
MutT1jxCXbRWJXpXoJK259gLrNfzDezdxS3BSkQAmv1,(none),32,0
MutT1jxCXbRWJXpXoJK259gLrNfzDezdxS3BSkQAmv1,0slot,7,7
MutT1jxCXbRWJXpXoJK259gLrNfzDezdxS3BSkQAmv1,AstraLane,7,7
MutT1jxCXbRWJXpXoJK259gLrNfzDezdxS3BSkQAmv1,Helius,4,4
MutT1jxCXbRWJXpXoJK259gLrNfzDezdxS3BSkQAmv1,Jito,7,7
MutT1jxCXbRWJXpXoJK259gLrNfzDezdxS3BSkQAmv1,Moon,1,1
MutT1jxCXbRWJXpXoJK259gLrNfzDezdxS3BSkQAmv1,Nextblock,2,2
MutT1jxCXbRWJXpXoJK259gLrNfzDezdxS3BSkQAmv1,NodeOne,1,1
MutT1jxCXbRWJXpXoJK259gLrNfzDezdxS3BSkQAmv1,Temporal,2,2
MutT1jxCXbRWJXpXoJK259gLrNfzDezdxS3BSkQAmv1,stellium,2,2
Mwz8VgAEnPtfqS62r3ixrFiMJwnNfEwR141CGnsTo5k,(none),286,0
Mwz8VgAEnPtfqS62r3ixrFiMJwnNfEwR141CGnsTo5k,0slot,22,22
Mwz8VgAEnPtfqS62r3ixrFiMJwnNfEwR141CGnsTo5k,AstraLane,90,90
Mwz8VgAEnPtfqS62r3ixrFiMJwnNfEwR141CGnsTo5k,Falcon,13,13
Mwz8VgAEnPtfqS62r3ixrFiMJwnNfEwR141CGnsTo5k,Flashblock,1,1
Mwz8VgAEnPtfqS62r3ixrFiMJwnNfEwR141CGnsTo5k,Helius,197,197
Mwz8VgAEnPtfqS62r3ixrFiMJwnNfEwR141CGnsTo5k,Jito,12,12
Mwz8VgAEnPtfqS62r3ixrFiMJwnNfEwR141CGnsTo5k,Moon,1,1
Mwz8VgAEnPtfqS62r3ixrFiMJwnNfEwR141CGnsTo5k,Nextblock,27,27
Mwz8VgAEnPtfqS62r3ixrFiMJwnNfEwR141CGnsTo5k,NodeOne,22,22
Mwz8VgAEnPtfqS62r3ixrFiMJwnNfEwR141CGnsTo5k,Soyas,1,1
Mwz8VgAEnPtfqS62r3ixrFiMJwnNfEwR141CGnsTo5k,Stellium,33,33
Mwz8VgAEnPtfqS62r3ixrFiMJwnNfEwR141CGnsTo5k,Temporal,64,64
Mwz8VgAEnPtfqS62r3ixrFiMJwnNfEwR141CGnsTo5k,blockrazor,15,15
Mwz8VgAEnPtfqS62r3ixrFiMJwnNfEwR141CGnsTo5k,blocksprint,18,18
Mwz8VgAEnPtfqS62r3ixrFiMJwnNfEwR141CGnsTo5k,landX,110,110
Mwz8VgAEnPtfqS62r3ixrFiMJwnNfEwR141CGnsTo5k,stellium,96,96
N43JWBg42ZoUFMkHsRUVbP7wGVdxaHKanqaF9BBNiFC,(none),436,0
N43JWBg42ZoUFMkHsRUVbP7wGVdxaHKanqaF9BBNiFC,0slot,33,33
N43JWBg42ZoUFMkHsRUVbP7wGVdxaHKanqaF9BBNiFC,AstraLane,52,52
N43JWBg42ZoUFMkHsRUVbP7wGVdxaHKanqaF9BBNiFC,BloxRoute,1,1
N43JWBg42ZoUFMkHsRUVbP7wGVdxaHKanqaF9BBNiFC,Falcon,64,64
N43JWBg42ZoUFMkHsRUVbP7wGVdxaHKanqaF9BBNiFC,Helius,157,157
N43JWBg42ZoUFMkHsRUVbP7wGVdxaHKanqaF9BBNiFC,Jito,55,55
N43JWBg42ZoUFMkHsRUVbP7wGVdxaHKanqaF9BBNiFC,Nextblock,18,18
N43JWBg42ZoUFMkHsRUVbP7wGVdxaHKanqaF9BBNiFC,NodeOne,43,43
N43JWBg42ZoUFMkHsRUVbP7wGVdxaHKanqaF9BBNiFC,Soyas,6,6
N43JWBg42ZoUFMkHsRUVbP7wGVdxaHKanqaF9BBNiFC,Stellium,58,58
N43JWBg42ZoUFMkHsRUVbP7wGVdxaHKanqaF9BBNiFC,Temporal,58,58
N43JWBg42ZoUFMkHsRUVbP7wGVdxaHKanqaF9BBNiFC,blockRazor,2,2
N43JWBg42ZoUFMkHsRUVbP7wGVdxaHKanqaF9BBNiFC,blockrazor,9,9
N43JWBg42ZoUFMkHsRUVbP7wGVdxaHKanqaF9BBNiFC,blocksprint,42,42
N43JWBg42ZoUFMkHsRUVbP7wGVdxaHKanqaF9BBNiFC,bloxroute,37,37
N43JWBg42ZoUFMkHsRUVbP7wGVdxaHKanqaF9BBNiFC,landX,153,153
N43JWBg42ZoUFMkHsRUVbP7wGVdxaHKanqaF9BBNiFC,stellium,222,222
NATsUSZGohWw8xtLdxG4yus21UCkaes4FLfM2eqKbRk,(none),374,0
NATsUSZGohWw8xtLdxG4yus21UCkaes4FLfM2eqKbRk,0slot,36,36
NATsUSZGohWw8xtLdxG4yus21UCkaes4FLfM2eqKbRk,AstraLane,52,52
NATsUSZGohWw8xtLdxG4yus21UCkaes4FLfM2eqKbRk,Astralane,2,2
NATsUSZGohWw8xtLdxG4yus21UCkaes4FLfM2eqKbRk,BloxRoute,2,2
NATsUSZGohWw8xtLdxG4yus21UCkaes4FLfM2eqKbRk,Falcon,129,129
NATsUSZGohWw8xtLdxG4yus21UCkaes4FLfM2eqKbRk,Flashblock,1,1
NATsUSZGohWw8xtLdxG4yus21UCkaes4FLfM2eqKbRk,Helius,155,155
NATsUSZGohWw8xtLdxG4yus21UCkaes4FLfM2eqKbRk,Jito,43,43
NATsUSZGohWw8xtLdxG4yus21UCkaes4FLfM2eqKbRk,Nextblock,25,25
NATsUSZGohWw8xtLdxG4yus21UCkaes4FLfM2eqKbRk,NodeOne,31,31
NATsUSZGohWw8xtLdxG4yus21UCkaes4FLfM2eqKbRk,Soyas,7,7
NATsUSZGohWw8xtLdxG4yus21UCkaes4FLfM2eqKbRk,Stellium,80,80
NATsUSZGohWw8xtLdxG4yus21UCkaes4FLfM2eqKbRk,Temporal,59,59
NATsUSZGohWw8xtLdxG4yus21UCkaes4FLfM2eqKbRk,blockRazor,2,2
NATsUSZGohWw8xtLdxG4yus21UCkaes4FLfM2eqKbRk,blockrazor,10,10
NATsUSZGohWw8xtLdxG4yus21UCkaes4FLfM2eqKbRk,blocksprint,41,41
NATsUSZGohWw8xtLdxG4yus21UCkaes4FLfM2eqKbRk,bloxroute,23,23
NATsUSZGohWw8xtLdxG4yus21UCkaes4FLfM2eqKbRk,landX,135,135
NATsUSZGohWw8xtLdxG4yus21UCkaes4FLfM2eqKbRk,stellium,224,224
NLMSHTjmSiRxGJPs3uaqtsFBC2dTGYwK41U18Nmw5kH,(none),642,0
NLMSHTjmSiRxGJPs3uaqtsFBC2dTGYwK41U18Nmw5kH,0slot,39,39
NLMSHTjmSiRxGJPs3uaqtsFBC2dTGYwK41U18Nmw5kH,AstraLane,108,108
NLMSHTjmSiRxGJPs3uaqtsFBC2dTGYwK41U18Nmw5kH,BloxRoute,3,3
NLMSHTjmSiRxGJPs3uaqtsFBC2dTGYwK41U18Nmw5kH,Falcon,256,256
NLMSHTjmSiRxGJPs3uaqtsFBC2dTGYwK41U18Nmw5kH,Helius,222,222
NLMSHTjmSiRxGJPs3uaqtsFBC2dTGYwK41U18Nmw5kH,Jito,53,53
NLMSHTjmSiRxGJPs3uaqtsFBC2dTGYwK41U18Nmw5kH,Nextblock,44,44
NLMSHTjmSiRxGJPs3uaqtsFBC2dTGYwK41U18Nmw5kH,NodeOne,84,84
NLMSHTjmSiRxGJPs3uaqtsFBC2dTGYwK41U18Nmw5kH,Soyas,7,7
NLMSHTjmSiRxGJPs3uaqtsFBC2dTGYwK41U18Nmw5kH,Stellium,120,120
NLMSHTjmSiRxGJPs3uaqtsFBC2dTGYwK41U18Nmw5kH,Temporal,67,67
NLMSHTjmSiRxGJPs3uaqtsFBC2dTGYwK41U18Nmw5kH,blockRazor,4,4
NLMSHTjmSiRxGJPs3uaqtsFBC2dTGYwK41U18Nmw5kH,blockrazor,19,19
NLMSHTjmSiRxGJPs3uaqtsFBC2dTGYwK41U18Nmw5kH,blocksprint,76,76
NLMSHTjmSiRxGJPs3uaqtsFBC2dTGYwK41U18Nmw5kH,bloxroute,69,69
NLMSHTjmSiRxGJPs3uaqtsFBC2dTGYwK41U18Nmw5kH,landX,225,225
NLMSHTjmSiRxGJPs3uaqtsFBC2dTGYwK41U18Nmw5kH,stellium,417,417
NWY18yrPHsTogTDq78HpB51D7gC5AGRsvJ5pPqSchkH,(none),142,0
NWY18yrPHsTogTDq78HpB51D7gC5AGRsvJ5pPqSchkH,0slot,6,6
NWY18yrPHsTogTDq78HpB51D7gC5AGRsvJ5pPqSchkH,AstraLane,8,8
NWY18yrPHsTogTDq78HpB51D7gC5AGRsvJ5pPqSchkH,BloxRoute,1,1
NWY18yrPHsTogTDq78HpB51D7gC5AGRsvJ5pPqSchkH,Falcon,16,16
NWY18yrPHsTogTDq78HpB51D7gC5AGRsvJ5pPqSchkH,Helius,31,31
NWY18yrPHsTogTDq78HpB51D7gC5AGRsvJ5pPqSchkH,Jito,17,17
NWY18yrPHsTogTDq78HpB51D7gC5AGRsvJ5pPqSchkH,Nextblock,8,8
NWY18yrPHsTogTDq78HpB51D7gC5AGRsvJ5pPqSchkH,NodeOne,26,26
NWY18yrPHsTogTDq78HpB51D7gC5AGRsvJ5pPqSchkH,Soyas,2,2
NWY18yrPHsTogTDq78HpB51D7gC5AGRsvJ5pPqSchkH,Stellium,13,13
NWY18yrPHsTogTDq78HpB51D7gC5AGRsvJ5pPqSchkH,Temporal,11,11
NWY18yrPHsTogTDq78HpB51D7gC5AGRsvJ5pPqSchkH,blockrazor,6,6
NWY18yrPHsTogTDq78HpB51D7gC5AGRsvJ5pPqSchkH,blocksprint,10,10
NWY18yrPHsTogTDq78HpB51D7gC5AGRsvJ5pPqSchkH,bloxroute,4,4
NWY18yrPHsTogTDq78HpB51D7gC5AGRsvJ5pPqSchkH,landX,31,31
NWY18yrPHsTogTDq78HpB51D7gC5AGRsvJ5pPqSchkH,stellium,42,42
NdMV1C3XMCRqSBwBtNmoUNnKctYh95Ug4xb6FSTcAWr,(none),553,0
NdMV1C3XMCRqSBwBtNmoUNnKctYh95Ug4xb6FSTcAWr,0slot,55,55
NdMV1C3XMCRqSBwBtNmoUNnKctYh95Ug4xb6FSTcAWr,AstraLane,67,67
NdMV1C3XMCRqSBwBtNmoUNnKctYh95Ug4xb6FSTcAWr,BloxRoute,2,2
NdMV1C3XMCRqSBwBtNmoUNnKctYh95Ug4xb6FSTcAWr,Falcon,143,143
NdMV1C3XMCRqSBwBtNmoUNnKctYh95Ug4xb6FSTcAWr,Helius,188,188
NdMV1C3XMCRqSBwBtNmoUNnKctYh95Ug4xb6FSTcAWr,Jito,71,71
NdMV1C3XMCRqSBwBtNmoUNnKctYh95Ug4xb6FSTcAWr,Nextblock,35,35
NdMV1C3XMCRqSBwBtNmoUNnKctYh95Ug4xb6FSTcAWr,NodeOne,85,85
NdMV1C3XMCRqSBwBtNmoUNnKctYh95Ug4xb6FSTcAWr,Soyas,5,5
NdMV1C3XMCRqSBwBtNmoUNnKctYh95Ug4xb6FSTcAWr,Stellium,75,75
NdMV1C3XMCRqSBwBtNmoUNnKctYh95Ug4xb6FSTcAWr,Temporal,59,59
NdMV1C3XMCRqSBwBtNmoUNnKctYh95Ug4xb6FSTcAWr,blockRazor,3,3
NdMV1C3XMCRqSBwBtNmoUNnKctYh95Ug4xb6FSTcAWr,blockrazor,17,17
NdMV1C3XMCRqSBwBtNmoUNnKctYh95Ug4xb6FSTcAWr,blocksprint,57,57
NdMV1C3XMCRqSBwBtNmoUNnKctYh95Ug4xb6FSTcAWr,bloxroute,24,24
NdMV1C3XMCRqSBwBtNmoUNnKctYh95Ug4xb6FSTcAWr,landX,176,176
NdMV1C3XMCRqSBwBtNmoUNnKctYh95Ug4xb6FSTcAWr,stellium,283,283
Ninja1spj6n9t5hVYgF3PdnYz2PLnkt7rvaw3firmjs,(none),4356,0
Ninja1spj6n9t5hVYgF3PdnYz2PLnkt7rvaw3firmjs,0slot,601,601
Ninja1spj6n9t5hVYgF3PdnYz2PLnkt7rvaw3firmjs,AstraLane,979,979
Ninja1spj6n9t5hVYgF3PdnYz2PLnkt7rvaw3firmjs,Astralane,3,3
Ninja1spj6n9t5hVYgF3PdnYz2PLnkt7rvaw3firmjs,BloxRoute,20,20
Ninja1spj6n9t5hVYgF3PdnYz2PLnkt7rvaw3firmjs,Falcon,456,456
Ninja1spj6n9t5hVYgF3PdnYz2PLnkt7rvaw3firmjs,Flashblock,1,1
Ninja1spj6n9t5hVYgF3PdnYz2PLnkt7rvaw3firmjs,Helius,2473,2473
Ninja1spj6n9t5hVYgF3PdnYz2PLnkt7rvaw3firmjs,Jito,1082,1082
Ninja1spj6n9t5hVYgF3PdnYz2PLnkt7rvaw3firmjs,Moon,2,2
Ninja1spj6n9t5hVYgF3PdnYz2PLnkt7rvaw3firmjs,Nextblock,303,303
Ninja1spj6n9t5hVYgF3PdnYz2PLnkt7rvaw3firmjs,NodeOne,769,769
Ninja1spj6n9t5hVYgF3PdnYz2PLnkt7rvaw3firmjs,Soyas,24,24
Ninja1spj6n9t5hVYgF3PdnYz2PLnkt7rvaw3firmjs,Stellium,805,805
Ninja1spj6n9t5hVYgF3PdnYz2PLnkt7rvaw3firmjs,Temporal,743,743
Ninja1spj6n9t5hVYgF3PdnYz2PLnkt7rvaw3firmjs,blockRazor,41,41
Ninja1spj6n9t5hVYgF3PdnYz2PLnkt7rvaw3firmjs,blockrazor,175,175
Ninja1spj6n9t5hVYgF3PdnYz2PLnkt7rvaw3firmjs,blocksprint,603,603
Ninja1spj6n9t5hVYgF3PdnYz2PLnkt7rvaw3firmjs,bloxroute,482,480
Ninja1spj6n9t5hVYgF3PdnYz2PLnkt7rvaw3firmjs,landX,2536,2536
Ninja1spj6n9t5hVYgF3PdnYz2PLnkt7rvaw3firmjs,stellium,3065,3065
NoditgWLFbgnbPjfHP8QQrjxvuhCayTZWHw9pM4EJpu,(none),62,0
NoditgWLFbgnbPjfHP8QQrjxvuhCayTZWHw9pM4EJpu,0slot,11,11
NoditgWLFbgnbPjfHP8QQrjxvuhCayTZWHw9pM4EJpu,AstraLane,8,8
NoditgWLFbgnbPjfHP8QQrjxvuhCayTZWHw9pM4EJpu,Falcon,13,13
NoditgWLFbgnbPjfHP8QQrjxvuhCayTZWHw9pM4EJpu,Helius,28,28
NoditgWLFbgnbPjfHP8QQrjxvuhCayTZWHw9pM4EJpu,Jito,8,8
NoditgWLFbgnbPjfHP8QQrjxvuhCayTZWHw9pM4EJpu,Nextblock,2,2
NoditgWLFbgnbPjfHP8QQrjxvuhCayTZWHw9pM4EJpu,NodeOne,2,2
NoditgWLFbgnbPjfHP8QQrjxvuhCayTZWHw9pM4EJpu,Stellium,13,13
NoditgWLFbgnbPjfHP8QQrjxvuhCayTZWHw9pM4EJpu,Temporal,10,10
NoditgWLFbgnbPjfHP8QQrjxvuhCayTZWHw9pM4EJpu,blockRazor,1,1
NoditgWLFbgnbPjfHP8QQrjxvuhCayTZWHw9pM4EJpu,blockrazor,2,2
NoditgWLFbgnbPjfHP8QQrjxvuhCayTZWHw9pM4EJpu,blocksprint,15,15
NoditgWLFbgnbPjfHP8QQrjxvuhCayTZWHw9pM4EJpu,landX,16,16
NoditgWLFbgnbPjfHP8QQrjxvuhCayTZWHw9pM4EJpu,stellium,28,28
NordEHiwa6wT5TCjdeWJzpsA7DSmWQPqfSS7m2b6cv3,(none),512,0
NordEHiwa6wT5TCjdeWJzpsA7DSmWQPqfSS7m2b6cv3,0slot,42,42
NordEHiwa6wT5TCjdeWJzpsA7DSmWQPqfSS7m2b6cv3,AstraLane,54,54
NordEHiwa6wT5TCjdeWJzpsA7DSmWQPqfSS7m2b6cv3,BloxRoute,1,1
NordEHiwa6wT5TCjdeWJzpsA7DSmWQPqfSS7m2b6cv3,Falcon,116,116
NordEHiwa6wT5TCjdeWJzpsA7DSmWQPqfSS7m2b6cv3,Flashblock,3,3
NordEHiwa6wT5TCjdeWJzpsA7DSmWQPqfSS7m2b6cv3,Helius,152,152
NordEHiwa6wT5TCjdeWJzpsA7DSmWQPqfSS7m2b6cv3,Jito,52,52
NordEHiwa6wT5TCjdeWJzpsA7DSmWQPqfSS7m2b6cv3,Nextblock,15,15
NordEHiwa6wT5TCjdeWJzpsA7DSmWQPqfSS7m2b6cv3,NodeOne,56,56
NordEHiwa6wT5TCjdeWJzpsA7DSmWQPqfSS7m2b6cv3,Soyas,9,9
NordEHiwa6wT5TCjdeWJzpsA7DSmWQPqfSS7m2b6cv3,Stellium,58,58
NordEHiwa6wT5TCjdeWJzpsA7DSmWQPqfSS7m2b6cv3,Temporal,56,56
NordEHiwa6wT5TCjdeWJzpsA7DSmWQPqfSS7m2b6cv3,blockRazor,1,1
NordEHiwa6wT5TCjdeWJzpsA7DSmWQPqfSS7m2b6cv3,blockrazor,8,8
NordEHiwa6wT5TCjdeWJzpsA7DSmWQPqfSS7m2b6cv3,blocksprint,34,34
NordEHiwa6wT5TCjdeWJzpsA7DSmWQPqfSS7m2b6cv3,bloxroute,36,36
NordEHiwa6wT5TCjdeWJzpsA7DSmWQPqfSS7m2b6cv3,landX,130,130
NordEHiwa6wT5TCjdeWJzpsA7DSmWQPqfSS7m2b6cv3,stellium,197,197
PAD9aPiKJGcbGxuVLbc8o4Vf65GPq3fJQ7PkHWuX6a8,(none),720,0
PAD9aPiKJGcbGxuVLbc8o4Vf65GPq3fJQ7PkHWuX6a8,0slot,58,58
PAD9aPiKJGcbGxuVLbc8o4Vf65GPq3fJQ7PkHWuX6a8,AstraLane,50,50
PAD9aPiKJGcbGxuVLbc8o4Vf65GPq3fJQ7PkHWuX6a8,Astralane,1,1
PAD9aPiKJGcbGxuVLbc8o4Vf65GPq3fJQ7PkHWuX6a8,BloxRoute,2,2
PAD9aPiKJGcbGxuVLbc8o4Vf65GPq3fJQ7PkHWuX6a8,Falcon,117,117
PAD9aPiKJGcbGxuVLbc8o4Vf65GPq3fJQ7PkHWuX6a8,Helius,246,246
PAD9aPiKJGcbGxuVLbc8o4Vf65GPq3fJQ7PkHWuX6a8,Jito,54,54
PAD9aPiKJGcbGxuVLbc8o4Vf65GPq3fJQ7PkHWuX6a8,Nextblock,15,15
PAD9aPiKJGcbGxuVLbc8o4Vf65GPq3fJQ7PkHWuX6a8,NodeOne,61,61
PAD9aPiKJGcbGxuVLbc8o4Vf65GPq3fJQ7PkHWuX6a8,Soyas,3,3
PAD9aPiKJGcbGxuVLbc8o4Vf65GPq3fJQ7PkHWuX6a8,Stellium,70,70
PAD9aPiKJGcbGxuVLbc8o4Vf65GPq3fJQ7PkHWuX6a8,Temporal,49,49
PAD9aPiKJGcbGxuVLbc8o4Vf65GPq3fJQ7PkHWuX6a8,blockRazor,3,3
PAD9aPiKJGcbGxuVLbc8o4Vf65GPq3fJQ7PkHWuX6a8,blockrazor,9,9
PAD9aPiKJGcbGxuVLbc8o4Vf65GPq3fJQ7PkHWuX6a8,blocksprint,61,61
PAD9aPiKJGcbGxuVLbc8o4Vf65GPq3fJQ7PkHWuX6a8,bloxroute,28,28
PAD9aPiKJGcbGxuVLbc8o4Vf65GPq3fJQ7PkHWuX6a8,landX,168,168
PAD9aPiKJGcbGxuVLbc8o4Vf65GPq3fJQ7PkHWuX6a8,stellium,237,237
PAWsME7oYbjt5TRNc11mBa33JhKnQr9AYherdr9YAZ6,(none),661,0
PAWsME7oYbjt5TRNc11mBa33JhKnQr9AYherdr9YAZ6,0slot,53,53
PAWsME7oYbjt5TRNc11mBa33JhKnQr9AYherdr9YAZ6,AstraLane,80,80
PAWsME7oYbjt5TRNc11mBa33JhKnQr9AYherdr9YAZ6,BloxRoute,2,2
PAWsME7oYbjt5TRNc11mBa33JhKnQr9AYherdr9YAZ6,Falcon,164,164
PAWsME7oYbjt5TRNc11mBa33JhKnQr9AYherdr9YAZ6,Helius,268,268
PAWsME7oYbjt5TRNc11mBa33JhKnQr9AYherdr9YAZ6,Jito,92,92
PAWsME7oYbjt5TRNc11mBa33JhKnQr9AYherdr9YAZ6,Moon,1,1
PAWsME7oYbjt5TRNc11mBa33JhKnQr9AYherdr9YAZ6,Nextblock,38,38
PAWsME7oYbjt5TRNc11mBa33JhKnQr9AYherdr9YAZ6,NodeOne,80,80
PAWsME7oYbjt5TRNc11mBa33JhKnQr9AYherdr9YAZ6,Soyas,8,8
PAWsME7oYbjt5TRNc11mBa33JhKnQr9AYherdr9YAZ6,Stellium,122,122
PAWsME7oYbjt5TRNc11mBa33JhKnQr9AYherdr9YAZ6,Temporal,78,77
PAWsME7oYbjt5TRNc11mBa33JhKnQr9AYherdr9YAZ6,blockRazor,3,3
PAWsME7oYbjt5TRNc11mBa33JhKnQr9AYherdr9YAZ6,blockrazor,24,24
PAWsME7oYbjt5TRNc11mBa33JhKnQr9AYherdr9YAZ6,blocksprint,61,61
PAWsME7oYbjt5TRNc11mBa33JhKnQr9AYherdr9YAZ6,bloxroute,50,50
PAWsME7oYbjt5TRNc11mBa33JhKnQr9AYherdr9YAZ6,landX,201,201
PAWsME7oYbjt5TRNc11mBa33JhKnQr9AYherdr9YAZ6,stellium,354,354
PKdLMugp1Mf88Ji1GkdqRDBewaUh2cqg79CBEo6eJoQ,(none),1038,0
PKdLMugp1Mf88Ji1GkdqRDBewaUh2cqg79CBEo6eJoQ,0slot,95,95
PKdLMugp1Mf88Ji1GkdqRDBewaUh2cqg79CBEo6eJoQ,AstraLane,127,127
PKdLMugp1Mf88Ji1GkdqRDBewaUh2cqg79CBEo6eJoQ,BloxRoute,1,1
PKdLMugp1Mf88Ji1GkdqRDBewaUh2cqg79CBEo6eJoQ,Falcon,177,177
PKdLMugp1Mf88Ji1GkdqRDBewaUh2cqg79CBEo6eJoQ,Flashblock,4,4
PKdLMugp1Mf88Ji1GkdqRDBewaUh2cqg79CBEo6eJoQ,Helius,243,243
PKdLMugp1Mf88Ji1GkdqRDBewaUh2cqg79CBEo6eJoQ,Jito,48,48
PKdLMugp1Mf88Ji1GkdqRDBewaUh2cqg79CBEo6eJoQ,Nextblock,34,34
PKdLMugp1Mf88Ji1GkdqRDBewaUh2cqg79CBEo6eJoQ,NodeOne,59,59
PKdLMugp1Mf88Ji1GkdqRDBewaUh2cqg79CBEo6eJoQ,Soyas,3,3
PKdLMugp1Mf88Ji1GkdqRDBewaUh2cqg79CBEo6eJoQ,Stellium,215,215
PKdLMugp1Mf88Ji1GkdqRDBewaUh2cqg79CBEo6eJoQ,Temporal,88,88
PKdLMugp1Mf88Ji1GkdqRDBewaUh2cqg79CBEo6eJoQ,blockrazor,15,15
PKdLMugp1Mf88Ji1GkdqRDBewaUh2cqg79CBEo6eJoQ,blocksprint,85,85
PKdLMugp1Mf88Ji1GkdqRDBewaUh2cqg79CBEo6eJoQ,bloxroute,13,13
PKdLMugp1Mf88Ji1GkdqRDBewaUh2cqg79CBEo6eJoQ,landX,282,282
PKdLMugp1Mf88Ji1GkdqRDBewaUh2cqg79CBEo6eJoQ,stellium,582,582
PRGNnb8DxVcP2WjSHfVRGgc8SkA5u6dbMwoTVV1BGKN,(none),1244,0
PRGNnb8DxVcP2WjSHfVRGgc8SkA5u6dbMwoTVV1BGKN,0slot,105,105
PRGNnb8DxVcP2WjSHfVRGgc8SkA5u6dbMwoTVV1BGKN,AstraLane,146,146
PRGNnb8DxVcP2WjSHfVRGgc8SkA5u6dbMwoTVV1BGKN,Astralane,1,1
PRGNnb8DxVcP2WjSHfVRGgc8SkA5u6dbMwoTVV1BGKN,BloxRoute,3,3
PRGNnb8DxVcP2WjSHfVRGgc8SkA5u6dbMwoTVV1BGKN,Falcon,363,363
PRGNnb8DxVcP2WjSHfVRGgc8SkA5u6dbMwoTVV1BGKN,Flashblock,2,2
PRGNnb8DxVcP2WjSHfVRGgc8SkA5u6dbMwoTVV1BGKN,Helius,451,451
PRGNnb8DxVcP2WjSHfVRGgc8SkA5u6dbMwoTVV1BGKN,Jito,126,126
PRGNnb8DxVcP2WjSHfVRGgc8SkA5u6dbMwoTVV1BGKN,Moon,1,1
PRGNnb8DxVcP2WjSHfVRGgc8SkA5u6dbMwoTVV1BGKN,Nextblock,40,40
PRGNnb8DxVcP2WjSHfVRGgc8SkA5u6dbMwoTVV1BGKN,NodeOne,132,132
PRGNnb8DxVcP2WjSHfVRGgc8SkA5u6dbMwoTVV1BGKN,Soyas,8,8
PRGNnb8DxVcP2WjSHfVRGgc8SkA5u6dbMwoTVV1BGKN,Stellium,226,226
PRGNnb8DxVcP2WjSHfVRGgc8SkA5u6dbMwoTVV1BGKN,Temporal,140,140
PRGNnb8DxVcP2WjSHfVRGgc8SkA5u6dbMwoTVV1BGKN,blockRazor,4,4
PRGNnb8DxVcP2WjSHfVRGgc8SkA5u6dbMwoTVV1BGKN,blockrazor,31,31
PRGNnb8DxVcP2WjSHfVRGgc8SkA5u6dbMwoTVV1BGKN,blocksprint,123,123
PRGNnb8DxVcP2WjSHfVRGgc8SkA5u6dbMwoTVV1BGKN,bloxroute,54,54
PRGNnb8DxVcP2WjSHfVRGgc8SkA5u6dbMwoTVV1BGKN,landX,342,342
PRGNnb8DxVcP2WjSHfVRGgc8SkA5u6dbMwoTVV1BGKN,stellium,704,704
PUmpKiNnSVAZ3w4KaFX6jKSjXUNHFShGkXbERo54xjb,(none),4669,0
PUmpKiNnSVAZ3w4KaFX6jKSjXUNHFShGkXbERo54xjb,0slot,424,424
PUmpKiNnSVAZ3w4KaFX6jKSjXUNHFShGkXbERo54xjb,AstraLane,755,755
PUmpKiNnSVAZ3w4KaFX6jKSjXUNHFShGkXbERo54xjb,Astralane,1,1
PUmpKiNnSVAZ3w4KaFX6jKSjXUNHFShGkXbERo54xjb,BloxRoute,22,22
PUmpKiNnSVAZ3w4KaFX6jKSjXUNHFShGkXbERo54xjb,Falcon,1046,1046
PUmpKiNnSVAZ3w4KaFX6jKSjXUNHFShGkXbERo54xjb,Flashblock,12,12
PUmpKiNnSVAZ3w4KaFX6jKSjXUNHFShGkXbERo54xjb,Helius,1844,1844
PUmpKiNnSVAZ3w4KaFX6jKSjXUNHFShGkXbERo54xjb,Jito,543,541
PUmpKiNnSVAZ3w4KaFX6jKSjXUNHFShGkXbERo54xjb,Moon,1,1
PUmpKiNnSVAZ3w4KaFX6jKSjXUNHFShGkXbERo54xjb,Nextblock,252,252
PUmpKiNnSVAZ3w4KaFX6jKSjXUNHFShGkXbERo54xjb,NodeOne,447,447
PUmpKiNnSVAZ3w4KaFX6jKSjXUNHFShGkXbERo54xjb,Soyas,43,43
PUmpKiNnSVAZ3w4KaFX6jKSjXUNHFShGkXbERo54xjb,Stellium,773,773
PUmpKiNnSVAZ3w4KaFX6jKSjXUNHFShGkXbERo54xjb,Temporal,750,749
PUmpKiNnSVAZ3w4KaFX6jKSjXUNHFShGkXbERo54xjb,blockRazor,25,25
PUmpKiNnSVAZ3w4KaFX6jKSjXUNHFShGkXbERo54xjb,blockrazor,111,111
PUmpKiNnSVAZ3w4KaFX6jKSjXUNHFShGkXbERo54xjb,blocksprint,463,463
PUmpKiNnSVAZ3w4KaFX6jKSjXUNHFShGkXbERo54xjb,bloxroute,231,231
PUmpKiNnSVAZ3w4KaFX6jKSjXUNHFShGkXbERo54xjb,landX,1390,1390
PUmpKiNnSVAZ3w4KaFX6jKSjXUNHFShGkXbERo54xjb,stellium,2506,2506
Pid6HQnMCFb9izqX9i7X6ePdUPieGmjHoPxC1Jfooix,(none),1059,0
Pid6HQnMCFb9izqX9i7X6ePdUPieGmjHoPxC1Jfooix,0slot,107,107
Pid6HQnMCFb9izqX9i7X6ePdUPieGmjHoPxC1Jfooix,AstraLane,114,114
Pid6HQnMCFb9izqX9i7X6ePdUPieGmjHoPxC1Jfooix,BloxRoute,1,1
Pid6HQnMCFb9izqX9i7X6ePdUPieGmjHoPxC1Jfooix,Falcon,289,289
Pid6HQnMCFb9izqX9i7X6ePdUPieGmjHoPxC1Jfooix,Helius,381,381
Pid6HQnMCFb9izqX9i7X6ePdUPieGmjHoPxC1Jfooix,Jito,62,62
Pid6HQnMCFb9izqX9i7X6ePdUPieGmjHoPxC1Jfooix,Nextblock,38,38
Pid6HQnMCFb9izqX9i7X6ePdUPieGmjHoPxC1Jfooix,NodeOne,81,81
Pid6HQnMCFb9izqX9i7X6ePdUPieGmjHoPxC1Jfooix,Soyas,103,103
Pid6HQnMCFb9izqX9i7X6ePdUPieGmjHoPxC1Jfooix,Stellium,179,179
Pid6HQnMCFb9izqX9i7X6ePdUPieGmjHoPxC1Jfooix,Temporal,65,65
Pid6HQnMCFb9izqX9i7X6ePdUPieGmjHoPxC1Jfooix,blockRazor,6,6
Pid6HQnMCFb9izqX9i7X6ePdUPieGmjHoPxC1Jfooix,blockrazor,18,18
Pid6HQnMCFb9izqX9i7X6ePdUPieGmjHoPxC1Jfooix,blocksprint,101,101
Pid6HQnMCFb9izqX9i7X6ePdUPieGmjHoPxC1Jfooix,bloxroute,45,45
Pid6HQnMCFb9izqX9i7X6ePdUPieGmjHoPxC1Jfooix,landX,419,419
Pid6HQnMCFb9izqX9i7X6ePdUPieGmjHoPxC1Jfooix,stellium,662,662
PoN1E3VyqwqoGQEhC8ExpkRKTuyhxtGLnHHH3DwbgTU,(none),22,0
PoN1E3VyqwqoGQEhC8ExpkRKTuyhxtGLnHHH3DwbgTU,AstraLane,1,1
PoN1E3VyqwqoGQEhC8ExpkRKTuyhxtGLnHHH3DwbgTU,Helius,2,2
PoN1E3VyqwqoGQEhC8ExpkRKTuyhxtGLnHHH3DwbgTU,Jito,5,5
PoN1E3VyqwqoGQEhC8ExpkRKTuyhxtGLnHHH3DwbgTU,Temporal,3,3
PoN1E3VyqwqoGQEhC8ExpkRKTuyhxtGLnHHH3DwbgTU,blocksprint,1,1
PuRposE4utktenW49N8DCtVzdVEwYrmsrroboEUram4,(none),359,0
PuRposE4utktenW49N8DCtVzdVEwYrmsrroboEUram4,0slot,15,15
PuRposE4utktenW49N8DCtVzdVEwYrmsrroboEUram4,AstraLane,36,36
PuRposE4utktenW49N8DCtVzdVEwYrmsrroboEUram4,Falcon,146,146
PuRposE4utktenW49N8DCtVzdVEwYrmsrroboEUram4,Helius,92,92
PuRposE4utktenW49N8DCtVzdVEwYrmsrroboEUram4,Jito,3,3
PuRposE4utktenW49N8DCtVzdVEwYrmsrroboEUram4,Nextblock,21,21
PuRposE4utktenW49N8DCtVzdVEwYrmsrroboEUram4,NodeOne,16,16
PuRposE4utktenW49N8DCtVzdVEwYrmsrroboEUram4,Soyas,7,7
PuRposE4utktenW49N8DCtVzdVEwYrmsrroboEUram4,Stellium,71,71
PuRposE4utktenW49N8DCtVzdVEwYrmsrroboEUram4,Temporal,41,41
PuRposE4utktenW49N8DCtVzdVEwYrmsrroboEUram4,blockRazor,2,2
PuRposE4utktenW49N8DCtVzdVEwYrmsrroboEUram4,blockrazor,7,7
PuRposE4utktenW49N8DCtVzdVEwYrmsrroboEUram4,blocksprint,38,38
PuRposE4utktenW49N8DCtVzdVEwYrmsrroboEUram4,bloxroute,1,1
PuRposE4utktenW49N8DCtVzdVEwYrmsrroboEUram4,landX,181,181
PuRposE4utktenW49N8DCtVzdVEwYrmsrroboEUram4,stellium,319,319
R2D2imoV8nXk1ngT9v4dEK65We4uLNyUarTBdWbFruq,(none),221,0
R2D2imoV8nXk1ngT9v4dEK65We4uLNyUarTBdWbFruq,0slot,42,42
R2D2imoV8nXk1ngT9v4dEK65We4uLNyUarTBdWbFruq,AstraLane,26,26
R2D2imoV8nXk1ngT9v4dEK65We4uLNyUarTBdWbFruq,BloxRoute,1,1
R2D2imoV8nXk1ngT9v4dEK65We4uLNyUarTBdWbFruq,Falcon,56,56
R2D2imoV8nXk1ngT9v4dEK65We4uLNyUarTBdWbFruq,Flashblock,1,1
R2D2imoV8nXk1ngT9v4dEK65We4uLNyUarTBdWbFruq,Helius,94,94
R2D2imoV8nXk1ngT9v4dEK65We4uLNyUarTBdWbFruq,Jito,39,39
R2D2imoV8nXk1ngT9v4dEK65We4uLNyUarTBdWbFruq,Nextblock,5,5
R2D2imoV8nXk1ngT9v4dEK65We4uLNyUarTBdWbFruq,NodeOne,37,37
R2D2imoV8nXk1ngT9v4dEK65We4uLNyUarTBdWbFruq,Soyas,1,1
R2D2imoV8nXk1ngT9v4dEK65We4uLNyUarTBdWbFruq,Stellium,38,38
R2D2imoV8nXk1ngT9v4dEK65We4uLNyUarTBdWbFruq,Temporal,42,42
R2D2imoV8nXk1ngT9v4dEK65We4uLNyUarTBdWbFruq,blockrazor,4,4
R2D2imoV8nXk1ngT9v4dEK65We4uLNyUarTBdWbFruq,blocksprint,15,15
R2D2imoV8nXk1ngT9v4dEK65We4uLNyUarTBdWbFruq,bloxroute,16,16
R2D2imoV8nXk1ngT9v4dEK65We4uLNyUarTBdWbFruq,landX,35,35
R2D2imoV8nXk1ngT9v4dEK65We4uLNyUarTBdWbFruq,stellium,91,91
RAuSNo4DRjo83uGhdgg4fPqYBVszi1KsrQGpqcPHK1D,(none),429,0
RAuSNo4DRjo83uGhdgg4fPqYBVszi1KsrQGpqcPHK1D,0slot,38,38
RAuSNo4DRjo83uGhdgg4fPqYBVszi1KsrQGpqcPHK1D,AstraLane,53,53
RAuSNo4DRjo83uGhdgg4fPqYBVszi1KsrQGpqcPHK1D,Falcon,64,64
RAuSNo4DRjo83uGhdgg4fPqYBVszi1KsrQGpqcPHK1D,Flashblock,2,2
RAuSNo4DRjo83uGhdgg4fPqYBVszi1KsrQGpqcPHK1D,Helius,175,175
RAuSNo4DRjo83uGhdgg4fPqYBVszi1KsrQGpqcPHK1D,Jito,57,57
RAuSNo4DRjo83uGhdgg4fPqYBVszi1KsrQGpqcPHK1D,Nextblock,15,15
RAuSNo4DRjo83uGhdgg4fPqYBVszi1KsrQGpqcPHK1D,NodeOne,40,40
RAuSNo4DRjo83uGhdgg4fPqYBVszi1KsrQGpqcPHK1D,Soyas,2,2
RAuSNo4DRjo83uGhdgg4fPqYBVszi1KsrQGpqcPHK1D,Stellium,74,74
RAuSNo4DRjo83uGhdgg4fPqYBVszi1KsrQGpqcPHK1D,Temporal,48,48
RAuSNo4DRjo83uGhdgg4fPqYBVszi1KsrQGpqcPHK1D,blockRazor,1,1
RAuSNo4DRjo83uGhdgg4fPqYBVszi1KsrQGpqcPHK1D,blockrazor,8,8
RAuSNo4DRjo83uGhdgg4fPqYBVszi1KsrQGpqcPHK1D,blocksprint,42,42
RAuSNo4DRjo83uGhdgg4fPqYBVszi1KsrQGpqcPHK1D,bloxroute,16,16
RAuSNo4DRjo83uGhdgg4fPqYBVszi1KsrQGpqcPHK1D,landX,118,118
RAuSNo4DRjo83uGhdgg4fPqYBVszi1KsrQGpqcPHK1D,stellium,213,213
RBFiUqjYuy4mupzZaU96ctXJBy23sRBRsL3KivDAsFM,(none),2561,0
RBFiUqjYuy4mupzZaU96ctXJBy23sRBRsL3KivDAsFM,0slot,233,233
RBFiUqjYuy4mupzZaU96ctXJBy23sRBRsL3KivDAsFM,AstraLane,244,244
RBFiUqjYuy4mupzZaU96ctXJBy23sRBRsL3KivDAsFM,BloxRoute,5,5
RBFiUqjYuy4mupzZaU96ctXJBy23sRBRsL3KivDAsFM,Falcon,581,581
RBFiUqjYuy4mupzZaU96ctXJBy23sRBRsL3KivDAsFM,Flashblock,4,4
RBFiUqjYuy4mupzZaU96ctXJBy23sRBRsL3KivDAsFM,Helius,869,869
RBFiUqjYuy4mupzZaU96ctXJBy23sRBRsL3KivDAsFM,Jito,335,335
RBFiUqjYuy4mupzZaU96ctXJBy23sRBRsL3KivDAsFM,Moon,2,2
RBFiUqjYuy4mupzZaU96ctXJBy23sRBRsL3KivDAsFM,Nextblock,110,110
RBFiUqjYuy4mupzZaU96ctXJBy23sRBRsL3KivDAsFM,NodeOne,224,224
RBFiUqjYuy4mupzZaU96ctXJBy23sRBRsL3KivDAsFM,Soyas,21,21
RBFiUqjYuy4mupzZaU96ctXJBy23sRBRsL3KivDAsFM,Stellium,419,419
RBFiUqjYuy4mupzZaU96ctXJBy23sRBRsL3KivDAsFM,Temporal,289,288
RBFiUqjYuy4mupzZaU96ctXJBy23sRBRsL3KivDAsFM,blockRazor,8,8
RBFiUqjYuy4mupzZaU96ctXJBy23sRBRsL3KivDAsFM,blockrazor,58,58
RBFiUqjYuy4mupzZaU96ctXJBy23sRBRsL3KivDAsFM,blocksprint,228,228
RBFiUqjYuy4mupzZaU96ctXJBy23sRBRsL3KivDAsFM,bloxroute,111,111
RBFiUqjYuy4mupzZaU96ctXJBy23sRBRsL3KivDAsFM,landX,667,667
RBFiUqjYuy4mupzZaU96ctXJBy23sRBRsL3KivDAsFM,stellium,1217,1217
REA1zKzM5WjDEcpB27Zx2Rk16foNPtLGTETy93LLgNw,(none),171,0
REA1zKzM5WjDEcpB27Zx2Rk16foNPtLGTETy93LLgNw,0slot,17,17
REA1zKzM5WjDEcpB27Zx2Rk16foNPtLGTETy93LLgNw,AstraLane,24,24
REA1zKzM5WjDEcpB27Zx2Rk16foNPtLGTETy93LLgNw,Falcon,9,9
REA1zKzM5WjDEcpB27Zx2Rk16foNPtLGTETy93LLgNw,Flashblock,1,1
REA1zKzM5WjDEcpB27Zx2Rk16foNPtLGTETy93LLgNw,Helius,44,44
REA1zKzM5WjDEcpB27Zx2Rk16foNPtLGTETy93LLgNw,Jito,46,46
REA1zKzM5WjDEcpB27Zx2Rk16foNPtLGTETy93LLgNw,Nextblock,3,3
REA1zKzM5WjDEcpB27Zx2Rk16foNPtLGTETy93LLgNw,NodeOne,16,16
REA1zKzM5WjDEcpB27Zx2Rk16foNPtLGTETy93LLgNw,Stellium,10,10
REA1zKzM5WjDEcpB27Zx2Rk16foNPtLGTETy93LLgNw,Temporal,21,21
REA1zKzM5WjDEcpB27Zx2Rk16foNPtLGTETy93LLgNw,blockrazor,2,2
REA1zKzM5WjDEcpB27Zx2Rk16foNPtLGTETy93LLgNw,blocksprint,7,7
REA1zKzM5WjDEcpB27Zx2Rk16foNPtLGTETy93LLgNw,bloxroute,8,8
REA1zKzM5WjDEcpB27Zx2Rk16foNPtLGTETy93LLgNw,landX,82,82
REA1zKzM5WjDEcpB27Zx2Rk16foNPtLGTETy93LLgNw,stellium,59,59
RLMS1pv3YKi7CSUCKTNcFN5fFkXJc2SmCwPhbQpqZJo,(none),557,0
RLMS1pv3YKi7CSUCKTNcFN5fFkXJc2SmCwPhbQpqZJo,0slot,54,54
RLMS1pv3YKi7CSUCKTNcFN5fFkXJc2SmCwPhbQpqZJo,AstraLane,106,106
RLMS1pv3YKi7CSUCKTNcFN5fFkXJc2SmCwPhbQpqZJo,BloxRoute,2,2
RLMS1pv3YKi7CSUCKTNcFN5fFkXJc2SmCwPhbQpqZJo,Falcon,142,142
RLMS1pv3YKi7CSUCKTNcFN5fFkXJc2SmCwPhbQpqZJo,Flashblock,1,1
RLMS1pv3YKi7CSUCKTNcFN5fFkXJc2SmCwPhbQpqZJo,Helius,267,267
RLMS1pv3YKi7CSUCKTNcFN5fFkXJc2SmCwPhbQpqZJo,Jito,72,72
RLMS1pv3YKi7CSUCKTNcFN5fFkXJc2SmCwPhbQpqZJo,Nextblock,45,45
RLMS1pv3YKi7CSUCKTNcFN5fFkXJc2SmCwPhbQpqZJo,NodeOne,50,50
RLMS1pv3YKi7CSUCKTNcFN5fFkXJc2SmCwPhbQpqZJo,Soyas,12,12
RLMS1pv3YKi7CSUCKTNcFN5fFkXJc2SmCwPhbQpqZJo,Stellium,125,125
RLMS1pv3YKi7CSUCKTNcFN5fFkXJc2SmCwPhbQpqZJo,Temporal,76,76
RLMS1pv3YKi7CSUCKTNcFN5fFkXJc2SmCwPhbQpqZJo,blockRazor,5,5
RLMS1pv3YKi7CSUCKTNcFN5fFkXJc2SmCwPhbQpqZJo,blockrazor,20,20
RLMS1pv3YKi7CSUCKTNcFN5fFkXJc2SmCwPhbQpqZJo,blocksprint,65,65
RLMS1pv3YKi7CSUCKTNcFN5fFkXJc2SmCwPhbQpqZJo,bloxroute,47,47
RLMS1pv3YKi7CSUCKTNcFN5fFkXJc2SmCwPhbQpqZJo,landX,204,204
RLMS1pv3YKi7CSUCKTNcFN5fFkXJc2SmCwPhbQpqZJo,stellium,369,369
RNXnAJV1DeBt6Lytjz4wYzvS3d6bhsfidS5Np4ovwZz,(none),3259,0
RNXnAJV1DeBt6Lytjz4wYzvS3d6bhsfidS5Np4ovwZz,0slot,216,216
RNXnAJV1DeBt6Lytjz4wYzvS3d6bhsfidS5Np4ovwZz,AstraLane,399,399
RNXnAJV1DeBt6Lytjz4wYzvS3d6bhsfidS5Np4ovwZz,BloxRoute,5,5
RNXnAJV1DeBt6Lytjz4wYzvS3d6bhsfidS5Np4ovwZz,Falcon,783,783
RNXnAJV1DeBt6Lytjz4wYzvS3d6bhsfidS5Np4ovwZz,Flashblock,4,4
RNXnAJV1DeBt6Lytjz4wYzvS3d6bhsfidS5Np4ovwZz,Helius,861,861
RNXnAJV1DeBt6Lytjz4wYzvS3d6bhsfidS5Np4ovwZz,Jito,349,349
RNXnAJV1DeBt6Lytjz4wYzvS3d6bhsfidS5Np4ovwZz,Moon,3,3
RNXnAJV1DeBt6Lytjz4wYzvS3d6bhsfidS5Np4ovwZz,Nextblock,128,128
RNXnAJV1DeBt6Lytjz4wYzvS3d6bhsfidS5Np4ovwZz,NodeOne,501,501
RNXnAJV1DeBt6Lytjz4wYzvS3d6bhsfidS5Np4ovwZz,Soyas,29,29
RNXnAJV1DeBt6Lytjz4wYzvS3d6bhsfidS5Np4ovwZz,Stellium,437,437
RNXnAJV1DeBt6Lytjz4wYzvS3d6bhsfidS5Np4ovwZz,Temporal,320,320
RNXnAJV1DeBt6Lytjz4wYzvS3d6bhsfidS5Np4ovwZz,blockRazor,19,19
RNXnAJV1DeBt6Lytjz4wYzvS3d6bhsfidS5Np4ovwZz,blockrazor,80,80
RNXnAJV1DeBt6Lytjz4wYzvS3d6bhsfidS5Np4ovwZz,blocksprint,289,289
RNXnAJV1DeBt6Lytjz4wYzvS3d6bhsfidS5Np4ovwZz,bloxroute,189,188
RNXnAJV1DeBt6Lytjz4wYzvS3d6bhsfidS5Np4ovwZz,landX,835,835
RNXnAJV1DeBt6Lytjz4wYzvS3d6bhsfidS5Np4ovwZz,stellium,1389,1389
Raydiumm3w3a4nGanDBLkUtKxMFooSPmeg9qwUKMsMc,(none),889,0
Raydiumm3w3a4nGanDBLkUtKxMFooSPmeg9qwUKMsMc,0slot,61,61
Raydiumm3w3a4nGanDBLkUtKxMFooSPmeg9qwUKMsMc,AstraLane,127,127
Raydiumm3w3a4nGanDBLkUtKxMFooSPmeg9qwUKMsMc,BloxRoute,2,2
Raydiumm3w3a4nGanDBLkUtKxMFooSPmeg9qwUKMsMc,Falcon,251,251
Raydiumm3w3a4nGanDBLkUtKxMFooSPmeg9qwUKMsMc,Flashblock,1,1
Raydiumm3w3a4nGanDBLkUtKxMFooSPmeg9qwUKMsMc,Helius,326,326
Raydiumm3w3a4nGanDBLkUtKxMFooSPmeg9qwUKMsMc,Jito,73,73
Raydiumm3w3a4nGanDBLkUtKxMFooSPmeg9qwUKMsMc,Nextblock,44,44
Raydiumm3w3a4nGanDBLkUtKxMFooSPmeg9qwUKMsMc,NodeOne,67,67
Raydiumm3w3a4nGanDBLkUtKxMFooSPmeg9qwUKMsMc,Soyas,12,12
Raydiumm3w3a4nGanDBLkUtKxMFooSPmeg9qwUKMsMc,Stellium,164,164
Raydiumm3w3a4nGanDBLkUtKxMFooSPmeg9qwUKMsMc,Temporal,106,106
Raydiumm3w3a4nGanDBLkUtKxMFooSPmeg9qwUKMsMc,blockRazor,7,7
Raydiumm3w3a4nGanDBLkUtKxMFooSPmeg9qwUKMsMc,blockrazor,24,24
Raydiumm3w3a4nGanDBLkUtKxMFooSPmeg9qwUKMsMc,blocksprint,97,97
Raydiumm3w3a4nGanDBLkUtKxMFooSPmeg9qwUKMsMc,bloxroute,86,86
Raydiumm3w3a4nGanDBLkUtKxMFooSPmeg9qwUKMsMc,landX,486,486
Raydiumm3w3a4nGanDBLkUtKxMFooSPmeg9qwUKMsMc,stellium,683,683
ReFiqMfGnc7tW8WQtFFcJRPZSDAWDBnAsdoFYF2QnfR,(none),672,0
ReFiqMfGnc7tW8WQtFFcJRPZSDAWDBnAsdoFYF2QnfR,0slot,115,115
ReFiqMfGnc7tW8WQtFFcJRPZSDAWDBnAsdoFYF2QnfR,AstraLane,216,216
ReFiqMfGnc7tW8WQtFFcJRPZSDAWDBnAsdoFYF2QnfR,BloxRoute,2,2
ReFiqMfGnc7tW8WQtFFcJRPZSDAWDBnAsdoFYF2QnfR,Falcon,246,246
ReFiqMfGnc7tW8WQtFFcJRPZSDAWDBnAsdoFYF2QnfR,Helius,349,349
ReFiqMfGnc7tW8WQtFFcJRPZSDAWDBnAsdoFYF2QnfR,Jito,26,26
ReFiqMfGnc7tW8WQtFFcJRPZSDAWDBnAsdoFYF2QnfR,Nextblock,64,64
ReFiqMfGnc7tW8WQtFFcJRPZSDAWDBnAsdoFYF2QnfR,NodeOne,43,43
ReFiqMfGnc7tW8WQtFFcJRPZSDAWDBnAsdoFYF2QnfR,Soyas,12,12
ReFiqMfGnc7tW8WQtFFcJRPZSDAWDBnAsdoFYF2QnfR,Stellium,123,123
ReFiqMfGnc7tW8WQtFFcJRPZSDAWDBnAsdoFYF2QnfR,Temporal,153,153
ReFiqMfGnc7tW8WQtFFcJRPZSDAWDBnAsdoFYF2QnfR,blockRazor,5,5
ReFiqMfGnc7tW8WQtFFcJRPZSDAWDBnAsdoFYF2QnfR,blockrazor,32,32
ReFiqMfGnc7tW8WQtFFcJRPZSDAWDBnAsdoFYF2QnfR,blocksprint,116,116
ReFiqMfGnc7tW8WQtFFcJRPZSDAWDBnAsdoFYF2QnfR,bloxroute,27,27
ReFiqMfGnc7tW8WQtFFcJRPZSDAWDBnAsdoFYF2QnfR,landX,316,316
ReFiqMfGnc7tW8WQtFFcJRPZSDAWDBnAsdoFYF2QnfR,stellium,492,492
RoYFUUD7QD9aQ34UCMcwfye8dC5YvJeXz2J3mmoy5S4,(none),202,0
RoYFUUD7QD9aQ34UCMcwfye8dC5YvJeXz2J3mmoy5S4,0slot,8,8
RoYFUUD7QD9aQ34UCMcwfye8dC5YvJeXz2J3mmoy5S4,AstraLane,16,16
RoYFUUD7QD9aQ34UCMcwfye8dC5YvJeXz2J3mmoy5S4,Falcon,16,16
RoYFUUD7QD9aQ34UCMcwfye8dC5YvJeXz2J3mmoy5S4,Helius,53,53
RoYFUUD7QD9aQ34UCMcwfye8dC5YvJeXz2J3mmoy5S4,Jito,30,30
RoYFUUD7QD9aQ34UCMcwfye8dC5YvJeXz2J3mmoy5S4,Nextblock,3,3
RoYFUUD7QD9aQ34UCMcwfye8dC5YvJeXz2J3mmoy5S4,NodeOne,20,20
RoYFUUD7QD9aQ34UCMcwfye8dC5YvJeXz2J3mmoy5S4,Stellium,21,21
RoYFUUD7QD9aQ34UCMcwfye8dC5YvJeXz2J3mmoy5S4,Temporal,13,13
RoYFUUD7QD9aQ34UCMcwfye8dC5YvJeXz2J3mmoy5S4,blockrazor,2,2
RoYFUUD7QD9aQ34UCMcwfye8dC5YvJeXz2J3mmoy5S4,blocksprint,10,10
RoYFUUD7QD9aQ34UCMcwfye8dC5YvJeXz2J3mmoy5S4,bloxroute,16,16
RoYFUUD7QD9aQ34UCMcwfye8dC5YvJeXz2J3mmoy5S4,landX,40,40
RoYFUUD7QD9aQ34UCMcwfye8dC5YvJeXz2J3mmoy5S4,stellium,69,69
RoYLttggWwa2st3KAGEjnPhsq4NPD5QwaNVyyR8pTz4,(none),52,0
RoYLttggWwa2st3KAGEjnPhsq4NPD5QwaNVyyR8pTz4,0slot,11,11
RoYLttggWwa2st3KAGEjnPhsq4NPD5QwaNVyyR8pTz4,AstraLane,10,10
RoYLttggWwa2st3KAGEjnPhsq4NPD5QwaNVyyR8pTz4,Falcon,5,5
RoYLttggWwa2st3KAGEjnPhsq4NPD5QwaNVyyR8pTz4,Helius,9,9
RoYLttggWwa2st3KAGEjnPhsq4NPD5QwaNVyyR8pTz4,Jito,9,9
RoYLttggWwa2st3KAGEjnPhsq4NPD5QwaNVyyR8pTz4,NodeOne,1,1
RoYLttggWwa2st3KAGEjnPhsq4NPD5QwaNVyyR8pTz4,Stellium,9,9
RoYLttggWwa2st3KAGEjnPhsq4NPD5QwaNVyyR8pTz4,Temporal,2,2
RoYLttggWwa2st3KAGEjnPhsq4NPD5QwaNVyyR8pTz4,blockrazor,1,1
RoYLttggWwa2st3KAGEjnPhsq4NPD5QwaNVyyR8pTz4,blocksprint,3,3
RoYLttggWwa2st3KAGEjnPhsq4NPD5QwaNVyyR8pTz4,bloxroute,9,9
RoYLttggWwa2st3KAGEjnPhsq4NPD5QwaNVyyR8pTz4,landX,9,9
RoYLttggWwa2st3KAGEjnPhsq4NPD5QwaNVyyR8pTz4,stellium,9,9
SANDCxXBbQhvbUqNtiLqKdFEY1uQhVo1UgUACaS4mXU,(none),125,0
SANDCxXBbQhvbUqNtiLqKdFEY1uQhVo1UgUACaS4mXU,0slot,18,18
SANDCxXBbQhvbUqNtiLqKdFEY1uQhVo1UgUACaS4mXU,AstraLane,14,14
SANDCxXBbQhvbUqNtiLqKdFEY1uQhVo1UgUACaS4mXU,BloxRoute,1,1
SANDCxXBbQhvbUqNtiLqKdFEY1uQhVo1UgUACaS4mXU,Falcon,4,4
SANDCxXBbQhvbUqNtiLqKdFEY1uQhVo1UgUACaS4mXU,Helius,69,69
SANDCxXBbQhvbUqNtiLqKdFEY1uQhVo1UgUACaS4mXU,Jito,36,36
SANDCxXBbQhvbUqNtiLqKdFEY1uQhVo1UgUACaS4mXU,Nextblock,9,9
SANDCxXBbQhvbUqNtiLqKdFEY1uQhVo1UgUACaS4mXU,NodeOne,17,17
SANDCxXBbQhvbUqNtiLqKdFEY1uQhVo1UgUACaS4mXU,Soyas,2,2
SANDCxXBbQhvbUqNtiLqKdFEY1uQhVo1UgUACaS4mXU,Stellium,30,30
SANDCxXBbQhvbUqNtiLqKdFEY1uQhVo1UgUACaS4mXU,Temporal,18,18
SANDCxXBbQhvbUqNtiLqKdFEY1uQhVo1UgUACaS4mXU,blockRazor,1,1
SANDCxXBbQhvbUqNtiLqKdFEY1uQhVo1UgUACaS4mXU,blockrazor,4,4
SANDCxXBbQhvbUqNtiLqKdFEY1uQhVo1UgUACaS4mXU,blocksprint,8,8
SANDCxXBbQhvbUqNtiLqKdFEY1uQhVo1UgUACaS4mXU,bloxroute,2,2
SANDCxXBbQhvbUqNtiLqKdFEY1uQhVo1UgUACaS4mXU,landX,40,40
SANDCxXBbQhvbUqNtiLqKdFEY1uQhVo1UgUACaS4mXU,stellium,70,70
SELEXm1aELCweknS2tsG6A4WivjVvgrTWn9doHNLj66,(none),84,0
SELEXm1aELCweknS2tsG6A4WivjVvgrTWn9doHNLj66,0slot,7,7
SELEXm1aELCweknS2tsG6A4WivjVvgrTWn9doHNLj66,AstraLane,3,3
SELEXm1aELCweknS2tsG6A4WivjVvgrTWn9doHNLj66,Falcon,13,13
SELEXm1aELCweknS2tsG6A4WivjVvgrTWn9doHNLj66,Helius,6,6
SELEXm1aELCweknS2tsG6A4WivjVvgrTWn9doHNLj66,Jito,28,28
SELEXm1aELCweknS2tsG6A4WivjVvgrTWn9doHNLj66,Nextblock,3,3
SELEXm1aELCweknS2tsG6A4WivjVvgrTWn9doHNLj66,NodeOne,4,4
SELEXm1aELCweknS2tsG6A4WivjVvgrTWn9doHNLj66,Stellium,14,14
SELEXm1aELCweknS2tsG6A4WivjVvgrTWn9doHNLj66,blockrazor,1,1
SELEXm1aELCweknS2tsG6A4WivjVvgrTWn9doHNLj66,blocksprint,3,3
SELEXm1aELCweknS2tsG6A4WivjVvgrTWn9doHNLj66,landX,31,31
SELEXm1aELCweknS2tsG6A4WivjVvgrTWn9doHNLj66,stellium,20,20
SFundNVpuWk89g211WKUZGkuu4BsKSp7PbnmRsPZLos,(none),1025,0
SFundNVpuWk89g211WKUZGkuu4BsKSp7PbnmRsPZLos,0slot,72,72
SFundNVpuWk89g211WKUZGkuu4BsKSp7PbnmRsPZLos,AstraLane,201,201
SFundNVpuWk89g211WKUZGkuu4BsKSp7PbnmRsPZLos,Astralane,2,2
SFundNVpuWk89g211WKUZGkuu4BsKSp7PbnmRsPZLos,BloxRoute,2,2
SFundNVpuWk89g211WKUZGkuu4BsKSp7PbnmRsPZLos,Falcon,251,251
SFundNVpuWk89g211WKUZGkuu4BsKSp7PbnmRsPZLos,Flashblock,1,1
SFundNVpuWk89g211WKUZGkuu4BsKSp7PbnmRsPZLos,Helius,308,308
SFundNVpuWk89g211WKUZGkuu4BsKSp7PbnmRsPZLos,Jito,129,129
SFundNVpuWk89g211WKUZGkuu4BsKSp7PbnmRsPZLos,Nextblock,32,32
SFundNVpuWk89g211WKUZGkuu4BsKSp7PbnmRsPZLos,NodeOne,40,40
SFundNVpuWk89g211WKUZGkuu4BsKSp7PbnmRsPZLos,Soyas,11,11
SFundNVpuWk89g211WKUZGkuu4BsKSp7PbnmRsPZLos,Stellium,145,145
SFundNVpuWk89g211WKUZGkuu4BsKSp7PbnmRsPZLos,Temporal,160,160
SFundNVpuWk89g211WKUZGkuu4BsKSp7PbnmRsPZLos,blockRazor,3,3
SFundNVpuWk89g211WKUZGkuu4BsKSp7PbnmRsPZLos,blockrazor,20,20
SFundNVpuWk89g211WKUZGkuu4BsKSp7PbnmRsPZLos,blocksprint,82,82
SFundNVpuWk89g211WKUZGkuu4BsKSp7PbnmRsPZLos,bloxroute,195,195
SFundNVpuWk89g211WKUZGkuu4BsKSp7PbnmRsPZLos,landX,254,254
SFundNVpuWk89g211WKUZGkuu4BsKSp7PbnmRsPZLos,stellium,433,433
SLAY6uN1zZpXBTfbuDDCesNmM5D288xrz8uYvfS3n41,(none),1731,0
SLAY6uN1zZpXBTfbuDDCesNmM5D288xrz8uYvfS3n41,0slot,163,163
SLAY6uN1zZpXBTfbuDDCesNmM5D288xrz8uYvfS3n41,AstraLane,264,264
SLAY6uN1zZpXBTfbuDDCesNmM5D288xrz8uYvfS3n41,BloxRoute,8,8
SLAY6uN1zZpXBTfbuDDCesNmM5D288xrz8uYvfS3n41,Falcon,370,370
SLAY6uN1zZpXBTfbuDDCesNmM5D288xrz8uYvfS3n41,Flashblock,2,2
SLAY6uN1zZpXBTfbuDDCesNmM5D288xrz8uYvfS3n41,Helius,853,853
SLAY6uN1zZpXBTfbuDDCesNmM5D288xrz8uYvfS3n41,Jito,129,129
SLAY6uN1zZpXBTfbuDDCesNmM5D288xrz8uYvfS3n41,Nextblock,81,81
SLAY6uN1zZpXBTfbuDDCesNmM5D288xrz8uYvfS3n41,NodeOne,104,104
SLAY6uN1zZpXBTfbuDDCesNmM5D288xrz8uYvfS3n41,Soyas,15,15
SLAY6uN1zZpXBTfbuDDCesNmM5D288xrz8uYvfS3n41,Stellium,304,304
SLAY6uN1zZpXBTfbuDDCesNmM5D288xrz8uYvfS3n41,Temporal,234,234
SLAY6uN1zZpXBTfbuDDCesNmM5D288xrz8uYvfS3n41,blockRazor,11,11
SLAY6uN1zZpXBTfbuDDCesNmM5D288xrz8uYvfS3n41,blockrazor,47,47
SLAY6uN1zZpXBTfbuDDCesNmM5D288xrz8uYvfS3n41,blocksprint,240,240
SLAY6uN1zZpXBTfbuDDCesNmM5D288xrz8uYvfS3n41,bloxroute,88,87
SLAY6uN1zZpXBTfbuDDCesNmM5D288xrz8uYvfS3n41,landX,714,714
SLAY6uN1zZpXBTfbuDDCesNmM5D288xrz8uYvfS3n41,stellium,1123,1123
SLNDCSGTEsA6KHpgR32MBt9UAurZnVSJGUtW2tRpdU2,(none),821,0
SLNDCSGTEsA6KHpgR32MBt9UAurZnVSJGUtW2tRpdU2,0slot,73,73
SLNDCSGTEsA6KHpgR32MBt9UAurZnVSJGUtW2tRpdU2,AstraLane,100,100
SLNDCSGTEsA6KHpgR32MBt9UAurZnVSJGUtW2tRpdU2,BloxRoute,1,1
SLNDCSGTEsA6KHpgR32MBt9UAurZnVSJGUtW2tRpdU2,Falcon,217,217
SLNDCSGTEsA6KHpgR32MBt9UAurZnVSJGUtW2tRpdU2,Helius,351,351
SLNDCSGTEsA6KHpgR32MBt9UAurZnVSJGUtW2tRpdU2,Jito,137,137
SLNDCSGTEsA6KHpgR32MBt9UAurZnVSJGUtW2tRpdU2,Nextblock,35,35
SLNDCSGTEsA6KHpgR32MBt9UAurZnVSJGUtW2tRpdU2,NodeOne,92,92
SLNDCSGTEsA6KHpgR32MBt9UAurZnVSJGUtW2tRpdU2,Soyas,7,7
SLNDCSGTEsA6KHpgR32MBt9UAurZnVSJGUtW2tRpdU2,Stellium,164,164
SLNDCSGTEsA6KHpgR32MBt9UAurZnVSJGUtW2tRpdU2,Temporal,91,91
SLNDCSGTEsA6KHpgR32MBt9UAurZnVSJGUtW2tRpdU2,blockRazor,4,4
SLNDCSGTEsA6KHpgR32MBt9UAurZnVSJGUtW2tRpdU2,blockrazor,24,24
SLNDCSGTEsA6KHpgR32MBt9UAurZnVSJGUtW2tRpdU2,blocksprint,87,87
SLNDCSGTEsA6KHpgR32MBt9UAurZnVSJGUtW2tRpdU2,bloxroute,36,36
SLNDCSGTEsA6KHpgR32MBt9UAurZnVSJGUtW2tRpdU2,landX,183,183
SLNDCSGTEsA6KHpgR32MBt9UAurZnVSJGUtW2tRpdU2,stellium,409,409
SPHERExTW7GaMgS4RN6MbghYvXU2REfFWHgpxMH1P69,(none),659,0
SPHERExTW7GaMgS4RN6MbghYvXU2REfFWHgpxMH1P69,0slot,49,49
SPHERExTW7GaMgS4RN6MbghYvXU2REfFWHgpxMH1P69,AstraLane,104,104
SPHERExTW7GaMgS4RN6MbghYvXU2REfFWHgpxMH1P69,BloxRoute,1,1
SPHERExTW7GaMgS4RN6MbghYvXU2REfFWHgpxMH1P69,Falcon,66,66
SPHERExTW7GaMgS4RN6MbghYvXU2REfFWHgpxMH1P69,Helius,178,178
SPHERExTW7GaMgS4RN6MbghYvXU2REfFWHgpxMH1P69,Jito,31,31
SPHERExTW7GaMgS4RN6MbghYvXU2REfFWHgpxMH1P69,Nextblock,19,19
SPHERExTW7GaMgS4RN6MbghYvXU2REfFWHgpxMH1P69,NodeOne,45,45
SPHERExTW7GaMgS4RN6MbghYvXU2REfFWHgpxMH1P69,Soyas,6,6
SPHERExTW7GaMgS4RN6MbghYvXU2REfFWHgpxMH1P69,Stellium,74,74
SPHERExTW7GaMgS4RN6MbghYvXU2REfFWHgpxMH1P69,Temporal,71,71
SPHERExTW7GaMgS4RN6MbghYvXU2REfFWHgpxMH1P69,blockRazor,3,3
SPHERExTW7GaMgS4RN6MbghYvXU2REfFWHgpxMH1P69,blockrazor,15,15
SPHERExTW7GaMgS4RN6MbghYvXU2REfFWHgpxMH1P69,blocksprint,30,30
SPHERExTW7GaMgS4RN6MbghYvXU2REfFWHgpxMH1P69,bloxroute,23,23
SPHERExTW7GaMgS4RN6MbghYvXU2REfFWHgpxMH1P69,landX,194,194
SPHERExTW7GaMgS4RN6MbghYvXU2REfFWHgpxMH1P69,stellium,252,252
SQDS9iwyWvT2mQbSZzuNKGoxuBug5jRHouF6SuMRBkA,(none),693,0
SQDS9iwyWvT2mQbSZzuNKGoxuBug5jRHouF6SuMRBkA,0slot,44,44
SQDS9iwyWvT2mQbSZzuNKGoxuBug5jRHouF6SuMRBkA,AstraLane,87,87
SQDS9iwyWvT2mQbSZzuNKGoxuBug5jRHouF6SuMRBkA,BloxRoute,3,3
SQDS9iwyWvT2mQbSZzuNKGoxuBug5jRHouF6SuMRBkA,Falcon,79,79
SQDS9iwyWvT2mQbSZzuNKGoxuBug5jRHouF6SuMRBkA,Flashblock,1,1
SQDS9iwyWvT2mQbSZzuNKGoxuBug5jRHouF6SuMRBkA,Helius,242,242
SQDS9iwyWvT2mQbSZzuNKGoxuBug5jRHouF6SuMRBkA,Jito,95,95
SQDS9iwyWvT2mQbSZzuNKGoxuBug5jRHouF6SuMRBkA,Nextblock,43,43
SQDS9iwyWvT2mQbSZzuNKGoxuBug5jRHouF6SuMRBkA,NodeOne,38,38
SQDS9iwyWvT2mQbSZzuNKGoxuBug5jRHouF6SuMRBkA,Soyas,12,12
SQDS9iwyWvT2mQbSZzuNKGoxuBug5jRHouF6SuMRBkA,Stellium,75,75
SQDS9iwyWvT2mQbSZzuNKGoxuBug5jRHouF6SuMRBkA,Temporal,38,38
SQDS9iwyWvT2mQbSZzuNKGoxuBug5jRHouF6SuMRBkA,blockRazor,5,5
SQDS9iwyWvT2mQbSZzuNKGoxuBug5jRHouF6SuMRBkA,blockrazor,11,11
SQDS9iwyWvT2mQbSZzuNKGoxuBug5jRHouF6SuMRBkA,blocksprint,40,40
SQDS9iwyWvT2mQbSZzuNKGoxuBug5jRHouF6SuMRBkA,bloxroute,23,23
SQDS9iwyWvT2mQbSZzuNKGoxuBug5jRHouF6SuMRBkA,landX,167,167
SQDS9iwyWvT2mQbSZzuNKGoxuBug5jRHouF6SuMRBkA,stellium,264,264
SSmBEooM7RkmyuXxuKgAhTvhQZ36Z3G2WsmLGJKoQLY,(none),2078,0
SSmBEooM7RkmyuXxuKgAhTvhQZ36Z3G2WsmLGJKoQLY,0slot,91,91
SSmBEooM7RkmyuXxuKgAhTvhQZ36Z3G2WsmLGJKoQLY,AstraLane,173,173
SSmBEooM7RkmyuXxuKgAhTvhQZ36Z3G2WsmLGJKoQLY,Astralane,1,1
SSmBEooM7RkmyuXxuKgAhTvhQZ36Z3G2WsmLGJKoQLY,BloxRoute,3,3
SSmBEooM7RkmyuXxuKgAhTvhQZ36Z3G2WsmLGJKoQLY,Falcon,333,333
SSmBEooM7RkmyuXxuKgAhTvhQZ36Z3G2WsmLGJKoQLY,Flashblock,3,3
SSmBEooM7RkmyuXxuKgAhTvhQZ36Z3G2WsmLGJKoQLY,Helius,497,497
SSmBEooM7RkmyuXxuKgAhTvhQZ36Z3G2WsmLGJKoQLY,Jito,80,80
SSmBEooM7RkmyuXxuKgAhTvhQZ36Z3G2WsmLGJKoQLY,Nextblock,55,55
SSmBEooM7RkmyuXxuKgAhTvhQZ36Z3G2WsmLGJKoQLY,NodeOne,135,135
SSmBEooM7RkmyuXxuKgAhTvhQZ36Z3G2WsmLGJKoQLY,Soyas,11,11
SSmBEooM7RkmyuXxuKgAhTvhQZ36Z3G2WsmLGJKoQLY,Stellium,197,197
SSmBEooM7RkmyuXxuKgAhTvhQZ36Z3G2WsmLGJKoQLY,Temporal,166,166
SSmBEooM7RkmyuXxuKgAhTvhQZ36Z3G2WsmLGJKoQLY,blockRazor,5,5
SSmBEooM7RkmyuXxuKgAhTvhQZ36Z3G2WsmLGJKoQLY,blockrazor,30,30
SSmBEooM7RkmyuXxuKgAhTvhQZ36Z3G2WsmLGJKoQLY,blocksprint,122,122
SSmBEooM7RkmyuXxuKgAhTvhQZ36Z3G2WsmLGJKoQLY,bloxroute,48,48
SSmBEooM7RkmyuXxuKgAhTvhQZ36Z3G2WsmLGJKoQLY,landX,326,326
SSmBEooM7RkmyuXxuKgAhTvhQZ36Z3G2WsmLGJKoQLY,stellium,607,607
STPTshazcjH6cZMHzQBrggFSPHXYCTRGB7ctqS1AjkH,(none),20,0
STPTshazcjH6cZMHzQBrggFSPHXYCTRGB7ctqS1AjkH,0slot,1,1
STPTshazcjH6cZMHzQBrggFSPHXYCTRGB7ctqS1AjkH,AstraLane,2,2
STPTshazcjH6cZMHzQBrggFSPHXYCTRGB7ctqS1AjkH,Astralane,1,1
STPTshazcjH6cZMHzQBrggFSPHXYCTRGB7ctqS1AjkH,Falcon,2,2
STPTshazcjH6cZMHzQBrggFSPHXYCTRGB7ctqS1AjkH,Helius,4,4
STPTshazcjH6cZMHzQBrggFSPHXYCTRGB7ctqS1AjkH,Jito,3,3
STPTshazcjH6cZMHzQBrggFSPHXYCTRGB7ctqS1AjkH,Nextblock,1,1
STPTshazcjH6cZMHzQBrggFSPHXYCTRGB7ctqS1AjkH,Soyas,1,1
STPTshazcjH6cZMHzQBrggFSPHXYCTRGB7ctqS1AjkH,Temporal,1,1
STPTshazcjH6cZMHzQBrggFSPHXYCTRGB7ctqS1AjkH,stellium,2,2
STaKesuXJH6UGRizuEVSWG1tyLu5ycKgWj3i1HUdvs5,(none),44,0
STaKesuXJH6UGRizuEVSWG1tyLu5ycKgWj3i1HUdvs5,0slot,1,1
STaKesuXJH6UGRizuEVSWG1tyLu5ycKgWj3i1HUdvs5,AstraLane,4,4
STaKesuXJH6UGRizuEVSWG1tyLu5ycKgWj3i1HUdvs5,Falcon,35,35
STaKesuXJH6UGRizuEVSWG1tyLu5ycKgWj3i1HUdvs5,Helius,16,16
STaKesuXJH6UGRizuEVSWG1tyLu5ycKgWj3i1HUdvs5,Jito,3,3
STaKesuXJH6UGRizuEVSWG1tyLu5ycKgWj3i1HUdvs5,Nextblock,1,1
STaKesuXJH6UGRizuEVSWG1tyLu5ycKgWj3i1HUdvs5,NodeOne,38,38
STaKesuXJH6UGRizuEVSWG1tyLu5ycKgWj3i1HUdvs5,Stellium,13,13
STaKesuXJH6UGRizuEVSWG1tyLu5ycKgWj3i1HUdvs5,Temporal,4,4
STaKesuXJH6UGRizuEVSWG1tyLu5ycKgWj3i1HUdvs5,blockrazor,1,1
STaKesuXJH6UGRizuEVSWG1tyLu5ycKgWj3i1HUdvs5,blocksprint,4,4
STaKesuXJH6UGRizuEVSWG1tyLu5ycKgWj3i1HUdvs5,landX,8,8
STaKesuXJH6UGRizuEVSWG1tyLu5ycKgWj3i1HUdvs5,stellium,26,26
SWiz7QwnYPm61pWWUUkMhj4r5pZLP1SvYibdHcB2cov,(none),589,0
SWiz7QwnYPm61pWWUUkMhj4r5pZLP1SvYibdHcB2cov,0slot,42,42
SWiz7QwnYPm61pWWUUkMhj4r5pZLP1SvYibdHcB2cov,AstraLane,53,53
SWiz7QwnYPm61pWWUUkMhj4r5pZLP1SvYibdHcB2cov,Falcon,186,186
SWiz7QwnYPm61pWWUUkMhj4r5pZLP1SvYibdHcB2cov,Flashblock,2,2
SWiz7QwnYPm61pWWUUkMhj4r5pZLP1SvYibdHcB2cov,Helius,210,210
SWiz7QwnYPm61pWWUUkMhj4r5pZLP1SvYibdHcB2cov,Jito,47,47
SWiz7QwnYPm61pWWUUkMhj4r5pZLP1SvYibdHcB2cov,Nextblock,15,15
SWiz7QwnYPm61pWWUUkMhj4r5pZLP1SvYibdHcB2cov,NodeOne,80,80
SWiz7QwnYPm61pWWUUkMhj4r5pZLP1SvYibdHcB2cov,Stellium,98,98
SWiz7QwnYPm61pWWUUkMhj4r5pZLP1SvYibdHcB2cov,Temporal,60,60
SWiz7QwnYPm61pWWUUkMhj4r5pZLP1SvYibdHcB2cov,blockRazor,4,4
SWiz7QwnYPm61pWWUUkMhj4r5pZLP1SvYibdHcB2cov,blockrazor,9,9
SWiz7QwnYPm61pWWUUkMhj4r5pZLP1SvYibdHcB2cov,blocksprint,40,40
SWiz7QwnYPm61pWWUUkMhj4r5pZLP1SvYibdHcB2cov,bloxroute,22,22
SWiz7QwnYPm61pWWUUkMhj4r5pZLP1SvYibdHcB2cov,landX,178,178
SWiz7QwnYPm61pWWUUkMhj4r5pZLP1SvYibdHcB2cov,stellium,299,299
SaGAgdkowooXBrHihpmE8gsjf1dUG7n5SqnyJxYFnXJ,(none),742,0
SaGAgdkowooXBrHihpmE8gsjf1dUG7n5SqnyJxYFnXJ,0slot,44,44
SaGAgdkowooXBrHihpmE8gsjf1dUG7n5SqnyJxYFnXJ,AstraLane,111,111
SaGAgdkowooXBrHihpmE8gsjf1dUG7n5SqnyJxYFnXJ,Astralane,1,1
SaGAgdkowooXBrHihpmE8gsjf1dUG7n5SqnyJxYFnXJ,BloxRoute,2,2
SaGAgdkowooXBrHihpmE8gsjf1dUG7n5SqnyJxYFnXJ,Falcon,87,87
SaGAgdkowooXBrHihpmE8gsjf1dUG7n5SqnyJxYFnXJ,Helius,300,300
SaGAgdkowooXBrHihpmE8gsjf1dUG7n5SqnyJxYFnXJ,Jito,63,63
SaGAgdkowooXBrHihpmE8gsjf1dUG7n5SqnyJxYFnXJ,Moon,1,1
SaGAgdkowooXBrHihpmE8gsjf1dUG7n5SqnyJxYFnXJ,Nextblock,51,51
SaGAgdkowooXBrHihpmE8gsjf1dUG7n5SqnyJxYFnXJ,NodeOne,63,63
SaGAgdkowooXBrHihpmE8gsjf1dUG7n5SqnyJxYFnXJ,Soyas,12,12
SaGAgdkowooXBrHihpmE8gsjf1dUG7n5SqnyJxYFnXJ,Stellium,82,82
SaGAgdkowooXBrHihpmE8gsjf1dUG7n5SqnyJxYFnXJ,Temporal,66,66
SaGAgdkowooXBrHihpmE8gsjf1dUG7n5SqnyJxYFnXJ,blockRazor,7,7
SaGAgdkowooXBrHihpmE8gsjf1dUG7n5SqnyJxYFnXJ,blockrazor,19,19
SaGAgdkowooXBrHihpmE8gsjf1dUG7n5SqnyJxYFnXJ,blocksprint,51,51
SaGAgdkowooXBrHihpmE8gsjf1dUG7n5SqnyJxYFnXJ,bloxroute,18,18
SaGAgdkowooXBrHihpmE8gsjf1dUG7n5SqnyJxYFnXJ,landX,226,226
SaGAgdkowooXBrHihpmE8gsjf1dUG7n5SqnyJxYFnXJ,stellium,334,334
SaV6UWBaE8M3kwMBfAhQ6Tmvd2qdJRm94NTwLqtoyGd,(none),105,0
SaV6UWBaE8M3kwMBfAhQ6Tmvd2qdJRm94NTwLqtoyGd,0slot,11,11
SaV6UWBaE8M3kwMBfAhQ6Tmvd2qdJRm94NTwLqtoyGd,AstraLane,4,4
SaV6UWBaE8M3kwMBfAhQ6Tmvd2qdJRm94NTwLqtoyGd,Falcon,10,10
SaV6UWBaE8M3kwMBfAhQ6Tmvd2qdJRm94NTwLqtoyGd,Flashblock,1,1
SaV6UWBaE8M3kwMBfAhQ6Tmvd2qdJRm94NTwLqtoyGd,Helius,30,30
SaV6UWBaE8M3kwMBfAhQ6Tmvd2qdJRm94NTwLqtoyGd,Jito,10,10
SaV6UWBaE8M3kwMBfAhQ6Tmvd2qdJRm94NTwLqtoyGd,Nextblock,3,3
SaV6UWBaE8M3kwMBfAhQ6Tmvd2qdJRm94NTwLqtoyGd,NodeOne,1,1
SaV6UWBaE8M3kwMBfAhQ6Tmvd2qdJRm94NTwLqtoyGd,Stellium,13,13
SaV6UWBaE8M3kwMBfAhQ6Tmvd2qdJRm94NTwLqtoyGd,Temporal,14,14
SaV6UWBaE8M3kwMBfAhQ6Tmvd2qdJRm94NTwLqtoyGd,blockrazor,2,2
SaV6UWBaE8M3kwMBfAhQ6Tmvd2qdJRm94NTwLqtoyGd,blocksprint,5,5
SaV6UWBaE8M3kwMBfAhQ6Tmvd2qdJRm94NTwLqtoyGd,bloxroute,1,1
SaV6UWBaE8M3kwMBfAhQ6Tmvd2qdJRm94NTwLqtoyGd,landX,3,3
SaV6UWBaE8M3kwMBfAhQ6Tmvd2qdJRm94NTwLqtoyGd,stellium,29,29
Sh1ro1CaaVjNuihgNK6kay7jwcWzSqD2fdix6RNPaSh,(none),17,0
Sh1ro1CaaVjNuihgNK6kay7jwcWzSqD2fdix6RNPaSh,Jito,5,5
Sh1ro1CaaVjNuihgNK6kay7jwcWzSqD2fdix6RNPaSh,stellium,2,2
SscQkTYV2BFQYGGffAmTzvefrFrw6z9GNYiWHstVZ77,(none),375,0
SscQkTYV2BFQYGGffAmTzvefrFrw6z9GNYiWHstVZ77,0slot,42,42
SscQkTYV2BFQYGGffAmTzvefrFrw6z9GNYiWHstVZ77,AstraLane,25,25
SscQkTYV2BFQYGGffAmTzvefrFrw6z9GNYiWHstVZ77,Falcon,87,87
SscQkTYV2BFQYGGffAmTzvefrFrw6z9GNYiWHstVZ77,Helius,107,107
SscQkTYV2BFQYGGffAmTzvefrFrw6z9GNYiWHstVZ77,Jito,55,55
SscQkTYV2BFQYGGffAmTzvefrFrw6z9GNYiWHstVZ77,Moon,3,3
SscQkTYV2BFQYGGffAmTzvefrFrw6z9GNYiWHstVZ77,NodeOne,17,17
SscQkTYV2BFQYGGffAmTzvefrFrw6z9GNYiWHstVZ77,Soyas,6,6
SscQkTYV2BFQYGGffAmTzvefrFrw6z9GNYiWHstVZ77,Stellium,43,43
SscQkTYV2BFQYGGffAmTzvefrFrw6z9GNYiWHstVZ77,Temporal,36,36
SscQkTYV2BFQYGGffAmTzvefrFrw6z9GNYiWHstVZ77,blockRazor,3,3
SscQkTYV2BFQYGGffAmTzvefrFrw6z9GNYiWHstVZ77,blockrazor,3,3
SscQkTYV2BFQYGGffAmTzvefrFrw6z9GNYiWHstVZ77,blocksprint,27,27
SscQkTYV2BFQYGGffAmTzvefrFrw6z9GNYiWHstVZ77,bloxroute,16,16
SscQkTYV2BFQYGGffAmTzvefrFrw6z9GNYiWHstVZ77,landX,52,52
SscQkTYV2BFQYGGffAmTzvefrFrw6z9GNYiWHstVZ77,stellium,100,100
Stakex4B2tpDHPWGvV1dninfiaYCGdakgTknpzPitLh,(none),1050,0
Stakex4B2tpDHPWGvV1dninfiaYCGdakgTknpzPitLh,0slot,132,132
Stakex4B2tpDHPWGvV1dninfiaYCGdakgTknpzPitLh,AstraLane,159,159
Stakex4B2tpDHPWGvV1dninfiaYCGdakgTknpzPitLh,BloxRoute,1,1
Stakex4B2tpDHPWGvV1dninfiaYCGdakgTknpzPitLh,Falcon,373,373
Stakex4B2tpDHPWGvV1dninfiaYCGdakgTknpzPitLh,Flashblock,2,2
Stakex4B2tpDHPWGvV1dninfiaYCGdakgTknpzPitLh,Helius,440,440
Stakex4B2tpDHPWGvV1dninfiaYCGdakgTknpzPitLh,Jito,92,92
Stakex4B2tpDHPWGvV1dninfiaYCGdakgTknpzPitLh,Moon,1,1
Stakex4B2tpDHPWGvV1dninfiaYCGdakgTknpzPitLh,Nextblock,53,53
Stakex4B2tpDHPWGvV1dninfiaYCGdakgTknpzPitLh,NodeOne,133,133
Stakex4B2tpDHPWGvV1dninfiaYCGdakgTknpzPitLh,Soyas,12,12
Stakex4B2tpDHPWGvV1dninfiaYCGdakgTknpzPitLh,Stellium,212,212
Stakex4B2tpDHPWGvV1dninfiaYCGdakgTknpzPitLh,Temporal,96,96
Stakex4B2tpDHPWGvV1dninfiaYCGdakgTknpzPitLh,blockRazor,9,9
Stakex4B2tpDHPWGvV1dninfiaYCGdakgTknpzPitLh,blockrazor,34,34
Stakex4B2tpDHPWGvV1dninfiaYCGdakgTknpzPitLh,blocksprint,158,158
Stakex4B2tpDHPWGvV1dninfiaYCGdakgTknpzPitLh,bloxroute,105,104
Stakex4B2tpDHPWGvV1dninfiaYCGdakgTknpzPitLh,landX,341,341
Stakex4B2tpDHPWGvV1dninfiaYCGdakgTknpzPitLh,stellium,698,698
Ste1115xFGdAYK5jaWA3dEFcUc1S5jEbVvD8e327zty,(none),1411,0
Ste1115xFGdAYK5jaWA3dEFcUc1S5jEbVvD8e327zty,0slot,125,125
Ste1115xFGdAYK5jaWA3dEFcUc1S5jEbVvD8e327zty,AstraLane,240,240
Ste1115xFGdAYK5jaWA3dEFcUc1S5jEbVvD8e327zty,Astralane,2,2
Ste1115xFGdAYK5jaWA3dEFcUc1S5jEbVvD8e327zty,BloxRoute,9,9
Ste1115xFGdAYK5jaWA3dEFcUc1S5jEbVvD8e327zty,Falcon,357,357
Ste1115xFGdAYK5jaWA3dEFcUc1S5jEbVvD8e327zty,Flashblock,1,1
Ste1115xFGdAYK5jaWA3dEFcUc1S5jEbVvD8e327zty,Helius,625,625
Ste1115xFGdAYK5jaWA3dEFcUc1S5jEbVvD8e327zty,Jito,216,216
Ste1115xFGdAYK5jaWA3dEFcUc1S5jEbVvD8e327zty,Nextblock,93,93
Ste1115xFGdAYK5jaWA3dEFcUc1S5jEbVvD8e327zty,NodeOne,110,110
Ste1115xFGdAYK5jaWA3dEFcUc1S5jEbVvD8e327zty,Soyas,22,22
Ste1115xFGdAYK5jaWA3dEFcUc1S5jEbVvD8e327zty,Stellium,217,217
Ste1115xFGdAYK5jaWA3dEFcUc1S5jEbVvD8e327zty,Temporal,142,142
Ste1115xFGdAYK5jaWA3dEFcUc1S5jEbVvD8e327zty,blockRazor,7,7
Ste1115xFGdAYK5jaWA3dEFcUc1S5jEbVvD8e327zty,blockrazor,42,42
Ste1115xFGdAYK5jaWA3dEFcUc1S5jEbVvD8e327zty,blocksprint,165,165
Ste1115xFGdAYK5jaWA3dEFcUc1S5jEbVvD8e327zty,bloxroute,66,66
Ste1115xFGdAYK5jaWA3dEFcUc1S5jEbVvD8e327zty,landX,415,415
Ste1115xFGdAYK5jaWA3dEFcUc1S5jEbVvD8e327zty,stellium,750,750
SyndicAgdEphcy5xhAKZAomTYhcF8xhC7za2UD9xeug,(none),617,0
SyndicAgdEphcy5xhAKZAomTYhcF8xhC7za2UD9xeug,0slot,55,55
SyndicAgdEphcy5xhAKZAomTYhcF8xhC7za2UD9xeug,AstraLane,88,88
SyndicAgdEphcy5xhAKZAomTYhcF8xhC7za2UD9xeug,BloxRoute,2,2
SyndicAgdEphcy5xhAKZAomTYhcF8xhC7za2UD9xeug,Falcon,203,203
SyndicAgdEphcy5xhAKZAomTYhcF8xhC7za2UD9xeug,Flashblock,1,1
SyndicAgdEphcy5xhAKZAomTYhcF8xhC7za2UD9xeug,Helius,245,245
SyndicAgdEphcy5xhAKZAomTYhcF8xhC7za2UD9xeug,Jito,70,70
SyndicAgdEphcy5xhAKZAomTYhcF8xhC7za2UD9xeug,Nextblock,45,45
SyndicAgdEphcy5xhAKZAomTYhcF8xhC7za2UD9xeug,NodeOne,75,75
SyndicAgdEphcy5xhAKZAomTYhcF8xhC7za2UD9xeug,Soyas,11,11
SyndicAgdEphcy5xhAKZAomTYhcF8xhC7za2UD9xeug,Stellium,130,130
SyndicAgdEphcy5xhAKZAomTYhcF8xhC7za2UD9xeug,Temporal,77,77
SyndicAgdEphcy5xhAKZAomTYhcF8xhC7za2UD9xeug,blockRazor,4,4
SyndicAgdEphcy5xhAKZAomTYhcF8xhC7za2UD9xeug,blockrazor,19,19
SyndicAgdEphcy5xhAKZAomTYhcF8xhC7za2UD9xeug,blocksprint,69,69
SyndicAgdEphcy5xhAKZAomTYhcF8xhC7za2UD9xeug,bloxroute,14,14
SyndicAgdEphcy5xhAKZAomTYhcF8xhC7za2UD9xeug,landX,183,183
SyndicAgdEphcy5xhAKZAomTYhcF8xhC7za2UD9xeug,stellium,331,331
THWsLPufeq9LWs2H9vYPbtFwdxAHbQHvSbT6pztG8x1,(none),1070,0
THWsLPufeq9LWs2H9vYPbtFwdxAHbQHvSbT6pztG8x1,0slot,130,130
THWsLPufeq9LWs2H9vYPbtFwdxAHbQHvSbT6pztG8x1,AstraLane,128,128
THWsLPufeq9LWs2H9vYPbtFwdxAHbQHvSbT6pztG8x1,BloxRoute,6,6
THWsLPufeq9LWs2H9vYPbtFwdxAHbQHvSbT6pztG8x1,Falcon,351,351
THWsLPufeq9LWs2H9vYPbtFwdxAHbQHvSbT6pztG8x1,Flashblock,1,1
THWsLPufeq9LWs2H9vYPbtFwdxAHbQHvSbT6pztG8x1,Helius,399,399
THWsLPufeq9LWs2H9vYPbtFwdxAHbQHvSbT6pztG8x1,Jito,148,148
THWsLPufeq9LWs2H9vYPbtFwdxAHbQHvSbT6pztG8x1,Moon,2,2
THWsLPufeq9LWs2H9vYPbtFwdxAHbQHvSbT6pztG8x1,Nextblock,46,46
THWsLPufeq9LWs2H9vYPbtFwdxAHbQHvSbT6pztG8x1,NodeOne,151,151
THWsLPufeq9LWs2H9vYPbtFwdxAHbQHvSbT6pztG8x1,Soyas,4,4
THWsLPufeq9LWs2H9vYPbtFwdxAHbQHvSbT6pztG8x1,Stellium,229,229
THWsLPufeq9LWs2H9vYPbtFwdxAHbQHvSbT6pztG8x1,Temporal,105,105
THWsLPufeq9LWs2H9vYPbtFwdxAHbQHvSbT6pztG8x1,blockRazor,4,4
THWsLPufeq9LWs2H9vYPbtFwdxAHbQHvSbT6pztG8x1,blockrazor,22,22
THWsLPufeq9LWs2H9vYPbtFwdxAHbQHvSbT6pztG8x1,blocksprint,107,107
THWsLPufeq9LWs2H9vYPbtFwdxAHbQHvSbT6pztG8x1,bloxroute,104,104
THWsLPufeq9LWs2H9vYPbtFwdxAHbQHvSbT6pztG8x1,landX,353,353
THWsLPufeq9LWs2H9vYPbtFwdxAHbQHvSbT6pztG8x1,stellium,601,601
TREEir31FswHK7JZBS5oFQteS72dobi6inpmQha88dA,(none),491,0
TREEir31FswHK7JZBS5oFQteS72dobi6inpmQha88dA,0slot,30,30
TREEir31FswHK7JZBS5oFQteS72dobi6inpmQha88dA,AstraLane,276,276
TREEir31FswHK7JZBS5oFQteS72dobi6inpmQha88dA,Falcon,113,113
TREEir31FswHK7JZBS5oFQteS72dobi6inpmQha88dA,Helius,179,179
TREEir31FswHK7JZBS5oFQteS72dobi6inpmQha88dA,Jito,72,72
TREEir31FswHK7JZBS5oFQteS72dobi6inpmQha88dA,Nextblock,24,24
TREEir31FswHK7JZBS5oFQteS72dobi6inpmQha88dA,NodeOne,68,68
TREEir31FswHK7JZBS5oFQteS72dobi6inpmQha88dA,Soyas,6,6
TREEir31FswHK7JZBS5oFQteS72dobi6inpmQha88dA,Stellium,66,66
TREEir31FswHK7JZBS5oFQteS72dobi6inpmQha88dA,Temporal,78,78
TREEir31FswHK7JZBS5oFQteS72dobi6inpmQha88dA,blockRazor,2,2
TREEir31FswHK7JZBS5oFQteS72dobi6inpmQha88dA,blockrazor,14,14
TREEir31FswHK7JZBS5oFQteS72dobi6inpmQha88dA,blocksprint,68,68
TREEir31FswHK7JZBS5oFQteS72dobi6inpmQha88dA,bloxroute,143,143
TREEir31FswHK7JZBS5oFQteS72dobi6inpmQha88dA,landX,119,119
TREEir31FswHK7JZBS5oFQteS72dobi6inpmQha88dA,stellium,192,192
TopjgY7N1fJdnW89S9fX6t7LF61nspgXGL1NpgAKhDG,(none),535,0
TopjgY7N1fJdnW89S9fX6t7LF61nspgXGL1NpgAKhDG,0slot,31,31
TopjgY7N1fJdnW89S9fX6t7LF61nspgXGL1NpgAKhDG,AstraLane,45,45
TopjgY7N1fJdnW89S9fX6t7LF61nspgXGL1NpgAKhDG,Astralane,1,1
TopjgY7N1fJdnW89S9fX6t7LF61nspgXGL1NpgAKhDG,Falcon,48,48
TopjgY7N1fJdnW89S9fX6t7LF61nspgXGL1NpgAKhDG,Helius,104,104
TopjgY7N1fJdnW89S9fX6t7LF61nspgXGL1NpgAKhDG,Jito,47,47
TopjgY7N1fJdnW89S9fX6t7LF61nspgXGL1NpgAKhDG,Nextblock,22,22
TopjgY7N1fJdnW89S9fX6t7LF61nspgXGL1NpgAKhDG,NodeOne,118,118
TopjgY7N1fJdnW89S9fX6t7LF61nspgXGL1NpgAKhDG,Soyas,6,6
TopjgY7N1fJdnW89S9fX6t7LF61nspgXGL1NpgAKhDG,Stellium,45,45
TopjgY7N1fJdnW89S9fX6t7LF61nspgXGL1NpgAKhDG,Temporal,22,22
TopjgY7N1fJdnW89S9fX6t7LF61nspgXGL1NpgAKhDG,blockRazor,4,4
TopjgY7N1fJdnW89S9fX6t7LF61nspgXGL1NpgAKhDG,blockrazor,10,10
TopjgY7N1fJdnW89S9fX6t7LF61nspgXGL1NpgAKhDG,blocksprint,24,24
TopjgY7N1fJdnW89S9fX6t7LF61nspgXGL1NpgAKhDG,bloxroute,93,93
TopjgY7N1fJdnW89S9fX6t7LF61nspgXGL1NpgAKhDG,landX,161,161
TopjgY7N1fJdnW89S9fX6t7LF61nspgXGL1NpgAKhDG,stellium,188,188
Tri1F8B6YtjkBztGCwBNSLEZib1EAqMUEUM7dTT7ZG3,(none),1148,0
Tri1F8B6YtjkBztGCwBNSLEZib1EAqMUEUM7dTT7ZG3,0slot,98,98
Tri1F8B6YtjkBztGCwBNSLEZib1EAqMUEUM7dTT7ZG3,AstraLane,115,115
Tri1F8B6YtjkBztGCwBNSLEZib1EAqMUEUM7dTT7ZG3,BloxRoute,1,1
Tri1F8B6YtjkBztGCwBNSLEZib1EAqMUEUM7dTT7ZG3,Falcon,315,315
Tri1F8B6YtjkBztGCwBNSLEZib1EAqMUEUM7dTT7ZG3,Flashblock,1,1
Tri1F8B6YtjkBztGCwBNSLEZib1EAqMUEUM7dTT7ZG3,Helius,411,411
Tri1F8B6YtjkBztGCwBNSLEZib1EAqMUEUM7dTT7ZG3,Jito,83,83
Tri1F8B6YtjkBztGCwBNSLEZib1EAqMUEUM7dTT7ZG3,Nextblock,53,53
Tri1F8B6YtjkBztGCwBNSLEZib1EAqMUEUM7dTT7ZG3,NodeOne,143,143
Tri1F8B6YtjkBztGCwBNSLEZib1EAqMUEUM7dTT7ZG3,Soyas,10,10
Tri1F8B6YtjkBztGCwBNSLEZib1EAqMUEUM7dTT7ZG3,Stellium,209,209
Tri1F8B6YtjkBztGCwBNSLEZib1EAqMUEUM7dTT7ZG3,Temporal,124,124
Tri1F8B6YtjkBztGCwBNSLEZib1EAqMUEUM7dTT7ZG3,blockRazor,7,7
Tri1F8B6YtjkBztGCwBNSLEZib1EAqMUEUM7dTT7ZG3,blockrazor,31,31
Tri1F8B6YtjkBztGCwBNSLEZib1EAqMUEUM7dTT7ZG3,blocksprint,86,86
Tri1F8B6YtjkBztGCwBNSLEZib1EAqMUEUM7dTT7ZG3,bloxroute,29,29
Tri1F8B6YtjkBztGCwBNSLEZib1EAqMUEUM7dTT7ZG3,landX,399,399
Tri1F8B6YtjkBztGCwBNSLEZib1EAqMUEUM7dTT7ZG3,stellium,573,573
U82KEYMnuCiZSQbvuCJTZ652HX9NQ63uNSnxyucshrk,(none),123,0
U82KEYMnuCiZSQbvuCJTZ652HX9NQ63uNSnxyucshrk,0slot,8,8
U82KEYMnuCiZSQbvuCJTZ652HX9NQ63uNSnxyucshrk,AstraLane,13,13
U82KEYMnuCiZSQbvuCJTZ652HX9NQ63uNSnxyucshrk,Falcon,12,12
U82KEYMnuCiZSQbvuCJTZ652HX9NQ63uNSnxyucshrk,Helius,45,45
U82KEYMnuCiZSQbvuCJTZ652HX9NQ63uNSnxyucshrk,Jito,21,21
U82KEYMnuCiZSQbvuCJTZ652HX9NQ63uNSnxyucshrk,Nextblock,2,2
U82KEYMnuCiZSQbvuCJTZ652HX9NQ63uNSnxyucshrk,NodeOne,14,14
U82KEYMnuCiZSQbvuCJTZ652HX9NQ63uNSnxyucshrk,Soyas,2,2
U82KEYMnuCiZSQbvuCJTZ652HX9NQ63uNSnxyucshrk,Stellium,19,19
U82KEYMnuCiZSQbvuCJTZ652HX9NQ63uNSnxyucshrk,Temporal,26,26
U82KEYMnuCiZSQbvuCJTZ652HX9NQ63uNSnxyucshrk,blockRazor,1,1
U82KEYMnuCiZSQbvuCJTZ652HX9NQ63uNSnxyucshrk,blockrazor,3,3
U82KEYMnuCiZSQbvuCJTZ652HX9NQ63uNSnxyucshrk,blocksprint,12,12
U82KEYMnuCiZSQbvuCJTZ652HX9NQ63uNSnxyucshrk,bloxroute,7,7
U82KEYMnuCiZSQbvuCJTZ652HX9NQ63uNSnxyucshrk,landX,22,22
U82KEYMnuCiZSQbvuCJTZ652HX9NQ63uNSnxyucshrk,stellium,38,38
UNrgBLmc8JT6A3dxXY9DWeHvDezt2DZQbhg1KPQfqEL,(none),878,0
UNrgBLmc8JT6A3dxXY9DWeHvDezt2DZQbhg1KPQfqEL,0slot,103,103
UNrgBLmc8JT6A3dxXY9DWeHvDezt2DZQbhg1KPQfqEL,AstraLane,130,130
UNrgBLmc8JT6A3dxXY9DWeHvDezt2DZQbhg1KPQfqEL,Astralane,2,2
UNrgBLmc8JT6A3dxXY9DWeHvDezt2DZQbhg1KPQfqEL,BloxRoute,2,2
UNrgBLmc8JT6A3dxXY9DWeHvDezt2DZQbhg1KPQfqEL,Falcon,219,219
UNrgBLmc8JT6A3dxXY9DWeHvDezt2DZQbhg1KPQfqEL,Helius,449,449
UNrgBLmc8JT6A3dxXY9DWeHvDezt2DZQbhg1KPQfqEL,Jito,111,111
UNrgBLmc8JT6A3dxXY9DWeHvDezt2DZQbhg1KPQfqEL,Moon,2,2
UNrgBLmc8JT6A3dxXY9DWeHvDezt2DZQbhg1KPQfqEL,Nextblock,48,48
UNrgBLmc8JT6A3dxXY9DWeHvDezt2DZQbhg1KPQfqEL,NodeOne,74,74
UNrgBLmc8JT6A3dxXY9DWeHvDezt2DZQbhg1KPQfqEL,Soyas,6,6
UNrgBLmc8JT6A3dxXY9DWeHvDezt2DZQbhg1KPQfqEL,Stellium,158,158
UNrgBLmc8JT6A3dxXY9DWeHvDezt2DZQbhg1KPQfqEL,Temporal,149,149
UNrgBLmc8JT6A3dxXY9DWeHvDezt2DZQbhg1KPQfqEL,blockRazor,6,6
UNrgBLmc8JT6A3dxXY9DWeHvDezt2DZQbhg1KPQfqEL,blockrazor,27,27
UNrgBLmc8JT6A3dxXY9DWeHvDezt2DZQbhg1KPQfqEL,blocksprint,192,192
UNrgBLmc8JT6A3dxXY9DWeHvDezt2DZQbhg1KPQfqEL,bloxroute,34,34
UNrgBLmc8JT6A3dxXY9DWeHvDezt2DZQbhg1KPQfqEL,landX,271,271
UNrgBLmc8JT6A3dxXY9DWeHvDezt2DZQbhg1KPQfqEL,stellium,492,492
UPSCQNqdbiaqrQou9X9y8mr43ZHzvoNpKC26Mo7GubF,(none),1292,0
UPSCQNqdbiaqrQou9X9y8mr43ZHzvoNpKC26Mo7GubF,0slot,100,100
UPSCQNqdbiaqrQou9X9y8mr43ZHzvoNpKC26Mo7GubF,AstraLane,194,194
UPSCQNqdbiaqrQou9X9y8mr43ZHzvoNpKC26Mo7GubF,Astralane,1,1
UPSCQNqdbiaqrQou9X9y8mr43ZHzvoNpKC26Mo7GubF,BloxRoute,3,3
UPSCQNqdbiaqrQou9X9y8mr43ZHzvoNpKC26Mo7GubF,Falcon,208,208
UPSCQNqdbiaqrQou9X9y8mr43ZHzvoNpKC26Mo7GubF,Helius,567,567
UPSCQNqdbiaqrQou9X9y8mr43ZHzvoNpKC26Mo7GubF,Jito,172,171
UPSCQNqdbiaqrQou9X9y8mr43ZHzvoNpKC26Mo7GubF,Nextblock,76,76
UPSCQNqdbiaqrQou9X9y8mr43ZHzvoNpKC26Mo7GubF,NodeOne,217,217
UPSCQNqdbiaqrQou9X9y8mr43ZHzvoNpKC26Mo7GubF,Soyas,18,18
UPSCQNqdbiaqrQou9X9y8mr43ZHzvoNpKC26Mo7GubF,Stellium,212,212
UPSCQNqdbiaqrQou9X9y8mr43ZHzvoNpKC26Mo7GubF,Temporal,181,181
UPSCQNqdbiaqrQou9X9y8mr43ZHzvoNpKC26Mo7GubF,blockRazor,8,8
UPSCQNqdbiaqrQou9X9y8mr43ZHzvoNpKC26Mo7GubF,blockrazor,40,40
UPSCQNqdbiaqrQou9X9y8mr43ZHzvoNpKC26Mo7GubF,blocksprint,111,111
UPSCQNqdbiaqrQou9X9y8mr43ZHzvoNpKC26Mo7GubF,bloxroute,150,150
UPSCQNqdbiaqrQou9X9y8mr43ZHzvoNpKC26Mo7GubF,landX,479,479
UPSCQNqdbiaqrQou9X9y8mr43ZHzvoNpKC26Mo7GubF,stellium,698,698
UZBmptMjMSQEPKm4WyUkJeAuvZSqTuNK3cQCKFqJcXT,(none),7,0
VQwCCSfW3o5NDx7n5FBr9SoYiLXVgetstHvaWBvv2YH,(none),5055,0
VQwCCSfW3o5NDx7n5FBr9SoYiLXVgetstHvaWBvv2YH,0slot,400,400
VQwCCSfW3o5NDx7n5FBr9SoYiLXVgetstHvaWBvv2YH,AstraLane,624,624
VQwCCSfW3o5NDx7n5FBr9SoYiLXVgetstHvaWBvv2YH,Astralane,2,2
VQwCCSfW3o5NDx7n5FBr9SoYiLXVgetstHvaWBvv2YH,BloxRoute,15,15
VQwCCSfW3o5NDx7n5FBr9SoYiLXVgetstHvaWBvv2YH,Falcon,1312,1312
VQwCCSfW3o5NDx7n5FBr9SoYiLXVgetstHvaWBvv2YH,Flashblock,8,8
VQwCCSfW3o5NDx7n5FBr9SoYiLXVgetstHvaWBvv2YH,Helius,1326,1325
VQwCCSfW3o5NDx7n5FBr9SoYiLXVgetstHvaWBvv2YH,Jito,402,402
VQwCCSfW3o5NDx7n5FBr9SoYiLXVgetstHvaWBvv2YH,Moon,3,3
VQwCCSfW3o5NDx7n5FBr9SoYiLXVgetstHvaWBvv2YH,Nextblock,230,230
VQwCCSfW3o5NDx7n5FBr9SoYiLXVgetstHvaWBvv2YH,NodeOne,415,415
VQwCCSfW3o5NDx7n5FBr9SoYiLXVgetstHvaWBvv2YH,Soyas,34,34
VQwCCSfW3o5NDx7n5FBr9SoYiLXVgetstHvaWBvv2YH,Stellium,801,801
VQwCCSfW3o5NDx7n5FBr9SoYiLXVgetstHvaWBvv2YH,Temporal,493,493
VQwCCSfW3o5NDx7n5FBr9SoYiLXVgetstHvaWBvv2YH,blockRazor,31,31
VQwCCSfW3o5NDx7n5FBr9SoYiLXVgetstHvaWBvv2YH,blockrazor,117,117
VQwCCSfW3o5NDx7n5FBr9SoYiLXVgetstHvaWBvv2YH,blocksprint,503,503
VQwCCSfW3o5NDx7n5FBr9SoYiLXVgetstHvaWBvv2YH,bloxroute,336,336
VQwCCSfW3o5NDx7n5FBr9SoYiLXVgetstHvaWBvv2YH,landX,1331,1331
VQwCCSfW3o5NDx7n5FBr9SoYiLXVgetstHvaWBvv2YH,stellium,2435,2435
Va1idLRtYEtVFJFsvz8vtt1uCJgea4Q1zi2Rh3eraJh,(none),2764,0
Va1idLRtYEtVFJFsvz8vtt1uCJgea4Q1zi2Rh3eraJh,0slot,261,261
Va1idLRtYEtVFJFsvz8vtt1uCJgea4Q1zi2Rh3eraJh,AstraLane,413,413
Va1idLRtYEtVFJFsvz8vtt1uCJgea4Q1zi2Rh3eraJh,BloxRoute,4,4
Va1idLRtYEtVFJFsvz8vtt1uCJgea4Q1zi2Rh3eraJh,Falcon,584,584
Va1idLRtYEtVFJFsvz8vtt1uCJgea4Q1zi2Rh3eraJh,Flashblock,2,2
Va1idLRtYEtVFJFsvz8vtt1uCJgea4Q1zi2Rh3eraJh,Helius,934,934
Va1idLRtYEtVFJFsvz8vtt1uCJgea4Q1zi2Rh3eraJh,Jito,314,313
Va1idLRtYEtVFJFsvz8vtt1uCJgea4Q1zi2Rh3eraJh,Moon,1,1
Va1idLRtYEtVFJFsvz8vtt1uCJgea4Q1zi2Rh3eraJh,Nextblock,109,109
Va1idLRtYEtVFJFsvz8vtt1uCJgea4Q1zi2Rh3eraJh,NodeOne,314,314
Va1idLRtYEtVFJFsvz8vtt1uCJgea4Q1zi2Rh3eraJh,Soyas,18,18
Va1idLRtYEtVFJFsvz8vtt1uCJgea4Q1zi2Rh3eraJh,Stellium,399,399
Va1idLRtYEtVFJFsvz8vtt1uCJgea4Q1zi2Rh3eraJh,Temporal,387,387
Va1idLRtYEtVFJFsvz8vtt1uCJgea4Q1zi2Rh3eraJh,blockRazor,11,11
Va1idLRtYEtVFJFsvz8vtt1uCJgea4Q1zi2Rh3eraJh,blockrazor,62,62
Va1idLRtYEtVFJFsvz8vtt1uCJgea4Q1zi2Rh3eraJh,blocksprint,240,240
Va1idLRtYEtVFJFsvz8vtt1uCJgea4Q1zi2Rh3eraJh,bloxroute,203,203
Va1idLRtYEtVFJFsvz8vtt1uCJgea4Q1zi2Rh3eraJh,landX,854,854
Va1idLRtYEtVFJFsvz8vtt1uCJgea4Q1zi2Rh3eraJh,stellium,1285,1285
VicAQ3U2GjjAuF3tPCtEQZdZKnpAAxkr5Q3zjDKmdo7,(none),746,0
VicAQ3U2GjjAuF3tPCtEQZdZKnpAAxkr5Q3zjDKmdo7,0slot,67,67
VicAQ3U2GjjAuF3tPCtEQZdZKnpAAxkr5Q3zjDKmdo7,AstraLane,117,117
VicAQ3U2GjjAuF3tPCtEQZdZKnpAAxkr5Q3zjDKmdo7,BloxRoute,2,2
VicAQ3U2GjjAuF3tPCtEQZdZKnpAAxkr5Q3zjDKmdo7,Falcon,121,121
VicAQ3U2GjjAuF3tPCtEQZdZKnpAAxkr5Q3zjDKmdo7,Helius,308,308
VicAQ3U2GjjAuF3tPCtEQZdZKnpAAxkr5Q3zjDKmdo7,Jito,104,104
VicAQ3U2GjjAuF3tPCtEQZdZKnpAAxkr5Q3zjDKmdo7,Nextblock,23,23
VicAQ3U2GjjAuF3tPCtEQZdZKnpAAxkr5Q3zjDKmdo7,NodeOne,47,47
VicAQ3U2GjjAuF3tPCtEQZdZKnpAAxkr5Q3zjDKmdo7,Soyas,9,9
VicAQ3U2GjjAuF3tPCtEQZdZKnpAAxkr5Q3zjDKmdo7,Stellium,98,98
VicAQ3U2GjjAuF3tPCtEQZdZKnpAAxkr5Q3zjDKmdo7,Temporal,83,83
VicAQ3U2GjjAuF3tPCtEQZdZKnpAAxkr5Q3zjDKmdo7,blockRazor,6,6
VicAQ3U2GjjAuF3tPCtEQZdZKnpAAxkr5Q3zjDKmdo7,blockrazor,15,15
VicAQ3U2GjjAuF3tPCtEQZdZKnpAAxkr5Q3zjDKmdo7,blocksprint,74,74
VicAQ3U2GjjAuF3tPCtEQZdZKnpAAxkr5Q3zjDKmdo7,bloxroute,35,35
VicAQ3U2GjjAuF3tPCtEQZdZKnpAAxkr5Q3zjDKmdo7,landX,233,233
VicAQ3U2GjjAuF3tPCtEQZdZKnpAAxkr5Q3zjDKmdo7,stellium,335,335
WUNoB9YQXmXXRcJsjY1G8PfVag5aAfnyGmFd6YwJVwp,(none),1130,0
WUNoB9YQXmXXRcJsjY1G8PfVag5aAfnyGmFd6YwJVwp,0slot,69,69
WUNoB9YQXmXXRcJsjY1G8PfVag5aAfnyGmFd6YwJVwp,AstraLane,215,215
WUNoB9YQXmXXRcJsjY1G8PfVag5aAfnyGmFd6YwJVwp,Astralane,1,1
WUNoB9YQXmXXRcJsjY1G8PfVag5aAfnyGmFd6YwJVwp,BloxRoute,2,2
WUNoB9YQXmXXRcJsjY1G8PfVag5aAfnyGmFd6YwJVwp,Falcon,392,392
WUNoB9YQXmXXRcJsjY1G8PfVag5aAfnyGmFd6YwJVwp,Helius,501,501
WUNoB9YQXmXXRcJsjY1G8PfVag5aAfnyGmFd6YwJVwp,Jito,127,127
WUNoB9YQXmXXRcJsjY1G8PfVag5aAfnyGmFd6YwJVwp,Nextblock,87,87
WUNoB9YQXmXXRcJsjY1G8PfVag5aAfnyGmFd6YwJVwp,NodeOne,129,129
WUNoB9YQXmXXRcJsjY1G8PfVag5aAfnyGmFd6YwJVwp,Soyas,14,14
WUNoB9YQXmXXRcJsjY1G8PfVag5aAfnyGmFd6YwJVwp,Stellium,273,273
WUNoB9YQXmXXRcJsjY1G8PfVag5aAfnyGmFd6YwJVwp,Temporal,109,109
WUNoB9YQXmXXRcJsjY1G8PfVag5aAfnyGmFd6YwJVwp,blockRazor,8,8
WUNoB9YQXmXXRcJsjY1G8PfVag5aAfnyGmFd6YwJVwp,blockrazor,36,36
WUNoB9YQXmXXRcJsjY1G8PfVag5aAfnyGmFd6YwJVwp,blocksprint,119,119
WUNoB9YQXmXXRcJsjY1G8PfVag5aAfnyGmFd6YwJVwp,bloxroute,64,64
WUNoB9YQXmXXRcJsjY1G8PfVag5aAfnyGmFd6YwJVwp,landX,375,375
WUNoB9YQXmXXRcJsjY1G8PfVag5aAfnyGmFd6YwJVwp,stellium,700,700
XAqHfPFsqTfAJHBRHAcEECkMSykXjkUj2Rta16Qshrk,(none),520,0
XAqHfPFsqTfAJHBRHAcEECkMSykXjkUj2Rta16Qshrk,0slot,48,48
XAqHfPFsqTfAJHBRHAcEECkMSykXjkUj2Rta16Qshrk,AstraLane,75,75
XAqHfPFsqTfAJHBRHAcEECkMSykXjkUj2Rta16Qshrk,BloxRoute,2,2
XAqHfPFsqTfAJHBRHAcEECkMSykXjkUj2Rta16Qshrk,Falcon,185,185
XAqHfPFsqTfAJHBRHAcEECkMSykXjkUj2Rta16Qshrk,Flashblock,2,2
XAqHfPFsqTfAJHBRHAcEECkMSykXjkUj2Rta16Qshrk,Helius,187,187
XAqHfPFsqTfAJHBRHAcEECkMSykXjkUj2Rta16Qshrk,Jito,68,68
XAqHfPFsqTfAJHBRHAcEECkMSykXjkUj2Rta16Qshrk,Moon,1,1
XAqHfPFsqTfAJHBRHAcEECkMSykXjkUj2Rta16Qshrk,Nextblock,32,32
XAqHfPFsqTfAJHBRHAcEECkMSykXjkUj2Rta16Qshrk,NodeOne,86,86
XAqHfPFsqTfAJHBRHAcEECkMSykXjkUj2Rta16Qshrk,Soyas,1,1
XAqHfPFsqTfAJHBRHAcEECkMSykXjkUj2Rta16Qshrk,Stellium,108,108
XAqHfPFsqTfAJHBRHAcEECkMSykXjkUj2Rta16Qshrk,Temporal,89,89
XAqHfPFsqTfAJHBRHAcEECkMSykXjkUj2Rta16Qshrk,blockRazor,3,3
XAqHfPFsqTfAJHBRHAcEECkMSykXjkUj2Rta16Qshrk,blockrazor,22,22
XAqHfPFsqTfAJHBRHAcEECkMSykXjkUj2Rta16Qshrk,blocksprint,63,63
XAqHfPFsqTfAJHBRHAcEECkMSykXjkUj2Rta16Qshrk,bloxroute,21,21
XAqHfPFsqTfAJHBRHAcEECkMSykXjkUj2Rta16Qshrk,landX,344,344
XAqHfPFsqTfAJHBRHAcEECkMSykXjkUj2Rta16Qshrk,stellium,427,427
XkCriyrNwS3G4rzAXtG5B1nnvb5Ka1JtCku93VqeKAr,(none),3855,0
XkCriyrNwS3G4rzAXtG5B1nnvb5Ka1JtCku93VqeKAr,0slot,288,288
XkCriyrNwS3G4rzAXtG5B1nnvb5Ka1JtCku93VqeKAr,AstraLane,1256,1256
XkCriyrNwS3G4rzAXtG5B1nnvb5Ka1JtCku93VqeKAr,Astralane,3,3
XkCriyrNwS3G4rzAXtG5B1nnvb5Ka1JtCku93VqeKAr,BloxRoute,3,3
XkCriyrNwS3G4rzAXtG5B1nnvb5Ka1JtCku93VqeKAr,Falcon,1102,1102
XkCriyrNwS3G4rzAXtG5B1nnvb5Ka1JtCku93VqeKAr,Flashblock,8,8
XkCriyrNwS3G4rzAXtG5B1nnvb5Ka1JtCku93VqeKAr,Helius,1374,1373
XkCriyrNwS3G4rzAXtG5B1nnvb5Ka1JtCku93VqeKAr,Jito,441,441
XkCriyrNwS3G4rzAXtG5B1nnvb5Ka1JtCku93VqeKAr,Moon,1,1
XkCriyrNwS3G4rzAXtG5B1nnvb5Ka1JtCku93VqeKAr,Nextblock,234,234
XkCriyrNwS3G4rzAXtG5B1nnvb5Ka1JtCku93VqeKAr,NodeOne,459,459
XkCriyrNwS3G4rzAXtG5B1nnvb5Ka1JtCku93VqeKAr,Soyas,43,43
XkCriyrNwS3G4rzAXtG5B1nnvb5Ka1JtCku93VqeKAr,Stellium,675,675
XkCriyrNwS3G4rzAXtG5B1nnvb5Ka1JtCku93VqeKAr,Temporal,545,545
XkCriyrNwS3G4rzAXtG5B1nnvb5Ka1JtCku93VqeKAr,blockRazor,22,22
XkCriyrNwS3G4rzAXtG5B1nnvb5Ka1JtCku93VqeKAr,blockrazor,107,107
XkCriyrNwS3G4rzAXtG5B1nnvb5Ka1JtCku93VqeKAr,blocksprint,527,527
XkCriyrNwS3G4rzAXtG5B1nnvb5Ka1JtCku93VqeKAr,bloxroute,904,903
XkCriyrNwS3G4rzAXtG5B1nnvb5Ka1JtCku93VqeKAr,landX,720,720
XkCriyrNwS3G4rzAXtG5B1nnvb5Ka1JtCku93VqeKAr,stellium,1711,1711
Xoir1BnQX9TbEvon9HRbD8tkjcD9dorsxmNjZAV64Re,(none),134,0
Xoir1BnQX9TbEvon9HRbD8tkjcD9dorsxmNjZAV64Re,0slot,23,23
Xoir1BnQX9TbEvon9HRbD8tkjcD9dorsxmNjZAV64Re,AstraLane,20,20
Xoir1BnQX9TbEvon9HRbD8tkjcD9dorsxmNjZAV64Re,Falcon,23,23
Xoir1BnQX9TbEvon9HRbD8tkjcD9dorsxmNjZAV64Re,Helius,57,57
Xoir1BnQX9TbEvon9HRbD8tkjcD9dorsxmNjZAV64Re,Jito,8,8
Xoir1BnQX9TbEvon9HRbD8tkjcD9dorsxmNjZAV64Re,Nextblock,5,5
Xoir1BnQX9TbEvon9HRbD8tkjcD9dorsxmNjZAV64Re,NodeOne,10,10
Xoir1BnQX9TbEvon9HRbD8tkjcD9dorsxmNjZAV64Re,Soyas,4,4
Xoir1BnQX9TbEvon9HRbD8tkjcD9dorsxmNjZAV64Re,Stellium,24,24
Xoir1BnQX9TbEvon9HRbD8tkjcD9dorsxmNjZAV64Re,Temporal,15,15
Xoir1BnQX9TbEvon9HRbD8tkjcD9dorsxmNjZAV64Re,blockRazor,1,1
Xoir1BnQX9TbEvon9HRbD8tkjcD9dorsxmNjZAV64Re,blockrazor,1,1
Xoir1BnQX9TbEvon9HRbD8tkjcD9dorsxmNjZAV64Re,blocksprint,20,20
Xoir1BnQX9TbEvon9HRbD8tkjcD9dorsxmNjZAV64Re,bloxroute,4,4
Xoir1BnQX9TbEvon9HRbD8tkjcD9dorsxmNjZAV64Re,landX,63,63
Xoir1BnQX9TbEvon9HRbD8tkjcD9dorsxmNjZAV64Re,stellium,90,90
YE11a5nVJtUNqsojkphYuWc7StqBzbCeFH6BjhAAUEV,(none),173,0
YE11a5nVJtUNqsojkphYuWc7StqBzbCeFH6BjhAAUEV,0slot,18,18
YE11a5nVJtUNqsojkphYuWc7StqBzbCeFH6BjhAAUEV,AstraLane,16,16
YE11a5nVJtUNqsojkphYuWc7StqBzbCeFH6BjhAAUEV,BloxRoute,1,1
YE11a5nVJtUNqsojkphYuWc7StqBzbCeFH6BjhAAUEV,Falcon,10,10
YE11a5nVJtUNqsojkphYuWc7StqBzbCeFH6BjhAAUEV,Flashblock,1,1
YE11a5nVJtUNqsojkphYuWc7StqBzbCeFH6BjhAAUEV,Helius,57,57
YE11a5nVJtUNqsojkphYuWc7StqBzbCeFH6BjhAAUEV,Jito,36,36
YE11a5nVJtUNqsojkphYuWc7StqBzbCeFH6BjhAAUEV,Nextblock,3,3
YE11a5nVJtUNqsojkphYuWc7StqBzbCeFH6BjhAAUEV,NodeOne,12,12
YE11a5nVJtUNqsojkphYuWc7StqBzbCeFH6BjhAAUEV,Soyas,1,1
YE11a5nVJtUNqsojkphYuWc7StqBzbCeFH6BjhAAUEV,Stellium,17,17
YE11a5nVJtUNqsojkphYuWc7StqBzbCeFH6BjhAAUEV,Temporal,21,21
YE11a5nVJtUNqsojkphYuWc7StqBzbCeFH6BjhAAUEV,blockRazor,1,1
YE11a5nVJtUNqsojkphYuWc7StqBzbCeFH6BjhAAUEV,blockrazor,2,2
YE11a5nVJtUNqsojkphYuWc7StqBzbCeFH6BjhAAUEV,blocksprint,16,16
YE11a5nVJtUNqsojkphYuWc7StqBzbCeFH6BjhAAUEV,bloxroute,8,8
YE11a5nVJtUNqsojkphYuWc7StqBzbCeFH6BjhAAUEV,landX,24,24
YE11a5nVJtUNqsojkphYuWc7StqBzbCeFH6BjhAAUEV,stellium,45,45
YuRBAsy9Stw1u46A8dMp7WQVBFweLP1PKuYibzYAMmQ,(none),865,0
YuRBAsy9Stw1u46A8dMp7WQVBFweLP1PKuYibzYAMmQ,0slot,75,75
YuRBAsy9Stw1u46A8dMp7WQVBFweLP1PKuYibzYAMmQ,AstraLane,94,94
YuRBAsy9Stw1u46A8dMp7WQVBFweLP1PKuYibzYAMmQ,BloxRoute,2,2
YuRBAsy9Stw1u46A8dMp7WQVBFweLP1PKuYibzYAMmQ,Falcon,153,153
YuRBAsy9Stw1u46A8dMp7WQVBFweLP1PKuYibzYAMmQ,Flashblock,3,3
YuRBAsy9Stw1u46A8dMp7WQVBFweLP1PKuYibzYAMmQ,Helius,250,250
YuRBAsy9Stw1u46A8dMp7WQVBFweLP1PKuYibzYAMmQ,Jito,118,118
YuRBAsy9Stw1u46A8dMp7WQVBFweLP1PKuYibzYAMmQ,Nextblock,38,38
YuRBAsy9Stw1u46A8dMp7WQVBFweLP1PKuYibzYAMmQ,NodeOne,100,100
YuRBAsy9Stw1u46A8dMp7WQVBFweLP1PKuYibzYAMmQ,Soyas,4,4
YuRBAsy9Stw1u46A8dMp7WQVBFweLP1PKuYibzYAMmQ,Stellium,106,106
YuRBAsy9Stw1u46A8dMp7WQVBFweLP1PKuYibzYAMmQ,Temporal,78,78
YuRBAsy9Stw1u46A8dMp7WQVBFweLP1PKuYibzYAMmQ,blockRazor,5,5
YuRBAsy9Stw1u46A8dMp7WQVBFweLP1PKuYibzYAMmQ,blockrazor,22,22
YuRBAsy9Stw1u46A8dMp7WQVBFweLP1PKuYibzYAMmQ,blocksprint,77,77
YuRBAsy9Stw1u46A8dMp7WQVBFweLP1PKuYibzYAMmQ,bloxroute,46,46
YuRBAsy9Stw1u46A8dMp7WQVBFweLP1PKuYibzYAMmQ,landX,232,232
YuRBAsy9Stw1u46A8dMp7WQVBFweLP1PKuYibzYAMmQ,stellium,395,395
aXiomFkk6VzXaBhPuhMqTLZZguCFzzbyP9LTtZ7ZHLQ,(none),5235,0
aXiomFkk6VzXaBhPuhMqTLZZguCFzzbyP9LTtZ7ZHLQ,0slot,399,399
aXiomFkk6VzXaBhPuhMqTLZZguCFzzbyP9LTtZ7ZHLQ,AstraLane,1565,1565
aXiomFkk6VzXaBhPuhMqTLZZguCFzzbyP9LTtZ7ZHLQ,Astralane,7,7
aXiomFkk6VzXaBhPuhMqTLZZguCFzzbyP9LTtZ7ZHLQ,BloxRoute,11,11
aXiomFkk6VzXaBhPuhMqTLZZguCFzzbyP9LTtZ7ZHLQ,Falcon,1366,1366
aXiomFkk6VzXaBhPuhMqTLZZguCFzzbyP9LTtZ7ZHLQ,Flashblock,3,3
aXiomFkk6VzXaBhPuhMqTLZZguCFzzbyP9LTtZ7ZHLQ,Helius,1745,1745
aXiomFkk6VzXaBhPuhMqTLZZguCFzzbyP9LTtZ7ZHLQ,Jito,463,463
aXiomFkk6VzXaBhPuhMqTLZZguCFzzbyP9LTtZ7ZHLQ,Moon,1,1
aXiomFkk6VzXaBhPuhMqTLZZguCFzzbyP9LTtZ7ZHLQ,Nextblock,264,264
aXiomFkk6VzXaBhPuhMqTLZZguCFzzbyP9LTtZ7ZHLQ,NodeOne,559,559
aXiomFkk6VzXaBhPuhMqTLZZguCFzzbyP9LTtZ7ZHLQ,Soyas,50,50
aXiomFkk6VzXaBhPuhMqTLZZguCFzzbyP9LTtZ7ZHLQ,Stellium,847,847
aXiomFkk6VzXaBhPuhMqTLZZguCFzzbyP9LTtZ7ZHLQ,Temporal,721,721
aXiomFkk6VzXaBhPuhMqTLZZguCFzzbyP9LTtZ7ZHLQ,blockRazor,33,33
aXiomFkk6VzXaBhPuhMqTLZZguCFzzbyP9LTtZ7ZHLQ,blockrazor,138,138
aXiomFkk6VzXaBhPuhMqTLZZguCFzzbyP9LTtZ7ZHLQ,blocksprint,549,549
aXiomFkk6VzXaBhPuhMqTLZZguCFzzbyP9LTtZ7ZHLQ,bloxroute,1255,1255
aXiomFkk6VzXaBhPuhMqTLZZguCFzzbyP9LTtZ7ZHLQ,landX,996,996
aXiomFkk6VzXaBhPuhMqTLZZguCFzzbyP9LTtZ7ZHLQ,stellium,2154,2154
adramSYKBv1yHoZTub4kepcmF5LybPxwyJcsz4fpfi7,(none),873,0
adramSYKBv1yHoZTub4kepcmF5LybPxwyJcsz4fpfi7,0slot,74,74
adramSYKBv1yHoZTub4kepcmF5LybPxwyJcsz4fpfi7,AstraLane,123,123
adramSYKBv1yHoZTub4kepcmF5LybPxwyJcsz4fpfi7,BloxRoute,1,1
adramSYKBv1yHoZTub4kepcmF5LybPxwyJcsz4fpfi7,Falcon,250,250
adramSYKBv1yHoZTub4kepcmF5LybPxwyJcsz4fpfi7,Helius,403,403
adramSYKBv1yHoZTub4kepcmF5LybPxwyJcsz4fpfi7,Jito,86,86
adramSYKBv1yHoZTub4kepcmF5LybPxwyJcsz4fpfi7,Nextblock,38,38
adramSYKBv1yHoZTub4kepcmF5LybPxwyJcsz4fpfi7,NodeOne,73,73
adramSYKBv1yHoZTub4kepcmF5LybPxwyJcsz4fpfi7,Soyas,9,9
adramSYKBv1yHoZTub4kepcmF5LybPxwyJcsz4fpfi7,Stellium,185,185
adramSYKBv1yHoZTub4kepcmF5LybPxwyJcsz4fpfi7,Temporal,82,82
adramSYKBv1yHoZTub4kepcmF5LybPxwyJcsz4fpfi7,blockRazor,4,4
adramSYKBv1yHoZTub4kepcmF5LybPxwyJcsz4fpfi7,blockrazor,27,27
adramSYKBv1yHoZTub4kepcmF5LybPxwyJcsz4fpfi7,blocksprint,83,83
adramSYKBv1yHoZTub4kepcmF5LybPxwyJcsz4fpfi7,bloxroute,50,49
adramSYKBv1yHoZTub4kepcmF5LybPxwyJcsz4fpfi7,landX,364,364
adramSYKBv1yHoZTub4kepcmF5LybPxwyJcsz4fpfi7,stellium,568,568
adre1Xia7ekGsEqNgHeFc7MYwkfzTQNeJgQmZ2agAKZ,(none),49,0
adre1Xia7ekGsEqNgHeFc7MYwkfzTQNeJgQmZ2agAKZ,0slot,3,3
adre1Xia7ekGsEqNgHeFc7MYwkfzTQNeJgQmZ2agAKZ,AstraLane,7,7
adre1Xia7ekGsEqNgHeFc7MYwkfzTQNeJgQmZ2agAKZ,Falcon,6,6
adre1Xia7ekGsEqNgHeFc7MYwkfzTQNeJgQmZ2agAKZ,Helius,18,18
adre1Xia7ekGsEqNgHeFc7MYwkfzTQNeJgQmZ2agAKZ,Jito,12,12
adre1Xia7ekGsEqNgHeFc7MYwkfzTQNeJgQmZ2agAKZ,NodeOne,1,1
adre1Xia7ekGsEqNgHeFc7MYwkfzTQNeJgQmZ2agAKZ,Stellium,7,7
adre1Xia7ekGsEqNgHeFc7MYwkfzTQNeJgQmZ2agAKZ,Temporal,2,2
adre1Xia7ekGsEqNgHeFc7MYwkfzTQNeJgQmZ2agAKZ,blocksprint,4,4
adre1Xia7ekGsEqNgHeFc7MYwkfzTQNeJgQmZ2agAKZ,bloxroute,7,7
adre1Xia7ekGsEqNgHeFc7MYwkfzTQNeJgQmZ2agAKZ,landX,10,10
adre1Xia7ekGsEqNgHeFc7MYwkfzTQNeJgQmZ2agAKZ,stellium,15,15
ana2y2YvQ3ZPMwm6qhnN3nJoUSiT3qx5Pvetkq9xcfY,(none),11466,0
ana2y2YvQ3ZPMwm6qhnN3nJoUSiT3qx5Pvetkq9xcfY,0slot,969,969
ana2y2YvQ3ZPMwm6qhnN3nJoUSiT3qx5Pvetkq9xcfY,AstraLane,1845,1845
ana2y2YvQ3ZPMwm6qhnN3nJoUSiT3qx5Pvetkq9xcfY,Astralane,1,1
ana2y2YvQ3ZPMwm6qhnN3nJoUSiT3qx5Pvetkq9xcfY,BloxRoute,34,34
ana2y2YvQ3ZPMwm6qhnN3nJoUSiT3qx5Pvetkq9xcfY,Falcon,2929,2929
ana2y2YvQ3ZPMwm6qhnN3nJoUSiT3qx5Pvetkq9xcfY,Flashblock,15,15
ana2y2YvQ3ZPMwm6qhnN3nJoUSiT3qx5Pvetkq9xcfY,Helius,4132,4132
ana2y2YvQ3ZPMwm6qhnN3nJoUSiT3qx5Pvetkq9xcfY,Jito,1402,1402
ana2y2YvQ3ZPMwm6qhnN3nJoUSiT3qx5Pvetkq9xcfY,Moon,5,5
ana2y2YvQ3ZPMwm6qhnN3nJoUSiT3qx5Pvetkq9xcfY,Nextblock,526,526
ana2y2YvQ3ZPMwm6qhnN3nJoUSiT3qx5Pvetkq9xcfY,NodeOne,1212,1212
ana2y2YvQ3ZPMwm6qhnN3nJoUSiT3qx5Pvetkq9xcfY,Soyas,135,135
ana2y2YvQ3ZPMwm6qhnN3nJoUSiT3qx5Pvetkq9xcfY,Stellium,1827,1827
ana2y2YvQ3ZPMwm6qhnN3nJoUSiT3qx5Pvetkq9xcfY,Temporal,1476,1476
ana2y2YvQ3ZPMwm6qhnN3nJoUSiT3qx5Pvetkq9xcfY,blockRazor,54,54
ana2y2YvQ3ZPMwm6qhnN3nJoUSiT3qx5Pvetkq9xcfY,blockrazor,332,332
ana2y2YvQ3ZPMwm6qhnN3nJoUSiT3qx5Pvetkq9xcfY,blocksprint,1158,1158
ana2y2YvQ3ZPMwm6qhnN3nJoUSiT3qx5Pvetkq9xcfY,bloxroute,409,408
ana2y2YvQ3ZPMwm6qhnN3nJoUSiT3qx5Pvetkq9xcfY,landX,3599,3599
ana2y2YvQ3ZPMwm6qhnN3nJoUSiT3qx5Pvetkq9xcfY,stellium,5797,5797
anza1rXDVhy1NfVNtsbT3kSBh2jgB1BGZUKuUibSAJd,(none),2990,0
anza1rXDVhy1NfVNtsbT3kSBh2jgB1BGZUKuUibSAJd,0slot,209,209
anza1rXDVhy1NfVNtsbT3kSBh2jgB1BGZUKuUibSAJd,AstraLane,324,324
anza1rXDVhy1NfVNtsbT3kSBh2jgB1BGZUKuUibSAJd,BloxRoute,4,4
anza1rXDVhy1NfVNtsbT3kSBh2jgB1BGZUKuUibSAJd,Falcon,777,777
anza1rXDVhy1NfVNtsbT3kSBh2jgB1BGZUKuUibSAJd,Flashblock,4,4
anza1rXDVhy1NfVNtsbT3kSBh2jgB1BGZUKuUibSAJd,Helius,956,956
anza1rXDVhy1NfVNtsbT3kSBh2jgB1BGZUKuUibSAJd,Jito,118,118
anza1rXDVhy1NfVNtsbT3kSBh2jgB1BGZUKuUibSAJd,Nextblock,125,125
anza1rXDVhy1NfVNtsbT3kSBh2jgB1BGZUKuUibSAJd,NodeOne,445,445
anza1rXDVhy1NfVNtsbT3kSBh2jgB1BGZUKuUibSAJd,Soyas,36,36
anza1rXDVhy1NfVNtsbT3kSBh2jgB1BGZUKuUibSAJd,Stellium,537,537
anza1rXDVhy1NfVNtsbT3kSBh2jgB1BGZUKuUibSAJd,Temporal,293,293
anza1rXDVhy1NfVNtsbT3kSBh2jgB1BGZUKuUibSAJd,blockRazor,17,17
anza1rXDVhy1NfVNtsbT3kSBh2jgB1BGZUKuUibSAJd,blockrazor,64,64
anza1rXDVhy1NfVNtsbT3kSBh2jgB1BGZUKuUibSAJd,blocksprint,261,261
anza1rXDVhy1NfVNtsbT3kSBh2jgB1BGZUKuUibSAJd,bloxroute,279,279
anza1rXDVhy1NfVNtsbT3kSBh2jgB1BGZUKuUibSAJd,landX,1004,1004
anza1rXDVhy1NfVNtsbT3kSBh2jgB1BGZUKuUibSAJd,stellium,1740,1740
anzaeL7Lsv71HW2mew8YcKGyGqL6qNn3xoNPRrejM73,(none),45,0
anzaeL7Lsv71HW2mew8YcKGyGqL6qNn3xoNPRrejM73,0slot,3,3
anzaeL7Lsv71HW2mew8YcKGyGqL6qNn3xoNPRrejM73,AstraLane,2,2
anzaeL7Lsv71HW2mew8YcKGyGqL6qNn3xoNPRrejM73,Helius,1,1
anzaeL7Lsv71HW2mew8YcKGyGqL6qNn3xoNPRrejM73,Jito,10,10
anzaeL7Lsv71HW2mew8YcKGyGqL6qNn3xoNPRrejM73,Nextblock,3,3
anzaeL7Lsv71HW2mew8YcKGyGqL6qNn3xoNPRrejM73,NodeOne,2,2
anzaeL7Lsv71HW2mew8YcKGyGqL6qNn3xoNPRrejM73,Temporal,4,4
anzaeL7Lsv71HW2mew8YcKGyGqL6qNn3xoNPRrejM73,blockRazor,1,1
anzaeL7Lsv71HW2mew8YcKGyGqL6qNn3xoNPRrejM73,stellium,3,3
ark1hdnnfmusE24wGHkyVG1gdRCqfmXs9drasDAdABZ,(none),74,0
ark1hdnnfmusE24wGHkyVG1gdRCqfmXs9drasDAdABZ,0slot,7,7
ark1hdnnfmusE24wGHkyVG1gdRCqfmXs9drasDAdABZ,AstraLane,10,10
ark1hdnnfmusE24wGHkyVG1gdRCqfmXs9drasDAdABZ,Falcon,7,7
ark1hdnnfmusE24wGHkyVG1gdRCqfmXs9drasDAdABZ,Helius,34,34
ark1hdnnfmusE24wGHkyVG1gdRCqfmXs9drasDAdABZ,Jito,8,8
ark1hdnnfmusE24wGHkyVG1gdRCqfmXs9drasDAdABZ,Nextblock,4,4
ark1hdnnfmusE24wGHkyVG1gdRCqfmXs9drasDAdABZ,NodeOne,10,10
ark1hdnnfmusE24wGHkyVG1gdRCqfmXs9drasDAdABZ,Soyas,3,3
ark1hdnnfmusE24wGHkyVG1gdRCqfmXs9drasDAdABZ,Stellium,14,14
ark1hdnnfmusE24wGHkyVG1gdRCqfmXs9drasDAdABZ,Temporal,15,15
ark1hdnnfmusE24wGHkyVG1gdRCqfmXs9drasDAdABZ,blockrazor,4,4
ark1hdnnfmusE24wGHkyVG1gdRCqfmXs9drasDAdABZ,blocksprint,9,9
ark1hdnnfmusE24wGHkyVG1gdRCqfmXs9drasDAdABZ,landX,94,94
ark1hdnnfmusE24wGHkyVG1gdRCqfmXs9drasDAdABZ,stellium,64,64
avnujiRNoSRe9PcET42DPKznyfYnb2LRaZAsqv6REZo,(none),367,0
avnujiRNoSRe9PcET42DPKznyfYnb2LRaZAsqv6REZo,0slot,26,26
avnujiRNoSRe9PcET42DPKznyfYnb2LRaZAsqv6REZo,AstraLane,41,41
avnujiRNoSRe9PcET42DPKznyfYnb2LRaZAsqv6REZo,BloxRoute,1,1
avnujiRNoSRe9PcET42DPKznyfYnb2LRaZAsqv6REZo,Falcon,62,62
avnujiRNoSRe9PcET42DPKznyfYnb2LRaZAsqv6REZo,Flashblock,1,1
avnujiRNoSRe9PcET42DPKznyfYnb2LRaZAsqv6REZo,Helius,128,128
avnujiRNoSRe9PcET42DPKznyfYnb2LRaZAsqv6REZo,Jito,59,59
avnujiRNoSRe9PcET42DPKznyfYnb2LRaZAsqv6REZo,Nextblock,13,13
avnujiRNoSRe9PcET42DPKznyfYnb2LRaZAsqv6REZo,NodeOne,50,50
avnujiRNoSRe9PcET42DPKznyfYnb2LRaZAsqv6REZo,Soyas,3,3
avnujiRNoSRe9PcET42DPKznyfYnb2LRaZAsqv6REZo,Stellium,80,80
avnujiRNoSRe9PcET42DPKznyfYnb2LRaZAsqv6REZo,Temporal,78,78
avnujiRNoSRe9PcET42DPKznyfYnb2LRaZAsqv6REZo,blockRazor,1,1
avnujiRNoSRe9PcET42DPKznyfYnb2LRaZAsqv6REZo,blockrazor,9,9
avnujiRNoSRe9PcET42DPKznyfYnb2LRaZAsqv6REZo,blocksprint,30,30
avnujiRNoSRe9PcET42DPKznyfYnb2LRaZAsqv6REZo,bloxroute,19,19
avnujiRNoSRe9PcET42DPKznyfYnb2LRaZAsqv6REZo,landX,158,158
avnujiRNoSRe9PcET42DPKznyfYnb2LRaZAsqv6REZo,stellium,262,262
axy3tCRL3wmFMVG4c69rYurcf4fXhBo2RcuBj9ADnJ4,(none),611,0
axy3tCRL3wmFMVG4c69rYurcf4fXhBo2RcuBj9ADnJ4,0slot,50,50
axy3tCRL3wmFMVG4c69rYurcf4fXhBo2RcuBj9ADnJ4,AstraLane,86,86
axy3tCRL3wmFMVG4c69rYurcf4fXhBo2RcuBj9ADnJ4,BloxRoute,3,3
axy3tCRL3wmFMVG4c69rYurcf4fXhBo2RcuBj9ADnJ4,Falcon,197,197
axy3tCRL3wmFMVG4c69rYurcf4fXhBo2RcuBj9ADnJ4,Flashblock,3,3
axy3tCRL3wmFMVG4c69rYurcf4fXhBo2RcuBj9ADnJ4,Helius,218,218
axy3tCRL3wmFMVG4c69rYurcf4fXhBo2RcuBj9ADnJ4,Jito,67,67
axy3tCRL3wmFMVG4c69rYurcf4fXhBo2RcuBj9ADnJ4,Nextblock,32,32
axy3tCRL3wmFMVG4c69rYurcf4fXhBo2RcuBj9ADnJ4,NodeOne,52,52
axy3tCRL3wmFMVG4c69rYurcf4fXhBo2RcuBj9ADnJ4,Soyas,5,5
axy3tCRL3wmFMVG4c69rYurcf4fXhBo2RcuBj9ADnJ4,Stellium,119,119
axy3tCRL3wmFMVG4c69rYurcf4fXhBo2RcuBj9ADnJ4,Temporal,47,47
axy3tCRL3wmFMVG4c69rYurcf4fXhBo2RcuBj9ADnJ4,blockRazor,5,5
axy3tCRL3wmFMVG4c69rYurcf4fXhBo2RcuBj9ADnJ4,blockrazor,12,12
axy3tCRL3wmFMVG4c69rYurcf4fXhBo2RcuBj9ADnJ4,blocksprint,58,58
axy3tCRL3wmFMVG4c69rYurcf4fXhBo2RcuBj9ADnJ4,bloxroute,34,34
axy3tCRL3wmFMVG4c69rYurcf4fXhBo2RcuBj9ADnJ4,landX,183,183
axy3tCRL3wmFMVG4c69rYurcf4fXhBo2RcuBj9ADnJ4,stellium,303,303
b1ueZK9bWTywN2587zsScyLTaH18wfRfN5W15XnkiqF,(none),223,0
b1ueZK9bWTywN2587zsScyLTaH18wfRfN5W15XnkiqF,0slot,15,15
b1ueZK9bWTywN2587zsScyLTaH18wfRfN5W15XnkiqF,AstraLane,27,27
b1ueZK9bWTywN2587zsScyLTaH18wfRfN5W15XnkiqF,Falcon,60,60
b1ueZK9bWTywN2587zsScyLTaH18wfRfN5W15XnkiqF,Helius,90,90
b1ueZK9bWTywN2587zsScyLTaH18wfRfN5W15XnkiqF,Jito,14,14
b1ueZK9bWTywN2587zsScyLTaH18wfRfN5W15XnkiqF,Nextblock,8,8
b1ueZK9bWTywN2587zsScyLTaH18wfRfN5W15XnkiqF,NodeOne,26,26
b1ueZK9bWTywN2587zsScyLTaH18wfRfN5W15XnkiqF,Soyas,1,1
b1ueZK9bWTywN2587zsScyLTaH18wfRfN5W15XnkiqF,Stellium,37,37
b1ueZK9bWTywN2587zsScyLTaH18wfRfN5W15XnkiqF,Temporal,27,27
b1ueZK9bWTywN2587zsScyLTaH18wfRfN5W15XnkiqF,blockrazor,5,5
b1ueZK9bWTywN2587zsScyLTaH18wfRfN5W15XnkiqF,blocksprint,29,29
b1ueZK9bWTywN2587zsScyLTaH18wfRfN5W15XnkiqF,bloxroute,15,15
b1ueZK9bWTywN2587zsScyLTaH18wfRfN5W15XnkiqF,landX,64,64
b1ueZK9bWTywN2587zsScyLTaH18wfRfN5W15XnkiqF,stellium,94,94
bay3wXfJsu9ds1zQBoQQ4DUwFGs3NP6q4gca9WM5G1z,(none),910,0
bay3wXfJsu9ds1zQBoQQ4DUwFGs3NP6q4gca9WM5G1z,0slot,93,93
bay3wXfJsu9ds1zQBoQQ4DUwFGs3NP6q4gca9WM5G1z,AstraLane,105,105
bay3wXfJsu9ds1zQBoQQ4DUwFGs3NP6q4gca9WM5G1z,BloxRoute,2,2
bay3wXfJsu9ds1zQBoQQ4DUwFGs3NP6q4gca9WM5G1z,Falcon,231,231
bay3wXfJsu9ds1zQBoQQ4DUwFGs3NP6q4gca9WM5G1z,Flashblock,3,3
bay3wXfJsu9ds1zQBoQQ4DUwFGs3NP6q4gca9WM5G1z,Helius,404,404
bay3wXfJsu9ds1zQBoQQ4DUwFGs3NP6q4gca9WM5G1z,Jito,96,96
bay3wXfJsu9ds1zQBoQQ4DUwFGs3NP6q4gca9WM5G1z,Nextblock,34,34
bay3wXfJsu9ds1zQBoQQ4DUwFGs3NP6q4gca9WM5G1z,NodeOne,98,98
bay3wXfJsu9ds1zQBoQQ4DUwFGs3NP6q4gca9WM5G1z,Soyas,9,9
bay3wXfJsu9ds1zQBoQQ4DUwFGs3NP6q4gca9WM5G1z,Stellium,130,130
bay3wXfJsu9ds1zQBoQQ4DUwFGs3NP6q4gca9WM5G1z,Temporal,82,82
bay3wXfJsu9ds1zQBoQQ4DUwFGs3NP6q4gca9WM5G1z,blockRazor,6,6
bay3wXfJsu9ds1zQBoQQ4DUwFGs3NP6q4gca9WM5G1z,blockrazor,14,14
bay3wXfJsu9ds1zQBoQQ4DUwFGs3NP6q4gca9WM5G1z,blocksprint,63,63
bay3wXfJsu9ds1zQBoQQ4DUwFGs3NP6q4gca9WM5G1z,bloxroute,25,25
bay3wXfJsu9ds1zQBoQQ4DUwFGs3NP6q4gca9WM5G1z,landX,438,438
bay3wXfJsu9ds1zQBoQQ4DUwFGs3NP6q4gca9WM5G1z,stellium,482,482
bcZxRSozXDb61a77rxL6n9yumsbatqC7RFmZ8Xi5K8V,(none),895,0
bcZxRSozXDb61a77rxL6n9yumsbatqC7RFmZ8Xi5K8V,0slot,95,95
bcZxRSozXDb61a77rxL6n9yumsbatqC7RFmZ8Xi5K8V,AstraLane,114,114
bcZxRSozXDb61a77rxL6n9yumsbatqC7RFmZ8Xi5K8V,Astralane,1,1
bcZxRSozXDb61a77rxL6n9yumsbatqC7RFmZ8Xi5K8V,BloxRoute,5,5
bcZxRSozXDb61a77rxL6n9yumsbatqC7RFmZ8Xi5K8V,Falcon,182,182
bcZxRSozXDb61a77rxL6n9yumsbatqC7RFmZ8Xi5K8V,Flashblock,3,3
bcZxRSozXDb61a77rxL6n9yumsbatqC7RFmZ8Xi5K8V,Helius,337,337
bcZxRSozXDb61a77rxL6n9yumsbatqC7RFmZ8Xi5K8V,Jito,121,121
bcZxRSozXDb61a77rxL6n9yumsbatqC7RFmZ8Xi5K8V,Moon,1,1
bcZxRSozXDb61a77rxL6n9yumsbatqC7RFmZ8Xi5K8V,Nextblock,64,64
bcZxRSozXDb61a77rxL6n9yumsbatqC7RFmZ8Xi5K8V,NodeOne,111,111
bcZxRSozXDb61a77rxL6n9yumsbatqC7RFmZ8Xi5K8V,Soyas,14,14
bcZxRSozXDb61a77rxL6n9yumsbatqC7RFmZ8Xi5K8V,Stellium,135,135
bcZxRSozXDb61a77rxL6n9yumsbatqC7RFmZ8Xi5K8V,Temporal,102,102
bcZxRSozXDb61a77rxL6n9yumsbatqC7RFmZ8Xi5K8V,blockRazor,6,6
bcZxRSozXDb61a77rxL6n9yumsbatqC7RFmZ8Xi5K8V,blockrazor,23,23
bcZxRSozXDb61a77rxL6n9yumsbatqC7RFmZ8Xi5K8V,blocksprint,116,116
bcZxRSozXDb61a77rxL6n9yumsbatqC7RFmZ8Xi5K8V,bloxroute,62,62
bcZxRSozXDb61a77rxL6n9yumsbatqC7RFmZ8Xi5K8V,landX,199,199
bcZxRSozXDb61a77rxL6n9yumsbatqC7RFmZ8Xi5K8V,stellium,394,394
bitHUmbKSQDTGoyoiW3BeqaGWdyV5sS3nYt5SduUHfb,(none),2753,0
bitHUmbKSQDTGoyoiW3BeqaGWdyV5sS3nYt5SduUHfb,0slot,207,207
bitHUmbKSQDTGoyoiW3BeqaGWdyV5sS3nYt5SduUHfb,AstraLane,425,425
bitHUmbKSQDTGoyoiW3BeqaGWdyV5sS3nYt5SduUHfb,Astralane,12,12
bitHUmbKSQDTGoyoiW3BeqaGWdyV5sS3nYt5SduUHfb,BloxRoute,9,9
bitHUmbKSQDTGoyoiW3BeqaGWdyV5sS3nYt5SduUHfb,Falcon,904,904
bitHUmbKSQDTGoyoiW3BeqaGWdyV5sS3nYt5SduUHfb,Flashblock,5,5
bitHUmbKSQDTGoyoiW3BeqaGWdyV5sS3nYt5SduUHfb,Helius,1019,1019
bitHUmbKSQDTGoyoiW3BeqaGWdyV5sS3nYt5SduUHfb,Jito,94,94
bitHUmbKSQDTGoyoiW3BeqaGWdyV5sS3nYt5SduUHfb,Moon,2,2
bitHUmbKSQDTGoyoiW3BeqaGWdyV5sS3nYt5SduUHfb,Nextblock,134,134
bitHUmbKSQDTGoyoiW3BeqaGWdyV5sS3nYt5SduUHfb,NodeOne,217,217
bitHUmbKSQDTGoyoiW3BeqaGWdyV5sS3nYt5SduUHfb,Soyas,11,11
bitHUmbKSQDTGoyoiW3BeqaGWdyV5sS3nYt5SduUHfb,Stellium,543,543
bitHUmbKSQDTGoyoiW3BeqaGWdyV5sS3nYt5SduUHfb,Temporal,347,347
bitHUmbKSQDTGoyoiW3BeqaGWdyV5sS3nYt5SduUHfb,blockRazor,23,23
bitHUmbKSQDTGoyoiW3BeqaGWdyV5sS3nYt5SduUHfb,blockrazor,74,74
bitHUmbKSQDTGoyoiW3BeqaGWdyV5sS3nYt5SduUHfb,blocksprint,286,286
bitHUmbKSQDTGoyoiW3BeqaGWdyV5sS3nYt5SduUHfb,bloxroute,71,71
bitHUmbKSQDTGoyoiW3BeqaGWdyV5sS3nYt5SduUHfb,landX,1392,1392
bitHUmbKSQDTGoyoiW3BeqaGWdyV5sS3nYt5SduUHfb,stellium,2088,2088
bkpk9KVsDRfrArzzmkJ9mPEvbXfQxczzQYR3QMGiR8Z,(none),2708,0
bkpk9KVsDRfrArzzmkJ9mPEvbXfQxczzQYR3QMGiR8Z,0slot,232,232
bkpk9KVsDRfrArzzmkJ9mPEvbXfQxczzQYR3QMGiR8Z,AstraLane,332,332
bkpk9KVsDRfrArzzmkJ9mPEvbXfQxczzQYR3QMGiR8Z,Astralane,2,2
bkpk9KVsDRfrArzzmkJ9mPEvbXfQxczzQYR3QMGiR8Z,BloxRoute,3,3
bkpk9KVsDRfrArzzmkJ9mPEvbXfQxczzQYR3QMGiR8Z,Falcon,538,538
bkpk9KVsDRfrArzzmkJ9mPEvbXfQxczzQYR3QMGiR8Z,Flashblock,2,2
bkpk9KVsDRfrArzzmkJ9mPEvbXfQxczzQYR3QMGiR8Z,Helius,901,901
bkpk9KVsDRfrArzzmkJ9mPEvbXfQxczzQYR3QMGiR8Z,Jito,283,283
bkpk9KVsDRfrArzzmkJ9mPEvbXfQxczzQYR3QMGiR8Z,Moon,2,2
bkpk9KVsDRfrArzzmkJ9mPEvbXfQxczzQYR3QMGiR8Z,Nextblock,123,123
bkpk9KVsDRfrArzzmkJ9mPEvbXfQxczzQYR3QMGiR8Z,NodeOne,231,231
bkpk9KVsDRfrArzzmkJ9mPEvbXfQxczzQYR3QMGiR8Z,Soyas,21,21
bkpk9KVsDRfrArzzmkJ9mPEvbXfQxczzQYR3QMGiR8Z,Stellium,370,370
bkpk9KVsDRfrArzzmkJ9mPEvbXfQxczzQYR3QMGiR8Z,Temporal,307,307
bkpk9KVsDRfrArzzmkJ9mPEvbXfQxczzQYR3QMGiR8Z,blockRazor,9,9
bkpk9KVsDRfrArzzmkJ9mPEvbXfQxczzQYR3QMGiR8Z,blockrazor,62,62
bkpk9KVsDRfrArzzmkJ9mPEvbXfQxczzQYR3QMGiR8Z,blocksprint,217,217
bkpk9KVsDRfrArzzmkJ9mPEvbXfQxczzQYR3QMGiR8Z,bloxroute,157,157
bkpk9KVsDRfrArzzmkJ9mPEvbXfQxczzQYR3QMGiR8Z,landX,696,696
bkpk9KVsDRfrArzzmkJ9mPEvbXfQxczzQYR3QMGiR8Z,stellium,1257,1257
bookoVmqw4QjVj5BbkFacouadx9M7816wyRkfM7A5Lo,(none),321,0
bookoVmqw4QjVj5BbkFacouadx9M7816wyRkfM7A5Lo,0slot,37,37
bookoVmqw4QjVj5BbkFacouadx9M7816wyRkfM7A5Lo,AstraLane,65,65
bookoVmqw4QjVj5BbkFacouadx9M7816wyRkfM7A5Lo,Falcon,82,82
bookoVmqw4QjVj5BbkFacouadx9M7816wyRkfM7A5Lo,Flashblock,1,1
bookoVmqw4QjVj5BbkFacouadx9M7816wyRkfM7A5Lo,Helius,138,138
bookoVmqw4QjVj5BbkFacouadx9M7816wyRkfM7A5Lo,Jito,32,32
bookoVmqw4QjVj5BbkFacouadx9M7816wyRkfM7A5Lo,Nextblock,16,16
bookoVmqw4QjVj5BbkFacouadx9M7816wyRkfM7A5Lo,NodeOne,30,30
bookoVmqw4QjVj5BbkFacouadx9M7816wyRkfM7A5Lo,Soyas,3,3
bookoVmqw4QjVj5BbkFacouadx9M7816wyRkfM7A5Lo,Stellium,70,70
bookoVmqw4QjVj5BbkFacouadx9M7816wyRkfM7A5Lo,Temporal,33,33
bookoVmqw4QjVj5BbkFacouadx9M7816wyRkfM7A5Lo,blockrazor,9,9
bookoVmqw4QjVj5BbkFacouadx9M7816wyRkfM7A5Lo,blocksprint,37,37
bookoVmqw4QjVj5BbkFacouadx9M7816wyRkfM7A5Lo,bloxroute,47,47
bookoVmqw4QjVj5BbkFacouadx9M7816wyRkfM7A5Lo,landX,181,181
bookoVmqw4QjVj5BbkFacouadx9M7816wyRkfM7A5Lo,stellium,234,234
bxrAptB5ZpZBhoLedJpoGWY5hBjjt3zvVBr2323Rrq6,(none),1478,0
bxrAptB5ZpZBhoLedJpoGWY5hBjjt3zvVBr2323Rrq6,0slot,146,146
bxrAptB5ZpZBhoLedJpoGWY5hBjjt3zvVBr2323Rrq6,AstraLane,207,207
bxrAptB5ZpZBhoLedJpoGWY5hBjjt3zvVBr2323Rrq6,BloxRoute,3,3
bxrAptB5ZpZBhoLedJpoGWY5hBjjt3zvVBr2323Rrq6,Falcon,225,225
bxrAptB5ZpZBhoLedJpoGWY5hBjjt3zvVBr2323Rrq6,Flashblock,6,6
bxrAptB5ZpZBhoLedJpoGWY5hBjjt3zvVBr2323Rrq6,Helius,527,525
bxrAptB5ZpZBhoLedJpoGWY5hBjjt3zvVBr2323Rrq6,Jito,188,188
bxrAptB5ZpZBhoLedJpoGWY5hBjjt3zvVBr2323Rrq6,Nextblock,50,50
bxrAptB5ZpZBhoLedJpoGWY5hBjjt3zvVBr2323Rrq6,NodeOne,118,118
bxrAptB5ZpZBhoLedJpoGWY5hBjjt3zvVBr2323Rrq6,Soyas,8,8
bxrAptB5ZpZBhoLedJpoGWY5hBjjt3zvVBr2323Rrq6,Stellium,226,226
bxrAptB5ZpZBhoLedJpoGWY5hBjjt3zvVBr2323Rrq6,Temporal,157,157
bxrAptB5ZpZBhoLedJpoGWY5hBjjt3zvVBr2323Rrq6,blockRazor,9,9
bxrAptB5ZpZBhoLedJpoGWY5hBjjt3zvVBr2323Rrq6,blockrazor,20,20
bxrAptB5ZpZBhoLedJpoGWY5hBjjt3zvVBr2323Rrq6,blocksprint,99,99
bxrAptB5ZpZBhoLedJpoGWY5hBjjt3zvVBr2323Rrq6,bloxroute,46,46
bxrAptB5ZpZBhoLedJpoGWY5hBjjt3zvVBr2323Rrq6,landX,265,265
bxrAptB5ZpZBhoLedJpoGWY5hBjjt3zvVBr2323Rrq6,stellium,587,587
c3rtoMCHSbFrLRTAdw4iRowKSn4BrDtvSPbuyJwkHwx,(none),389,0
c3rtoMCHSbFrLRTAdw4iRowKSn4BrDtvSPbuyJwkHwx,0slot,30,30
c3rtoMCHSbFrLRTAdw4iRowKSn4BrDtvSPbuyJwkHwx,AstraLane,64,64
c3rtoMCHSbFrLRTAdw4iRowKSn4BrDtvSPbuyJwkHwx,BloxRoute,1,1
c3rtoMCHSbFrLRTAdw4iRowKSn4BrDtvSPbuyJwkHwx,Falcon,110,110
c3rtoMCHSbFrLRTAdw4iRowKSn4BrDtvSPbuyJwkHwx,Helius,130,130
c3rtoMCHSbFrLRTAdw4iRowKSn4BrDtvSPbuyJwkHwx,Jito,10,10
c3rtoMCHSbFrLRTAdw4iRowKSn4BrDtvSPbuyJwkHwx,Nextblock,21,21
c3rtoMCHSbFrLRTAdw4iRowKSn4BrDtvSPbuyJwkHwx,NodeOne,47,47
c3rtoMCHSbFrLRTAdw4iRowKSn4BrDtvSPbuyJwkHwx,Soyas,9,9
c3rtoMCHSbFrLRTAdw4iRowKSn4BrDtvSPbuyJwkHwx,Stellium,85,85
c3rtoMCHSbFrLRTAdw4iRowKSn4BrDtvSPbuyJwkHwx,Temporal,43,43
c3rtoMCHSbFrLRTAdw4iRowKSn4BrDtvSPbuyJwkHwx,blockRazor,6,6
c3rtoMCHSbFrLRTAdw4iRowKSn4BrDtvSPbuyJwkHwx,blockrazor,8,8
c3rtoMCHSbFrLRTAdw4iRowKSn4BrDtvSPbuyJwkHwx,blocksprint,46,46
c3rtoMCHSbFrLRTAdw4iRowKSn4BrDtvSPbuyJwkHwx,bloxroute,55,55
c3rtoMCHSbFrLRTAdw4iRowKSn4BrDtvSPbuyJwkHwx,landX,192,192
c3rtoMCHSbFrLRTAdw4iRowKSn4BrDtvSPbuyJwkHwx,stellium,272,272
capyS1jerxhFp1RehdWRG6kbWi8bnWF3fkEG2RGLsQf,(none),576,0
capyS1jerxhFp1RehdWRG6kbWi8bnWF3fkEG2RGLsQf,0slot,55,55
capyS1jerxhFp1RehdWRG6kbWi8bnWF3fkEG2RGLsQf,AstraLane,45,45
capyS1jerxhFp1RehdWRG6kbWi8bnWF3fkEG2RGLsQf,Astralane,2,2
capyS1jerxhFp1RehdWRG6kbWi8bnWF3fkEG2RGLsQf,BloxRoute,1,1
capyS1jerxhFp1RehdWRG6kbWi8bnWF3fkEG2RGLsQf,Falcon,92,92
capyS1jerxhFp1RehdWRG6kbWi8bnWF3fkEG2RGLsQf,Flashblock,1,1
capyS1jerxhFp1RehdWRG6kbWi8bnWF3fkEG2RGLsQf,Helius,171,171
capyS1jerxhFp1RehdWRG6kbWi8bnWF3fkEG2RGLsQf,Jito,29,28
capyS1jerxhFp1RehdWRG6kbWi8bnWF3fkEG2RGLsQf,Nextblock,11,11
capyS1jerxhFp1RehdWRG6kbWi8bnWF3fkEG2RGLsQf,NodeOne,51,51
capyS1jerxhFp1RehdWRG6kbWi8bnWF3fkEG2RGLsQf,Soyas,13,13
capyS1jerxhFp1RehdWRG6kbWi8bnWF3fkEG2RGLsQf,Stellium,59,59
capyS1jerxhFp1RehdWRG6kbWi8bnWF3fkEG2RGLsQf,Temporal,40,40
capyS1jerxhFp1RehdWRG6kbWi8bnWF3fkEG2RGLsQf,blockRazor,1,1
capyS1jerxhFp1RehdWRG6kbWi8bnWF3fkEG2RGLsQf,blockrazor,8,8
capyS1jerxhFp1RehdWRG6kbWi8bnWF3fkEG2RGLsQf,blocksprint,32,32
capyS1jerxhFp1RehdWRG6kbWi8bnWF3fkEG2RGLsQf,bloxroute,106,105
capyS1jerxhFp1RehdWRG6kbWi8bnWF3fkEG2RGLsQf,landX,210,210
capyS1jerxhFp1RehdWRG6kbWi8bnWF3fkEG2RGLsQf,stellium,249,249
chdvWr6T14nqGRFD37KY36dsvhkCtDaufW5rpu3AfHe,(none),268,0
chdvWr6T14nqGRFD37KY36dsvhkCtDaufW5rpu3AfHe,0slot,46,46
chdvWr6T14nqGRFD37KY36dsvhkCtDaufW5rpu3AfHe,AstraLane,31,31
chdvWr6T14nqGRFD37KY36dsvhkCtDaufW5rpu3AfHe,BloxRoute,1,1
chdvWr6T14nqGRFD37KY36dsvhkCtDaufW5rpu3AfHe,Falcon,29,29
chdvWr6T14nqGRFD37KY36dsvhkCtDaufW5rpu3AfHe,Helius,63,63
chdvWr6T14nqGRFD37KY36dsvhkCtDaufW5rpu3AfHe,Jito,23,23
chdvWr6T14nqGRFD37KY36dsvhkCtDaufW5rpu3AfHe,Nextblock,9,9
chdvWr6T14nqGRFD37KY36dsvhkCtDaufW5rpu3AfHe,NodeOne,19,19
chdvWr6T14nqGRFD37KY36dsvhkCtDaufW5rpu3AfHe,Soyas,2,2
chdvWr6T14nqGRFD37KY36dsvhkCtDaufW5rpu3AfHe,Stellium,33,33
chdvWr6T14nqGRFD37KY36dsvhkCtDaufW5rpu3AfHe,Temporal,19,19
chdvWr6T14nqGRFD37KY36dsvhkCtDaufW5rpu3AfHe,blockrazor,3,3
chdvWr6T14nqGRFD37KY36dsvhkCtDaufW5rpu3AfHe,blocksprint,14,14
chdvWr6T14nqGRFD37KY36dsvhkCtDaufW5rpu3AfHe,bloxroute,8,8
chdvWr6T14nqGRFD37KY36dsvhkCtDaufW5rpu3AfHe,landX,37,37
chdvWr6T14nqGRFD37KY36dsvhkCtDaufW5rpu3AfHe,stellium,71,71
chopskqnudaeCTENWzUjfFCBSLcxprqbdMoCAucAwfb,(none),5,0
chopskqnudaeCTENWzUjfFCBSLcxprqbdMoCAucAwfb,0slot,1,1
chopskqnudaeCTENWzUjfFCBSLcxprqbdMoCAucAwfb,Jito,4,4
chopskqnudaeCTENWzUjfFCBSLcxprqbdMoCAucAwfb,NodeOne,1,1
chrtyETASKQhsndRM9pr6qC3gAHG5MuRwCgXSNVqnJL,(none),193,0
chrtyETASKQhsndRM9pr6qC3gAHG5MuRwCgXSNVqnJL,0slot,15,15
chrtyETASKQhsndRM9pr6qC3gAHG5MuRwCgXSNVqnJL,AstraLane,27,27
chrtyETASKQhsndRM9pr6qC3gAHG5MuRwCgXSNVqnJL,Falcon,87,87
chrtyETASKQhsndRM9pr6qC3gAHG5MuRwCgXSNVqnJL,Helius,126,126
chrtyETASKQhsndRM9pr6qC3gAHG5MuRwCgXSNVqnJL,Jito,18,18
chrtyETASKQhsndRM9pr6qC3gAHG5MuRwCgXSNVqnJL,Nextblock,7,7
chrtyETASKQhsndRM9pr6qC3gAHG5MuRwCgXSNVqnJL,NodeOne,22,22
chrtyETASKQhsndRM9pr6qC3gAHG5MuRwCgXSNVqnJL,Soyas,2,2
chrtyETASKQhsndRM9pr6qC3gAHG5MuRwCgXSNVqnJL,Stellium,49,49
chrtyETASKQhsndRM9pr6qC3gAHG5MuRwCgXSNVqnJL,Temporal,14,14
chrtyETASKQhsndRM9pr6qC3gAHG5MuRwCgXSNVqnJL,blockRazor,1,1
chrtyETASKQhsndRM9pr6qC3gAHG5MuRwCgXSNVqnJL,blockrazor,2,2
chrtyETASKQhsndRM9pr6qC3gAHG5MuRwCgXSNVqnJL,blocksprint,44,44
chrtyETASKQhsndRM9pr6qC3gAHG5MuRwCgXSNVqnJL,bloxroute,53,53
chrtyETASKQhsndRM9pr6qC3gAHG5MuRwCgXSNVqnJL,landX,100,100
chrtyETASKQhsndRM9pr6qC3gAHG5MuRwCgXSNVqnJL,stellium,115,115
ciTyjzN9iyobidMycjyqRRM7vXAHXkFzH3m8vEr6cQj,(none),501,0
ciTyjzN9iyobidMycjyqRRM7vXAHXkFzH3m8vEr6cQj,0slot,59,59
ciTyjzN9iyobidMycjyqRRM7vXAHXkFzH3m8vEr6cQj,AstraLane,51,51
ciTyjzN9iyobidMycjyqRRM7vXAHXkFzH3m8vEr6cQj,Falcon,98,98
ciTyjzN9iyobidMycjyqRRM7vXAHXkFzH3m8vEr6cQj,Flashblock,1,1
ciTyjzN9iyobidMycjyqRRM7vXAHXkFzH3m8vEr6cQj,Helius,233,233
ciTyjzN9iyobidMycjyqRRM7vXAHXkFzH3m8vEr6cQj,Jito,79,79
ciTyjzN9iyobidMycjyqRRM7vXAHXkFzH3m8vEr6cQj,Nextblock,24,24
ciTyjzN9iyobidMycjyqRRM7vXAHXkFzH3m8vEr6cQj,NodeOne,69,69
ciTyjzN9iyobidMycjyqRRM7vXAHXkFzH3m8vEr6cQj,Soyas,6,6
ciTyjzN9iyobidMycjyqRRM7vXAHXkFzH3m8vEr6cQj,Stellium,85,85
ciTyjzN9iyobidMycjyqRRM7vXAHXkFzH3m8vEr6cQj,Temporal,63,63
ciTyjzN9iyobidMycjyqRRM7vXAHXkFzH3m8vEr6cQj,blockRazor,1,1
ciTyjzN9iyobidMycjyqRRM7vXAHXkFzH3m8vEr6cQj,blockrazor,15,15
ciTyjzN9iyobidMycjyqRRM7vXAHXkFzH3m8vEr6cQj,blocksprint,68,68
ciTyjzN9iyobidMycjyqRRM7vXAHXkFzH3m8vEr6cQj,bloxroute,41,41
ciTyjzN9iyobidMycjyqRRM7vXAHXkFzH3m8vEr6cQj,landX,167,167
ciTyjzN9iyobidMycjyqRRM7vXAHXkFzH3m8vEr6cQj,stellium,275,275
cybi55ebub37HZW9YmRaLh59Lh3kqaLTsEBQwW6vFkC,(none),559,0
cybi55ebub37HZW9YmRaLh59Lh3kqaLTsEBQwW6vFkC,0slot,80,80
cybi55ebub37HZW9YmRaLh59Lh3kqaLTsEBQwW6vFkC,AstraLane,82,82
cybi55ebub37HZW9YmRaLh59Lh3kqaLTsEBQwW6vFkC,BloxRoute,2,2
cybi55ebub37HZW9YmRaLh59Lh3kqaLTsEBQwW6vFkC,Falcon,129,129
cybi55ebub37HZW9YmRaLh59Lh3kqaLTsEBQwW6vFkC,Helius,201,201
cybi55ebub37HZW9YmRaLh59Lh3kqaLTsEBQwW6vFkC,Jito,95,95
cybi55ebub37HZW9YmRaLh59Lh3kqaLTsEBQwW6vFkC,Nextblock,26,26
cybi55ebub37HZW9YmRaLh59Lh3kqaLTsEBQwW6vFkC,NodeOne,59,59
cybi55ebub37HZW9YmRaLh59Lh3kqaLTsEBQwW6vFkC,Soyas,5,5
cybi55ebub37HZW9YmRaLh59Lh3kqaLTsEBQwW6vFkC,Stellium,91,91
cybi55ebub37HZW9YmRaLh59Lh3kqaLTsEBQwW6vFkC,Temporal,56,56
cybi55ebub37HZW9YmRaLh59Lh3kqaLTsEBQwW6vFkC,blockRazor,2,2
cybi55ebub37HZW9YmRaLh59Lh3kqaLTsEBQwW6vFkC,blockrazor,16,16
cybi55ebub37HZW9YmRaLh59Lh3kqaLTsEBQwW6vFkC,blocksprint,48,48
cybi55ebub37HZW9YmRaLh59Lh3kqaLTsEBQwW6vFkC,bloxroute,40,40
cybi55ebub37HZW9YmRaLh59Lh3kqaLTsEBQwW6vFkC,landX,157,157
cybi55ebub37HZW9YmRaLh59Lh3kqaLTsEBQwW6vFkC,stellium,245,245
dcntruDNP5SEcGV4RxnsqXFURdDZGT3DTQv68Q8H7Vu,(none),719,0
dcntruDNP5SEcGV4RxnsqXFURdDZGT3DTQv68Q8H7Vu,0slot,53,53
dcntruDNP5SEcGV4RxnsqXFURdDZGT3DTQv68Q8H7Vu,AstraLane,80,80
dcntruDNP5SEcGV4RxnsqXFURdDZGT3DTQv68Q8H7Vu,Astralane,2,2
dcntruDNP5SEcGV4RxnsqXFURdDZGT3DTQv68Q8H7Vu,BloxRoute,5,5
dcntruDNP5SEcGV4RxnsqXFURdDZGT3DTQv68Q8H7Vu,Falcon,150,150
dcntruDNP5SEcGV4RxnsqXFURdDZGT3DTQv68Q8H7Vu,Flashblock,1,1
dcntruDNP5SEcGV4RxnsqXFURdDZGT3DTQv68Q8H7Vu,Helius,235,235
dcntruDNP5SEcGV4RxnsqXFURdDZGT3DTQv68Q8H7Vu,Jito,49,49
dcntruDNP5SEcGV4RxnsqXFURdDZGT3DTQv68Q8H7Vu,Nextblock,21,21
dcntruDNP5SEcGV4RxnsqXFURdDZGT3DTQv68Q8H7Vu,NodeOne,64,64
dcntruDNP5SEcGV4RxnsqXFURdDZGT3DTQv68Q8H7Vu,Soyas,3,3
dcntruDNP5SEcGV4RxnsqXFURdDZGT3DTQv68Q8H7Vu,Stellium,104,104
dcntruDNP5SEcGV4RxnsqXFURdDZGT3DTQv68Q8H7Vu,Temporal,74,74
dcntruDNP5SEcGV4RxnsqXFURdDZGT3DTQv68Q8H7Vu,blockRazor,3,3
dcntruDNP5SEcGV4RxnsqXFURdDZGT3DTQv68Q8H7Vu,blockrazor,19,19
dcntruDNP5SEcGV4RxnsqXFURdDZGT3DTQv68Q8H7Vu,blocksprint,73,73
dcntruDNP5SEcGV4RxnsqXFURdDZGT3DTQv68Q8H7Vu,bloxroute,36,36
dcntruDNP5SEcGV4RxnsqXFURdDZGT3DTQv68Q8H7Vu,landX,188,188
dcntruDNP5SEcGV4RxnsqXFURdDZGT3DTQv68Q8H7Vu,stellium,316,316
dmMwc4RazLHkvDZYrWAfbHQ6cViAvNa5szCJKaiun8S,(none),439,0
dmMwc4RazLHkvDZYrWAfbHQ6cViAvNa5szCJKaiun8S,0slot,33,33
dmMwc4RazLHkvDZYrWAfbHQ6cViAvNa5szCJKaiun8S,AstraLane,75,75
dmMwc4RazLHkvDZYrWAfbHQ6cViAvNa5szCJKaiun8S,Falcon,74,74
dmMwc4RazLHkvDZYrWAfbHQ6cViAvNa5szCJKaiun8S,Helius,183,183
dmMwc4RazLHkvDZYrWAfbHQ6cViAvNa5szCJKaiun8S,Jito,56,56
dmMwc4RazLHkvDZYrWAfbHQ6cViAvNa5szCJKaiun8S,Moon,1,1
dmMwc4RazLHkvDZYrWAfbHQ6cViAvNa5szCJKaiun8S,Nextblock,24,24
dmMwc4RazLHkvDZYrWAfbHQ6cViAvNa5szCJKaiun8S,NodeOne,76,76
dmMwc4RazLHkvDZYrWAfbHQ6cViAvNa5szCJKaiun8S,Soyas,12,12
dmMwc4RazLHkvDZYrWAfbHQ6cViAvNa5szCJKaiun8S,Stellium,66,66
dmMwc4RazLHkvDZYrWAfbHQ6cViAvNa5szCJKaiun8S,Temporal,51,51
dmMwc4RazLHkvDZYrWAfbHQ6cViAvNa5szCJKaiun8S,blockRazor,3,3
dmMwc4RazLHkvDZYrWAfbHQ6cViAvNa5szCJKaiun8S,blockrazor,6,6
dmMwc4RazLHkvDZYrWAfbHQ6cViAvNa5szCJKaiun8S,blocksprint,39,39
dmMwc4RazLHkvDZYrWAfbHQ6cViAvNa5szCJKaiun8S,bloxroute,26,26
dmMwc4RazLHkvDZYrWAfbHQ6cViAvNa5szCJKaiun8S,landX,163,163
dmMwc4RazLHkvDZYrWAfbHQ6cViAvNa5szCJKaiun8S,stellium,219,219
dst2u7mXMyDvb14cSErRNA1mxH1d5VXbSXgZ3DKE9xH,(none),341,0
dst2u7mXMyDvb14cSErRNA1mxH1d5VXbSXgZ3DKE9xH,0slot,21,21
dst2u7mXMyDvb14cSErRNA1mxH1d5VXbSXgZ3DKE9xH,AstraLane,32,32
dst2u7mXMyDvb14cSErRNA1mxH1d5VXbSXgZ3DKE9xH,BloxRoute,5,5
dst2u7mXMyDvb14cSErRNA1mxH1d5VXbSXgZ3DKE9xH,Falcon,18,18
dst2u7mXMyDvb14cSErRNA1mxH1d5VXbSXgZ3DKE9xH,Flashblock,1,1
dst2u7mXMyDvb14cSErRNA1mxH1d5VXbSXgZ3DKE9xH,Helius,115,115
dst2u7mXMyDvb14cSErRNA1mxH1d5VXbSXgZ3DKE9xH,Jito,17,17
dst2u7mXMyDvb14cSErRNA1mxH1d5VXbSXgZ3DKE9xH,Nextblock,4,4
dst2u7mXMyDvb14cSErRNA1mxH1d5VXbSXgZ3DKE9xH,NodeOne,21,21
dst2u7mXMyDvb14cSErRNA1mxH1d5VXbSXgZ3DKE9xH,Soyas,3,3
dst2u7mXMyDvb14cSErRNA1mxH1d5VXbSXgZ3DKE9xH,Stellium,27,27
dst2u7mXMyDvb14cSErRNA1mxH1d5VXbSXgZ3DKE9xH,Temporal,24,24
dst2u7mXMyDvb14cSErRNA1mxH1d5VXbSXgZ3DKE9xH,blockRazor,2,2
dst2u7mXMyDvb14cSErRNA1mxH1d5VXbSXgZ3DKE9xH,blockrazor,3,3
dst2u7mXMyDvb14cSErRNA1mxH1d5VXbSXgZ3DKE9xH,blocksprint,14,14
dst2u7mXMyDvb14cSErRNA1mxH1d5VXbSXgZ3DKE9xH,bloxroute,3,3
dst2u7mXMyDvb14cSErRNA1mxH1d5VXbSXgZ3DKE9xH,landX,77,77
dst2u7mXMyDvb14cSErRNA1mxH1d5VXbSXgZ3DKE9xH,stellium,138,138
dxa6QFqLcByyHykLCAW5tv1VYNVQFV3v6oovM2h8inH,(none),795,0
dxa6QFqLcByyHykLCAW5tv1VYNVQFV3v6oovM2h8inH,0slot,86,86
dxa6QFqLcByyHykLCAW5tv1VYNVQFV3v6oovM2h8inH,AstraLane,139,139
dxa6QFqLcByyHykLCAW5tv1VYNVQFV3v6oovM2h8inH,BloxRoute,1,1
dxa6QFqLcByyHykLCAW5tv1VYNVQFV3v6oovM2h8inH,Falcon,234,234
dxa6QFqLcByyHykLCAW5tv1VYNVQFV3v6oovM2h8inH,Flashblock,1,1
dxa6QFqLcByyHykLCAW5tv1VYNVQFV3v6oovM2h8inH,Helius,473,473
dxa6QFqLcByyHykLCAW5tv1VYNVQFV3v6oovM2h8inH,Jito,93,93
dxa6QFqLcByyHykLCAW5tv1VYNVQFV3v6oovM2h8inH,Nextblock,73,73
dxa6QFqLcByyHykLCAW5tv1VYNVQFV3v6oovM2h8inH,NodeOne,72,72
dxa6QFqLcByyHykLCAW5tv1VYNVQFV3v6oovM2h8inH,Soyas,21,21
dxa6QFqLcByyHykLCAW5tv1VYNVQFV3v6oovM2h8inH,Stellium,177,177
dxa6QFqLcByyHykLCAW5tv1VYNVQFV3v6oovM2h8inH,Temporal,81,81
dxa6QFqLcByyHykLCAW5tv1VYNVQFV3v6oovM2h8inH,blockRazor,8,8
dxa6QFqLcByyHykLCAW5tv1VYNVQFV3v6oovM2h8inH,blockrazor,22,22
dxa6QFqLcByyHykLCAW5tv1VYNVQFV3v6oovM2h8inH,blocksprint,146,146
dxa6QFqLcByyHykLCAW5tv1VYNVQFV3v6oovM2h8inH,bloxroute,21,21
dxa6QFqLcByyHykLCAW5tv1VYNVQFV3v6oovM2h8inH,landX,261,261
dxa6QFqLcByyHykLCAW5tv1VYNVQFV3v6oovM2h8inH,stellium,435,435
dzBhD4wikyy7xqwiJvT49gdrKqWVjfs9M6cTssmRX8Y,(none),124,0
dzBhD4wikyy7xqwiJvT49gdrKqWVjfs9M6cTssmRX8Y,0slot,13,13
dzBhD4wikyy7xqwiJvT49gdrKqWVjfs9M6cTssmRX8Y,AstraLane,18,18
dzBhD4wikyy7xqwiJvT49gdrKqWVjfs9M6cTssmRX8Y,BloxRoute,1,1
dzBhD4wikyy7xqwiJvT49gdrKqWVjfs9M6cTssmRX8Y,Falcon,27,27
dzBhD4wikyy7xqwiJvT49gdrKqWVjfs9M6cTssmRX8Y,Helius,52,52
dzBhD4wikyy7xqwiJvT49gdrKqWVjfs9M6cTssmRX8Y,Jito,4,4
dzBhD4wikyy7xqwiJvT49gdrKqWVjfs9M6cTssmRX8Y,Nextblock,13,13
dzBhD4wikyy7xqwiJvT49gdrKqWVjfs9M6cTssmRX8Y,NodeOne,12,12
dzBhD4wikyy7xqwiJvT49gdrKqWVjfs9M6cTssmRX8Y,Soyas,2,2
dzBhD4wikyy7xqwiJvT49gdrKqWVjfs9M6cTssmRX8Y,Stellium,19,19
dzBhD4wikyy7xqwiJvT49gdrKqWVjfs9M6cTssmRX8Y,Temporal,13,13
dzBhD4wikyy7xqwiJvT49gdrKqWVjfs9M6cTssmRX8Y,blockRazor,4,4
dzBhD4wikyy7xqwiJvT49gdrKqWVjfs9M6cTssmRX8Y,blockrazor,5,5
dzBhD4wikyy7xqwiJvT49gdrKqWVjfs9M6cTssmRX8Y,blocksprint,13,13
dzBhD4wikyy7xqwiJvT49gdrKqWVjfs9M6cTssmRX8Y,bloxroute,14,14
dzBhD4wikyy7xqwiJvT49gdrKqWVjfs9M6cTssmRX8Y,landX,36,36
dzBhD4wikyy7xqwiJvT49gdrKqWVjfs9M6cTssmRX8Y,stellium,58,58
eyeYaqg9e2L6xw7YwsSLm27eWJfhLNAm6ETQm8TXNoK,(none),350,0
eyeYaqg9e2L6xw7YwsSLm27eWJfhLNAm6ETQm8TXNoK,0slot,29,29
eyeYaqg9e2L6xw7YwsSLm27eWJfhLNAm6ETQm8TXNoK,AstraLane,56,56
eyeYaqg9e2L6xw7YwsSLm27eWJfhLNAm6ETQm8TXNoK,BloxRoute,2,2
eyeYaqg9e2L6xw7YwsSLm27eWJfhLNAm6ETQm8TXNoK,Falcon,42,42
eyeYaqg9e2L6xw7YwsSLm27eWJfhLNAm6ETQm8TXNoK,Flashblock,1,1
eyeYaqg9e2L6xw7YwsSLm27eWJfhLNAm6ETQm8TXNoK,Helius,129,129
eyeYaqg9e2L6xw7YwsSLm27eWJfhLNAm6ETQm8TXNoK,Jito,28,28
eyeYaqg9e2L6xw7YwsSLm27eWJfhLNAm6ETQm8TXNoK,Nextblock,16,16
eyeYaqg9e2L6xw7YwsSLm27eWJfhLNAm6ETQm8TXNoK,NodeOne,33,33
eyeYaqg9e2L6xw7YwsSLm27eWJfhLNAm6ETQm8TXNoK,Soyas,6,6
eyeYaqg9e2L6xw7YwsSLm27eWJfhLNAm6ETQm8TXNoK,Stellium,38,38
eyeYaqg9e2L6xw7YwsSLm27eWJfhLNAm6ETQm8TXNoK,Temporal,47,47
eyeYaqg9e2L6xw7YwsSLm27eWJfhLNAm6ETQm8TXNoK,blockRazor,2,2
eyeYaqg9e2L6xw7YwsSLm27eWJfhLNAm6ETQm8TXNoK,blockrazor,7,7
eyeYaqg9e2L6xw7YwsSLm27eWJfhLNAm6ETQm8TXNoK,blocksprint,38,38
eyeYaqg9e2L6xw7YwsSLm27eWJfhLNAm6ETQm8TXNoK,bloxroute,14,13
eyeYaqg9e2L6xw7YwsSLm27eWJfhLNAm6ETQm8TXNoK,landX,84,84
eyeYaqg9e2L6xw7YwsSLm27eWJfhLNAm6ETQm8TXNoK,stellium,132,132
fdzip81euDS8jEZHx5H1mn27zGVMLzkgpQuzYRBfBYG,(none),781,0
fdzip81euDS8jEZHx5H1mn27zGVMLzkgpQuzYRBfBYG,0slot,72,72
fdzip81euDS8jEZHx5H1mn27zGVMLzkgpQuzYRBfBYG,AstraLane,142,142
fdzip81euDS8jEZHx5H1mn27zGVMLzkgpQuzYRBfBYG,Astralane,1,1
fdzip81euDS8jEZHx5H1mn27zGVMLzkgpQuzYRBfBYG,BloxRoute,3,3
fdzip81euDS8jEZHx5H1mn27zGVMLzkgpQuzYRBfBYG,Falcon,318,318
fdzip81euDS8jEZHx5H1mn27zGVMLzkgpQuzYRBfBYG,Flashblock,2,2
fdzip81euDS8jEZHx5H1mn27zGVMLzkgpQuzYRBfBYG,Helius,329,329
fdzip81euDS8jEZHx5H1mn27zGVMLzkgpQuzYRBfBYG,Jito,64,64
fdzip81euDS8jEZHx5H1mn27zGVMLzkgpQuzYRBfBYG,Nextblock,50,50
fdzip81euDS8jEZHx5H1mn27zGVMLzkgpQuzYRBfBYG,NodeOne,93,93
fdzip81euDS8jEZHx5H1mn27zGVMLzkgpQuzYRBfBYG,Soyas,12,12
fdzip81euDS8jEZHx5H1mn27zGVMLzkgpQuzYRBfBYG,Stellium,206,206
fdzip81euDS8jEZHx5H1mn27zGVMLzkgpQuzYRBfBYG,Temporal,89,89
fdzip81euDS8jEZHx5H1mn27zGVMLzkgpQuzYRBfBYG,blockRazor,5,5
fdzip81euDS8jEZHx5H1mn27zGVMLzkgpQuzYRBfBYG,blockrazor,25,25
fdzip81euDS8jEZHx5H1mn27zGVMLzkgpQuzYRBfBYG,blocksprint,79,79
fdzip81euDS8jEZHx5H1mn27zGVMLzkgpQuzYRBfBYG,bloxroute,98,98
fdzip81euDS8jEZHx5H1mn27zGVMLzkgpQuzYRBfBYG,landX,421,421
fdzip81euDS8jEZHx5H1mn27zGVMLzkgpQuzYRBfBYG,stellium,518,518
fhsM2sxME8cHrrk3qvtMsRRDv5AoLFja7NjNnHeYZxe,(none),486,0
fhsM2sxME8cHrrk3qvtMsRRDv5AoLFja7NjNnHeYZxe,0slot,30,30
fhsM2sxME8cHrrk3qvtMsRRDv5AoLFja7NjNnHeYZxe,AstraLane,47,47
fhsM2sxME8cHrrk3qvtMsRRDv5AoLFja7NjNnHeYZxe,BloxRoute,1,1
fhsM2sxME8cHrrk3qvtMsRRDv5AoLFja7NjNnHeYZxe,Falcon,90,90
fhsM2sxME8cHrrk3qvtMsRRDv5AoLFja7NjNnHeYZxe,Flashblock,1,1
fhsM2sxME8cHrrk3qvtMsRRDv5AoLFja7NjNnHeYZxe,Helius,131,131
fhsM2sxME8cHrrk3qvtMsRRDv5AoLFja7NjNnHeYZxe,Jito,47,47
fhsM2sxME8cHrrk3qvtMsRRDv5AoLFja7NjNnHeYZxe,Nextblock,18,18
fhsM2sxME8cHrrk3qvtMsRRDv5AoLFja7NjNnHeYZxe,NodeOne,30,30
fhsM2sxME8cHrrk3qvtMsRRDv5AoLFja7NjNnHeYZxe,Soyas,1,1
fhsM2sxME8cHrrk3qvtMsRRDv5AoLFja7NjNnHeYZxe,Stellium,60,60
fhsM2sxME8cHrrk3qvtMsRRDv5AoLFja7NjNnHeYZxe,Temporal,54,54
fhsM2sxME8cHrrk3qvtMsRRDv5AoLFja7NjNnHeYZxe,blockRazor,1,1
fhsM2sxME8cHrrk3qvtMsRRDv5AoLFja7NjNnHeYZxe,blockrazor,13,13
fhsM2sxME8cHrrk3qvtMsRRDv5AoLFja7NjNnHeYZxe,blocksprint,25,25
fhsM2sxME8cHrrk3qvtMsRRDv5AoLFja7NjNnHeYZxe,bloxroute,15,15
fhsM2sxME8cHrrk3qvtMsRRDv5AoLFja7NjNnHeYZxe,landX,90,90
fhsM2sxME8cHrrk3qvtMsRRDv5AoLFja7NjNnHeYZxe,stellium,173,173
fishfishrD9BwrQQiAcG6YeYZVUYVJf3tb9QGQPMJqF,(none),2072,0
fishfishrD9BwrQQiAcG6YeYZVUYVJf3tb9QGQPMJqF,0slot,206,206
fishfishrD9BwrQQiAcG6YeYZVUYVJf3tb9QGQPMJqF,AstraLane,767,767
fishfishrD9BwrQQiAcG6YeYZVUYVJf3tb9QGQPMJqF,Astralane,1,1
fishfishrD9BwrQQiAcG6YeYZVUYVJf3tb9QGQPMJqF,BloxRoute,8,8
fishfishrD9BwrQQiAcG6YeYZVUYVJf3tb9QGQPMJqF,Falcon,534,534
fishfishrD9BwrQQiAcG6YeYZVUYVJf3tb9QGQPMJqF,Flashblock,2,2
fishfishrD9BwrQQiAcG6YeYZVUYVJf3tb9QGQPMJqF,Helius,615,615
fishfishrD9BwrQQiAcG6YeYZVUYVJf3tb9QGQPMJqF,Jito,216,216
fishfishrD9BwrQQiAcG6YeYZVUYVJf3tb9QGQPMJqF,Moon,1,1
fishfishrD9BwrQQiAcG6YeYZVUYVJf3tb9QGQPMJqF,Nextblock,119,119
fishfishrD9BwrQQiAcG6YeYZVUYVJf3tb9QGQPMJqF,NodeOne,135,135
fishfishrD9BwrQQiAcG6YeYZVUYVJf3tb9QGQPMJqF,Soyas,19,19
fishfishrD9BwrQQiAcG6YeYZVUYVJf3tb9QGQPMJqF,Stellium,338,338
fishfishrD9BwrQQiAcG6YeYZVUYVJf3tb9QGQPMJqF,Temporal,270,270
fishfishrD9BwrQQiAcG6YeYZVUYVJf3tb9QGQPMJqF,blockRazor,12,12
fishfishrD9BwrQQiAcG6YeYZVUYVJf3tb9QGQPMJqF,blockrazor,40,40
fishfishrD9BwrQQiAcG6YeYZVUYVJf3tb9QGQPMJqF,blocksprint,217,217
fishfishrD9BwrQQiAcG6YeYZVUYVJf3tb9QGQPMJqF,bloxroute,562,562
fishfishrD9BwrQQiAcG6YeYZVUYVJf3tb9QGQPMJqF,landX,429,429
fishfishrD9BwrQQiAcG6YeYZVUYVJf3tb9QGQPMJqF,stellium,833,833
forb5u56XgvzxiKfRt4FVNFQKJrd2LWAfNCsCqL6P7q,(none),690,0
forb5u56XgvzxiKfRt4FVNFQKJrd2LWAfNCsCqL6P7q,0slot,60,60
forb5u56XgvzxiKfRt4FVNFQKJrd2LWAfNCsCqL6P7q,AstraLane,80,80
forb5u56XgvzxiKfRt4FVNFQKJrd2LWAfNCsCqL6P7q,Falcon,162,162
forb5u56XgvzxiKfRt4FVNFQKJrd2LWAfNCsCqL6P7q,Flashblock,3,3
forb5u56XgvzxiKfRt4FVNFQKJrd2LWAfNCsCqL6P7q,Helius,352,352
forb5u56XgvzxiKfRt4FVNFQKJrd2LWAfNCsCqL6P7q,Jito,99,99
forb5u56XgvzxiKfRt4FVNFQKJrd2LWAfNCsCqL6P7q,Nextblock,31,31
forb5u56XgvzxiKfRt4FVNFQKJrd2LWAfNCsCqL6P7q,NodeOne,69,69
forb5u56XgvzxiKfRt4FVNFQKJrd2LWAfNCsCqL6P7q,Soyas,8,8
forb5u56XgvzxiKfRt4FVNFQKJrd2LWAfNCsCqL6P7q,Stellium,121,121
forb5u56XgvzxiKfRt4FVNFQKJrd2LWAfNCsCqL6P7q,Temporal,57,56
forb5u56XgvzxiKfRt4FVNFQKJrd2LWAfNCsCqL6P7q,blockRazor,5,5
forb5u56XgvzxiKfRt4FVNFQKJrd2LWAfNCsCqL6P7q,blockrazor,13,13
forb5u56XgvzxiKfRt4FVNFQKJrd2LWAfNCsCqL6P7q,blocksprint,79,79
forb5u56XgvzxiKfRt4FVNFQKJrd2LWAfNCsCqL6P7q,bloxroute,33,33
forb5u56XgvzxiKfRt4FVNFQKJrd2LWAfNCsCqL6P7q,landX,189,189
forb5u56XgvzxiKfRt4FVNFQKJrd2LWAfNCsCqL6P7q,stellium,383,383
gUvo3g5LfH4Pd8qnG7T6MPEFa5bPr8LhDdxDahwYqis,(none),706,0
gUvo3g5LfH4Pd8qnG7T6MPEFa5bPr8LhDdxDahwYqis,0slot,32,32
gUvo3g5LfH4Pd8qnG7T6MPEFa5bPr8LhDdxDahwYqis,AstraLane,178,178
gUvo3g5LfH4Pd8qnG7T6MPEFa5bPr8LhDdxDahwYqis,Astralane,1,1
gUvo3g5LfH4Pd8qnG7T6MPEFa5bPr8LhDdxDahwYqis,BloxRoute,5,5
gUvo3g5LfH4Pd8qnG7T6MPEFa5bPr8LhDdxDahwYqis,Falcon,222,222
gUvo3g5LfH4Pd8qnG7T6MPEFa5bPr8LhDdxDahwYqis,Flashblock,2,2
gUvo3g5LfH4Pd8qnG7T6MPEFa5bPr8LhDdxDahwYqis,Helius,358,358
gUvo3g5LfH4Pd8qnG7T6MPEFa5bPr8LhDdxDahwYqis,Jito,151,151
gUvo3g5LfH4Pd8qnG7T6MPEFa5bPr8LhDdxDahwYqis,Nextblock,1,1
gUvo3g5LfH4Pd8qnG7T6MPEFa5bPr8LhDdxDahwYqis,NodeOne,35,35
gUvo3g5LfH4Pd8qnG7T6MPEFa5bPr8LhDdxDahwYqis,Stellium,114,114
gUvo3g5LfH4Pd8qnG7T6MPEFa5bPr8LhDdxDahwYqis,Temporal,43,43
gUvo3g5LfH4Pd8qnG7T6MPEFa5bPr8LhDdxDahwYqis,blockRazor,10,10
gUvo3g5LfH4Pd8qnG7T6MPEFa5bPr8LhDdxDahwYqis,blockrazor,30,30
gUvo3g5LfH4Pd8qnG7T6MPEFa5bPr8LhDdxDahwYqis,blocksprint,29,29
gUvo3g5LfH4Pd8qnG7T6MPEFa5bPr8LhDdxDahwYqis,bloxroute,110,110
gUvo3g5LfH4Pd8qnG7T6MPEFa5bPr8LhDdxDahwYqis,landX,30,30
gUvo3g5LfH4Pd8qnG7T6MPEFa5bPr8LhDdxDahwYqis,stellium,145,145
gVALrRd3xq4D62KJNGDCpMMGz976w2x1Vo79mSNn4bh,(none),309,0
gVALrRd3xq4D62KJNGDCpMMGz976w2x1Vo79mSNn4bh,0slot,30,30
gVALrRd3xq4D62KJNGDCpMMGz976w2x1Vo79mSNn4bh,AstraLane,50,50
gVALrRd3xq4D62KJNGDCpMMGz976w2x1Vo79mSNn4bh,Falcon,90,90
gVALrRd3xq4D62KJNGDCpMMGz976w2x1Vo79mSNn4bh,Flashblock,1,1
gVALrRd3xq4D62KJNGDCpMMGz976w2x1Vo79mSNn4bh,Helius,102,102
gVALrRd3xq4D62KJNGDCpMMGz976w2x1Vo79mSNn4bh,Jito,51,51
gVALrRd3xq4D62KJNGDCpMMGz976w2x1Vo79mSNn4bh,Nextblock,16,16
gVALrRd3xq4D62KJNGDCpMMGz976w2x1Vo79mSNn4bh,NodeOne,15,15
gVALrRd3xq4D62KJNGDCpMMGz976w2x1Vo79mSNn4bh,Soyas,4,4
gVALrRd3xq4D62KJNGDCpMMGz976w2x1Vo79mSNn4bh,Stellium,82,82
gVALrRd3xq4D62KJNGDCpMMGz976w2x1Vo79mSNn4bh,Temporal,19,19
gVALrRd3xq4D62KJNGDCpMMGz976w2x1Vo79mSNn4bh,blockRazor,2,2
gVALrRd3xq4D62KJNGDCpMMGz976w2x1Vo79mSNn4bh,blockrazor,11,11
gVALrRd3xq4D62KJNGDCpMMGz976w2x1Vo79mSNn4bh,blocksprint,40,40
gVALrRd3xq4D62KJNGDCpMMGz976w2x1Vo79mSNn4bh,bloxroute,13,13
gVALrRd3xq4D62KJNGDCpMMGz976w2x1Vo79mSNn4bh,landX,113,113
gVALrRd3xq4D62KJNGDCpMMGz976w2x1Vo79mSNn4bh,stellium,209,209
gangtCrQg5RmKf5yxvhvZThPugPX58pDSdQ5UuS26vN,(none),136,0
gangtCrQg5RmKf5yxvhvZThPugPX58pDSdQ5UuS26vN,0slot,5,5
gangtCrQg5RmKf5yxvhvZThPugPX58pDSdQ5UuS26vN,AstraLane,21,21
gangtCrQg5RmKf5yxvhvZThPugPX58pDSdQ5UuS26vN,Falcon,76,76
gangtCrQg5RmKf5yxvhvZThPugPX58pDSdQ5UuS26vN,Helius,34,34
gangtCrQg5RmKf5yxvhvZThPugPX58pDSdQ5UuS26vN,Jito,13,13
gangtCrQg5RmKf5yxvhvZThPugPX58pDSdQ5UuS26vN,Nextblock,5,5
gangtCrQg5RmKf5yxvhvZThPugPX58pDSdQ5UuS26vN,NodeOne,19,19
gangtCrQg5RmKf5yxvhvZThPugPX58pDSdQ5UuS26vN,Soyas,2,2
gangtCrQg5RmKf5yxvhvZThPugPX58pDSdQ5UuS26vN,Stellium,40,40
gangtCrQg5RmKf5yxvhvZThPugPX58pDSdQ5UuS26vN,Temporal,16,16
gangtCrQg5RmKf5yxvhvZThPugPX58pDSdQ5UuS26vN,blockrazor,3,3
gangtCrQg5RmKf5yxvhvZThPugPX58pDSdQ5UuS26vN,blocksprint,17,17
gangtCrQg5RmKf5yxvhvZThPugPX58pDSdQ5UuS26vN,bloxroute,9,9
gangtCrQg5RmKf5yxvhvZThPugPX58pDSdQ5UuS26vN,landX,19,19
gangtCrQg5RmKf5yxvhvZThPugPX58pDSdQ5UuS26vN,stellium,65,65
gojir4WnhS7VS1JdbnanJMzaMfr4UD7KeX1ixWAHEmw,(none),253,0
gojir4WnhS7VS1JdbnanJMzaMfr4UD7KeX1ixWAHEmw,0slot,23,23
gojir4WnhS7VS1JdbnanJMzaMfr4UD7KeX1ixWAHEmw,AstraLane,44,44
gojir4WnhS7VS1JdbnanJMzaMfr4UD7KeX1ixWAHEmw,Falcon,58,58
gojir4WnhS7VS1JdbnanJMzaMfr4UD7KeX1ixWAHEmw,Helius,98,98
gojir4WnhS7VS1JdbnanJMzaMfr4UD7KeX1ixWAHEmw,Jito,38,38
gojir4WnhS7VS1JdbnanJMzaMfr4UD7KeX1ixWAHEmw,Nextblock,13,13
gojir4WnhS7VS1JdbnanJMzaMfr4UD7KeX1ixWAHEmw,NodeOne,20,20
gojir4WnhS7VS1JdbnanJMzaMfr4UD7KeX1ixWAHEmw,Soyas,1,1
gojir4WnhS7VS1JdbnanJMzaMfr4UD7KeX1ixWAHEmw,Stellium,52,52
gojir4WnhS7VS1JdbnanJMzaMfr4UD7KeX1ixWAHEmw,Temporal,53,53
gojir4WnhS7VS1JdbnanJMzaMfr4UD7KeX1ixWAHEmw,blockRazor,1,1
gojir4WnhS7VS1JdbnanJMzaMfr4UD7KeX1ixWAHEmw,blockrazor,5,5
gojir4WnhS7VS1JdbnanJMzaMfr4UD7KeX1ixWAHEmw,blocksprint,31,31
gojir4WnhS7VS1JdbnanJMzaMfr4UD7KeX1ixWAHEmw,bloxroute,15,15
gojir4WnhS7VS1JdbnanJMzaMfr4UD7KeX1ixWAHEmw,landX,14,14
gojir4WnhS7VS1JdbnanJMzaMfr4UD7KeX1ixWAHEmw,stellium,81,81
gotasRuLTuJNZDtLHmaDJpEUjCWZqkHcuwbLhkgCwCX,(none),493,0
gotasRuLTuJNZDtLHmaDJpEUjCWZqkHcuwbLhkgCwCX,0slot,29,29
gotasRuLTuJNZDtLHmaDJpEUjCWZqkHcuwbLhkgCwCX,AstraLane,63,63
gotasRuLTuJNZDtLHmaDJpEUjCWZqkHcuwbLhkgCwCX,BloxRoute,2,2
gotasRuLTuJNZDtLHmaDJpEUjCWZqkHcuwbLhkgCwCX,Falcon,85,85
gotasRuLTuJNZDtLHmaDJpEUjCWZqkHcuwbLhkgCwCX,Helius,149,149
gotasRuLTuJNZDtLHmaDJpEUjCWZqkHcuwbLhkgCwCX,Jito,29,29
gotasRuLTuJNZDtLHmaDJpEUjCWZqkHcuwbLhkgCwCX,Moon,1,1
gotasRuLTuJNZDtLHmaDJpEUjCWZqkHcuwbLhkgCwCX,Nextblock,11,11
gotasRuLTuJNZDtLHmaDJpEUjCWZqkHcuwbLhkgCwCX,NodeOne,31,31
gotasRuLTuJNZDtLHmaDJpEUjCWZqkHcuwbLhkgCwCX,Soyas,2,2
gotasRuLTuJNZDtLHmaDJpEUjCWZqkHcuwbLhkgCwCX,Stellium,64,64
gotasRuLTuJNZDtLHmaDJpEUjCWZqkHcuwbLhkgCwCX,Temporal,68,68
gotasRuLTuJNZDtLHmaDJpEUjCWZqkHcuwbLhkgCwCX,blockrazor,7,7
gotasRuLTuJNZDtLHmaDJpEUjCWZqkHcuwbLhkgCwCX,blocksprint,36,36
gotasRuLTuJNZDtLHmaDJpEUjCWZqkHcuwbLhkgCwCX,bloxroute,22,22
gotasRuLTuJNZDtLHmaDJpEUjCWZqkHcuwbLhkgCwCX,landX,94,94
gotasRuLTuJNZDtLHmaDJpEUjCWZqkHcuwbLhkgCwCX,stellium,199,199
gridqZmeBcsUKT2Mv4M9YFHFN3tVLFb2TCtTcLD1cAd,(none),1123,0
gridqZmeBcsUKT2Mv4M9YFHFN3tVLFb2TCtTcLD1cAd,0slot,97,97
gridqZmeBcsUKT2Mv4M9YFHFN3tVLFb2TCtTcLD1cAd,AstraLane,197,197
gridqZmeBcsUKT2Mv4M9YFHFN3tVLFb2TCtTcLD1cAd,Astralane,1,1
gridqZmeBcsUKT2Mv4M9YFHFN3tVLFb2TCtTcLD1cAd,BloxRoute,7,7
gridqZmeBcsUKT2Mv4M9YFHFN3tVLFb2TCtTcLD1cAd,Falcon,282,282
gridqZmeBcsUKT2Mv4M9YFHFN3tVLFb2TCtTcLD1cAd,Helius,468,468
gridqZmeBcsUKT2Mv4M9YFHFN3tVLFb2TCtTcLD1cAd,Jito,95,95
gridqZmeBcsUKT2Mv4M9YFHFN3tVLFb2TCtTcLD1cAd,Moon,1,1
gridqZmeBcsUKT2Mv4M9YFHFN3tVLFb2TCtTcLD1cAd,Nextblock,65,65
gridqZmeBcsUKT2Mv4M9YFHFN3tVLFb2TCtTcLD1cAd,NodeOne,90,90
gridqZmeBcsUKT2Mv4M9YFHFN3tVLFb2TCtTcLD1cAd,Soyas,10,10
gridqZmeBcsUKT2Mv4M9YFHFN3tVLFb2TCtTcLD1cAd,Stellium,195,195
gridqZmeBcsUKT2Mv4M9YFHFN3tVLFb2TCtTcLD1cAd,Temporal,121,121
gridqZmeBcsUKT2Mv4M9YFHFN3tVLFb2TCtTcLD1cAd,blockRazor,6,6
gridqZmeBcsUKT2Mv4M9YFHFN3tVLFb2TCtTcLD1cAd,blockrazor,32,32
gridqZmeBcsUKT2Mv4M9YFHFN3tVLFb2TCtTcLD1cAd,blocksprint,138,138
gridqZmeBcsUKT2Mv4M9YFHFN3tVLFb2TCtTcLD1cAd,bloxroute,29,29
gridqZmeBcsUKT2Mv4M9YFHFN3tVLFb2TCtTcLD1cAd,landX,419,419
gridqZmeBcsUKT2Mv4M9YFHFN3tVLFb2TCtTcLD1cAd,stellium,613,613
grptonHnt7YSmJokGK9TJJTBXDT8ca4LSWMHCCfzzPa,(none),1859,0
grptonHnt7YSmJokGK9TJJTBXDT8ca4LSWMHCCfzzPa,0slot,161,161
grptonHnt7YSmJokGK9TJJTBXDT8ca4LSWMHCCfzzPa,AstraLane,706,706
grptonHnt7YSmJokGK9TJJTBXDT8ca4LSWMHCCfzzPa,Astralane,4,4
grptonHnt7YSmJokGK9TJJTBXDT8ca4LSWMHCCfzzPa,BloxRoute,3,3
grptonHnt7YSmJokGK9TJJTBXDT8ca4LSWMHCCfzzPa,Falcon,441,441
grptonHnt7YSmJokGK9TJJTBXDT8ca4LSWMHCCfzzPa,Flashblock,6,6
grptonHnt7YSmJokGK9TJJTBXDT8ca4LSWMHCCfzzPa,Helius,588,587
grptonHnt7YSmJokGK9TJJTBXDT8ca4LSWMHCCfzzPa,Jito,278,278
grptonHnt7YSmJokGK9TJJTBXDT8ca4LSWMHCCfzzPa,Moon,1,1
grptonHnt7YSmJokGK9TJJTBXDT8ca4LSWMHCCfzzPa,Nextblock,65,65
grptonHnt7YSmJokGK9TJJTBXDT8ca4LSWMHCCfzzPa,NodeOne,234,234
grptonHnt7YSmJokGK9TJJTBXDT8ca4LSWMHCCfzzPa,Soyas,12,12
grptonHnt7YSmJokGK9TJJTBXDT8ca4LSWMHCCfzzPa,Stellium,360,360
grptonHnt7YSmJokGK9TJJTBXDT8ca4LSWMHCCfzzPa,Temporal,240,240
grptonHnt7YSmJokGK9TJJTBXDT8ca4LSWMHCCfzzPa,blockRazor,9,9
grptonHnt7YSmJokGK9TJJTBXDT8ca4LSWMHCCfzzPa,blockrazor,38,38
grptonHnt7YSmJokGK9TJJTBXDT8ca4LSWMHCCfzzPa,blocksprint,243,243
grptonHnt7YSmJokGK9TJJTBXDT8ca4LSWMHCCfzzPa,bloxroute,773,773
grptonHnt7YSmJokGK9TJJTBXDT8ca4LSWMHCCfzzPa,landX,258,258
grptonHnt7YSmJokGK9TJJTBXDT8ca4LSWMHCCfzzPa,stellium,778,778
h3ZXAE168mNxsszYYrUfkMVSCWx6DU2Uvrx97Kb1Nch,(none),369,0
h3ZXAE168mNxsszYYrUfkMVSCWx6DU2Uvrx97Kb1Nch,0slot,33,33
h3ZXAE168mNxsszYYrUfkMVSCWx6DU2Uvrx97Kb1Nch,AstraLane,28,28
h3ZXAE168mNxsszYYrUfkMVSCWx6DU2Uvrx97Kb1Nch,Astralane,1,1
h3ZXAE168mNxsszYYrUfkMVSCWx6DU2Uvrx97Kb1Nch,Falcon,72,72
h3ZXAE168mNxsszYYrUfkMVSCWx6DU2Uvrx97Kb1Nch,Flashblock,2,2
h3ZXAE168mNxsszYYrUfkMVSCWx6DU2Uvrx97Kb1Nch,Helius,148,148
h3ZXAE168mNxsszYYrUfkMVSCWx6DU2Uvrx97Kb1Nch,Jito,60,60
h3ZXAE168mNxsszYYrUfkMVSCWx6DU2Uvrx97Kb1Nch,Nextblock,10,10
h3ZXAE168mNxsszYYrUfkMVSCWx6DU2Uvrx97Kb1Nch,NodeOne,17,17
h3ZXAE168mNxsszYYrUfkMVSCWx6DU2Uvrx97Kb1Nch,Soyas,4,4
h3ZXAE168mNxsszYYrUfkMVSCWx6DU2Uvrx97Kb1Nch,Stellium,58,58
h3ZXAE168mNxsszYYrUfkMVSCWx6DU2Uvrx97Kb1Nch,Temporal,37,37
h3ZXAE168mNxsszYYrUfkMVSCWx6DU2Uvrx97Kb1Nch,blockRazor,2,2
h3ZXAE168mNxsszYYrUfkMVSCWx6DU2Uvrx97Kb1Nch,blockrazor,9,9
h3ZXAE168mNxsszYYrUfkMVSCWx6DU2Uvrx97Kb1Nch,blocksprint,29,29
h3ZXAE168mNxsszYYrUfkMVSCWx6DU2Uvrx97Kb1Nch,bloxroute,29,29
h3ZXAE168mNxsszYYrUfkMVSCWx6DU2Uvrx97Kb1Nch,landX,102,102
h3ZXAE168mNxsszYYrUfkMVSCWx6DU2Uvrx97Kb1Nch,stellium,181,181
hnhCMmnrmod4rcyc3QRKkLEC9XnPTvYJ2gBvjgFiV4o,(none),300,0
hnhCMmnrmod4rcyc3QRKkLEC9XnPTvYJ2gBvjgFiV4o,0slot,19,19
hnhCMmnrmod4rcyc3QRKkLEC9XnPTvYJ2gBvjgFiV4o,AstraLane,45,45
hnhCMmnrmod4rcyc3QRKkLEC9XnPTvYJ2gBvjgFiV4o,BloxRoute,1,1
hnhCMmnrmod4rcyc3QRKkLEC9XnPTvYJ2gBvjgFiV4o,Falcon,22,22
hnhCMmnrmod4rcyc3QRKkLEC9XnPTvYJ2gBvjgFiV4o,Flashblock,1,1
hnhCMmnrmod4rcyc3QRKkLEC9XnPTvYJ2gBvjgFiV4o,Helius,104,104
hnhCMmnrmod4rcyc3QRKkLEC9XnPTvYJ2gBvjgFiV4o,Jito,40,40
hnhCMmnrmod4rcyc3QRKkLEC9XnPTvYJ2gBvjgFiV4o,Moon,1,1
hnhCMmnrmod4rcyc3QRKkLEC9XnPTvYJ2gBvjgFiV4o,Nextblock,9,9
hnhCMmnrmod4rcyc3QRKkLEC9XnPTvYJ2gBvjgFiV4o,NodeOne,11,11
hnhCMmnrmod4rcyc3QRKkLEC9XnPTvYJ2gBvjgFiV4o,Soyas,3,3
hnhCMmnrmod4rcyc3QRKkLEC9XnPTvYJ2gBvjgFiV4o,Stellium,40,40
hnhCMmnrmod4rcyc3QRKkLEC9XnPTvYJ2gBvjgFiV4o,Temporal,21,21
hnhCMmnrmod4rcyc3QRKkLEC9XnPTvYJ2gBvjgFiV4o,blockRazor,2,2
hnhCMmnrmod4rcyc3QRKkLEC9XnPTvYJ2gBvjgFiV4o,blockrazor,3,3
hnhCMmnrmod4rcyc3QRKkLEC9XnPTvYJ2gBvjgFiV4o,blocksprint,27,27
hnhCMmnrmod4rcyc3QRKkLEC9XnPTvYJ2gBvjgFiV4o,bloxroute,26,26
hnhCMmnrmod4rcyc3QRKkLEC9XnPTvYJ2gBvjgFiV4o,landX,78,78
hnhCMmnrmod4rcyc3QRKkLEC9XnPTvYJ2gBvjgFiV4o,stellium,133,133
huinBRP3muBuqZLMW8ARjdn4mBnEmFFcxiBzrkQz553,(none),194,0
huinBRP3muBuqZLMW8ARjdn4mBnEmFFcxiBzrkQz553,0slot,15,15
huinBRP3muBuqZLMW8ARjdn4mBnEmFFcxiBzrkQz553,AstraLane,17,17
huinBRP3muBuqZLMW8ARjdn4mBnEmFFcxiBzrkQz553,BloxRoute,1,1
huinBRP3muBuqZLMW8ARjdn4mBnEmFFcxiBzrkQz553,Falcon,38,38
huinBRP3muBuqZLMW8ARjdn4mBnEmFFcxiBzrkQz553,Helius,48,48
huinBRP3muBuqZLMW8ARjdn4mBnEmFFcxiBzrkQz553,Jito,29,29
huinBRP3muBuqZLMW8ARjdn4mBnEmFFcxiBzrkQz553,Nextblock,3,3
huinBRP3muBuqZLMW8ARjdn4mBnEmFFcxiBzrkQz553,NodeOne,14,14
huinBRP3muBuqZLMW8ARjdn4mBnEmFFcxiBzrkQz553,Soyas,1,1
huinBRP3muBuqZLMW8ARjdn4mBnEmFFcxiBzrkQz553,Stellium,29,29
huinBRP3muBuqZLMW8ARjdn4mBnEmFFcxiBzrkQz553,Temporal,23,23
huinBRP3muBuqZLMW8ARjdn4mBnEmFFcxiBzrkQz553,blockrazor,2,2
huinBRP3muBuqZLMW8ARjdn4mBnEmFFcxiBzrkQz553,blocksprint,10,10
huinBRP3muBuqZLMW8ARjdn4mBnEmFFcxiBzrkQz553,bloxroute,6,6
huinBRP3muBuqZLMW8ARjdn4mBnEmFFcxiBzrkQz553,landX,68,68
huinBRP3muBuqZLMW8ARjdn4mBnEmFFcxiBzrkQz553,stellium,99,99
hxMhrsuGPDmkLJ4mTxEjyeMST3VGhTiwJvS9XgHwePj,(none),207,0
hxMhrsuGPDmkLJ4mTxEjyeMST3VGhTiwJvS9XgHwePj,0slot,20,20
hxMhrsuGPDmkLJ4mTxEjyeMST3VGhTiwJvS9XgHwePj,AstraLane,17,17
hxMhrsuGPDmkLJ4mTxEjyeMST3VGhTiwJvS9XgHwePj,Falcon,16,16
hxMhrsuGPDmkLJ4mTxEjyeMST3VGhTiwJvS9XgHwePj,Flashblock,1,1
hxMhrsuGPDmkLJ4mTxEjyeMST3VGhTiwJvS9XgHwePj,Helius,75,75
hxMhrsuGPDmkLJ4mTxEjyeMST3VGhTiwJvS9XgHwePj,Jito,19,19
hxMhrsuGPDmkLJ4mTxEjyeMST3VGhTiwJvS9XgHwePj,Nextblock,5,5
hxMhrsuGPDmkLJ4mTxEjyeMST3VGhTiwJvS9XgHwePj,NodeOne,23,23
hxMhrsuGPDmkLJ4mTxEjyeMST3VGhTiwJvS9XgHwePj,Soyas,5,5
hxMhrsuGPDmkLJ4mTxEjyeMST3VGhTiwJvS9XgHwePj,Stellium,33,33
hxMhrsuGPDmkLJ4mTxEjyeMST3VGhTiwJvS9XgHwePj,Temporal,12,12
hxMhrsuGPDmkLJ4mTxEjyeMST3VGhTiwJvS9XgHwePj,blockRazor,1,1
hxMhrsuGPDmkLJ4mTxEjyeMST3VGhTiwJvS9XgHwePj,blockrazor,4,4
hxMhrsuGPDmkLJ4mTxEjyeMST3VGhTiwJvS9XgHwePj,blocksprint,15,15
hxMhrsuGPDmkLJ4mTxEjyeMST3VGhTiwJvS9XgHwePj,bloxroute,9,9
hxMhrsuGPDmkLJ4mTxEjyeMST3VGhTiwJvS9XgHwePj,landX,26,26
hxMhrsuGPDmkLJ4mTxEjyeMST3VGhTiwJvS9XgHwePj,stellium,72,72
hy1oMaD3ViyJ8i6w1xjP79zAWBBaRd1zWdTW8zYXnwu,(none),1429,0
hy1oMaD3ViyJ8i6w1xjP79zAWBBaRd1zWdTW8zYXnwu,0slot,155,155
hy1oMaD3ViyJ8i6w1xjP79zAWBBaRd1zWdTW8zYXnwu,AstraLane,332,332
hy1oMaD3ViyJ8i6w1xjP79zAWBBaRd1zWdTW8zYXnwu,BloxRoute,6,6
hy1oMaD3ViyJ8i6w1xjP79zAWBBaRd1zWdTW8zYXnwu,Falcon,216,216
hy1oMaD3ViyJ8i6w1xjP79zAWBBaRd1zWdTW8zYXnwu,Flashblock,2,2
hy1oMaD3ViyJ8i6w1xjP79zAWBBaRd1zWdTW8zYXnwu,Helius,792,792
hy1oMaD3ViyJ8i6w1xjP79zAWBBaRd1zWdTW8zYXnwu,Jito,147,147
hy1oMaD3ViyJ8i6w1xjP79zAWBBaRd1zWdTW8zYXnwu,Nextblock,60,60
hy1oMaD3ViyJ8i6w1xjP79zAWBBaRd1zWdTW8zYXnwu,NodeOne,90,90
hy1oMaD3ViyJ8i6w1xjP79zAWBBaRd1zWdTW8zYXnwu,Soyas,13,13
hy1oMaD3ViyJ8i6w1xjP79zAWBBaRd1zWdTW8zYXnwu,Stellium,236,236
hy1oMaD3ViyJ8i6w1xjP79zAWBBaRd1zWdTW8zYXnwu,Temporal,298,298
hy1oMaD3ViyJ8i6w1xjP79zAWBBaRd1zWdTW8zYXnwu,blockRazor,8,8
hy1oMaD3ViyJ8i6w1xjP79zAWBBaRd1zWdTW8zYXnwu,blockrazor,32,32
hy1oMaD3ViyJ8i6w1xjP79zAWBBaRd1zWdTW8zYXnwu,blocksprint,171,171
hy1oMaD3ViyJ8i6w1xjP79zAWBBaRd1zWdTW8zYXnwu,bloxroute,21,21
hy1oMaD3ViyJ8i6w1xjP79zAWBBaRd1zWdTW8zYXnwu,landX,397,397
hy1oMaD3ViyJ8i6w1xjP79zAWBBaRd1zWdTW8zYXnwu,stellium,670,670
hykfH9jUQqe2yqv3VqVAK5AmMYqrmMWmdwDcbfsm6My,(none),20,0
hykfH9jUQqe2yqv3VqVAK5AmMYqrmMWmdwDcbfsm6My,Jito,7,7
hykfH9jUQqe2yqv3VqVAK5AmMYqrmMWmdwDcbfsm6My,Soyas,1,1
hykfH9jUQqe2yqv3VqVAK5AmMYqrmMWmdwDcbfsm6My,Temporal,1,1
hykfH9jUQqe2yqv3VqVAK5AmMYqrmMWmdwDcbfsm6My,stellium,3,3
icex1C6pnZxznQWiHZZANjGU8nZ8kNquFnjyY7XXrXE,(none),1972,0
icex1C6pnZxznQWiHZZANjGU8nZ8kNquFnjyY7XXrXE,0slot,170,170
icex1C6pnZxznQWiHZZANjGU8nZ8kNquFnjyY7XXrXE,AstraLane,259,259
icex1C6pnZxznQWiHZZANjGU8nZ8kNquFnjyY7XXrXE,Astralane,5,5
icex1C6pnZxznQWiHZZANjGU8nZ8kNquFnjyY7XXrXE,BloxRoute,2,2
icex1C6pnZxznQWiHZZANjGU8nZ8kNquFnjyY7XXrXE,Falcon,458,458
icex1C6pnZxznQWiHZZANjGU8nZ8kNquFnjyY7XXrXE,Flashblock,2,2
icex1C6pnZxznQWiHZZANjGU8nZ8kNquFnjyY7XXrXE,Helius,682,682
icex1C6pnZxznQWiHZZANjGU8nZ8kNquFnjyY7XXrXE,Jito,133,133
icex1C6pnZxznQWiHZZANjGU8nZ8kNquFnjyY7XXrXE,Nextblock,88,88
icex1C6pnZxznQWiHZZANjGU8nZ8kNquFnjyY7XXrXE,NodeOne,132,132
icex1C6pnZxznQWiHZZANjGU8nZ8kNquFnjyY7XXrXE,Soyas,13,13
icex1C6pnZxznQWiHZZANjGU8nZ8kNquFnjyY7XXrXE,Stellium,323,323
icex1C6pnZxznQWiHZZANjGU8nZ8kNquFnjyY7XXrXE,Temporal,217,217
icex1C6pnZxznQWiHZZANjGU8nZ8kNquFnjyY7XXrXE,blockRazor,8,8
icex1C6pnZxznQWiHZZANjGU8nZ8kNquFnjyY7XXrXE,blockrazor,44,44
icex1C6pnZxznQWiHZZANjGU8nZ8kNquFnjyY7XXrXE,blocksprint,239,239
icex1C6pnZxznQWiHZZANjGU8nZ8kNquFnjyY7XXrXE,bloxroute,85,84
icex1C6pnZxznQWiHZZANjGU8nZ8kNquFnjyY7XXrXE,landX,661,661
icex1C6pnZxznQWiHZZANjGU8nZ8kNquFnjyY7XXrXE,stellium,1012,1012
idCE5k2BtTpwXdwAC7Var1enT9reut9fWECcxQP7LY7,(none),601,0
idCE5k2BtTpwXdwAC7Var1enT9reut9fWECcxQP7LY7,0slot,54,54
idCE5k2BtTpwXdwAC7Var1enT9reut9fWECcxQP7LY7,AstraLane,111,111
idCE5k2BtTpwXdwAC7Var1enT9reut9fWECcxQP7LY7,Astralane,1,1
idCE5k2BtTpwXdwAC7Var1enT9reut9fWECcxQP7LY7,BloxRoute,3,3
idCE5k2BtTpwXdwAC7Var1enT9reut9fWECcxQP7LY7,Falcon,266,266
idCE5k2BtTpwXdwAC7Var1enT9reut9fWECcxQP7LY7,Flashblock,1,1
idCE5k2BtTpwXdwAC7Var1enT9reut9fWECcxQP7LY7,Helius,272,272
idCE5k2BtTpwXdwAC7Var1enT9reut9fWECcxQP7LY7,Jito,57,57
idCE5k2BtTpwXdwAC7Var1enT9reut9fWECcxQP7LY7,Moon,1,1
idCE5k2BtTpwXdwAC7Var1enT9reut9fWECcxQP7LY7,Nextblock,46,46
idCE5k2BtTpwXdwAC7Var1enT9reut9fWECcxQP7LY7,NodeOne,51,51
idCE5k2BtTpwXdwAC7Var1enT9reut9fWECcxQP7LY7,Soyas,12,12
idCE5k2BtTpwXdwAC7Var1enT9reut9fWECcxQP7LY7,Stellium,166,166
idCE5k2BtTpwXdwAC7Var1enT9reut9fWECcxQP7LY7,Temporal,57,57
idCE5k2BtTpwXdwAC7Var1enT9reut9fWECcxQP7LY7,blockRazor,4,4
idCE5k2BtTpwXdwAC7Var1enT9reut9fWECcxQP7LY7,blockrazor,16,16
idCE5k2BtTpwXdwAC7Var1enT9reut9fWECcxQP7LY7,blocksprint,58,58
idCE5k2BtTpwXdwAC7Var1enT9reut9fWECcxQP7LY7,bloxroute,23,23
idCE5k2BtTpwXdwAC7Var1enT9reut9fWECcxQP7LY7,landX,182,182
idCE5k2BtTpwXdwAC7Var1enT9reut9fWECcxQP7LY7,stellium,421,421
inWVrrYJ38VihdE62LXNQvgV5CeRrdKEXpNtXLyqUWD,(none),152,0
inWVrrYJ38VihdE62LXNQvgV5CeRrdKEXpNtXLyqUWD,0slot,4,4
inWVrrYJ38VihdE62LXNQvgV5CeRrdKEXpNtXLyqUWD,AstraLane,10,10
inWVrrYJ38VihdE62LXNQvgV5CeRrdKEXpNtXLyqUWD,Falcon,49,49
inWVrrYJ38VihdE62LXNQvgV5CeRrdKEXpNtXLyqUWD,Helius,37,37
inWVrrYJ38VihdE62LXNQvgV5CeRrdKEXpNtXLyqUWD,Jito,9,9
inWVrrYJ38VihdE62LXNQvgV5CeRrdKEXpNtXLyqUWD,Nextblock,2,2
inWVrrYJ38VihdE62LXNQvgV5CeRrdKEXpNtXLyqUWD,NodeOne,9,9
inWVrrYJ38VihdE62LXNQvgV5CeRrdKEXpNtXLyqUWD,Stellium,21,21
inWVrrYJ38VihdE62LXNQvgV5CeRrdKEXpNtXLyqUWD,Temporal,9,9
inWVrrYJ38VihdE62LXNQvgV5CeRrdKEXpNtXLyqUWD,blockrazor,6,6
inWVrrYJ38VihdE62LXNQvgV5CeRrdKEXpNtXLyqUWD,blocksprint,12,12
inWVrrYJ38VihdE62LXNQvgV5CeRrdKEXpNtXLyqUWD,landX,80,80
inWVrrYJ38VihdE62LXNQvgV5CeRrdKEXpNtXLyqUWD,stellium,105,105
jagBNeXYncnn1hzwSq1JJ16XhWTgQ7DCFVqndSJZ6vT,(none),876,0
jagBNeXYncnn1hzwSq1JJ16XhWTgQ7DCFVqndSJZ6vT,0slot,76,76
jagBNeXYncnn1hzwSq1JJ16XhWTgQ7DCFVqndSJZ6vT,AstraLane,137,137
jagBNeXYncnn1hzwSq1JJ16XhWTgQ7DCFVqndSJZ6vT,Astralane,3,3
jagBNeXYncnn1hzwSq1JJ16XhWTgQ7DCFVqndSJZ6vT,BloxRoute,1,1
jagBNeXYncnn1hzwSq1JJ16XhWTgQ7DCFVqndSJZ6vT,Falcon,258,258
jagBNeXYncnn1hzwSq1JJ16XhWTgQ7DCFVqndSJZ6vT,Flashblock,3,3
jagBNeXYncnn1hzwSq1JJ16XhWTgQ7DCFVqndSJZ6vT,Helius,346,346
jagBNeXYncnn1hzwSq1JJ16XhWTgQ7DCFVqndSJZ6vT,Jito,77,77
jagBNeXYncnn1hzwSq1JJ16XhWTgQ7DCFVqndSJZ6vT,Nextblock,54,54
jagBNeXYncnn1hzwSq1JJ16XhWTgQ7DCFVqndSJZ6vT,NodeOne,100,100
jagBNeXYncnn1hzwSq1JJ16XhWTgQ7DCFVqndSJZ6vT,Soyas,26,26
jagBNeXYncnn1hzwSq1JJ16XhWTgQ7DCFVqndSJZ6vT,Stellium,188,188
jagBNeXYncnn1hzwSq1JJ16XhWTgQ7DCFVqndSJZ6vT,Temporal,97,97
jagBNeXYncnn1hzwSq1JJ16XhWTgQ7DCFVqndSJZ6vT,blockRazor,8,8
jagBNeXYncnn1hzwSq1JJ16XhWTgQ7DCFVqndSJZ6vT,blockrazor,24,24
jagBNeXYncnn1hzwSq1JJ16XhWTgQ7DCFVqndSJZ6vT,blocksprint,127,127
jagBNeXYncnn1hzwSq1JJ16XhWTgQ7DCFVqndSJZ6vT,bloxroute,112,112
jagBNeXYncnn1hzwSq1JJ16XhWTgQ7DCFVqndSJZ6vT,landX,361,361
jagBNeXYncnn1hzwSq1JJ16XhWTgQ7DCFVqndSJZ6vT,stellium,532,532
jntr1vkzvSujfckGR6ANmFmirVoPBMNr5XJGKP5uDQA,(none),230,0
jntr1vkzvSujfckGR6ANmFmirVoPBMNr5XJGKP5uDQA,0slot,33,33
jntr1vkzvSujfckGR6ANmFmirVoPBMNr5XJGKP5uDQA,AstraLane,33,33
jntr1vkzvSujfckGR6ANmFmirVoPBMNr5XJGKP5uDQA,BloxRoute,2,2
jntr1vkzvSujfckGR6ANmFmirVoPBMNr5XJGKP5uDQA,Falcon,59,59
jntr1vkzvSujfckGR6ANmFmirVoPBMNr5XJGKP5uDQA,Helius,70,70
jntr1vkzvSujfckGR6ANmFmirVoPBMNr5XJGKP5uDQA,Jito,5,5
jntr1vkzvSujfckGR6ANmFmirVoPBMNr5XJGKP5uDQA,Nextblock,17,17
jntr1vkzvSujfckGR6ANmFmirVoPBMNr5XJGKP5uDQA,NodeOne,36,36
jntr1vkzvSujfckGR6ANmFmirVoPBMNr5XJGKP5uDQA,Soyas,6,6
jntr1vkzvSujfckGR6ANmFmirVoPBMNr5XJGKP5uDQA,Stellium,26,26
jntr1vkzvSujfckGR6ANmFmirVoPBMNr5XJGKP5uDQA,Temporal,8,8
jntr1vkzvSujfckGR6ANmFmirVoPBMNr5XJGKP5uDQA,blockRazor,3,3
jntr1vkzvSujfckGR6ANmFmirVoPBMNr5XJGKP5uDQA,blockrazor,3,3
jntr1vkzvSujfckGR6ANmFmirVoPBMNr5XJGKP5uDQA,blocksprint,10,10
jntr1vkzvSujfckGR6ANmFmirVoPBMNr5XJGKP5uDQA,bloxroute,4,4
jntr1vkzvSujfckGR6ANmFmirVoPBMNr5XJGKP5uDQA,landX,82,82
jntr1vkzvSujfckGR6ANmFmirVoPBMNr5XJGKP5uDQA,stellium,94,94
juigBT2qetpYpf1iwgjaiWTjryKkY3uUTVAnRFKkqY6,(none),2763,0
juigBT2qetpYpf1iwgjaiWTjryKkY3uUTVAnRFKkqY6,0slot,309,309
juigBT2qetpYpf1iwgjaiWTjryKkY3uUTVAnRFKkqY6,AstraLane,487,487
juigBT2qetpYpf1iwgjaiWTjryKkY3uUTVAnRFKkqY6,Astralane,2,2
juigBT2qetpYpf1iwgjaiWTjryKkY3uUTVAnRFKkqY6,BloxRoute,4,4
juigBT2qetpYpf1iwgjaiWTjryKkY3uUTVAnRFKkqY6,Falcon,246,246
juigBT2qetpYpf1iwgjaiWTjryKkY3uUTVAnRFKkqY6,Flashblock,1,1
juigBT2qetpYpf1iwgjaiWTjryKkY3uUTVAnRFKkqY6,Helius,1313,1313
juigBT2qetpYpf1iwgjaiWTjryKkY3uUTVAnRFKkqY6,Jito,508,508
juigBT2qetpYpf1iwgjaiWTjryKkY3uUTVAnRFKkqY6,Moon,2,2
juigBT2qetpYpf1iwgjaiWTjryKkY3uUTVAnRFKkqY6,Nextblock,179,179
juigBT2qetpYpf1iwgjaiWTjryKkY3uUTVAnRFKkqY6,NodeOne,269,269
juigBT2qetpYpf1iwgjaiWTjryKkY3uUTVAnRFKkqY6,Soyas,30,30
juigBT2qetpYpf1iwgjaiWTjryKkY3uUTVAnRFKkqY6,Stellium,450,450
juigBT2qetpYpf1iwgjaiWTjryKkY3uUTVAnRFKkqY6,Temporal,393,393
juigBT2qetpYpf1iwgjaiWTjryKkY3uUTVAnRFKkqY6,blockRazor,28,28
juigBT2qetpYpf1iwgjaiWTjryKkY3uUTVAnRFKkqY6,blockrazor,96,96
juigBT2qetpYpf1iwgjaiWTjryKkY3uUTVAnRFKkqY6,blocksprint,324,324
juigBT2qetpYpf1iwgjaiWTjryKkY3uUTVAnRFKkqY6,bloxroute,224,223
juigBT2qetpYpf1iwgjaiWTjryKkY3uUTVAnRFKkqY6,landX,1279,1279
juigBT2qetpYpf1iwgjaiWTjryKkY3uUTVAnRFKkqY6,stellium,1659,1659
kREnNfJrPEHbrjSQDxmxZdGmN6hi7ewXZ3UZTURshrk,(none),99,0
kREnNfJrPEHbrjSQDxmxZdGmN6hi7ewXZ3UZTURshrk,0slot,18,18
kREnNfJrPEHbrjSQDxmxZdGmN6hi7ewXZ3UZTURshrk,AstraLane,11,11
kREnNfJrPEHbrjSQDxmxZdGmN6hi7ewXZ3UZTURshrk,Falcon,6,6
kREnNfJrPEHbrjSQDxmxZdGmN6hi7ewXZ3UZTURshrk,Helius,22,22
kREnNfJrPEHbrjSQDxmxZdGmN6hi7ewXZ3UZTURshrk,Jito,26,26
kREnNfJrPEHbrjSQDxmxZdGmN6hi7ewXZ3UZTURshrk,Nextblock,1,1
kREnNfJrPEHbrjSQDxmxZdGmN6hi7ewXZ3UZTURshrk,NodeOne,4,4
kREnNfJrPEHbrjSQDxmxZdGmN6hi7ewXZ3UZTURshrk,Stellium,4,4
kREnNfJrPEHbrjSQDxmxZdGmN6hi7ewXZ3UZTURshrk,Temporal,9,9
kREnNfJrPEHbrjSQDxmxZdGmN6hi7ewXZ3UZTURshrk,blockrazor,3,3
kREnNfJrPEHbrjSQDxmxZdGmN6hi7ewXZ3UZTURshrk,blocksprint,3,3
kREnNfJrPEHbrjSQDxmxZdGmN6hi7ewXZ3UZTURshrk,bloxroute,2,2
kREnNfJrPEHbrjSQDxmxZdGmN6hi7ewXZ3UZTURshrk,landX,7,7
kREnNfJrPEHbrjSQDxmxZdGmN6hi7ewXZ3UZTURshrk,stellium,14,14
kom1oNHyyt84XLGVfi5Jo1qkVkU5xG1sBxPG19rWknE,(none),852,0
kom1oNHyyt84XLGVfi5Jo1qkVkU5xG1sBxPG19rWknE,0slot,52,52
kom1oNHyyt84XLGVfi5Jo1qkVkU5xG1sBxPG19rWknE,AstraLane,74,74
kom1oNHyyt84XLGVfi5Jo1qkVkU5xG1sBxPG19rWknE,BloxRoute,3,3
kom1oNHyyt84XLGVfi5Jo1qkVkU5xG1sBxPG19rWknE,Falcon,271,271
kom1oNHyyt84XLGVfi5Jo1qkVkU5xG1sBxPG19rWknE,Flashblock,2,2
kom1oNHyyt84XLGVfi5Jo1qkVkU5xG1sBxPG19rWknE,Helius,230,230
kom1oNHyyt84XLGVfi5Jo1qkVkU5xG1sBxPG19rWknE,Jito,70,70
kom1oNHyyt84XLGVfi5Jo1qkVkU5xG1sBxPG19rWknE,Nextblock,42,42
kom1oNHyyt84XLGVfi5Jo1qkVkU5xG1sBxPG19rWknE,NodeOne,165,165
kom1oNHyyt84XLGVfi5Jo1qkVkU5xG1sBxPG19rWknE,Soyas,7,7
kom1oNHyyt84XLGVfi5Jo1qkVkU5xG1sBxPG19rWknE,Stellium,179,179
kom1oNHyyt84XLGVfi5Jo1qkVkU5xG1sBxPG19rWknE,Temporal,75,75
kom1oNHyyt84XLGVfi5Jo1qkVkU5xG1sBxPG19rWknE,blockRazor,4,4
kom1oNHyyt84XLGVfi5Jo1qkVkU5xG1sBxPG19rWknE,blockrazor,14,14
kom1oNHyyt84XLGVfi5Jo1qkVkU5xG1sBxPG19rWknE,blocksprint,71,71
kom1oNHyyt84XLGVfi5Jo1qkVkU5xG1sBxPG19rWknE,bloxroute,20,20
kom1oNHyyt84XLGVfi5Jo1qkVkU5xG1sBxPG19rWknE,landX,294,294
kom1oNHyyt84XLGVfi5Jo1qkVkU5xG1sBxPG19rWknE,stellium,535,535
krakeNd6ednDPEXxHAmoBs1qKVM8kLg79PvWF2mhXV1,(none),14935,0
krakeNd6ednDPEXxHAmoBs1qKVM8kLg79PvWF2mhXV1,0slot,1245,1245
krakeNd6ednDPEXxHAmoBs1qKVM8kLg79PvWF2mhXV1,AstraLane,2016,2016
krakeNd6ednDPEXxHAmoBs1qKVM8kLg79PvWF2mhXV1,Astralane,1,1
krakeNd6ednDPEXxHAmoBs1qKVM8kLg79PvWF2mhXV1,BloxRoute,31,31
krakeNd6ednDPEXxHAmoBs1qKVM8kLg79PvWF2mhXV1,Falcon,3244,3244
krakeNd6ednDPEXxHAmoBs1qKVM8kLg79PvWF2mhXV1,Flashblock,16,16
krakeNd6ednDPEXxHAmoBs1qKVM8kLg79PvWF2mhXV1,Helius,5172,5171
krakeNd6ednDPEXxHAmoBs1qKVM8kLg79PvWF2mhXV1,Jito,1554,1553
krakeNd6ednDPEXxHAmoBs1qKVM8kLg79PvWF2mhXV1,Moon,2,2
krakeNd6ednDPEXxHAmoBs1qKVM8kLg79PvWF2mhXV1,Nextblock,688,688
krakeNd6ednDPEXxHAmoBs1qKVM8kLg79PvWF2mhXV1,NodeOne,1746,1746
krakeNd6ednDPEXxHAmoBs1qKVM8kLg79PvWF2mhXV1,Soyas,148,148
krakeNd6ednDPEXxHAmoBs1qKVM8kLg79PvWF2mhXV1,Stellium,2231,2231
krakeNd6ednDPEXxHAmoBs1qKVM8kLg79PvWF2mhXV1,Temporal,1911,1910
krakeNd6ednDPEXxHAmoBs1qKVM8kLg79PvWF2mhXV1,blockRazor,75,75
krakeNd6ednDPEXxHAmoBs1qKVM8kLg79PvWF2mhXV1,blockrazor,337,337
krakeNd6ednDPEXxHAmoBs1qKVM8kLg79PvWF2mhXV1,blocksprint,1425,1425
krakeNd6ednDPEXxHAmoBs1qKVM8kLg79PvWF2mhXV1,bloxroute,895,894
krakeNd6ednDPEXxHAmoBs1qKVM8kLg79PvWF2mhXV1,landX,4259,4259
krakeNd6ednDPEXxHAmoBs1qKVM8kLg79PvWF2mhXV1,stellium,7271,7271
kyzzzgRymGpePUsLyr48kQHt53kh5CSfRH1qfvz1xgj,(none),88,0
kyzzzgRymGpePUsLyr48kQHt53kh5CSfRH1qfvz1xgj,0slot,5,5
kyzzzgRymGpePUsLyr48kQHt53kh5CSfRH1qfvz1xgj,AstraLane,7,7
kyzzzgRymGpePUsLyr48kQHt53kh5CSfRH1qfvz1xgj,BloxRoute,1,1
kyzzzgRymGpePUsLyr48kQHt53kh5CSfRH1qfvz1xgj,Falcon,34,34
kyzzzgRymGpePUsLyr48kQHt53kh5CSfRH1qfvz1xgj,Helius,33,33
kyzzzgRymGpePUsLyr48kQHt53kh5CSfRH1qfvz1xgj,Jito,11,11
kyzzzgRymGpePUsLyr48kQHt53kh5CSfRH1qfvz1xgj,Nextblock,7,7
kyzzzgRymGpePUsLyr48kQHt53kh5CSfRH1qfvz1xgj,NodeOne,3,3
kyzzzgRymGpePUsLyr48kQHt53kh5CSfRH1qfvz1xgj,Soyas,1,1
kyzzzgRymGpePUsLyr48kQHt53kh5CSfRH1qfvz1xgj,Stellium,21,21
kyzzzgRymGpePUsLyr48kQHt53kh5CSfRH1qfvz1xgj,Temporal,6,6
kyzzzgRymGpePUsLyr48kQHt53kh5CSfRH1qfvz1xgj,blockRazor,2,2
kyzzzgRymGpePUsLyr48kQHt53kh5CSfRH1qfvz1xgj,blockrazor,3,3
kyzzzgRymGpePUsLyr48kQHt53kh5CSfRH1qfvz1xgj,blocksprint,8,8
kyzzzgRymGpePUsLyr48kQHt53kh5CSfRH1qfvz1xgj,landX,47,47
kyzzzgRymGpePUsLyr48kQHt53kh5CSfRH1qfvz1xgj,stellium,68,68
mALL2W6DUgDDtcyurC9v5YTF2CMMeuRwPBkf6tEoG3y,(none),292,0
mALL2W6DUgDDtcyurC9v5YTF2CMMeuRwPBkf6tEoG3y,0slot,15,15
mALL2W6DUgDDtcyurC9v5YTF2CMMeuRwPBkf6tEoG3y,AstraLane,39,39
mALL2W6DUgDDtcyurC9v5YTF2CMMeuRwPBkf6tEoG3y,Astralane,1,1
mALL2W6DUgDDtcyurC9v5YTF2CMMeuRwPBkf6tEoG3y,Falcon,82,82
mALL2W6DUgDDtcyurC9v5YTF2CMMeuRwPBkf6tEoG3y,Helius,67,67
mALL2W6DUgDDtcyurC9v5YTF2CMMeuRwPBkf6tEoG3y,Jito,15,15
mALL2W6DUgDDtcyurC9v5YTF2CMMeuRwPBkf6tEoG3y,Nextblock,6,6
mALL2W6DUgDDtcyurC9v5YTF2CMMeuRwPBkf6tEoG3y,NodeOne,8,8
mALL2W6DUgDDtcyurC9v5YTF2CMMeuRwPBkf6tEoG3y,Soyas,1,1
mALL2W6DUgDDtcyurC9v5YTF2CMMeuRwPBkf6tEoG3y,Stellium,55,55
mALL2W6DUgDDtcyurC9v5YTF2CMMeuRwPBkf6tEoG3y,Temporal,23,23
mALL2W6DUgDDtcyurC9v5YTF2CMMeuRwPBkf6tEoG3y,blockRazor,1,1
mALL2W6DUgDDtcyurC9v5YTF2CMMeuRwPBkf6tEoG3y,blockrazor,4,4
mALL2W6DUgDDtcyurC9v5YTF2CMMeuRwPBkf6tEoG3y,blocksprint,16,16
mALL2W6DUgDDtcyurC9v5YTF2CMMeuRwPBkf6tEoG3y,bloxroute,12,12
mALL2W6DUgDDtcyurC9v5YTF2CMMeuRwPBkf6tEoG3y,landX,114,114
mALL2W6DUgDDtcyurC9v5YTF2CMMeuRwPBkf6tEoG3y,stellium,222,222
mD1afZhSisoXfJLT8nYwSFANqjr1KPoDUEpYTEfFX1e,(none),910,0
mD1afZhSisoXfJLT8nYwSFANqjr1KPoDUEpYTEfFX1e,0slot,94,94
mD1afZhSisoXfJLT8nYwSFANqjr1KPoDUEpYTEfFX1e,AstraLane,97,97
mD1afZhSisoXfJLT8nYwSFANqjr1KPoDUEpYTEfFX1e,BloxRoute,1,1
mD1afZhSisoXfJLT8nYwSFANqjr1KPoDUEpYTEfFX1e,Falcon,243,243
mD1afZhSisoXfJLT8nYwSFANqjr1KPoDUEpYTEfFX1e,Helius,376,376
mD1afZhSisoXfJLT8nYwSFANqjr1KPoDUEpYTEfFX1e,Jito,137,137
mD1afZhSisoXfJLT8nYwSFANqjr1KPoDUEpYTEfFX1e,Nextblock,42,42
mD1afZhSisoXfJLT8nYwSFANqjr1KPoDUEpYTEfFX1e,NodeOne,94,94
mD1afZhSisoXfJLT8nYwSFANqjr1KPoDUEpYTEfFX1e,Soyas,7,7
mD1afZhSisoXfJLT8nYwSFANqjr1KPoDUEpYTEfFX1e,Stellium,182,182
mD1afZhSisoXfJLT8nYwSFANqjr1KPoDUEpYTEfFX1e,Temporal,126,126
mD1afZhSisoXfJLT8nYwSFANqjr1KPoDUEpYTEfFX1e,blockRazor,10,10
mD1afZhSisoXfJLT8nYwSFANqjr1KPoDUEpYTEfFX1e,blockrazor,25,25
mD1afZhSisoXfJLT8nYwSFANqjr1KPoDUEpYTEfFX1e,blocksprint,81,81
mD1afZhSisoXfJLT8nYwSFANqjr1KPoDUEpYTEfFX1e,bloxroute,30,30
mD1afZhSisoXfJLT8nYwSFANqjr1KPoDUEpYTEfFX1e,landX,232,232
mD1afZhSisoXfJLT8nYwSFANqjr1KPoDUEpYTEfFX1e,stellium,444,444
mXv18ov8qCiQGs3ieoen981LdgZzYJjJak6reK6fpNC,(none),964,0
mXv18ov8qCiQGs3ieoen981LdgZzYJjJak6reK6fpNC,0slot,83,83
mXv18ov8qCiQGs3ieoen981LdgZzYJjJak6reK6fpNC,AstraLane,165,165
mXv18ov8qCiQGs3ieoen981LdgZzYJjJak6reK6fpNC,BloxRoute,5,5
mXv18ov8qCiQGs3ieoen981LdgZzYJjJak6reK6fpNC,Falcon,240,240
mXv18ov8qCiQGs3ieoen981LdgZzYJjJak6reK6fpNC,Flashblock,1,1
mXv18ov8qCiQGs3ieoen981LdgZzYJjJak6reK6fpNC,Helius,299,299
mXv18ov8qCiQGs3ieoen981LdgZzYJjJak6reK6fpNC,Jito,78,78
mXv18ov8qCiQGs3ieoen981LdgZzYJjJak6reK6fpNC,Nextblock,44,44
mXv18ov8qCiQGs3ieoen981LdgZzYJjJak6reK6fpNC,NodeOne,73,73
mXv18ov8qCiQGs3ieoen981LdgZzYJjJak6reK6fpNC,Soyas,12,12
mXv18ov8qCiQGs3ieoen981LdgZzYJjJak6reK6fpNC,Stellium,199,199
mXv18ov8qCiQGs3ieoen981LdgZzYJjJak6reK6fpNC,Temporal,106,105
mXv18ov8qCiQGs3ieoen981LdgZzYJjJak6reK6fpNC,blockRazor,16,16
mXv18ov8qCiQGs3ieoen981LdgZzYJjJak6reK6fpNC,blockrazor,23,23
mXv18ov8qCiQGs3ieoen981LdgZzYJjJak6reK6fpNC,blocksprint,93,93
mXv18ov8qCiQGs3ieoen981LdgZzYJjJak6reK6fpNC,bloxroute,163,163
mXv18ov8qCiQGs3ieoen981LdgZzYJjJak6reK6fpNC,landX,296,296
mXv18ov8qCiQGs3ieoen981LdgZzYJjJak6reK6fpNC,stellium,515,515
mastWEbKEMjvBCd1uaUBpNjWcfSPhXMWnH9tTrgzn1g,(none),1222,0
mastWEbKEMjvBCd1uaUBpNjWcfSPhXMWnH9tTrgzn1g,0slot,90,90
mastWEbKEMjvBCd1uaUBpNjWcfSPhXMWnH9tTrgzn1g,AstraLane,179,179
mastWEbKEMjvBCd1uaUBpNjWcfSPhXMWnH9tTrgzn1g,Astralane,2,2
mastWEbKEMjvBCd1uaUBpNjWcfSPhXMWnH9tTrgzn1g,BloxRoute,3,3
mastWEbKEMjvBCd1uaUBpNjWcfSPhXMWnH9tTrgzn1g,Falcon,356,356
mastWEbKEMjvBCd1uaUBpNjWcfSPhXMWnH9tTrgzn1g,Flashblock,1,1
mastWEbKEMjvBCd1uaUBpNjWcfSPhXMWnH9tTrgzn1g,Helius,358,358
mastWEbKEMjvBCd1uaUBpNjWcfSPhXMWnH9tTrgzn1g,Jito,109,109
mastWEbKEMjvBCd1uaUBpNjWcfSPhXMWnH9tTrgzn1g,Moon,1,1
mastWEbKEMjvBCd1uaUBpNjWcfSPhXMWnH9tTrgzn1g,Nextblock,61,61
mastWEbKEMjvBCd1uaUBpNjWcfSPhXMWnH9tTrgzn1g,NodeOne,163,163
mastWEbKEMjvBCd1uaUBpNjWcfSPhXMWnH9tTrgzn1g,Soyas,11,11
mastWEbKEMjvBCd1uaUBpNjWcfSPhXMWnH9tTrgzn1g,Stellium,226,226
mastWEbKEMjvBCd1uaUBpNjWcfSPhXMWnH9tTrgzn1g,Temporal,100,100
mastWEbKEMjvBCd1uaUBpNjWcfSPhXMWnH9tTrgzn1g,blockRazor,5,5
mastWEbKEMjvBCd1uaUBpNjWcfSPhXMWnH9tTrgzn1g,blockrazor,46,46
mastWEbKEMjvBCd1uaUBpNjWcfSPhXMWnH9tTrgzn1g,blocksprint,149,149
mastWEbKEMjvBCd1uaUBpNjWcfSPhXMWnH9tTrgzn1g,bloxroute,130,130
mastWEbKEMjvBCd1uaUBpNjWcfSPhXMWnH9tTrgzn1g,landX,577,577
mastWEbKEMjvBCd1uaUBpNjWcfSPhXMWnH9tTrgzn1g,stellium,1001,1001
mds1WWedpezW3qvgML4WgP341jZksYAy5SbMLwjP5KC,(none),210,0
mds1WWedpezW3qvgML4WgP341jZksYAy5SbMLwjP5KC,0slot,8,8
mds1WWedpezW3qvgML4WgP341jZksYAy5SbMLwjP5KC,AstraLane,33,33
mds1WWedpezW3qvgML4WgP341jZksYAy5SbMLwjP5KC,BloxRoute,1,1
mds1WWedpezW3qvgML4WgP341jZksYAy5SbMLwjP5KC,Falcon,53,53
mds1WWedpezW3qvgML4WgP341jZksYAy5SbMLwjP5KC,Helius,78,78
mds1WWedpezW3qvgML4WgP341jZksYAy5SbMLwjP5KC,Jito,3,3
mds1WWedpezW3qvgML4WgP341jZksYAy5SbMLwjP5KC,Nextblock,16,16
mds1WWedpezW3qvgML4WgP341jZksYAy5SbMLwjP5KC,NodeOne,17,17
mds1WWedpezW3qvgML4WgP341jZksYAy5SbMLwjP5KC,Soyas,2,2
mds1WWedpezW3qvgML4WgP341jZksYAy5SbMLwjP5KC,Stellium,34,34
mds1WWedpezW3qvgML4WgP341jZksYAy5SbMLwjP5KC,Temporal,11,11
mds1WWedpezW3qvgML4WgP341jZksYAy5SbMLwjP5KC,blockRazor,3,3
mds1WWedpezW3qvgML4WgP341jZksYAy5SbMLwjP5KC,blockrazor,3,3
mds1WWedpezW3qvgML4WgP341jZksYAy5SbMLwjP5KC,blocksprint,32,32
mds1WWedpezW3qvgML4WgP341jZksYAy5SbMLwjP5KC,bloxroute,46,46
mds1WWedpezW3qvgML4WgP341jZksYAy5SbMLwjP5KC,landX,76,76
mds1WWedpezW3qvgML4WgP341jZksYAy5SbMLwjP5KC,stellium,108,108
mds2fZEpJP688PqJHvfLxGyf2VFrcNkvjuUxNYCwjrq,(none),99,0
mds2fZEpJP688PqJHvfLxGyf2VFrcNkvjuUxNYCwjrq,0slot,6,6
mds2fZEpJP688PqJHvfLxGyf2VFrcNkvjuUxNYCwjrq,AstraLane,8,8
mds2fZEpJP688PqJHvfLxGyf2VFrcNkvjuUxNYCwjrq,BloxRoute,1,1
mds2fZEpJP688PqJHvfLxGyf2VFrcNkvjuUxNYCwjrq,Falcon,29,29
mds2fZEpJP688PqJHvfLxGyf2VFrcNkvjuUxNYCwjrq,Helius,48,48
mds2fZEpJP688PqJHvfLxGyf2VFrcNkvjuUxNYCwjrq,Jito,2,2
mds2fZEpJP688PqJHvfLxGyf2VFrcNkvjuUxNYCwjrq,Nextblock,13,13
mds2fZEpJP688PqJHvfLxGyf2VFrcNkvjuUxNYCwjrq,NodeOne,16,16
mds2fZEpJP688PqJHvfLxGyf2VFrcNkvjuUxNYCwjrq,Stellium,17,17
mds2fZEpJP688PqJHvfLxGyf2VFrcNkvjuUxNYCwjrq,Temporal,12,12
mds2fZEpJP688PqJHvfLxGyf2VFrcNkvjuUxNYCwjrq,blockRazor,1,1
mds2fZEpJP688PqJHvfLxGyf2VFrcNkvjuUxNYCwjrq,blockrazor,2,2
mds2fZEpJP688PqJHvfLxGyf2VFrcNkvjuUxNYCwjrq,blocksprint,10,10
mds2fZEpJP688PqJHvfLxGyf2VFrcNkvjuUxNYCwjrq,bloxroute,2,2
mds2fZEpJP688PqJHvfLxGyf2VFrcNkvjuUxNYCwjrq,landX,30,30
mds2fZEpJP688PqJHvfLxGyf2VFrcNkvjuUxNYCwjrq,stellium,45,45
mds3Df1ieBonG2qS8ZoKTqshq5MgTUNfZgc78cjiCdq,(none),109,0
mds3Df1ieBonG2qS8ZoKTqshq5MgTUNfZgc78cjiCdq,0slot,2,2
mds3Df1ieBonG2qS8ZoKTqshq5MgTUNfZgc78cjiCdq,AstraLane,7,7
mds3Df1ieBonG2qS8ZoKTqshq5MgTUNfZgc78cjiCdq,Falcon,24,24
mds3Df1ieBonG2qS8ZoKTqshq5MgTUNfZgc78cjiCdq,Helius,20,20
mds3Df1ieBonG2qS8ZoKTqshq5MgTUNfZgc78cjiCdq,Jito,7,7
mds3Df1ieBonG2qS8ZoKTqshq5MgTUNfZgc78cjiCdq,Nextblock,3,3
mds3Df1ieBonG2qS8ZoKTqshq5MgTUNfZgc78cjiCdq,NodeOne,18,18
mds3Df1ieBonG2qS8ZoKTqshq5MgTUNfZgc78cjiCdq,Stellium,19,19
mds3Df1ieBonG2qS8ZoKTqshq5MgTUNfZgc78cjiCdq,Temporal,4,4
mds3Df1ieBonG2qS8ZoKTqshq5MgTUNfZgc78cjiCdq,blockrazor,1,1
mds3Df1ieBonG2qS8ZoKTqshq5MgTUNfZgc78cjiCdq,blocksprint,8,8
mds3Df1ieBonG2qS8ZoKTqshq5MgTUNfZgc78cjiCdq,bloxroute,5,5
mds3Df1ieBonG2qS8ZoKTqshq5MgTUNfZgc78cjiCdq,landX,31,31
mds3Df1ieBonG2qS8ZoKTqshq5MgTUNfZgc78cjiCdq,stellium,57,57
mds4GEuiSgQRqveGyktWpETBFCb4AS2wDnhqwLHcT6Z,(none),1100,0
mds4GEuiSgQRqveGyktWpETBFCb4AS2wDnhqwLHcT6Z,0slot,104,104
mds4GEuiSgQRqveGyktWpETBFCb4AS2wDnhqwLHcT6Z,AstraLane,144,144
mds4GEuiSgQRqveGyktWpETBFCb4AS2wDnhqwLHcT6Z,BloxRoute,3,3
mds4GEuiSgQRqveGyktWpETBFCb4AS2wDnhqwLHcT6Z,Falcon,271,271
mds4GEuiSgQRqveGyktWpETBFCb4AS2wDnhqwLHcT6Z,Flashblock,1,1
mds4GEuiSgQRqveGyktWpETBFCb4AS2wDnhqwLHcT6Z,Helius,469,469
mds4GEuiSgQRqveGyktWpETBFCb4AS2wDnhqwLHcT6Z,Jito,34,34
mds4GEuiSgQRqveGyktWpETBFCb4AS2wDnhqwLHcT6Z,Nextblock,51,51
mds4GEuiSgQRqveGyktWpETBFCb4AS2wDnhqwLHcT6Z,NodeOne,118,118
mds4GEuiSgQRqveGyktWpETBFCb4AS2wDnhqwLHcT6Z,Soyas,6,6
mds4GEuiSgQRqveGyktWpETBFCb4AS2wDnhqwLHcT6Z,Stellium,215,215
mds4GEuiSgQRqveGyktWpETBFCb4AS2wDnhqwLHcT6Z,Temporal,155,155
mds4GEuiSgQRqveGyktWpETBFCb4AS2wDnhqwLHcT6Z,blockRazor,13,13
mds4GEuiSgQRqveGyktWpETBFCb4AS2wDnhqwLHcT6Z,blockrazor,24,24
mds4GEuiSgQRqveGyktWpETBFCb4AS2wDnhqwLHcT6Z,blocksprint,135,135
mds4GEuiSgQRqveGyktWpETBFCb4AS2wDnhqwLHcT6Z,bloxroute,118,118
mds4GEuiSgQRqveGyktWpETBFCb4AS2wDnhqwLHcT6Z,landX,435,435
mds4GEuiSgQRqveGyktWpETBFCb4AS2wDnhqwLHcT6Z,stellium,674,674
meshRrDTME9cL2FSQ9E56EncfkZ7vL8apwcCFsw3o6Y,(none),156,0
meshRrDTME9cL2FSQ9E56EncfkZ7vL8apwcCFsw3o6Y,0slot,24,24
meshRrDTME9cL2FSQ9E56EncfkZ7vL8apwcCFsw3o6Y,AstraLane,22,22
meshRrDTME9cL2FSQ9E56EncfkZ7vL8apwcCFsw3o6Y,Falcon,21,21
meshRrDTME9cL2FSQ9E56EncfkZ7vL8apwcCFsw3o6Y,Flashblock,2,2
meshRrDTME9cL2FSQ9E56EncfkZ7vL8apwcCFsw3o6Y,Helius,58,58
meshRrDTME9cL2FSQ9E56EncfkZ7vL8apwcCFsw3o6Y,Jito,27,27
meshRrDTME9cL2FSQ9E56EncfkZ7vL8apwcCFsw3o6Y,Moon,1,1
meshRrDTME9cL2FSQ9E56EncfkZ7vL8apwcCFsw3o6Y,Nextblock,7,7
meshRrDTME9cL2FSQ9E56EncfkZ7vL8apwcCFsw3o6Y,NodeOne,14,14
meshRrDTME9cL2FSQ9E56EncfkZ7vL8apwcCFsw3o6Y,Soyas,1,1
meshRrDTME9cL2FSQ9E56EncfkZ7vL8apwcCFsw3o6Y,Stellium,20,20
meshRrDTME9cL2FSQ9E56EncfkZ7vL8apwcCFsw3o6Y,Temporal,12,12
meshRrDTME9cL2FSQ9E56EncfkZ7vL8apwcCFsw3o6Y,blockrazor,4,4
meshRrDTME9cL2FSQ9E56EncfkZ7vL8apwcCFsw3o6Y,blocksprint,5,5
meshRrDTME9cL2FSQ9E56EncfkZ7vL8apwcCFsw3o6Y,landX,58,58
meshRrDTME9cL2FSQ9E56EncfkZ7vL8apwcCFsw3o6Y,stellium,74,74
mineL1YNwcRnxN93B2sX6q22R11WfRqxnY4NBV8KfFY,(none),2885,0
mineL1YNwcRnxN93B2sX6q22R11WfRqxnY4NBV8KfFY,0slot,301,301
mineL1YNwcRnxN93B2sX6q22R11WfRqxnY4NBV8KfFY,AstraLane,368,368
mineL1YNwcRnxN93B2sX6q22R11WfRqxnY4NBV8KfFY,BloxRoute,6,6
mineL1YNwcRnxN93B2sX6q22R11WfRqxnY4NBV8KfFY,Falcon,671,671
mineL1YNwcRnxN93B2sX6q22R11WfRqxnY4NBV8KfFY,Flashblock,4,4
mineL1YNwcRnxN93B2sX6q22R11WfRqxnY4NBV8KfFY,Helius,1037,1037
mineL1YNwcRnxN93B2sX6q22R11WfRqxnY4NBV8KfFY,Jito,337,337
mineL1YNwcRnxN93B2sX6q22R11WfRqxnY4NBV8KfFY,Nextblock,163,163
mineL1YNwcRnxN93B2sX6q22R11WfRqxnY4NBV8KfFY,NodeOne,259,259
mineL1YNwcRnxN93B2sX6q22R11WfRqxnY4NBV8KfFY,Soyas,35,35
mineL1YNwcRnxN93B2sX6q22R11WfRqxnY4NBV8KfFY,Stellium,504,504
mineL1YNwcRnxN93B2sX6q22R11WfRqxnY4NBV8KfFY,Temporal,445,445
mineL1YNwcRnxN93B2sX6q22R11WfRqxnY4NBV8KfFY,blockRazor,17,17
mineL1YNwcRnxN93B2sX6q22R11WfRqxnY4NBV8KfFY,blockrazor,67,67
mineL1YNwcRnxN93B2sX6q22R11WfRqxnY4NBV8KfFY,blocksprint,264,264
mineL1YNwcRnxN93B2sX6q22R11WfRqxnY4NBV8KfFY,bloxroute,126,126
mineL1YNwcRnxN93B2sX6q22R11WfRqxnY4NBV8KfFY,landX,811,811
mineL1YNwcRnxN93B2sX6q22R11WfRqxnY4NBV8KfFY,stellium,1555,1555
mint13XHZSSxtgHuTSM9qPDEJSbWktpmpM4CZxeLB8f,(none),1787,0
mint13XHZSSxtgHuTSM9qPDEJSbWktpmpM4CZxeLB8f,0slot,105,105
mint13XHZSSxtgHuTSM9qPDEJSbWktpmpM4CZxeLB8f,AstraLane,492,492
mint13XHZSSxtgHuTSM9qPDEJSbWktpmpM4CZxeLB8f,Astralane,1,1
mint13XHZSSxtgHuTSM9qPDEJSbWktpmpM4CZxeLB8f,BloxRoute,2,2
mint13XHZSSxtgHuTSM9qPDEJSbWktpmpM4CZxeLB8f,Falcon,356,356
mint13XHZSSxtgHuTSM9qPDEJSbWktpmpM4CZxeLB8f,Flashblock,2,2
mint13XHZSSxtgHuTSM9qPDEJSbWktpmpM4CZxeLB8f,Helius,523,523
mint13XHZSSxtgHuTSM9qPDEJSbWktpmpM4CZxeLB8f,Jito,189,189
mint13XHZSSxtgHuTSM9qPDEJSbWktpmpM4CZxeLB8f,Moon,1,1
mint13XHZSSxtgHuTSM9qPDEJSbWktpmpM4CZxeLB8f,Nextblock,102,102
mint13XHZSSxtgHuTSM9qPDEJSbWktpmpM4CZxeLB8f,NodeOne,164,164
mint13XHZSSxtgHuTSM9qPDEJSbWktpmpM4CZxeLB8f,Soyas,14,14
mint13XHZSSxtgHuTSM9qPDEJSbWktpmpM4CZxeLB8f,Stellium,265,265
mint13XHZSSxtgHuTSM9qPDEJSbWktpmpM4CZxeLB8f,Temporal,209,209
mint13XHZSSxtgHuTSM9qPDEJSbWktpmpM4CZxeLB8f,blockRazor,12,12
mint13XHZSSxtgHuTSM9qPDEJSbWktpmpM4CZxeLB8f,blockrazor,34,34
mint13XHZSSxtgHuTSM9qPDEJSbWktpmpM4CZxeLB8f,blocksprint,187,187
mint13XHZSSxtgHuTSM9qPDEJSbWktpmpM4CZxeLB8f,bloxroute,350,350
mint13XHZSSxtgHuTSM9qPDEJSbWktpmpM4CZxeLB8f,landX,286,286
mint13XHZSSxtgHuTSM9qPDEJSbWktpmpM4CZxeLB8f,stellium,740,740
mrgn28BhocwdAUEenen3Sw2MR9cPKDpLkDvzDdR7DBD,(none),659,0
mrgn28BhocwdAUEenen3Sw2MR9cPKDpLkDvzDdR7DBD,0slot,51,51
mrgn28BhocwdAUEenen3Sw2MR9cPKDpLkDvzDdR7DBD,AstraLane,206,206
mrgn28BhocwdAUEenen3Sw2MR9cPKDpLkDvzDdR7DBD,Astralane,1,1
mrgn28BhocwdAUEenen3Sw2MR9cPKDpLkDvzDdR7DBD,BloxRoute,2,2
mrgn28BhocwdAUEenen3Sw2MR9cPKDpLkDvzDdR7DBD,Falcon,165,165
mrgn28BhocwdAUEenen3Sw2MR9cPKDpLkDvzDdR7DBD,Flashblock,2,2
mrgn28BhocwdAUEenen3Sw2MR9cPKDpLkDvzDdR7DBD,Helius,230,230
mrgn28BhocwdAUEenen3Sw2MR9cPKDpLkDvzDdR7DBD,Jito,73,73
mrgn28BhocwdAUEenen3Sw2MR9cPKDpLkDvzDdR7DBD,Nextblock,47,47
mrgn28BhocwdAUEenen3Sw2MR9cPKDpLkDvzDdR7DBD,NodeOne,39,39
mrgn28BhocwdAUEenen3Sw2MR9cPKDpLkDvzDdR7DBD,Soyas,8,8
mrgn28BhocwdAUEenen3Sw2MR9cPKDpLkDvzDdR7DBD,Stellium,114,114
mrgn28BhocwdAUEenen3Sw2MR9cPKDpLkDvzDdR7DBD,Temporal,79,79
mrgn28BhocwdAUEenen3Sw2MR9cPKDpLkDvzDdR7DBD,blockRazor,3,3
mrgn28BhocwdAUEenen3Sw2MR9cPKDpLkDvzDdR7DBD,blockrazor,14,14
mrgn28BhocwdAUEenen3Sw2MR9cPKDpLkDvzDdR7DBD,blocksprint,62,62
mrgn28BhocwdAUEenen3Sw2MR9cPKDpLkDvzDdR7DBD,bloxroute,142,141
mrgn28BhocwdAUEenen3Sw2MR9cPKDpLkDvzDdR7DBD,landX,75,75
mrgn28BhocwdAUEenen3Sw2MR9cPKDpLkDvzDdR7DBD,stellium,249,249
mrgn4sJJu5GBa5wbKyjuASzhyCifvcedGoLtpKjB3Wf,(none),243,0
mrgn4sJJu5GBa5wbKyjuASzhyCifvcedGoLtpKjB3Wf,0slot,44,44
mrgn4sJJu5GBa5wbKyjuASzhyCifvcedGoLtpKjB3Wf,AstraLane,33,33
mrgn4sJJu5GBa5wbKyjuASzhyCifvcedGoLtpKjB3Wf,BloxRoute,1,1
mrgn4sJJu5GBa5wbKyjuASzhyCifvcedGoLtpKjB3Wf,Falcon,105,105
mrgn4sJJu5GBa5wbKyjuASzhyCifvcedGoLtpKjB3Wf,Flashblock,1,1
mrgn4sJJu5GBa5wbKyjuASzhyCifvcedGoLtpKjB3Wf,Helius,89,89
mrgn4sJJu5GBa5wbKyjuASzhyCifvcedGoLtpKjB3Wf,Jito,32,32
mrgn4sJJu5GBa5wbKyjuASzhyCifvcedGoLtpKjB3Wf,Nextblock,5,5
mrgn4sJJu5GBa5wbKyjuASzhyCifvcedGoLtpKjB3Wf,NodeOne,23,23
mrgn4sJJu5GBa5wbKyjuASzhyCifvcedGoLtpKjB3Wf,Soyas,2,2
mrgn4sJJu5GBa5wbKyjuASzhyCifvcedGoLtpKjB3Wf,Stellium,51,51
mrgn4sJJu5GBa5wbKyjuASzhyCifvcedGoLtpKjB3Wf,Temporal,42,42
mrgn4sJJu5GBa5wbKyjuASzhyCifvcedGoLtpKjB3Wf,blockRazor,2,2
mrgn4sJJu5GBa5wbKyjuASzhyCifvcedGoLtpKjB3Wf,blockrazor,4,4
mrgn4sJJu5GBa5wbKyjuASzhyCifvcedGoLtpKjB3Wf,blocksprint,20,20
mrgn4sJJu5GBa5wbKyjuASzhyCifvcedGoLtpKjB3Wf,bloxroute,35,35
mrgn4sJJu5GBa5wbKyjuASzhyCifvcedGoLtpKjB3Wf,landX,42,42
mrgn4sJJu5GBa5wbKyjuASzhyCifvcedGoLtpKjB3Wf,stellium,191,191
mythxvB89eT3C1TKwwhsvdHfYq2aoCt2es8vLoDFYyk,(none),153,0
mythxvB89eT3C1TKwwhsvdHfYq2aoCt2es8vLoDFYyk,0slot,19,19
mythxvB89eT3C1TKwwhsvdHfYq2aoCt2es8vLoDFYyk,AstraLane,13,13
mythxvB89eT3C1TKwwhsvdHfYq2aoCt2es8vLoDFYyk,Falcon,21,21
mythxvB89eT3C1TKwwhsvdHfYq2aoCt2es8vLoDFYyk,Helius,52,52
mythxvB89eT3C1TKwwhsvdHfYq2aoCt2es8vLoDFYyk,Jito,19,19
mythxvB89eT3C1TKwwhsvdHfYq2aoCt2es8vLoDFYyk,Nextblock,9,9
mythxvB89eT3C1TKwwhsvdHfYq2aoCt2es8vLoDFYyk,NodeOne,11,11
mythxvB89eT3C1TKwwhsvdHfYq2aoCt2es8vLoDFYyk,Soyas,2,2
mythxvB89eT3C1TKwwhsvdHfYq2aoCt2es8vLoDFYyk,Stellium,23,23
mythxvB89eT3C1TKwwhsvdHfYq2aoCt2es8vLoDFYyk,Temporal,13,13
mythxvB89eT3C1TKwwhsvdHfYq2aoCt2es8vLoDFYyk,blockRazor,2,2
mythxvB89eT3C1TKwwhsvdHfYq2aoCt2es8vLoDFYyk,blockrazor,4,4
mythxvB89eT3C1TKwwhsvdHfYq2aoCt2es8vLoDFYyk,blocksprint,12,12
mythxvB89eT3C1TKwwhsvdHfYq2aoCt2es8vLoDFYyk,landX,44,44
mythxvB89eT3C1TKwwhsvdHfYq2aoCt2es8vLoDFYyk,stellium,77,77
nSGZ3tv2UhskkPqiB666yDVj7PTi9qKgDqvjHyw5JgM,(none),980,0
nSGZ3tv2UhskkPqiB666yDVj7PTi9qKgDqvjHyw5JgM,0slot,69,69
nSGZ3tv2UhskkPqiB666yDVj7PTi9qKgDqvjHyw5JgM,AstraLane,120,120
nSGZ3tv2UhskkPqiB666yDVj7PTi9qKgDqvjHyw5JgM,Astralane,1,1
nSGZ3tv2UhskkPqiB666yDVj7PTi9qKgDqvjHyw5JgM,BloxRoute,2,2
nSGZ3tv2UhskkPqiB666yDVj7PTi9qKgDqvjHyw5JgM,Falcon,265,265
nSGZ3tv2UhskkPqiB666yDVj7PTi9qKgDqvjHyw5JgM,Flashblock,3,3
nSGZ3tv2UhskkPqiB666yDVj7PTi9qKgDqvjHyw5JgM,Helius,344,344
nSGZ3tv2UhskkPqiB666yDVj7PTi9qKgDqvjHyw5JgM,Jito,115,115
nSGZ3tv2UhskkPqiB666yDVj7PTi9qKgDqvjHyw5JgM,Moon,1,1
nSGZ3tv2UhskkPqiB666yDVj7PTi9qKgDqvjHyw5JgM,Nextblock,36,36
nSGZ3tv2UhskkPqiB666yDVj7PTi9qKgDqvjHyw5JgM,NodeOne,101,101
nSGZ3tv2UhskkPqiB666yDVj7PTi9qKgDqvjHyw5JgM,Soyas,5,5
nSGZ3tv2UhskkPqiB666yDVj7PTi9qKgDqvjHyw5JgM,Stellium,186,186
nSGZ3tv2UhskkPqiB666yDVj7PTi9qKgDqvjHyw5JgM,Temporal,113,112
nSGZ3tv2UhskkPqiB666yDVj7PTi9qKgDqvjHyw5JgM,blockRazor,3,3
nSGZ3tv2UhskkPqiB666yDVj7PTi9qKgDqvjHyw5JgM,blockrazor,19,19
nSGZ3tv2UhskkPqiB666yDVj7PTi9qKgDqvjHyw5JgM,blocksprint,80,80
nSGZ3tv2UhskkPqiB666yDVj7PTi9qKgDqvjHyw5JgM,bloxroute,65,65
nSGZ3tv2UhskkPqiB666yDVj7PTi9qKgDqvjHyw5JgM,landX,365,365
nSGZ3tv2UhskkPqiB666yDVj7PTi9qKgDqvjHyw5JgM,stellium,633,633
nateKhsYkrVc992UuTfAhEEFQqr2zQfpGg9RafNkxdC,(none),239,0
nateKhsYkrVc992UuTfAhEEFQqr2zQfpGg9RafNkxdC,0slot,13,13
nateKhsYkrVc992UuTfAhEEFQqr2zQfpGg9RafNkxdC,AstraLane,50,50
nateKhsYkrVc992UuTfAhEEFQqr2zQfpGg9RafNkxdC,BloxRoute,1,1
nateKhsYkrVc992UuTfAhEEFQqr2zQfpGg9RafNkxdC,Falcon,64,64
nateKhsYkrVc992UuTfAhEEFQqr2zQfpGg9RafNkxdC,Helius,112,112
nateKhsYkrVc992UuTfAhEEFQqr2zQfpGg9RafNkxdC,Jito,51,51
nateKhsYkrVc992UuTfAhEEFQqr2zQfpGg9RafNkxdC,Moon,1,1
nateKhsYkrVc992UuTfAhEEFQqr2zQfpGg9RafNkxdC,Nextblock,5,5
nateKhsYkrVc992UuTfAhEEFQqr2zQfpGg9RafNkxdC,NodeOne,19,19
nateKhsYkrVc992UuTfAhEEFQqr2zQfpGg9RafNkxdC,Soyas,8,8
nateKhsYkrVc992UuTfAhEEFQqr2zQfpGg9RafNkxdC,Stellium,36,36
nateKhsYkrVc992UuTfAhEEFQqr2zQfpGg9RafNkxdC,Temporal,25,25
nateKhsYkrVc992UuTfAhEEFQqr2zQfpGg9RafNkxdC,blockRazor,3,3
nateKhsYkrVc992UuTfAhEEFQqr2zQfpGg9RafNkxdC,blockrazor,6,6
nateKhsYkrVc992UuTfAhEEFQqr2zQfpGg9RafNkxdC,blocksprint,25,25
nateKhsYkrVc992UuTfAhEEFQqr2zQfpGg9RafNkxdC,bloxroute,2,2
nateKhsYkrVc992UuTfAhEEFQqr2zQfpGg9RafNkxdC,landX,109,109
nateKhsYkrVc992UuTfAhEEFQqr2zQfpGg9RafNkxdC,stellium,202,202
nebu15XQKGpxzhhckADBX9PgvGN5qk9RRJCFLKc118w,(none),377,0
nebu15XQKGpxzhhckADBX9PgvGN5qk9RRJCFLKc118w,0slot,38,38
nebu15XQKGpxzhhckADBX9PgvGN5qk9RRJCFLKc118w,AstraLane,28,28
nebu15XQKGpxzhhckADBX9PgvGN5qk9RRJCFLKc118w,Falcon,103,103
nebu15XQKGpxzhhckADBX9PgvGN5qk9RRJCFLKc118w,Flashblock,1,1
nebu15XQKGpxzhhckADBX9PgvGN5qk9RRJCFLKc118w,Helius,130,130
nebu15XQKGpxzhhckADBX9PgvGN5qk9RRJCFLKc118w,Jito,87,87
nebu15XQKGpxzhhckADBX9PgvGN5qk9RRJCFLKc118w,Nextblock,11,11
nebu15XQKGpxzhhckADBX9PgvGN5qk9RRJCFLKc118w,NodeOne,43,43
nebu15XQKGpxzhhckADBX9PgvGN5qk9RRJCFLKc118w,Soyas,3,3
nebu15XQKGpxzhhckADBX9PgvGN5qk9RRJCFLKc118w,Stellium,59,59
nebu15XQKGpxzhhckADBX9PgvGN5qk9RRJCFLKc118w,Temporal,41,41
nebu15XQKGpxzhhckADBX9PgvGN5qk9RRJCFLKc118w,blockrazor,8,8
nebu15XQKGpxzhhckADBX9PgvGN5qk9RRJCFLKc118w,blocksprint,40,40
nebu15XQKGpxzhhckADBX9PgvGN5qk9RRJCFLKc118w,bloxroute,14,14
nebu15XQKGpxzhhckADBX9PgvGN5qk9RRJCFLKc118w,landX,132,132
nebu15XQKGpxzhhckADBX9PgvGN5qk9RRJCFLKc118w,stellium,232,232
noMiSMNpN3iGeX3WdF5M2KQdFUQt2RYYpfJ4dN1Ni3k,(none),9,0
noMiSMNpN3iGeX3WdF5M2KQdFUQt2RYYpfJ4dN1Ni3k,Jito,2,2
noMiSMNpN3iGeX3WdF5M2KQdFUQt2RYYpfJ4dN1Ni3k,Temporal,3,3
noMiSMNpN3iGeX3WdF5M2KQdFUQt2RYYpfJ4dN1Ni3k,stellium,1,1
nodeEgRVkbYLAQePtMx2zCN7CGw7qRgzKMCBtjMfN1D,(none),675,0
nodeEgRVkbYLAQePtMx2zCN7CGw7qRgzKMCBtjMfN1D,0slot,43,43
nodeEgRVkbYLAQePtMx2zCN7CGw7qRgzKMCBtjMfN1D,AstraLane,79,79
nodeEgRVkbYLAQePtMx2zCN7CGw7qRgzKMCBtjMfN1D,BloxRoute,2,2
nodeEgRVkbYLAQePtMx2zCN7CGw7qRgzKMCBtjMfN1D,Falcon,203,203
nodeEgRVkbYLAQePtMx2zCN7CGw7qRgzKMCBtjMfN1D,Flashblock,3,3
nodeEgRVkbYLAQePtMx2zCN7CGw7qRgzKMCBtjMfN1D,Helius,190,190
nodeEgRVkbYLAQePtMx2zCN7CGw7qRgzKMCBtjMfN1D,Jito,76,76
nodeEgRVkbYLAQePtMx2zCN7CGw7qRgzKMCBtjMfN1D,Nextblock,29,29
nodeEgRVkbYLAQePtMx2zCN7CGw7qRgzKMCBtjMfN1D,NodeOne,169,169
nodeEgRVkbYLAQePtMx2zCN7CGw7qRgzKMCBtjMfN1D,Soyas,8,8
nodeEgRVkbYLAQePtMx2zCN7CGw7qRgzKMCBtjMfN1D,Stellium,120,120
nodeEgRVkbYLAQePtMx2zCN7CGw7qRgzKMCBtjMfN1D,Temporal,79,79
nodeEgRVkbYLAQePtMx2zCN7CGw7qRgzKMCBtjMfN1D,blockRazor,6,6
nodeEgRVkbYLAQePtMx2zCN7CGw7qRgzKMCBtjMfN1D,blockrazor,17,17
nodeEgRVkbYLAQePtMx2zCN7CGw7qRgzKMCBtjMfN1D,blocksprint,63,63
nodeEgRVkbYLAQePtMx2zCN7CGw7qRgzKMCBtjMfN1D,bloxroute,76,76
nodeEgRVkbYLAQePtMx2zCN7CGw7qRgzKMCBtjMfN1D,landX,232,232
nodeEgRVkbYLAQePtMx2zCN7CGw7qRgzKMCBtjMfN1D,stellium,393,393
novaeuhY2JH2WHhc9KVTHDx2cyJZdXJC6faf4CtARZn,(none),889,0
novaeuhY2JH2WHhc9KVTHDx2cyJZdXJC6faf4CtARZn,0slot,46,46
novaeuhY2JH2WHhc9KVTHDx2cyJZdXJC6faf4CtARZn,AstraLane,78,78
novaeuhY2JH2WHhc9KVTHDx2cyJZdXJC6faf4CtARZn,Falcon,171,171
novaeuhY2JH2WHhc9KVTHDx2cyJZdXJC6faf4CtARZn,Helius,208,208
novaeuhY2JH2WHhc9KVTHDx2cyJZdXJC6faf4CtARZn,Jito,39,39
novaeuhY2JH2WHhc9KVTHDx2cyJZdXJC6faf4CtARZn,Nextblock,26,26
novaeuhY2JH2WHhc9KVTHDx2cyJZdXJC6faf4CtARZn,NodeOne,38,38
novaeuhY2JH2WHhc9KVTHDx2cyJZdXJC6faf4CtARZn,Soyas,3,3
novaeuhY2JH2WHhc9KVTHDx2cyJZdXJC6faf4CtARZn,Stellium,148,148
novaeuhY2JH2WHhc9KVTHDx2cyJZdXJC6faf4CtARZn,Temporal,115,115
novaeuhY2JH2WHhc9KVTHDx2cyJZdXJC6faf4CtARZn,blockrazor,11,11
novaeuhY2JH2WHhc9KVTHDx2cyJZdXJC6faf4CtARZn,blocksprint,94,94
novaeuhY2JH2WHhc9KVTHDx2cyJZdXJC6faf4CtARZn,bloxroute,14,14
novaeuhY2JH2WHhc9KVTHDx2cyJZdXJC6faf4CtARZn,landX,258,258
novaeuhY2JH2WHhc9KVTHDx2cyJZdXJC6faf4CtARZn,stellium,656,656
nymsHergYedT9CJMgtGMvqXUTGcbs5o3MiWTJUbqTGY,(none),515,0
nymsHergYedT9CJMgtGMvqXUTGcbs5o3MiWTJUbqTGY,0slot,46,46
nymsHergYedT9CJMgtGMvqXUTGcbs5o3MiWTJUbqTGY,AstraLane,96,96
nymsHergYedT9CJMgtGMvqXUTGcbs5o3MiWTJUbqTGY,Astralane,2,2
nymsHergYedT9CJMgtGMvqXUTGcbs5o3MiWTJUbqTGY,BloxRoute,1,1
nymsHergYedT9CJMgtGMvqXUTGcbs5o3MiWTJUbqTGY,Falcon,91,91
nymsHergYedT9CJMgtGMvqXUTGcbs5o3MiWTJUbqTGY,Flashblock,3,3
nymsHergYedT9CJMgtGMvqXUTGcbs5o3MiWTJUbqTGY,Helius,166,166
nymsHergYedT9CJMgtGMvqXUTGcbs5o3MiWTJUbqTGY,Jito,92,92
nymsHergYedT9CJMgtGMvqXUTGcbs5o3MiWTJUbqTGY,Nextblock,19,19
nymsHergYedT9CJMgtGMvqXUTGcbs5o3MiWTJUbqTGY,NodeOne,48,48
nymsHergYedT9CJMgtGMvqXUTGcbs5o3MiWTJUbqTGY,Soyas,6,6
nymsHergYedT9CJMgtGMvqXUTGcbs5o3MiWTJUbqTGY,Stellium,57,57
nymsHergYedT9CJMgtGMvqXUTGcbs5o3MiWTJUbqTGY,Temporal,62,62
nymsHergYedT9CJMgtGMvqXUTGcbs5o3MiWTJUbqTGY,blockRazor,4,4
nymsHergYedT9CJMgtGMvqXUTGcbs5o3MiWTJUbqTGY,blockrazor,12,12
nymsHergYedT9CJMgtGMvqXUTGcbs5o3MiWTJUbqTGY,blocksprint,46,46
nymsHergYedT9CJMgtGMvqXUTGcbs5o3MiWTJUbqTGY,bloxroute,89,89
nymsHergYedT9CJMgtGMvqXUTGcbs5o3MiWTJUbqTGY,landX,90,90
nymsHergYedT9CJMgtGMvqXUTGcbs5o3MiWTJUbqTGY,stellium,177,177
oPaLtitM6cwpFVzP2rDhLsJLdY2vcbuZiJJyD1TFUKs,(none),2708,0
oPaLtitM6cwpFVzP2rDhLsJLdY2vcbuZiJJyD1TFUKs,0slot,241,241
oPaLtitM6cwpFVzP2rDhLsJLdY2vcbuZiJJyD1TFUKs,AstraLane,931,931
oPaLtitM6cwpFVzP2rDhLsJLdY2vcbuZiJJyD1TFUKs,Astralane,4,4
oPaLtitM6cwpFVzP2rDhLsJLdY2vcbuZiJJyD1TFUKs,BloxRoute,5,5
oPaLtitM6cwpFVzP2rDhLsJLdY2vcbuZiJJyD1TFUKs,Falcon,913,913
oPaLtitM6cwpFVzP2rDhLsJLdY2vcbuZiJJyD1TFUKs,Flashblock,5,5
oPaLtitM6cwpFVzP2rDhLsJLdY2vcbuZiJJyD1TFUKs,Helius,1157,1157
oPaLtitM6cwpFVzP2rDhLsJLdY2vcbuZiJJyD1TFUKs,Jito,245,245
oPaLtitM6cwpFVzP2rDhLsJLdY2vcbuZiJJyD1TFUKs,Nextblock,136,136
oPaLtitM6cwpFVzP2rDhLsJLdY2vcbuZiJJyD1TFUKs,NodeOne,279,279
oPaLtitM6cwpFVzP2rDhLsJLdY2vcbuZiJJyD1TFUKs,Soyas,29,29
oPaLtitM6cwpFVzP2rDhLsJLdY2vcbuZiJJyD1TFUKs,Stellium,559,559
oPaLtitM6cwpFVzP2rDhLsJLdY2vcbuZiJJyD1TFUKs,Temporal,443,442
oPaLtitM6cwpFVzP2rDhLsJLdY2vcbuZiJJyD1TFUKs,blockRazor,20,20
oPaLtitM6cwpFVzP2rDhLsJLdY2vcbuZiJJyD1TFUKs,blockrazor,81,81
oPaLtitM6cwpFVzP2rDhLsJLdY2vcbuZiJJyD1TFUKs,blocksprint,362,362
oPaLtitM6cwpFVzP2rDhLsJLdY2vcbuZiJJyD1TFUKs,bloxroute,617,617
oPaLtitM6cwpFVzP2rDhLsJLdY2vcbuZiJJyD1TFUKs,landX,604,604
oPaLtitM6cwpFVzP2rDhLsJLdY2vcbuZiJJyD1TFUKs,stellium,1336,1336
odcvDWH5wHVKz9XtmGGxTj5ZsmawTjCCty3nyBKDGzS,(none),254,0
odcvDWH5wHVKz9XtmGGxTj5ZsmawTjCCty3nyBKDGzS,0slot,18,18
odcvDWH5wHVKz9XtmGGxTj5ZsmawTjCCty3nyBKDGzS,AstraLane,31,31
odcvDWH5wHVKz9XtmGGxTj5ZsmawTjCCty3nyBKDGzS,BloxRoute,2,2
odcvDWH5wHVKz9XtmGGxTj5ZsmawTjCCty3nyBKDGzS,Falcon,103,103
odcvDWH5wHVKz9XtmGGxTj5ZsmawTjCCty3nyBKDGzS,Flashblock,1,1
odcvDWH5wHVKz9XtmGGxTj5ZsmawTjCCty3nyBKDGzS,Helius,90,90
odcvDWH5wHVKz9XtmGGxTj5ZsmawTjCCty3nyBKDGzS,Jito,21,21
odcvDWH5wHVKz9XtmGGxTj5ZsmawTjCCty3nyBKDGzS,Nextblock,8,8
odcvDWH5wHVKz9XtmGGxTj5ZsmawTjCCty3nyBKDGzS,NodeOne,18,18
odcvDWH5wHVKz9XtmGGxTj5ZsmawTjCCty3nyBKDGzS,Soyas,1,1
odcvDWH5wHVKz9XtmGGxTj5ZsmawTjCCty3nyBKDGzS,Stellium,77,77
odcvDWH5wHVKz9XtmGGxTj5ZsmawTjCCty3nyBKDGzS,Temporal,58,58
odcvDWH5wHVKz9XtmGGxTj5ZsmawTjCCty3nyBKDGzS,blockRazor,1,1
odcvDWH5wHVKz9XtmGGxTj5ZsmawTjCCty3nyBKDGzS,blockrazor,4,4
odcvDWH5wHVKz9XtmGGxTj5ZsmawTjCCty3nyBKDGzS,blocksprint,23,23
odcvDWH5wHVKz9XtmGGxTj5ZsmawTjCCty3nyBKDGzS,bloxroute,14,14
odcvDWH5wHVKz9XtmGGxTj5ZsmawTjCCty3nyBKDGzS,landX,97,97
odcvDWH5wHVKz9XtmGGxTj5ZsmawTjCCty3nyBKDGzS,stellium,199,199
omeg2wsojzB7tfyAxsFhp8npxHL8yxVnaf51poXCwSd,(none),163,0
omeg2wsojzB7tfyAxsFhp8npxHL8yxVnaf51poXCwSd,0slot,9,9
omeg2wsojzB7tfyAxsFhp8npxHL8yxVnaf51poXCwSd,AstraLane,34,34
omeg2wsojzB7tfyAxsFhp8npxHL8yxVnaf51poXCwSd,BloxRoute,1,1
omeg2wsojzB7tfyAxsFhp8npxHL8yxVnaf51poXCwSd,Falcon,48,48
omeg2wsojzB7tfyAxsFhp8npxHL8yxVnaf51poXCwSd,Helius,76,76
omeg2wsojzB7tfyAxsFhp8npxHL8yxVnaf51poXCwSd,Jito,18,18
omeg2wsojzB7tfyAxsFhp8npxHL8yxVnaf51poXCwSd,Nextblock,16,16
omeg2wsojzB7tfyAxsFhp8npxHL8yxVnaf51poXCwSd,NodeOne,48,48
omeg2wsojzB7tfyAxsFhp8npxHL8yxVnaf51poXCwSd,Soyas,3,3
omeg2wsojzB7tfyAxsFhp8npxHL8yxVnaf51poXCwSd,Stellium,39,39
omeg2wsojzB7tfyAxsFhp8npxHL8yxVnaf51poXCwSd,Temporal,34,34
omeg2wsojzB7tfyAxsFhp8npxHL8yxVnaf51poXCwSd,blockRazor,3,3
omeg2wsojzB7tfyAxsFhp8npxHL8yxVnaf51poXCwSd,blockrazor,6,6
omeg2wsojzB7tfyAxsFhp8npxHL8yxVnaf51poXCwSd,blocksprint,21,21
omeg2wsojzB7tfyAxsFhp8npxHL8yxVnaf51poXCwSd,bloxroute,4,4
omeg2wsojzB7tfyAxsFhp8npxHL8yxVnaf51poXCwSd,landX,73,73
omeg2wsojzB7tfyAxsFhp8npxHL8yxVnaf51poXCwSd,stellium,130,130
orbit1bWKxnECKLqjhm5rybTiEC2GEYbecyebgEfM5q,(none),17,0
orbit1bWKxnECKLqjhm5rybTiEC2GEYbecyebgEfM5q,0slot,2,2
orbit1bWKxnECKLqjhm5rybTiEC2GEYbecyebgEfM5q,AstraLane,1,1
orbit1bWKxnECKLqjhm5rybTiEC2GEYbecyebgEfM5q,Helius,2,2
orbit1bWKxnECKLqjhm5rybTiEC2GEYbecyebgEfM5q,Jito,4,4
orbit1bWKxnECKLqjhm5rybTiEC2GEYbecyebgEfM5q,NodeOne,1,1
orbit1bWKxnECKLqjhm5rybTiEC2GEYbecyebgEfM5q,stellium,1,1
pSoLoZx55zZz61gjxSTwHtwTg4yTwdm7ruBmyjbYgT2,(none),9147,0
pSoLoZx55zZz61gjxSTwHtwTg4yTwdm7ruBmyjbYgT2,0slot,641,641
pSoLoZx55zZz61gjxSTwHtwTg4yTwdm7ruBmyjbYgT2,AstraLane,2706,2706
pSoLoZx55zZz61gjxSTwHtwTg4yTwdm7ruBmyjbYgT2,Astralane,5,5
pSoLoZx55zZz61gjxSTwHtwTg4yTwdm7ruBmyjbYgT2,BloxRoute,23,23
pSoLoZx55zZz61gjxSTwHtwTg4yTwdm7ruBmyjbYgT2,Falcon,2447,2447
pSoLoZx55zZz61gjxSTwHtwTg4yTwdm7ruBmyjbYgT2,Flashblock,15,15
pSoLoZx55zZz61gjxSTwHtwTg4yTwdm7ruBmyjbYgT2,Helius,2895,2894
pSoLoZx55zZz61gjxSTwHtwTg4yTwdm7ruBmyjbYgT2,Jito,1123,1122
pSoLoZx55zZz61gjxSTwHtwTg4yTwdm7ruBmyjbYgT2,Nextblock,426,426
pSoLoZx55zZz61gjxSTwHtwTg4yTwdm7ruBmyjbYgT2,NodeOne,944,944
pSoLoZx55zZz61gjxSTwHtwTg4yTwdm7ruBmyjbYgT2,Soyas,61,61
pSoLoZx55zZz61gjxSTwHtwTg4yTwdm7ruBmyjbYgT2,Stellium,1468,1468
pSoLoZx55zZz61gjxSTwHtwTg4yTwdm7ruBmyjbYgT2,Temporal,1099,1098
pSoLoZx55zZz61gjxSTwHtwTg4yTwdm7ruBmyjbYgT2,blockRazor,57,57
pSoLoZx55zZz61gjxSTwHtwTg4yTwdm7ruBmyjbYgT2,blockrazor,208,208
pSoLoZx55zZz61gjxSTwHtwTg4yTwdm7ruBmyjbYgT2,blocksprint,966,966
pSoLoZx55zZz61gjxSTwHtwTg4yTwdm7ruBmyjbYgT2,bloxroute,2055,2055
pSoLoZx55zZz61gjxSTwHtwTg4yTwdm7ruBmyjbYgT2,landX,1785,1785
pSoLoZx55zZz61gjxSTwHtwTg4yTwdm7ruBmyjbYgT2,stellium,3850,3850
parafiUS6h6oLhCFwhjvEmQJKw8pF1iXsxMJdTq46dS,(none),592,0
parafiUS6h6oLhCFwhjvEmQJKw8pF1iXsxMJdTq46dS,0slot,57,57
parafiUS6h6oLhCFwhjvEmQJKw8pF1iXsxMJdTq46dS,AstraLane,60,60
parafiUS6h6oLhCFwhjvEmQJKw8pF1iXsxMJdTq46dS,BloxRoute,1,1
parafiUS6h6oLhCFwhjvEmQJKw8pF1iXsxMJdTq46dS,Falcon,111,111
parafiUS6h6oLhCFwhjvEmQJKw8pF1iXsxMJdTq46dS,Flashblock,1,1
parafiUS6h6oLhCFwhjvEmQJKw8pF1iXsxMJdTq46dS,Helius,200,200
parafiUS6h6oLhCFwhjvEmQJKw8pF1iXsxMJdTq46dS,Jito,83,83
parafiUS6h6oLhCFwhjvEmQJKw8pF1iXsxMJdTq46dS,Moon,1,1
parafiUS6h6oLhCFwhjvEmQJKw8pF1iXsxMJdTq46dS,Nextblock,28,28
parafiUS6h6oLhCFwhjvEmQJKw8pF1iXsxMJdTq46dS,NodeOne,34,34
parafiUS6h6oLhCFwhjvEmQJKw8pF1iXsxMJdTq46dS,Soyas,8,8
parafiUS6h6oLhCFwhjvEmQJKw8pF1iXsxMJdTq46dS,Stellium,74,74
parafiUS6h6oLhCFwhjvEmQJKw8pF1iXsxMJdTq46dS,Temporal,63,63
parafiUS6h6oLhCFwhjvEmQJKw8pF1iXsxMJdTq46dS,blockRazor,2,2
parafiUS6h6oLhCFwhjvEmQJKw8pF1iXsxMJdTq46dS,blockrazor,10,10
parafiUS6h6oLhCFwhjvEmQJKw8pF1iXsxMJdTq46dS,blocksprint,46,46
parafiUS6h6oLhCFwhjvEmQJKw8pF1iXsxMJdTq46dS,bloxroute,11,11
parafiUS6h6oLhCFwhjvEmQJKw8pF1iXsxMJdTq46dS,landX,122,122
parafiUS6h6oLhCFwhjvEmQJKw8pF1iXsxMJdTq46dS,stellium,255,255
peNgUgnzs1jGogUPW8SThXMvzNpzKSNf3om78xVPAYx,(none),464,0
peNgUgnzs1jGogUPW8SThXMvzNpzKSNf3om78xVPAYx,0slot,43,43
peNgUgnzs1jGogUPW8SThXMvzNpzKSNf3om78xVPAYx,AstraLane,47,47
peNgUgnzs1jGogUPW8SThXMvzNpzKSNf3om78xVPAYx,BloxRoute,2,2
peNgUgnzs1jGogUPW8SThXMvzNpzKSNf3om78xVPAYx,Falcon,109,109
peNgUgnzs1jGogUPW8SThXMvzNpzKSNf3om78xVPAYx,Flashblock,3,3
peNgUgnzs1jGogUPW8SThXMvzNpzKSNf3om78xVPAYx,Helius,173,173
peNgUgnzs1jGogUPW8SThXMvzNpzKSNf3om78xVPAYx,Jito,86,86
peNgUgnzs1jGogUPW8SThXMvzNpzKSNf3om78xVPAYx,Nextblock,17,17
peNgUgnzs1jGogUPW8SThXMvzNpzKSNf3om78xVPAYx,NodeOne,39,39
peNgUgnzs1jGogUPW8SThXMvzNpzKSNf3om78xVPAYx,Soyas,5,5
peNgUgnzs1jGogUPW8SThXMvzNpzKSNf3om78xVPAYx,Stellium,82,82
peNgUgnzs1jGogUPW8SThXMvzNpzKSNf3om78xVPAYx,Temporal,48,48
peNgUgnzs1jGogUPW8SThXMvzNpzKSNf3om78xVPAYx,blockRazor,2,2
peNgUgnzs1jGogUPW8SThXMvzNpzKSNf3om78xVPAYx,blockrazor,9,9
peNgUgnzs1jGogUPW8SThXMvzNpzKSNf3om78xVPAYx,blocksprint,35,35
peNgUgnzs1jGogUPW8SThXMvzNpzKSNf3om78xVPAYx,bloxroute,8,8
peNgUgnzs1jGogUPW8SThXMvzNpzKSNf3om78xVPAYx,landX,101,101
peNgUgnzs1jGogUPW8SThXMvzNpzKSNf3om78xVPAYx,stellium,212,212
phz1CRbEsCtFCh2Ro5tjyu588VU1WPMwW9BJS9yFNn2,(none),1344,0
phz1CRbEsCtFCh2Ro5tjyu588VU1WPMwW9BJS9yFNn2,0slot,85,85
phz1CRbEsCtFCh2Ro5tjyu588VU1WPMwW9BJS9yFNn2,AstraLane,149,149
phz1CRbEsCtFCh2Ro5tjyu588VU1WPMwW9BJS9yFNn2,Falcon,168,168
phz1CRbEsCtFCh2Ro5tjyu588VU1WPMwW9BJS9yFNn2,Helius,314,314
phz1CRbEsCtFCh2Ro5tjyu588VU1WPMwW9BJS9yFNn2,Jito,106,106
phz1CRbEsCtFCh2Ro5tjyu588VU1WPMwW9BJS9yFNn2,Moon,1,1
phz1CRbEsCtFCh2Ro5tjyu588VU1WPMwW9BJS9yFNn2,Nextblock,37,37
phz1CRbEsCtFCh2Ro5tjyu588VU1WPMwW9BJS9yFNn2,NodeOne,81,81
phz1CRbEsCtFCh2Ro5tjyu588VU1WPMwW9BJS9yFNn2,Soyas,10,10
phz1CRbEsCtFCh2Ro5tjyu588VU1WPMwW9BJS9yFNn2,Stellium,148,148
phz1CRbEsCtFCh2Ro5tjyu588VU1WPMwW9BJS9yFNn2,Temporal,81,81
phz1CRbEsCtFCh2Ro5tjyu588VU1WPMwW9BJS9yFNn2,blockRazor,7,7
phz1CRbEsCtFCh2Ro5tjyu588VU1WPMwW9BJS9yFNn2,blockrazor,20,20
phz1CRbEsCtFCh2Ro5tjyu588VU1WPMwW9BJS9yFNn2,blocksprint,122,122
phz1CRbEsCtFCh2Ro5tjyu588VU1WPMwW9BJS9yFNn2,bloxroute,172,172
phz1CRbEsCtFCh2Ro5tjyu588VU1WPMwW9BJS9yFNn2,landX,395,395
phz1CRbEsCtFCh2Ro5tjyu588VU1WPMwW9BJS9yFNn2,stellium,544,544
pineXRUnbaLNFMxaM3zBmFfTiKgQMGqT9jYHXZWq2Fw,(none),282,0
pineXRUnbaLNFMxaM3zBmFfTiKgQMGqT9jYHXZWq2Fw,0slot,30,30
pineXRUnbaLNFMxaM3zBmFfTiKgQMGqT9jYHXZWq2Fw,AstraLane,43,43
pineXRUnbaLNFMxaM3zBmFfTiKgQMGqT9jYHXZWq2Fw,BloxRoute,1,1
pineXRUnbaLNFMxaM3zBmFfTiKgQMGqT9jYHXZWq2Fw,Falcon,66,66
pineXRUnbaLNFMxaM3zBmFfTiKgQMGqT9jYHXZWq2Fw,Flashblock,2,2
pineXRUnbaLNFMxaM3zBmFfTiKgQMGqT9jYHXZWq2Fw,Helius,121,121
pineXRUnbaLNFMxaM3zBmFfTiKgQMGqT9jYHXZWq2Fw,Jito,32,32
pineXRUnbaLNFMxaM3zBmFfTiKgQMGqT9jYHXZWq2Fw,Nextblock,25,25
pineXRUnbaLNFMxaM3zBmFfTiKgQMGqT9jYHXZWq2Fw,NodeOne,66,66
pineXRUnbaLNFMxaM3zBmFfTiKgQMGqT9jYHXZWq2Fw,Soyas,5,5
pineXRUnbaLNFMxaM3zBmFfTiKgQMGqT9jYHXZWq2Fw,Stellium,59,59
pineXRUnbaLNFMxaM3zBmFfTiKgQMGqT9jYHXZWq2Fw,Temporal,29,29
pineXRUnbaLNFMxaM3zBmFfTiKgQMGqT9jYHXZWq2Fw,blockRazor,1,1
pineXRUnbaLNFMxaM3zBmFfTiKgQMGqT9jYHXZWq2Fw,blockrazor,10,10
pineXRUnbaLNFMxaM3zBmFfTiKgQMGqT9jYHXZWq2Fw,blocksprint,35,35
pineXRUnbaLNFMxaM3zBmFfTiKgQMGqT9jYHXZWq2Fw,bloxroute,34,34
pineXRUnbaLNFMxaM3zBmFfTiKgQMGqT9jYHXZWq2Fw,landX,118,118
pineXRUnbaLNFMxaM3zBmFfTiKgQMGqT9jYHXZWq2Fw,stellium,195,195
pitMDEaMmWmr7qP8HsNqarPQkd3jhZbLJibhhQnL5RG,(none),3,0
pitMDEaMmWmr7qP8HsNqarPQkd3jhZbLJibhhQnL5RG,AstraLane,3,3
pitMDEaMmWmr7qP8HsNqarPQkd3jhZbLJibhhQnL5RG,Helius,2,2
pitMDEaMmWmr7qP8HsNqarPQkd3jhZbLJibhhQnL5RG,Jito,7,7
pitMDEaMmWmr7qP8HsNqarPQkd3jhZbLJibhhQnL5RG,stellium,1,1
pitch9cMruwjDtAnisNS4mwZUPhMsBztNEGu2weMg55,(none),292,0
pitch9cMruwjDtAnisNS4mwZUPhMsBztNEGu2weMg55,0slot,44,44
pitch9cMruwjDtAnisNS4mwZUPhMsBztNEGu2weMg55,AstraLane,21,21
pitch9cMruwjDtAnisNS4mwZUPhMsBztNEGu2weMg55,BloxRoute,1,1
pitch9cMruwjDtAnisNS4mwZUPhMsBztNEGu2weMg55,Falcon,64,64
pitch9cMruwjDtAnisNS4mwZUPhMsBztNEGu2weMg55,Helius,108,108
pitch9cMruwjDtAnisNS4mwZUPhMsBztNEGu2weMg55,Jito,24,24
pitch9cMruwjDtAnisNS4mwZUPhMsBztNEGu2weMg55,Nextblock,16,16
pitch9cMruwjDtAnisNS4mwZUPhMsBztNEGu2weMg55,NodeOne,38,38
pitch9cMruwjDtAnisNS4mwZUPhMsBztNEGu2weMg55,Soyas,1,1
pitch9cMruwjDtAnisNS4mwZUPhMsBztNEGu2weMg55,Stellium,49,49
pitch9cMruwjDtAnisNS4mwZUPhMsBztNEGu2weMg55,Temporal,23,23
pitch9cMruwjDtAnisNS4mwZUPhMsBztNEGu2weMg55,blockRazor,3,3
pitch9cMruwjDtAnisNS4mwZUPhMsBztNEGu2weMg55,blockrazor,12,12
pitch9cMruwjDtAnisNS4mwZUPhMsBztNEGu2weMg55,blocksprint,32,32
pitch9cMruwjDtAnisNS4mwZUPhMsBztNEGu2weMg55,bloxroute,1,1
pitch9cMruwjDtAnisNS4mwZUPhMsBztNEGu2weMg55,landX,120,120
pitch9cMruwjDtAnisNS4mwZUPhMsBztNEGu2weMg55,stellium,162,162
popscoyTKVksa4TyTXw488b3vvFxM7qQEyTBeMQopKu,(none),737,0
popscoyTKVksa4TyTXw488b3vvFxM7qQEyTBeMQopKu,0slot,56,56
popscoyTKVksa4TyTXw488b3vvFxM7qQEyTBeMQopKu,AstraLane,74,74
popscoyTKVksa4TyTXw488b3vvFxM7qQEyTBeMQopKu,Falcon,168,168
popscoyTKVksa4TyTXw488b3vvFxM7qQEyTBeMQopKu,Flashblock,1,1
popscoyTKVksa4TyTXw488b3vvFxM7qQEyTBeMQopKu,Helius,231,231
popscoyTKVksa4TyTXw488b3vvFxM7qQEyTBeMQopKu,Jito,117,117
popscoyTKVksa4TyTXw488b3vvFxM7qQEyTBeMQopKu,Moon,1,1
popscoyTKVksa4TyTXw488b3vvFxM7qQEyTBeMQopKu,Nextblock,15,15
popscoyTKVksa4TyTXw488b3vvFxM7qQEyTBeMQopKu,NodeOne,118,118
popscoyTKVksa4TyTXw488b3vvFxM7qQEyTBeMQopKu,Soyas,2,2
popscoyTKVksa4TyTXw488b3vvFxM7qQEyTBeMQopKu,Stellium,110,110
popscoyTKVksa4TyTXw488b3vvFxM7qQEyTBeMQopKu,Temporal,61,61
popscoyTKVksa4TyTXw488b3vvFxM7qQEyTBeMQopKu,blockRazor,2,2
popscoyTKVksa4TyTXw488b3vvFxM7qQEyTBeMQopKu,blockrazor,10,10
popscoyTKVksa4TyTXw488b3vvFxM7qQEyTBeMQopKu,blocksprint,47,47
popscoyTKVksa4TyTXw488b3vvFxM7qQEyTBeMQopKu,bloxroute,76,75
popscoyTKVksa4TyTXw488b3vvFxM7qQEyTBeMQopKu,landX,218,218
popscoyTKVksa4TyTXw488b3vvFxM7qQEyTBeMQopKu,stellium,407,407
ppppoqHcHVzigV6SK4856BAsNxhTAi32hqQQWrziyHE,(none),601,0
ppppoqHcHVzigV6SK4856BAsNxhTAi32hqQQWrziyHE,0slot,40,40
ppppoqHcHVzigV6SK4856BAsNxhTAi32hqQQWrziyHE,AstraLane,52,52
ppppoqHcHVzigV6SK4856BAsNxhTAi32hqQQWrziyHE,Astralane,1,1
ppppoqHcHVzigV6SK4856BAsNxhTAi32hqQQWrziyHE,Falcon,144,144
ppppoqHcHVzigV6SK4856BAsNxhTAi32hqQQWrziyHE,Flashblock,2,2
ppppoqHcHVzigV6SK4856BAsNxhTAi32hqQQWrziyHE,Helius,140,140
ppppoqHcHVzigV6SK4856BAsNxhTAi32hqQQWrziyHE,Jito,34,34
ppppoqHcHVzigV6SK4856BAsNxhTAi32hqQQWrziyHE,Nextblock,27,27
ppppoqHcHVzigV6SK4856BAsNxhTAi32hqQQWrziyHE,NodeOne,62,62
ppppoqHcHVzigV6SK4856BAsNxhTAi32hqQQWrziyHE,Soyas,3,3
ppppoqHcHVzigV6SK4856BAsNxhTAi32hqQQWrziyHE,Stellium,65,65
ppppoqHcHVzigV6SK4856BAsNxhTAi32hqQQWrziyHE,Temporal,44,44
ppppoqHcHVzigV6SK4856BAsNxhTAi32hqQQWrziyHE,blockRazor,1,1
ppppoqHcHVzigV6SK4856BAsNxhTAi32hqQQWrziyHE,blockrazor,15,15
ppppoqHcHVzigV6SK4856BAsNxhTAi32hqQQWrziyHE,blocksprint,59,59
ppppoqHcHVzigV6SK4856BAsNxhTAi32hqQQWrziyHE,bloxroute,44,44
ppppoqHcHVzigV6SK4856BAsNxhTAi32hqQQWrziyHE,landX,222,222
ppppoqHcHVzigV6SK4856BAsNxhTAi32hqQQWrziyHE,stellium,323,323
privaEdSEmnMPGPoQACUkcDGkFBbTArVvsEGd7C5wUM,(none),8529,0
privaEdSEmnMPGPoQACUkcDGkFBbTArVvsEGd7C5wUM,0slot,657,657
privaEdSEmnMPGPoQACUkcDGkFBbTArVvsEGd7C5wUM,AstraLane,1943,1943
privaEdSEmnMPGPoQACUkcDGkFBbTArVvsEGd7C5wUM,Astralane,6,6
privaEdSEmnMPGPoQACUkcDGkFBbTArVvsEGd7C5wUM,BloxRoute,19,19
privaEdSEmnMPGPoQACUkcDGkFBbTArVvsEGd7C5wUM,Falcon,1847,1847
privaEdSEmnMPGPoQACUkcDGkFBbTArVvsEGd7C5wUM,Flashblock,13,13
privaEdSEmnMPGPoQACUkcDGkFBbTArVvsEGd7C5wUM,Helius,2633,2632
privaEdSEmnMPGPoQACUkcDGkFBbTArVvsEGd7C5wUM,Jito,786,785
privaEdSEmnMPGPoQACUkcDGkFBbTArVvsEGd7C5wUM,Moon,2,2
privaEdSEmnMPGPoQACUkcDGkFBbTArVvsEGd7C5wUM,Nextblock,393,393
privaEdSEmnMPGPoQACUkcDGkFBbTArVvsEGd7C5wUM,NodeOne,848,848
privaEdSEmnMPGPoQACUkcDGkFBbTArVvsEGd7C5wUM,Soyas,72,72
privaEdSEmnMPGPoQACUkcDGkFBbTArVvsEGd7C5wUM,Stellium,1208,1208
privaEdSEmnMPGPoQACUkcDGkFBbTArVvsEGd7C5wUM,Temporal,975,975
privaEdSEmnMPGPoQACUkcDGkFBbTArVvsEGd7C5wUM,blockRazor,46,46
privaEdSEmnMPGPoQACUkcDGkFBbTArVvsEGd7C5wUM,blockrazor,208,208
privaEdSEmnMPGPoQACUkcDGkFBbTArVvsEGd7C5wUM,blocksprint,802,802
privaEdSEmnMPGPoQACUkcDGkFBbTArVvsEGd7C5wUM,bloxroute,1219,1219
privaEdSEmnMPGPoQACUkcDGkFBbTArVvsEGd7C5wUM,landX,1690,1690
privaEdSEmnMPGPoQACUkcDGkFBbTArVvsEGd7C5wUM,stellium,3309,3309
prt1st4RSxAt32ams4zsXCe1kavzmKeoR7eh1sdYRXW,(none),92,0
prt1st4RSxAt32ams4zsXCe1kavzmKeoR7eh1sdYRXW,0slot,8,8
prt1st4RSxAt32ams4zsXCe1kavzmKeoR7eh1sdYRXW,AstraLane,13,13
prt1st4RSxAt32ams4zsXCe1kavzmKeoR7eh1sdYRXW,Falcon,29,29
prt1st4RSxAt32ams4zsXCe1kavzmKeoR7eh1sdYRXW,Helius,40,40
prt1st4RSxAt32ams4zsXCe1kavzmKeoR7eh1sdYRXW,Jito,12,12
prt1st4RSxAt32ams4zsXCe1kavzmKeoR7eh1sdYRXW,Nextblock,5,5
prt1st4RSxAt32ams4zsXCe1kavzmKeoR7eh1sdYRXW,NodeOne,10,10
prt1st4RSxAt32ams4zsXCe1kavzmKeoR7eh1sdYRXW,Soyas,1,1
prt1st4RSxAt32ams4zsXCe1kavzmKeoR7eh1sdYRXW,Stellium,26,26
prt1st4RSxAt32ams4zsXCe1kavzmKeoR7eh1sdYRXW,Temporal,5,5
prt1st4RSxAt32ams4zsXCe1kavzmKeoR7eh1sdYRXW,blockRazor,1,1
prt1st4RSxAt32ams4zsXCe1kavzmKeoR7eh1sdYRXW,blockrazor,1,1
prt1st4RSxAt32ams4zsXCe1kavzmKeoR7eh1sdYRXW,blocksprint,8,8
prt1st4RSxAt32ams4zsXCe1kavzmKeoR7eh1sdYRXW,bloxroute,12,12
prt1st4RSxAt32ams4zsXCe1kavzmKeoR7eh1sdYRXW,landX,70,70
prt1st4RSxAt32ams4zsXCe1kavzmKeoR7eh1sdYRXW,stellium,96,96
puffinQSvKFriPbyE5atyx1ptfnyytovbzxybr1jsyy,(none),1259,0
puffinQSvKFriPbyE5atyx1ptfnyytovbzxybr1jsyy,0slot,124,124
puffinQSvKFriPbyE5atyx1ptfnyytovbzxybr1jsyy,AstraLane,222,222
puffinQSvKFriPbyE5atyx1ptfnyytovbzxybr1jsyy,Astralane,1,1
puffinQSvKFriPbyE5atyx1ptfnyytovbzxybr1jsyy,BloxRoute,1,1
puffinQSvKFriPbyE5atyx1ptfnyytovbzxybr1jsyy,Falcon,355,355
puffinQSvKFriPbyE5atyx1ptfnyytovbzxybr1jsyy,Flashblock,2,2
puffinQSvKFriPbyE5atyx1ptfnyytovbzxybr1jsyy,Helius,608,608
puffinQSvKFriPbyE5atyx1ptfnyytovbzxybr1jsyy,Jito,87,87
puffinQSvKFriPbyE5atyx1ptfnyytovbzxybr1jsyy,Moon,1,1
puffinQSvKFriPbyE5atyx1ptfnyytovbzxybr1jsyy,Nextblock,93,93
puffinQSvKFriPbyE5atyx1ptfnyytovbzxybr1jsyy,NodeOne,137,137
puffinQSvKFriPbyE5atyx1ptfnyytovbzxybr1jsyy,Soyas,12,12
puffinQSvKFriPbyE5atyx1ptfnyytovbzxybr1jsyy,Stellium,218,218
puffinQSvKFriPbyE5atyx1ptfnyytovbzxybr1jsyy,Temporal,153,153
puffinQSvKFriPbyE5atyx1ptfnyytovbzxybr1jsyy,blockRazor,11,11
puffinQSvKFriPbyE5atyx1ptfnyytovbzxybr1jsyy,blockrazor,37,37
puffinQSvKFriPbyE5atyx1ptfnyytovbzxybr1jsyy,blocksprint,192,192
puffinQSvKFriPbyE5atyx1ptfnyytovbzxybr1jsyy,bloxroute,128,128
puffinQSvKFriPbyE5atyx1ptfnyytovbzxybr1jsyy,landX,462,462
puffinQSvKFriPbyE5atyx1ptfnyytovbzxybr1jsyy,stellium,878,878
q1yPXLsYcJhzxhUYLewFDjYmsBh2gDFnYqrZ9VPshrk,(none),17,0
q1yPXLsYcJhzxhUYLewFDjYmsBh2gDFnYqrZ9VPshrk,Falcon,2,2
q1yPXLsYcJhzxhUYLewFDjYmsBh2gDFnYqrZ9VPshrk,Helius,3,3
q1yPXLsYcJhzxhUYLewFDjYmsBh2gDFnYqrZ9VPshrk,Jito,3,3
q1yPXLsYcJhzxhUYLewFDjYmsBh2gDFnYqrZ9VPshrk,Stellium,3,3
q1yPXLsYcJhzxhUYLewFDjYmsBh2gDFnYqrZ9VPshrk,Temporal,1,1
q1yPXLsYcJhzxhUYLewFDjYmsBh2gDFnYqrZ9VPshrk,blocksprint,1,1
q1yPXLsYcJhzxhUYLewFDjYmsBh2gDFnYqrZ9VPshrk,stellium,2,2
q9XWcZ7T1wP4bW9SB4XgNNwjnFEJ982nE8aVbbNuwot,(none),42606,0
q9XWcZ7T1wP4bW9SB4XgNNwjnFEJ982nE8aVbbNuwot,0slot,3709,3709
q9XWcZ7T1wP4bW9SB4XgNNwjnFEJ982nE8aVbbNuwot,AstraLane,6469,6469
q9XWcZ7T1wP4bW9SB4XgNNwjnFEJ982nE8aVbbNuwot,Astralane,6,6
q9XWcZ7T1wP4bW9SB4XgNNwjnFEJ982nE8aVbbNuwot,BloxRoute,127,127
q9XWcZ7T1wP4bW9SB4XgNNwjnFEJ982nE8aVbbNuwot,Falcon,6468,6468
q9XWcZ7T1wP4bW9SB4XgNNwjnFEJ982nE8aVbbNuwot,Flashblock,47,47
q9XWcZ7T1wP4bW9SB4XgNNwjnFEJ982nE8aVbbNuwot,Helius,18499,18496
q9XWcZ7T1wP4bW9SB4XgNNwjnFEJ982nE8aVbbNuwot,Jito,5072,5070
q9XWcZ7T1wP4bW9SB4XgNNwjnFEJ982nE8aVbbNuwot,Moon,62,62
q9XWcZ7T1wP4bW9SB4XgNNwjnFEJ982nE8aVbbNuwot,Nextblock,2349,2349
q9XWcZ7T1wP4bW9SB4XgNNwjnFEJ982nE8aVbbNuwot,NodeOne,6260,6260
q9XWcZ7T1wP4bW9SB4XgNNwjnFEJ982nE8aVbbNuwot,Soyas,350,350
q9XWcZ7T1wP4bW9SB4XgNNwjnFEJ982nE8aVbbNuwot,Stellium,6900,6900
q9XWcZ7T1wP4bW9SB4XgNNwjnFEJ982nE8aVbbNuwot,Temporal,5849,5845
q9XWcZ7T1wP4bW9SB4XgNNwjnFEJ982nE8aVbbNuwot,astrazznxsGUhWShqgNtAdfrzP2G83DzcWVJDxwV9bF,1,1
q9XWcZ7T1wP4bW9SB4XgNNwjnFEJ982nE8aVbbNuwot,blockRazor,243,243
q9XWcZ7T1wP4bW9SB4XgNNwjnFEJ982nE8aVbbNuwot,blockrazor,1224,1224
q9XWcZ7T1wP4bW9SB4XgNNwjnFEJ982nE8aVbbNuwot,blocksprint,4076,4076
q9XWcZ7T1wP4bW9SB4XgNNwjnFEJ982nE8aVbbNuwot,bloxroute,3053,3050
q9XWcZ7T1wP4bW9SB4XgNNwjnFEJ982nE8aVbbNuwot,landX,16041,16041
q9XWcZ7T1wP4bW9SB4XgNNwjnFEJ982nE8aVbbNuwot,stellium,24250,24250
qZMH9GWnnBkx7aM1h98iKSv2Lz5N78nwNSocAxDQrbP,(none),1050,0
qZMH9GWnnBkx7aM1h98iKSv2Lz5N78nwNSocAxDQrbP,0slot,114,114
qZMH9GWnnBkx7aM1h98iKSv2Lz5N78nwNSocAxDQrbP,AstraLane,156,156
qZMH9GWnnBkx7aM1h98iKSv2Lz5N78nwNSocAxDQrbP,Falcon,307,307
qZMH9GWnnBkx7aM1h98iKSv2Lz5N78nwNSocAxDQrbP,Flashblock,1,1
qZMH9GWnnBkx7aM1h98iKSv2Lz5N78nwNSocAxDQrbP,Helius,496,495
qZMH9GWnnBkx7aM1h98iKSv2Lz5N78nwNSocAxDQrbP,Jito,151,151
qZMH9GWnnBkx7aM1h98iKSv2Lz5N78nwNSocAxDQrbP,Nextblock,66,66
qZMH9GWnnBkx7aM1h98iKSv2Lz5N78nwNSocAxDQrbP,NodeOne,180,180
qZMH9GWnnBkx7aM1h98iKSv2Lz5N78nwNSocAxDQrbP,Soyas,11,11
qZMH9GWnnBkx7aM1h98iKSv2Lz5N78nwNSocAxDQrbP,Stellium,196,196
qZMH9GWnnBkx7aM1h98iKSv2Lz5N78nwNSocAxDQrbP,Temporal,162,162
qZMH9GWnnBkx7aM1h98iKSv2Lz5N78nwNSocAxDQrbP,blockRazor,5,5
qZMH9GWnnBkx7aM1h98iKSv2Lz5N78nwNSocAxDQrbP,blockrazor,41,41
qZMH9GWnnBkx7aM1h98iKSv2Lz5N78nwNSocAxDQrbP,blocksprint,108,108
qZMH9GWnnBkx7aM1h98iKSv2Lz5N78nwNSocAxDQrbP,bloxroute,89,89
qZMH9GWnnBkx7aM1h98iKSv2Lz5N78nwNSocAxDQrbP,landX,338,338
qZMH9GWnnBkx7aM1h98iKSv2Lz5N78nwNSocAxDQrbP,stellium,638,638
radM7PKUpZwJ9bYPAJ7V8FXHeUmH1zim6iaXUKkftP9,(none),985,0
radM7PKUpZwJ9bYPAJ7V8FXHeUmH1zim6iaXUKkftP9,0slot,94,94
radM7PKUpZwJ9bYPAJ7V8FXHeUmH1zim6iaXUKkftP9,AstraLane,151,151
radM7PKUpZwJ9bYPAJ7V8FXHeUmH1zim6iaXUKkftP9,BloxRoute,1,1
radM7PKUpZwJ9bYPAJ7V8FXHeUmH1zim6iaXUKkftP9,Falcon,179,179
radM7PKUpZwJ9bYPAJ7V8FXHeUmH1zim6iaXUKkftP9,Helius,377,377
radM7PKUpZwJ9bYPAJ7V8FXHeUmH1zim6iaXUKkftP9,Jito,157,157
radM7PKUpZwJ9bYPAJ7V8FXHeUmH1zim6iaXUKkftP9,Moon,1,1
radM7PKUpZwJ9bYPAJ7V8FXHeUmH1zim6iaXUKkftP9,Nextblock,54,54
radM7PKUpZwJ9bYPAJ7V8FXHeUmH1zim6iaXUKkftP9,NodeOne,104,104
radM7PKUpZwJ9bYPAJ7V8FXHeUmH1zim6iaXUKkftP9,Soyas,14,14
radM7PKUpZwJ9bYPAJ7V8FXHeUmH1zim6iaXUKkftP9,Stellium,180,180
radM7PKUpZwJ9bYPAJ7V8FXHeUmH1zim6iaXUKkftP9,Temporal,128,128
radM7PKUpZwJ9bYPAJ7V8FXHeUmH1zim6iaXUKkftP9,blockRazor,7,7
radM7PKUpZwJ9bYPAJ7V8FXHeUmH1zim6iaXUKkftP9,blockrazor,25,25
radM7PKUpZwJ9bYPAJ7V8FXHeUmH1zim6iaXUKkftP9,blocksprint,95,95
radM7PKUpZwJ9bYPAJ7V8FXHeUmH1zim6iaXUKkftP9,bloxroute,35,35
radM7PKUpZwJ9bYPAJ7V8FXHeUmH1zim6iaXUKkftP9,landX,405,405
radM7PKUpZwJ9bYPAJ7V8FXHeUmH1zim6iaXUKkftP9,stellium,686,686
rapXHroUoGG3KvZ3qwjvGMdA7siWXwXpiNC1bYarvSC,(none),281,0
rapXHroUoGG3KvZ3qwjvGMdA7siWXwXpiNC1bYarvSC,0slot,21,21
rapXHroUoGG3KvZ3qwjvGMdA7siWXwXpiNC1bYarvSC,AstraLane,38,38
rapXHroUoGG3KvZ3qwjvGMdA7siWXwXpiNC1bYarvSC,Falcon,56,56
rapXHroUoGG3KvZ3qwjvGMdA7siWXwXpiNC1bYarvSC,Helius,87,87
rapXHroUoGG3KvZ3qwjvGMdA7siWXwXpiNC1bYarvSC,Jito,53,53
rapXHroUoGG3KvZ3qwjvGMdA7siWXwXpiNC1bYarvSC,Nextblock,6,6
rapXHroUoGG3KvZ3qwjvGMdA7siWXwXpiNC1bYarvSC,NodeOne,20,20
rapXHroUoGG3KvZ3qwjvGMdA7siWXwXpiNC1bYarvSC,Soyas,1,1
rapXHroUoGG3KvZ3qwjvGMdA7siWXwXpiNC1bYarvSC,Stellium,33,33
rapXHroUoGG3KvZ3qwjvGMdA7siWXwXpiNC1bYarvSC,Temporal,51,51
rapXHroUoGG3KvZ3qwjvGMdA7siWXwXpiNC1bYarvSC,blockRazor,1,1
rapXHroUoGG3KvZ3qwjvGMdA7siWXwXpiNC1bYarvSC,blockrazor,5,5
rapXHroUoGG3KvZ3qwjvGMdA7siWXwXpiNC1bYarvSC,blocksprint,23,23
rapXHroUoGG3KvZ3qwjvGMdA7siWXwXpiNC1bYarvSC,bloxroute,1,1
rapXHroUoGG3KvZ3qwjvGMdA7siWXwXpiNC1bYarvSC,landX,111,111
rapXHroUoGG3KvZ3qwjvGMdA7siWXwXpiNC1bYarvSC,stellium,138,138
revtecFsGSRCdF29atQvchSXrjwBesA9vSisD4fyH5K,(none),331,0
revtecFsGSRCdF29atQvchSXrjwBesA9vSisD4fyH5K,0slot,43,43
revtecFsGSRCdF29atQvchSXrjwBesA9vSisD4fyH5K,AstraLane,40,40
revtecFsGSRCdF29atQvchSXrjwBesA9vSisD4fyH5K,Falcon,115,115
revtecFsGSRCdF29atQvchSXrjwBesA9vSisD4fyH5K,Helius,145,145
revtecFsGSRCdF29atQvchSXrjwBesA9vSisD4fyH5K,Jito,45,45
revtecFsGSRCdF29atQvchSXrjwBesA9vSisD4fyH5K,Nextblock,16,16
revtecFsGSRCdF29atQvchSXrjwBesA9vSisD4fyH5K,NodeOne,29,29
revtecFsGSRCdF29atQvchSXrjwBesA9vSisD4fyH5K,Soyas,7,7
revtecFsGSRCdF29atQvchSXrjwBesA9vSisD4fyH5K,Stellium,69,69
revtecFsGSRCdF29atQvchSXrjwBesA9vSisD4fyH5K,Temporal,43,43
revtecFsGSRCdF29atQvchSXrjwBesA9vSisD4fyH5K,blockRazor,1,1
revtecFsGSRCdF29atQvchSXrjwBesA9vSisD4fyH5K,blockrazor,13,13
revtecFsGSRCdF29atQvchSXrjwBesA9vSisD4fyH5K,blocksprint,30,30
revtecFsGSRCdF29atQvchSXrjwBesA9vSisD4fyH5K,bloxroute,17,17
revtecFsGSRCdF29atQvchSXrjwBesA9vSisD4fyH5K,landX,113,113
revtecFsGSRCdF29atQvchSXrjwBesA9vSisD4fyH5K,stellium,209,209
rsbp8zMHbGCpLoRktmsjspYv77VcjxAzH1KxPCD9BiU,(none),994,0
rsbp8zMHbGCpLoRktmsjspYv77VcjxAzH1KxPCD9BiU,0slot,89,89
rsbp8zMHbGCpLoRktmsjspYv77VcjxAzH1KxPCD9BiU,AstraLane,96,96
rsbp8zMHbGCpLoRktmsjspYv77VcjxAzH1KxPCD9BiU,Astralane,1,1
rsbp8zMHbGCpLoRktmsjspYv77VcjxAzH1KxPCD9BiU,BloxRoute,1,1
rsbp8zMHbGCpLoRktmsjspYv77VcjxAzH1KxPCD9BiU,Falcon,209,209
rsbp8zMHbGCpLoRktmsjspYv77VcjxAzH1KxPCD9BiU,Helius,323,323
rsbp8zMHbGCpLoRktmsjspYv77VcjxAzH1KxPCD9BiU,Jito,33,33
rsbp8zMHbGCpLoRktmsjspYv77VcjxAzH1KxPCD9BiU,Moon,1,1
rsbp8zMHbGCpLoRktmsjspYv77VcjxAzH1KxPCD9BiU,Nextblock,39,39
rsbp8zMHbGCpLoRktmsjspYv77VcjxAzH1KxPCD9BiU,NodeOne,93,93
rsbp8zMHbGCpLoRktmsjspYv77VcjxAzH1KxPCD9BiU,Soyas,8,8
rsbp8zMHbGCpLoRktmsjspYv77VcjxAzH1KxPCD9BiU,Stellium,161,161
rsbp8zMHbGCpLoRktmsjspYv77VcjxAzH1KxPCD9BiU,Temporal,130,130
rsbp8zMHbGCpLoRktmsjspYv77VcjxAzH1KxPCD9BiU,blockRazor,1,1
rsbp8zMHbGCpLoRktmsjspYv77VcjxAzH1KxPCD9BiU,blockrazor,23,23
rsbp8zMHbGCpLoRktmsjspYv77VcjxAzH1KxPCD9BiU,blocksprint,85,85
rsbp8zMHbGCpLoRktmsjspYv77VcjxAzH1KxPCD9BiU,bloxroute,32,32
rsbp8zMHbGCpLoRktmsjspYv77VcjxAzH1KxPCD9BiU,landX,260,260
rsbp8zMHbGCpLoRktmsjspYv77VcjxAzH1KxPCD9BiU,stellium,582,582
rssaJ2iKcE9QWsFYRZr8Q66TQh5bRk9DxYrzxGMzWQr,(none),156,0
rssaJ2iKcE9QWsFYRZr8Q66TQh5bRk9DxYrzxGMzWQr,0slot,8,8
rssaJ2iKcE9QWsFYRZr8Q66TQh5bRk9DxYrzxGMzWQr,AstraLane,11,11
rssaJ2iKcE9QWsFYRZr8Q66TQh5bRk9DxYrzxGMzWQr,BloxRoute,1,1
rssaJ2iKcE9QWsFYRZr8Q66TQh5bRk9DxYrzxGMzWQr,Falcon,16,16
rssaJ2iKcE9QWsFYRZr8Q66TQh5bRk9DxYrzxGMzWQr,Helius,40,40
rssaJ2iKcE9QWsFYRZr8Q66TQh5bRk9DxYrzxGMzWQr,Jito,44,44
rssaJ2iKcE9QWsFYRZr8Q66TQh5bRk9DxYrzxGMzWQr,Nextblock,6,6
rssaJ2iKcE9QWsFYRZr8Q66TQh5bRk9DxYrzxGMzWQr,NodeOne,17,17
rssaJ2iKcE9QWsFYRZr8Q66TQh5bRk9DxYrzxGMzWQr,Soyas,2,2
rssaJ2iKcE9QWsFYRZr8Q66TQh5bRk9DxYrzxGMzWQr,Stellium,13,13
rssaJ2iKcE9QWsFYRZr8Q66TQh5bRk9DxYrzxGMzWQr,Temporal,7,7
rssaJ2iKcE9QWsFYRZr8Q66TQh5bRk9DxYrzxGMzWQr,blockrazor,1,1
rssaJ2iKcE9QWsFYRZr8Q66TQh5bRk9DxYrzxGMzWQr,blocksprint,5,5
rssaJ2iKcE9QWsFYRZr8Q66TQh5bRk9DxYrzxGMzWQr,bloxroute,6,6
rssaJ2iKcE9QWsFYRZr8Q66TQh5bRk9DxYrzxGMzWQr,landX,31,31
rssaJ2iKcE9QWsFYRZr8Q66TQh5bRk9DxYrzxGMzWQr,stellium,60,60
sCANXAaS1a7yB8jz3USvGNLfd8DSc9r7TNzNSKKPkfY,(none),204,0
sCANXAaS1a7yB8jz3USvGNLfd8DSc9r7TNzNSKKPkfY,0slot,13,13
sCANXAaS1a7yB8jz3USvGNLfd8DSc9r7TNzNSKKPkfY,AstraLane,22,22
sCANXAaS1a7yB8jz3USvGNLfd8DSc9r7TNzNSKKPkfY,Falcon,49,49
sCANXAaS1a7yB8jz3USvGNLfd8DSc9r7TNzNSKKPkfY,Helius,67,67
sCANXAaS1a7yB8jz3USvGNLfd8DSc9r7TNzNSKKPkfY,Jito,8,8
sCANXAaS1a7yB8jz3USvGNLfd8DSc9r7TNzNSKKPkfY,Nextblock,13,13
sCANXAaS1a7yB8jz3USvGNLfd8DSc9r7TNzNSKKPkfY,NodeOne,11,11
sCANXAaS1a7yB8jz3USvGNLfd8DSc9r7TNzNSKKPkfY,Soyas,2,2
sCANXAaS1a7yB8jz3USvGNLfd8DSc9r7TNzNSKKPkfY,Stellium,28,28
sCANXAaS1a7yB8jz3USvGNLfd8DSc9r7TNzNSKKPkfY,Temporal,8,8
sCANXAaS1a7yB8jz3USvGNLfd8DSc9r7TNzNSKKPkfY,blockRazor,2,2
sCANXAaS1a7yB8jz3USvGNLfd8DSc9r7TNzNSKKPkfY,blockrazor,4,4
sCANXAaS1a7yB8jz3USvGNLfd8DSc9r7TNzNSKKPkfY,blocksprint,19,19
sCANXAaS1a7yB8jz3USvGNLfd8DSc9r7TNzNSKKPkfY,landX,63,63
sCANXAaS1a7yB8jz3USvGNLfd8DSc9r7TNzNSKKPkfY,stellium,114,114
sTEAKPk59EtPPbixCweyv6oRLNCDEE8pnnef6gUfbiW,(none),1158,0
sTEAKPk59EtPPbixCweyv6oRLNCDEE8pnnef6gUfbiW,0slot,111,111
sTEAKPk59EtPPbixCweyv6oRLNCDEE8pnnef6gUfbiW,AstraLane,223,223
sTEAKPk59EtPPbixCweyv6oRLNCDEE8pnnef6gUfbiW,BloxRoute,2,2
sTEAKPk59EtPPbixCweyv6oRLNCDEE8pnnef6gUfbiW,Falcon,207,207
sTEAKPk59EtPPbixCweyv6oRLNCDEE8pnnef6gUfbiW,Flashblock,2,2
sTEAKPk59EtPPbixCweyv6oRLNCDEE8pnnef6gUfbiW,Helius,610,610
sTEAKPk59EtPPbixCweyv6oRLNCDEE8pnnef6gUfbiW,Jito,59,59
sTEAKPk59EtPPbixCweyv6oRLNCDEE8pnnef6gUfbiW,Moon,2,2
sTEAKPk59EtPPbixCweyv6oRLNCDEE8pnnef6gUfbiW,Nextblock,96,96
sTEAKPk59EtPPbixCweyv6oRLNCDEE8pnnef6gUfbiW,NodeOne,200,200
sTEAKPk59EtPPbixCweyv6oRLNCDEE8pnnef6gUfbiW,Soyas,33,33
sTEAKPk59EtPPbixCweyv6oRLNCDEE8pnnef6gUfbiW,Stellium,198,198
sTEAKPk59EtPPbixCweyv6oRLNCDEE8pnnef6gUfbiW,Temporal,123,123
sTEAKPk59EtPPbixCweyv6oRLNCDEE8pnnef6gUfbiW,blockRazor,8,8
sTEAKPk59EtPPbixCweyv6oRLNCDEE8pnnef6gUfbiW,blockrazor,25,25
sTEAKPk59EtPPbixCweyv6oRLNCDEE8pnnef6gUfbiW,blocksprint,126,126
sTEAKPk59EtPPbixCweyv6oRLNCDEE8pnnef6gUfbiW,bloxroute,161,161
sTEAKPk59EtPPbixCweyv6oRLNCDEE8pnnef6gUfbiW,landX,356,356
sTEAKPk59EtPPbixCweyv6oRLNCDEE8pnnef6gUfbiW,stellium,606,606
sTEVErNNwF2qPnV6DuNPkWpEyCt4UU6k2Y3Hyn7WUFu,(none),115,0
sTEVErNNwF2qPnV6DuNPkWpEyCt4UU6k2Y3Hyn7WUFu,0slot,9,9
sTEVErNNwF2qPnV6DuNPkWpEyCt4UU6k2Y3Hyn7WUFu,AstraLane,23,23
sTEVErNNwF2qPnV6DuNPkWpEyCt4UU6k2Y3Hyn7WUFu,BloxRoute,1,1
sTEVErNNwF2qPnV6DuNPkWpEyCt4UU6k2Y3Hyn7WUFu,Falcon,39,39
sTEVErNNwF2qPnV6DuNPkWpEyCt4UU6k2Y3Hyn7WUFu,Helius,43,43
sTEVErNNwF2qPnV6DuNPkWpEyCt4UU6k2Y3Hyn7WUFu,Jito,21,21
sTEVErNNwF2qPnV6DuNPkWpEyCt4UU6k2Y3Hyn7WUFu,Nextblock,8,8
sTEVErNNwF2qPnV6DuNPkWpEyCt4UU6k2Y3Hyn7WUFu,NodeOne,19,19
sTEVErNNwF2qPnV6DuNPkWpEyCt4UU6k2Y3Hyn7WUFu,Soyas,1,1
sTEVErNNwF2qPnV6DuNPkWpEyCt4UU6k2Y3Hyn7WUFu,Stellium,37,37
sTEVErNNwF2qPnV6DuNPkWpEyCt4UU6k2Y3Hyn7WUFu,Temporal,9,9
sTEVErNNwF2qPnV6DuNPkWpEyCt4UU6k2Y3Hyn7WUFu,blockrazor,6,6
sTEVErNNwF2qPnV6DuNPkWpEyCt4UU6k2Y3Hyn7WUFu,blocksprint,15,15
sTEVErNNwF2qPnV6DuNPkWpEyCt4UU6k2Y3Hyn7WUFu,bloxroute,31,31
sTEVErNNwF2qPnV6DuNPkWpEyCt4UU6k2Y3Hyn7WUFu,landX,42,42
sTEVErNNwF2qPnV6DuNPkWpEyCt4UU6k2Y3Hyn7WUFu,stellium,84,84
sTepQGoReJq2tBKStL19DT6nnGHcGiAvFjyYaokLyuM,(none),535,0
sTepQGoReJq2tBKStL19DT6nnGHcGiAvFjyYaokLyuM,0slot,53,53
sTepQGoReJq2tBKStL19DT6nnGHcGiAvFjyYaokLyuM,AstraLane,58,58
sTepQGoReJq2tBKStL19DT6nnGHcGiAvFjyYaokLyuM,BloxRoute,1,1
sTepQGoReJq2tBKStL19DT6nnGHcGiAvFjyYaokLyuM,Falcon,149,149
sTepQGoReJq2tBKStL19DT6nnGHcGiAvFjyYaokLyuM,Helius,170,170
sTepQGoReJq2tBKStL19DT6nnGHcGiAvFjyYaokLyuM,Jito,64,64
sTepQGoReJq2tBKStL19DT6nnGHcGiAvFjyYaokLyuM,Nextblock,30,30
sTepQGoReJq2tBKStL19DT6nnGHcGiAvFjyYaokLyuM,NodeOne,34,34
sTepQGoReJq2tBKStL19DT6nnGHcGiAvFjyYaokLyuM,Soyas,6,6
sTepQGoReJq2tBKStL19DT6nnGHcGiAvFjyYaokLyuM,Stellium,99,99
sTepQGoReJq2tBKStL19DT6nnGHcGiAvFjyYaokLyuM,Temporal,74,74
sTepQGoReJq2tBKStL19DT6nnGHcGiAvFjyYaokLyuM,blockRazor,3,3
sTepQGoReJq2tBKStL19DT6nnGHcGiAvFjyYaokLyuM,blockrazor,8,8
sTepQGoReJq2tBKStL19DT6nnGHcGiAvFjyYaokLyuM,blocksprint,53,53
sTepQGoReJq2tBKStL19DT6nnGHcGiAvFjyYaokLyuM,bloxroute,35,35
sTepQGoReJq2tBKStL19DT6nnGHcGiAvFjyYaokLyuM,landX,145,145
sTepQGoReJq2tBKStL19DT6nnGHcGiAvFjyYaokLyuM,stellium,291,291
sZAqxCSN5kkVfG2s65Bje4jzCkD2aLyk21qU95PMf2Y,(none),210,0
sZAqxCSN5kkVfG2s65Bje4jzCkD2aLyk21qU95PMf2Y,0slot,19,19
sZAqxCSN5kkVfG2s65Bje4jzCkD2aLyk21qU95PMf2Y,AstraLane,20,20
sZAqxCSN5kkVfG2s65Bje4jzCkD2aLyk21qU95PMf2Y,Falcon,18,18
sZAqxCSN5kkVfG2s65Bje4jzCkD2aLyk21qU95PMf2Y,Flashblock,1,1
sZAqxCSN5kkVfG2s65Bje4jzCkD2aLyk21qU95PMf2Y,Helius,101,101
sZAqxCSN5kkVfG2s65Bje4jzCkD2aLyk21qU95PMf2Y,Jito,46,46
sZAqxCSN5kkVfG2s65Bje4jzCkD2aLyk21qU95PMf2Y,Nextblock,10,10
sZAqxCSN5kkVfG2s65Bje4jzCkD2aLyk21qU95PMf2Y,NodeOne,20,20
sZAqxCSN5kkVfG2s65Bje4jzCkD2aLyk21qU95PMf2Y,Soyas,1,1
sZAqxCSN5kkVfG2s65Bje4jzCkD2aLyk21qU95PMf2Y,Stellium,25,25
sZAqxCSN5kkVfG2s65Bje4jzCkD2aLyk21qU95PMf2Y,Temporal,20,20
sZAqxCSN5kkVfG2s65Bje4jzCkD2aLyk21qU95PMf2Y,blockrazor,5,5
sZAqxCSN5kkVfG2s65Bje4jzCkD2aLyk21qU95PMf2Y,blocksprint,26,26
sZAqxCSN5kkVfG2s65Bje4jzCkD2aLyk21qU95PMf2Y,bloxroute,9,9
sZAqxCSN5kkVfG2s65Bje4jzCkD2aLyk21qU95PMf2Y,landX,101,101
sZAqxCSN5kkVfG2s65Bje4jzCkD2aLyk21qU95PMf2Y,stellium,132,132
sbidYi7fbif6qNsMpwBKvyF5DKcLCbjaegpADsKqNux,(none),744,0
sbidYi7fbif6qNsMpwBKvyF5DKcLCbjaegpADsKqNux,0slot,62,62
sbidYi7fbif6qNsMpwBKvyF5DKcLCbjaegpADsKqNux,AstraLane,126,126
sbidYi7fbif6qNsMpwBKvyF5DKcLCbjaegpADsKqNux,BloxRoute,2,2
sbidYi7fbif6qNsMpwBKvyF5DKcLCbjaegpADsKqNux,Falcon,213,213
sbidYi7fbif6qNsMpwBKvyF5DKcLCbjaegpADsKqNux,Helius,377,377
sbidYi7fbif6qNsMpwBKvyF5DKcLCbjaegpADsKqNux,Jito,99,99
sbidYi7fbif6qNsMpwBKvyF5DKcLCbjaegpADsKqNux,Nextblock,39,39
sbidYi7fbif6qNsMpwBKvyF5DKcLCbjaegpADsKqNux,NodeOne,182,182
sbidYi7fbif6qNsMpwBKvyF5DKcLCbjaegpADsKqNux,Soyas,8,8
sbidYi7fbif6qNsMpwBKvyF5DKcLCbjaegpADsKqNux,Stellium,131,131
sbidYi7fbif6qNsMpwBKvyF5DKcLCbjaegpADsKqNux,Temporal,104,104
sbidYi7fbif6qNsMpwBKvyF5DKcLCbjaegpADsKqNux,blockRazor,5,5
sbidYi7fbif6qNsMpwBKvyF5DKcLCbjaegpADsKqNux,blockrazor,16,16
sbidYi7fbif6qNsMpwBKvyF5DKcLCbjaegpADsKqNux,blocksprint,177,177
sbidYi7fbif6qNsMpwBKvyF5DKcLCbjaegpADsKqNux,bloxroute,61,61
sbidYi7fbif6qNsMpwBKvyF5DKcLCbjaegpADsKqNux,landX,224,224
sbidYi7fbif6qNsMpwBKvyF5DKcLCbjaegpADsKqNux,stellium,353,353
scb1Z7du8NVSaHFXsafSjRdXr6xBjWR3iugikL739Y1,(none),188,0
scb1Z7du8NVSaHFXsafSjRdXr6xBjWR3iugikL739Y1,0slot,11,11
scb1Z7du8NVSaHFXsafSjRdXr6xBjWR3iugikL739Y1,AstraLane,18,18
scb1Z7du8NVSaHFXsafSjRdXr6xBjWR3iugikL739Y1,BloxRoute,1,1
scb1Z7du8NVSaHFXsafSjRdXr6xBjWR3iugikL739Y1,Falcon,46,46
scb1Z7du8NVSaHFXsafSjRdXr6xBjWR3iugikL739Y1,Helius,62,62
scb1Z7du8NVSaHFXsafSjRdXr6xBjWR3iugikL739Y1,Jito,2,2
scb1Z7du8NVSaHFXsafSjRdXr6xBjWR3iugikL739Y1,Moon,1,1
scb1Z7du8NVSaHFXsafSjRdXr6xBjWR3iugikL739Y1,Nextblock,11,11
scb1Z7du8NVSaHFXsafSjRdXr6xBjWR3iugikL739Y1,NodeOne,8,8
scb1Z7du8NVSaHFXsafSjRdXr6xBjWR3iugikL739Y1,Soyas,4,4
scb1Z7du8NVSaHFXsafSjRdXr6xBjWR3iugikL739Y1,Stellium,21,21
scb1Z7du8NVSaHFXsafSjRdXr6xBjWR3iugikL739Y1,Temporal,18,18
scb1Z7du8NVSaHFXsafSjRdXr6xBjWR3iugikL739Y1,blockRazor,2,2
scb1Z7du8NVSaHFXsafSjRdXr6xBjWR3iugikL739Y1,blockrazor,5,5
scb1Z7du8NVSaHFXsafSjRdXr6xBjWR3iugikL739Y1,blocksprint,20,20
scb1Z7du8NVSaHFXsafSjRdXr6xBjWR3iugikL739Y1,bloxroute,16,16
scb1Z7du8NVSaHFXsafSjRdXr6xBjWR3iugikL739Y1,landX,42,42
scb1Z7du8NVSaHFXsafSjRdXr6xBjWR3iugikL739Y1,stellium,66,66
scb2TYPmwHgKxXJaJNq6gHKwYkVyLKx58hz9RbCKZZR,(none),183,0
scb2TYPmwHgKxXJaJNq6gHKwYkVyLKx58hz9RbCKZZR,0slot,32,32
scb2TYPmwHgKxXJaJNq6gHKwYkVyLKx58hz9RbCKZZR,AstraLane,51,51
scb2TYPmwHgKxXJaJNq6gHKwYkVyLKx58hz9RbCKZZR,BloxRoute,1,1
scb2TYPmwHgKxXJaJNq6gHKwYkVyLKx58hz9RbCKZZR,Falcon,48,48
scb2TYPmwHgKxXJaJNq6gHKwYkVyLKx58hz9RbCKZZR,Helius,107,107
scb2TYPmwHgKxXJaJNq6gHKwYkVyLKx58hz9RbCKZZR,Jito,8,8
scb2TYPmwHgKxXJaJNq6gHKwYkVyLKx58hz9RbCKZZR,Nextblock,13,13
scb2TYPmwHgKxXJaJNq6gHKwYkVyLKx58hz9RbCKZZR,NodeOne,41,41
scb2TYPmwHgKxXJaJNq6gHKwYkVyLKx58hz9RbCKZZR,Soyas,4,4
scb2TYPmwHgKxXJaJNq6gHKwYkVyLKx58hz9RbCKZZR,Stellium,32,32
scb2TYPmwHgKxXJaJNq6gHKwYkVyLKx58hz9RbCKZZR,Temporal,42,42
scb2TYPmwHgKxXJaJNq6gHKwYkVyLKx58hz9RbCKZZR,blockRazor,2,2
scb2TYPmwHgKxXJaJNq6gHKwYkVyLKx58hz9RbCKZZR,blockrazor,7,7
scb2TYPmwHgKxXJaJNq6gHKwYkVyLKx58hz9RbCKZZR,blocksprint,36,36
scb2TYPmwHgKxXJaJNq6gHKwYkVyLKx58hz9RbCKZZR,bloxroute,11,11
scb2TYPmwHgKxXJaJNq6gHKwYkVyLKx58hz9RbCKZZR,landX,66,66
scb2TYPmwHgKxXJaJNq6gHKwYkVyLKx58hz9RbCKZZR,stellium,122,122
sce1oTWYVXv7a7Hy2skxREozs5nwkQ4wDT8XJSi5tgE,(none),164,0
sce1oTWYVXv7a7Hy2skxREozs5nwkQ4wDT8XJSi5tgE,0slot,13,13
sce1oTWYVXv7a7Hy2skxREozs5nwkQ4wDT8XJSi5tgE,AstraLane,34,34
sce1oTWYVXv7a7Hy2skxREozs5nwkQ4wDT8XJSi5tgE,BloxRoute,1,1
sce1oTWYVXv7a7Hy2skxREozs5nwkQ4wDT8XJSi5tgE,Falcon,53,53
sce1oTWYVXv7a7Hy2skxREozs5nwkQ4wDT8XJSi5tgE,Helius,69,69
sce1oTWYVXv7a7Hy2skxREozs5nwkQ4wDT8XJSi5tgE,Jito,3,3
sce1oTWYVXv7a7Hy2skxREozs5nwkQ4wDT8XJSi5tgE,Nextblock,17,17
sce1oTWYVXv7a7Hy2skxREozs5nwkQ4wDT8XJSi5tgE,NodeOne,12,12
sce1oTWYVXv7a7Hy2skxREozs5nwkQ4wDT8XJSi5tgE,Soyas,5,5
sce1oTWYVXv7a7Hy2skxREozs5nwkQ4wDT8XJSi5tgE,Stellium,51,51
sce1oTWYVXv7a7Hy2skxREozs5nwkQ4wDT8XJSi5tgE,Temporal,36,36
sce1oTWYVXv7a7Hy2skxREozs5nwkQ4wDT8XJSi5tgE,blockRazor,2,2
sce1oTWYVXv7a7Hy2skxREozs5nwkQ4wDT8XJSi5tgE,blockrazor,4,4
sce1oTWYVXv7a7Hy2skxREozs5nwkQ4wDT8XJSi5tgE,blocksprint,30,30
sce1oTWYVXv7a7Hy2skxREozs5nwkQ4wDT8XJSi5tgE,landX,142,142
sce1oTWYVXv7a7Hy2skxREozs5nwkQ4wDT8XJSi5tgE,stellium,209,209
sce2zXNjLpPMcSCATTrLiQhAAvHNNMKypTFVtg2H37U,(none),404,0
sce2zXNjLpPMcSCATTrLiQhAAvHNNMKypTFVtg2H37U,0slot,51,51
sce2zXNjLpPMcSCATTrLiQhAAvHNNMKypTFVtg2H37U,AstraLane,67,67
sce2zXNjLpPMcSCATTrLiQhAAvHNNMKypTFVtg2H37U,Astralane,1,1
sce2zXNjLpPMcSCATTrLiQhAAvHNNMKypTFVtg2H37U,BloxRoute,1,1
sce2zXNjLpPMcSCATTrLiQhAAvHNNMKypTFVtg2H37U,Falcon,129,129
sce2zXNjLpPMcSCATTrLiQhAAvHNNMKypTFVtg2H37U,Flashblock,1,1
sce2zXNjLpPMcSCATTrLiQhAAvHNNMKypTFVtg2H37U,Helius,197,197
sce2zXNjLpPMcSCATTrLiQhAAvHNNMKypTFVtg2H37U,Jito,7,7
sce2zXNjLpPMcSCATTrLiQhAAvHNNMKypTFVtg2H37U,Nextblock,26,26
sce2zXNjLpPMcSCATTrLiQhAAvHNNMKypTFVtg2H37U,NodeOne,25,25
sce2zXNjLpPMcSCATTrLiQhAAvHNNMKypTFVtg2H37U,Soyas,7,7
sce2zXNjLpPMcSCATTrLiQhAAvHNNMKypTFVtg2H37U,Stellium,100,100
sce2zXNjLpPMcSCATTrLiQhAAvHNNMKypTFVtg2H37U,Temporal,67,67
sce2zXNjLpPMcSCATTrLiQhAAvHNNMKypTFVtg2H37U,blockRazor,2,2
sce2zXNjLpPMcSCATTrLiQhAAvHNNMKypTFVtg2H37U,blockrazor,23,23
sce2zXNjLpPMcSCATTrLiQhAAvHNNMKypTFVtg2H37U,blocksprint,79,79
sce2zXNjLpPMcSCATTrLiQhAAvHNNMKypTFVtg2H37U,bloxroute,16,16
sce2zXNjLpPMcSCATTrLiQhAAvHNNMKypTFVtg2H37U,landX,346,346
sce2zXNjLpPMcSCATTrLiQhAAvHNNMKypTFVtg2H37U,stellium,435,435
sce3TfT81rxYYcdbP1kBFMcTK3ZBc8hvHVeXD6WLSzE,(none),111,0
sce3TfT81rxYYcdbP1kBFMcTK3ZBc8hvHVeXD6WLSzE,0slot,13,13
sce3TfT81rxYYcdbP1kBFMcTK3ZBc8hvHVeXD6WLSzE,AstraLane,23,23
sce3TfT81rxYYcdbP1kBFMcTK3ZBc8hvHVeXD6WLSzE,BloxRoute,1,1
sce3TfT81rxYYcdbP1kBFMcTK3ZBc8hvHVeXD6WLSzE,Falcon,46,46
sce3TfT81rxYYcdbP1kBFMcTK3ZBc8hvHVeXD6WLSzE,Helius,61,61
sce3TfT81rxYYcdbP1kBFMcTK3ZBc8hvHVeXD6WLSzE,Jito,2,2
sce3TfT81rxYYcdbP1kBFMcTK3ZBc8hvHVeXD6WLSzE,Nextblock,17,17
sce3TfT81rxYYcdbP1kBFMcTK3ZBc8hvHVeXD6WLSzE,NodeOne,7,7
sce3TfT81rxYYcdbP1kBFMcTK3ZBc8hvHVeXD6WLSzE,Soyas,1,1
sce3TfT81rxYYcdbP1kBFMcTK3ZBc8hvHVeXD6WLSzE,Stellium,25,25
sce3TfT81rxYYcdbP1kBFMcTK3ZBc8hvHVeXD6WLSzE,Temporal,18,18
sce3TfT81rxYYcdbP1kBFMcTK3ZBc8hvHVeXD6WLSzE,blockRazor,1,1
sce3TfT81rxYYcdbP1kBFMcTK3ZBc8hvHVeXD6WLSzE,blockrazor,3,3
sce3TfT81rxYYcdbP1kBFMcTK3ZBc8hvHVeXD6WLSzE,blocksprint,22,22
sce3TfT81rxYYcdbP1kBFMcTK3ZBc8hvHVeXD6WLSzE,landX,92,92
sce3TfT81rxYYcdbP1kBFMcTK3ZBc8hvHVeXD6WLSzE,stellium,117,117
scs1NCSTafrUX6RBx113B9YDCepo1QdEzU8WwEkf25i,(none),484,0
scs1NCSTafrUX6RBx113B9YDCepo1QdEzU8WwEkf25i,0slot,36,36
scs1NCSTafrUX6RBx113B9YDCepo1QdEzU8WwEkf25i,AstraLane,47,47
scs1NCSTafrUX6RBx113B9YDCepo1QdEzU8WwEkf25i,Falcon,83,83
scs1NCSTafrUX6RBx113B9YDCepo1QdEzU8WwEkf25i,Helius,111,111
scs1NCSTafrUX6RBx113B9YDCepo1QdEzU8WwEkf25i,Jito,2,2
scs1NCSTafrUX6RBx113B9YDCepo1QdEzU8WwEkf25i,Nextblock,11,11
scs1NCSTafrUX6RBx113B9YDCepo1QdEzU8WwEkf25i,NodeOne,50,50
scs1NCSTafrUX6RBx113B9YDCepo1QdEzU8WwEkf25i,Soyas,6,6
scs1NCSTafrUX6RBx113B9YDCepo1QdEzU8WwEkf25i,Stellium,48,48
scs1NCSTafrUX6RBx113B9YDCepo1QdEzU8WwEkf25i,Temporal,50,50
scs1NCSTafrUX6RBx113B9YDCepo1QdEzU8WwEkf25i,blockRazor,1,1
scs1NCSTafrUX6RBx113B9YDCepo1QdEzU8WwEkf25i,blockrazor,8,8
scs1NCSTafrUX6RBx113B9YDCepo1QdEzU8WwEkf25i,blocksprint,35,35
scs1NCSTafrUX6RBx113B9YDCepo1QdEzU8WwEkf25i,bloxroute,61,61
scs1NCSTafrUX6RBx113B9YDCepo1QdEzU8WwEkf25i,landX,227,227
scs1NCSTafrUX6RBx113B9YDCepo1QdEzU8WwEkf25i,stellium,314,314
scs2Ra91pMbvqFAP7uitrN5U25SoyBTqZgBbhpVMJko,(none),217,0
scs2Ra91pMbvqFAP7uitrN5U25SoyBTqZgBbhpVMJko,0slot,13,13
scs2Ra91pMbvqFAP7uitrN5U25SoyBTqZgBbhpVMJko,AstraLane,20,20
scs2Ra91pMbvqFAP7uitrN5U25SoyBTqZgBbhpVMJko,BloxRoute,1,1
scs2Ra91pMbvqFAP7uitrN5U25SoyBTqZgBbhpVMJko,Falcon,25,25
scs2Ra91pMbvqFAP7uitrN5U25SoyBTqZgBbhpVMJko,Helius,82,82
scs2Ra91pMbvqFAP7uitrN5U25SoyBTqZgBbhpVMJko,Jito,4,4
scs2Ra91pMbvqFAP7uitrN5U25SoyBTqZgBbhpVMJko,Nextblock,18,18
scs2Ra91pMbvqFAP7uitrN5U25SoyBTqZgBbhpVMJko,NodeOne,11,11
scs2Ra91pMbvqFAP7uitrN5U25SoyBTqZgBbhpVMJko,Soyas,7,7
scs2Ra91pMbvqFAP7uitrN5U25SoyBTqZgBbhpVMJko,Stellium,40,40
scs2Ra91pMbvqFAP7uitrN5U25SoyBTqZgBbhpVMJko,Temporal,52,52
scs2Ra91pMbvqFAP7uitrN5U25SoyBTqZgBbhpVMJko,blockRazor,1,1
scs2Ra91pMbvqFAP7uitrN5U25SoyBTqZgBbhpVMJko,blockrazor,6,6
scs2Ra91pMbvqFAP7uitrN5U25SoyBTqZgBbhpVMJko,blocksprint,27,27
scs2Ra91pMbvqFAP7uitrN5U25SoyBTqZgBbhpVMJko,bloxroute,3,3
scs2Ra91pMbvqFAP7uitrN5U25SoyBTqZgBbhpVMJko,landX,49,49
scs2Ra91pMbvqFAP7uitrN5U25SoyBTqZgBbhpVMJko,stellium,104,104
sfvTq7ojrEc5WdXcHijz676eX1pc5MgoLxbkYSdRDAB,(none),342,0
sfvTq7ojrEc5WdXcHijz676eX1pc5MgoLxbkYSdRDAB,0slot,15,15
sfvTq7ojrEc5WdXcHijz676eX1pc5MgoLxbkYSdRDAB,AstraLane,36,36
sfvTq7ojrEc5WdXcHijz676eX1pc5MgoLxbkYSdRDAB,Astralane,1,1
sfvTq7ojrEc5WdXcHijz676eX1pc5MgoLxbkYSdRDAB,Falcon,101,101
sfvTq7ojrEc5WdXcHijz676eX1pc5MgoLxbkYSdRDAB,Helius,100,100
sfvTq7ojrEc5WdXcHijz676eX1pc5MgoLxbkYSdRDAB,Jito,51,51
sfvTq7ojrEc5WdXcHijz676eX1pc5MgoLxbkYSdRDAB,Moon,1,1
sfvTq7ojrEc5WdXcHijz676eX1pc5MgoLxbkYSdRDAB,Nextblock,11,11
sfvTq7ojrEc5WdXcHijz676eX1pc5MgoLxbkYSdRDAB,NodeOne,62,62
sfvTq7ojrEc5WdXcHijz676eX1pc5MgoLxbkYSdRDAB,Soyas,2,2
sfvTq7ojrEc5WdXcHijz676eX1pc5MgoLxbkYSdRDAB,Stellium,55,55
sfvTq7ojrEc5WdXcHijz676eX1pc5MgoLxbkYSdRDAB,Temporal,27,27
sfvTq7ojrEc5WdXcHijz676eX1pc5MgoLxbkYSdRDAB,blockrazor,8,8
sfvTq7ojrEc5WdXcHijz676eX1pc5MgoLxbkYSdRDAB,blocksprint,27,27
sfvTq7ojrEc5WdXcHijz676eX1pc5MgoLxbkYSdRDAB,bloxroute,37,37
sfvTq7ojrEc5WdXcHijz676eX1pc5MgoLxbkYSdRDAB,landX,106,106
sfvTq7ojrEc5WdXcHijz676eX1pc5MgoLxbkYSdRDAB,stellium,177,177
shftkxnsXmqAkmLgz9Mn7bNB5Fr6mKgFc58kFHfVikj,(none),17705,0
shftkxnsXmqAkmLgz9Mn7bNB5Fr6mKgFc58kFHfVikj,0slot,1414,1414
shftkxnsXmqAkmLgz9Mn7bNB5Fr6mKgFc58kFHfVikj,96gYZGLnJYVFmbjzopPSU6QiEV5fGqZNyN9nmNhvrZU5,1,1
shftkxnsXmqAkmLgz9Mn7bNB5Fr6mKgFc58kFHfVikj,AstraLane,5057,5057
shftkxnsXmqAkmLgz9Mn7bNB5Fr6mKgFc58kFHfVikj,Astralane,27,27
shftkxnsXmqAkmLgz9Mn7bNB5Fr6mKgFc58kFHfVikj,BloxRoute,38,38
shftkxnsXmqAkmLgz9Mn7bNB5Fr6mKgFc58kFHfVikj,Falcon,4994,4994
shftkxnsXmqAkmLgz9Mn7bNB5Fr6mKgFc58kFHfVikj,Flashblock,17,17
shftkxnsXmqAkmLgz9Mn7bNB5Fr6mKgFc58kFHfVikj,Helius,6239,6237
shftkxnsXmqAkmLgz9Mn7bNB5Fr6mKgFc58kFHfVikj,Jito,2056,2055
shftkxnsXmqAkmLgz9Mn7bNB5Fr6mKgFc58kFHfVikj,Moon,9,9
shftkxnsXmqAkmLgz9Mn7bNB5Fr6mKgFc58kFHfVikj,Nextblock,986,986
shftkxnsXmqAkmLgz9Mn7bNB5Fr6mKgFc58kFHfVikj,NodeOne,1999,1999
shftkxnsXmqAkmLgz9Mn7bNB5Fr6mKgFc58kFHfVikj,Soyas,214,214
shftkxnsXmqAkmLgz9Mn7bNB5Fr6mKgFc58kFHfVikj,Stellium,3202,3202
shftkxnsXmqAkmLgz9Mn7bNB5Fr6mKgFc58kFHfVikj,Temporal,2426,2421
shftkxnsXmqAkmLgz9Mn7bNB5Fr6mKgFc58kFHfVikj,astrazznxsGUhWShqgNtAdfrzP2G83DzcWVJDxwV9bF,1,1
shftkxnsXmqAkmLgz9Mn7bNB5Fr6mKgFc58kFHfVikj,blockRazor,109,109
shftkxnsXmqAkmLgz9Mn7bNB5Fr6mKgFc58kFHfVikj,blockrazor,480,480
shftkxnsXmqAkmLgz9Mn7bNB5Fr6mKgFc58kFHfVikj,blocksprint,1973,1973
shftkxnsXmqAkmLgz9Mn7bNB5Fr6mKgFc58kFHfVikj,bloxroute,3193,3190
shftkxnsXmqAkmLgz9Mn7bNB5Fr6mKgFc58kFHfVikj,landX,3549,3549
shftkxnsXmqAkmLgz9Mn7bNB5Fr6mKgFc58kFHfVikj,stellium,7795,7795
simpRo1FrQYGa1moicfgnPDp6KyE38d4gYrZzhjXYJb,(none),830,0
simpRo1FrQYGa1moicfgnPDp6KyE38d4gYrZzhjXYJb,0slot,85,85
simpRo1FrQYGa1moicfgnPDp6KyE38d4gYrZzhjXYJb,AstraLane,104,104
simpRo1FrQYGa1moicfgnPDp6KyE38d4gYrZzhjXYJb,Astralane,2,2
simpRo1FrQYGa1moicfgnPDp6KyE38d4gYrZzhjXYJb,BloxRoute,1,1
simpRo1FrQYGa1moicfgnPDp6KyE38d4gYrZzhjXYJb,Falcon,194,194
simpRo1FrQYGa1moicfgnPDp6KyE38d4gYrZzhjXYJb,Flashblock,4,4
simpRo1FrQYGa1moicfgnPDp6KyE38d4gYrZzhjXYJb,Helius,387,387
simpRo1FrQYGa1moicfgnPDp6KyE38d4gYrZzhjXYJb,Jito,103,103
simpRo1FrQYGa1moicfgnPDp6KyE38d4gYrZzhjXYJb,Moon,2,2
simpRo1FrQYGa1moicfgnPDp6KyE38d4gYrZzhjXYJb,Nextblock,36,36
simpRo1FrQYGa1moicfgnPDp6KyE38d4gYrZzhjXYJb,NodeOne,79,79
simpRo1FrQYGa1moicfgnPDp6KyE38d4gYrZzhjXYJb,Soyas,10,10
simpRo1FrQYGa1moicfgnPDp6KyE38d4gYrZzhjXYJb,Stellium,203,203
simpRo1FrQYGa1moicfgnPDp6KyE38d4gYrZzhjXYJb,Temporal,102,102
simpRo1FrQYGa1moicfgnPDp6KyE38d4gYrZzhjXYJb,blockRazor,2,2
simpRo1FrQYGa1moicfgnPDp6KyE38d4gYrZzhjXYJb,blockrazor,23,23
simpRo1FrQYGa1moicfgnPDp6KyE38d4gYrZzhjXYJb,blocksprint,85,85
simpRo1FrQYGa1moicfgnPDp6KyE38d4gYrZzhjXYJb,bloxroute,39,39
simpRo1FrQYGa1moicfgnPDp6KyE38d4gYrZzhjXYJb,landX,257,257
simpRo1FrQYGa1moicfgnPDp6KyE38d4gYrZzhjXYJb,stellium,593,593
soLStaCk5TiGCpeLKa9Fvv6f5JQGMa6S3uhLh826e9N,(none),1086,0
soLStaCk5TiGCpeLKa9Fvv6f5JQGMa6S3uhLh826e9N,0slot,82,82
soLStaCk5TiGCpeLKa9Fvv6f5JQGMa6S3uhLh826e9N,AstraLane,418,418
soLStaCk5TiGCpeLKa9Fvv6f5JQGMa6S3uhLh826e9N,Astralane,1,1
soLStaCk5TiGCpeLKa9Fvv6f5JQGMa6S3uhLh826e9N,BloxRoute,1,1
soLStaCk5TiGCpeLKa9Fvv6f5JQGMa6S3uhLh826e9N,Falcon,376,376
soLStaCk5TiGCpeLKa9Fvv6f5JQGMa6S3uhLh826e9N,Flashblock,2,2
soLStaCk5TiGCpeLKa9Fvv6f5JQGMa6S3uhLh826e9N,Helius,363,363
soLStaCk5TiGCpeLKa9Fvv6f5JQGMa6S3uhLh826e9N,Jito,150,150
soLStaCk5TiGCpeLKa9Fvv6f5JQGMa6S3uhLh826e9N,Nextblock,61,61
soLStaCk5TiGCpeLKa9Fvv6f5JQGMa6S3uhLh826e9N,NodeOne,65,65
soLStaCk5TiGCpeLKa9Fvv6f5JQGMa6S3uhLh826e9N,Soyas,9,9
soLStaCk5TiGCpeLKa9Fvv6f5JQGMa6S3uhLh826e9N,Stellium,243,243
soLStaCk5TiGCpeLKa9Fvv6f5JQGMa6S3uhLh826e9N,Temporal,161,161
soLStaCk5TiGCpeLKa9Fvv6f5JQGMa6S3uhLh826e9N,blockRazor,7,7
soLStaCk5TiGCpeLKa9Fvv6f5JQGMa6S3uhLh826e9N,blockrazor,28,28
soLStaCk5TiGCpeLKa9Fvv6f5JQGMa6S3uhLh826e9N,blocksprint,126,126
soLStaCk5TiGCpeLKa9Fvv6f5JQGMa6S3uhLh826e9N,bloxroute,234,234
soLStaCk5TiGCpeLKa9Fvv6f5JQGMa6S3uhLh826e9N,landX,310,310
soLStaCk5TiGCpeLKa9Fvv6f5JQGMa6S3uhLh826e9N,stellium,583,583
sp1mwUBiVzQPaNQoMrfSNYYfxViFrLDiBXs2pc4kG3k,(none),185,0
sp1mwUBiVzQPaNQoMrfSNYYfxViFrLDiBXs2pc4kG3k,0slot,6,6
sp1mwUBiVzQPaNQoMrfSNYYfxViFrLDiBXs2pc4kG3k,AstraLane,20,20
sp1mwUBiVzQPaNQoMrfSNYYfxViFrLDiBXs2pc4kG3k,Falcon,12,12
sp1mwUBiVzQPaNQoMrfSNYYfxViFrLDiBXs2pc4kG3k,Helius,47,47
sp1mwUBiVzQPaNQoMrfSNYYfxViFrLDiBXs2pc4kG3k,Jito,27,27
sp1mwUBiVzQPaNQoMrfSNYYfxViFrLDiBXs2pc4kG3k,Nextblock,4,4
sp1mwUBiVzQPaNQoMrfSNYYfxViFrLDiBXs2pc4kG3k,NodeOne,14,14
sp1mwUBiVzQPaNQoMrfSNYYfxViFrLDiBXs2pc4kG3k,Stellium,15,15
sp1mwUBiVzQPaNQoMrfSNYYfxViFrLDiBXs2pc4kG3k,Temporal,21,21
sp1mwUBiVzQPaNQoMrfSNYYfxViFrLDiBXs2pc4kG3k,blockRazor,1,1
sp1mwUBiVzQPaNQoMrfSNYYfxViFrLDiBXs2pc4kG3k,blockrazor,5,5
sp1mwUBiVzQPaNQoMrfSNYYfxViFrLDiBXs2pc4kG3k,blocksprint,11,11
sp1mwUBiVzQPaNQoMrfSNYYfxViFrLDiBXs2pc4kG3k,bloxroute,13,13
sp1mwUBiVzQPaNQoMrfSNYYfxViFrLDiBXs2pc4kG3k,landX,55,55
sp1mwUBiVzQPaNQoMrfSNYYfxViFrLDiBXs2pc4kG3k,stellium,84,84
spcti6GQVvinbtHU9UAkbXhjTcBJaba1NVx4tmK4M5F,(none),1181,0
spcti6GQVvinbtHU9UAkbXhjTcBJaba1NVx4tmK4M5F,0slot,89,89
spcti6GQVvinbtHU9UAkbXhjTcBJaba1NVx4tmK4M5F,AstraLane,152,152
spcti6GQVvinbtHU9UAkbXhjTcBJaba1NVx4tmK4M5F,BloxRoute,3,3
spcti6GQVvinbtHU9UAkbXhjTcBJaba1NVx4tmK4M5F,Falcon,234,234
spcti6GQVvinbtHU9UAkbXhjTcBJaba1NVx4tmK4M5F,Flashblock,5,5
spcti6GQVvinbtHU9UAkbXhjTcBJaba1NVx4tmK4M5F,Helius,412,412
spcti6GQVvinbtHU9UAkbXhjTcBJaba1NVx4tmK4M5F,Jito,85,85
spcti6GQVvinbtHU9UAkbXhjTcBJaba1NVx4tmK4M5F,Nextblock,38,38
spcti6GQVvinbtHU9UAkbXhjTcBJaba1NVx4tmK4M5F,NodeOne,157,157
spcti6GQVvinbtHU9UAkbXhjTcBJaba1NVx4tmK4M5F,Soyas,3,3
spcti6GQVvinbtHU9UAkbXhjTcBJaba1NVx4tmK4M5F,Stellium,162,162
spcti6GQVvinbtHU9UAkbXhjTcBJaba1NVx4tmK4M5F,Temporal,140,140
spcti6GQVvinbtHU9UAkbXhjTcBJaba1NVx4tmK4M5F,blockRazor,8,8
spcti6GQVvinbtHU9UAkbXhjTcBJaba1NVx4tmK4M5F,blockrazor,28,28
spcti6GQVvinbtHU9UAkbXhjTcBJaba1NVx4tmK4M5F,blocksprint,96,96
spcti6GQVvinbtHU9UAkbXhjTcBJaba1NVx4tmK4M5F,bloxroute,158,158
spcti6GQVvinbtHU9UAkbXhjTcBJaba1NVx4tmK4M5F,landX,334,334
spcti6GQVvinbtHU9UAkbXhjTcBJaba1NVx4tmK4M5F,stellium,579,579
spur5CDwBvTZszvy1ozGjRc1x2TuDWo3VF4jrq7zgvD,(none),291,0
spur5CDwBvTZszvy1ozGjRc1x2TuDWo3VF4jrq7zgvD,0slot,27,27
spur5CDwBvTZszvy1ozGjRc1x2TuDWo3VF4jrq7zgvD,AstraLane,48,48
spur5CDwBvTZszvy1ozGjRc1x2TuDWo3VF4jrq7zgvD,BloxRoute,2,2
spur5CDwBvTZszvy1ozGjRc1x2TuDWo3VF4jrq7zgvD,Falcon,86,86
spur5CDwBvTZszvy1ozGjRc1x2TuDWo3VF4jrq7zgvD,Flashblock,1,1
spur5CDwBvTZszvy1ozGjRc1x2TuDWo3VF4jrq7zgvD,Helius,316,316
spur5CDwBvTZszvy1ozGjRc1x2TuDWo3VF4jrq7zgvD,Jito,38,38
spur5CDwBvTZszvy1ozGjRc1x2TuDWo3VF4jrq7zgvD,Nextblock,21,21
spur5CDwBvTZszvy1ozGjRc1x2TuDWo3VF4jrq7zgvD,NodeOne,32,32
spur5CDwBvTZszvy1ozGjRc1x2TuDWo3VF4jrq7zgvD,Soyas,7,7
spur5CDwBvTZszvy1ozGjRc1x2TuDWo3VF4jrq7zgvD,Stellium,67,67
spur5CDwBvTZszvy1ozGjRc1x2TuDWo3VF4jrq7zgvD,Temporal,30,30
spur5CDwBvTZszvy1ozGjRc1x2TuDWo3VF4jrq7zgvD,blockRazor,1,1
spur5CDwBvTZszvy1ozGjRc1x2TuDWo3VF4jrq7zgvD,blockrazor,8,8
spur5CDwBvTZszvy1ozGjRc1x2TuDWo3VF4jrq7zgvD,blocksprint,58,58
spur5CDwBvTZszvy1ozGjRc1x2TuDWo3VF4jrq7zgvD,landX,148,148
spur5CDwBvTZszvy1ozGjRc1x2TuDWo3VF4jrq7zgvD,stellium,233,233
ssx2rHZNVy6J1mbFjBdmnF244kbKf46SDwokjuhb477,(none),118,0
ssx2rHZNVy6J1mbFjBdmnF244kbKf46SDwokjuhb477,0slot,12,12
ssx2rHZNVy6J1mbFjBdmnF244kbKf46SDwokjuhb477,AstraLane,18,18
ssx2rHZNVy6J1mbFjBdmnF244kbKf46SDwokjuhb477,Falcon,30,30
ssx2rHZNVy6J1mbFjBdmnF244kbKf46SDwokjuhb477,Helius,44,44
ssx2rHZNVy6J1mbFjBdmnF244kbKf46SDwokjuhb477,Jito,11,11
ssx2rHZNVy6J1mbFjBdmnF244kbKf46SDwokjuhb477,Nextblock,11,11
ssx2rHZNVy6J1mbFjBdmnF244kbKf46SDwokjuhb477,NodeOne,13,13
ssx2rHZNVy6J1mbFjBdmnF244kbKf46SDwokjuhb477,Soyas,2,2
ssx2rHZNVy6J1mbFjBdmnF244kbKf46SDwokjuhb477,Stellium,11,11
ssx2rHZNVy6J1mbFjBdmnF244kbKf46SDwokjuhb477,Temporal,12,12
ssx2rHZNVy6J1mbFjBdmnF244kbKf46SDwokjuhb477,blockrazor,5,5
ssx2rHZNVy6J1mbFjBdmnF244kbKf46SDwokjuhb477,blocksprint,11,11
ssx2rHZNVy6J1mbFjBdmnF244kbKf46SDwokjuhb477,landX,36,36
ssx2rHZNVy6J1mbFjBdmnF244kbKf46SDwokjuhb477,stellium,56,56
stacheBmGG5zMKuetUevAbc4m4dLbve1VPcpSur3voH,(none),87,0
stacheBmGG5zMKuetUevAbc4m4dLbve1VPcpSur3voH,0slot,8,8
stacheBmGG5zMKuetUevAbc4m4dLbve1VPcpSur3voH,AstraLane,5,5
stacheBmGG5zMKuetUevAbc4m4dLbve1VPcpSur3voH,Falcon,8,8
stacheBmGG5zMKuetUevAbc4m4dLbve1VPcpSur3voH,Helius,23,23
stacheBmGG5zMKuetUevAbc4m4dLbve1VPcpSur3voH,Jito,21,21
stacheBmGG5zMKuetUevAbc4m4dLbve1VPcpSur3voH,Nextblock,1,1
stacheBmGG5zMKuetUevAbc4m4dLbve1VPcpSur3voH,NodeOne,1,1
stacheBmGG5zMKuetUevAbc4m4dLbve1VPcpSur3voH,Soyas,2,2
stacheBmGG5zMKuetUevAbc4m4dLbve1VPcpSur3voH,Stellium,9,9
stacheBmGG5zMKuetUevAbc4m4dLbve1VPcpSur3voH,Temporal,10,10
stacheBmGG5zMKuetUevAbc4m4dLbve1VPcpSur3voH,blockRazor,1,1
stacheBmGG5zMKuetUevAbc4m4dLbve1VPcpSur3voH,blockrazor,2,2
stacheBmGG5zMKuetUevAbc4m4dLbve1VPcpSur3voH,blocksprint,4,4
stacheBmGG5zMKuetUevAbc4m4dLbve1VPcpSur3voH,stellium,22,22
svsD6T44XJnuXQWB15sy1pBxxruzrFy8rR7gXy8Jsj3,(none),109,0
svsD6T44XJnuXQWB15sy1pBxxruzrFy8rR7gXy8Jsj3,0slot,16,16
svsD6T44XJnuXQWB15sy1pBxxruzrFy8rR7gXy8Jsj3,AstraLane,17,17
svsD6T44XJnuXQWB15sy1pBxxruzrFy8rR7gXy8Jsj3,Falcon,24,24
svsD6T44XJnuXQWB15sy1pBxxruzrFy8rR7gXy8Jsj3,Helius,53,53
svsD6T44XJnuXQWB15sy1pBxxruzrFy8rR7gXy8Jsj3,Jito,10,10
svsD6T44XJnuXQWB15sy1pBxxruzrFy8rR7gXy8Jsj3,Nextblock,2,2
svsD6T44XJnuXQWB15sy1pBxxruzrFy8rR7gXy8Jsj3,NodeOne,15,15
svsD6T44XJnuXQWB15sy1pBxxruzrFy8rR7gXy8Jsj3,Soyas,2,2
svsD6T44XJnuXQWB15sy1pBxxruzrFy8rR7gXy8Jsj3,Stellium,13,13
svsD6T44XJnuXQWB15sy1pBxxruzrFy8rR7gXy8Jsj3,Temporal,6,6
svsD6T44XJnuXQWB15sy1pBxxruzrFy8rR7gXy8Jsj3,blockRazor,2,2
svsD6T44XJnuXQWB15sy1pBxxruzrFy8rR7gXy8Jsj3,blockrazor,3,3
svsD6T44XJnuXQWB15sy1pBxxruzrFy8rR7gXy8Jsj3,blocksprint,9,9
svsD6T44XJnuXQWB15sy1pBxxruzrFy8rR7gXy8Jsj3,bloxroute,1,1
svsD6T44XJnuXQWB15sy1pBxxruzrFy8rR7gXy8Jsj3,landX,51,51
svsD6T44XJnuXQWB15sy1pBxxruzrFy8rR7gXy8Jsj3,stellium,82,82
t23p8aBQN6P6tziMuN5XPmzqVRrip9oes7KuQwSmate,(none),4649,0
t23p8aBQN6P6tziMuN5XPmzqVRrip9oes7KuQwSmate,0slot,442,442
t23p8aBQN6P6tziMuN5XPmzqVRrip9oes7KuQwSmate,AstraLane,604,604
t23p8aBQN6P6tziMuN5XPmzqVRrip9oes7KuQwSmate,Astralane,6,6
t23p8aBQN6P6tziMuN5XPmzqVRrip9oes7KuQwSmate,BloxRoute,17,17
t23p8aBQN6P6tziMuN5XPmzqVRrip9oes7KuQwSmate,Falcon,1084,1084
t23p8aBQN6P6tziMuN5XPmzqVRrip9oes7KuQwSmate,Flashblock,5,5
t23p8aBQN6P6tziMuN5XPmzqVRrip9oes7KuQwSmate,Helius,1369,1369
t23p8aBQN6P6tziMuN5XPmzqVRrip9oes7KuQwSmate,Jito,363,363
t23p8aBQN6P6tziMuN5XPmzqVRrip9oes7KuQwSmate,Nextblock,207,207
t23p8aBQN6P6tziMuN5XPmzqVRrip9oes7KuQwSmate,NodeOne,717,717
t23p8aBQN6P6tziMuN5XPmzqVRrip9oes7KuQwSmate,Soyas,33,33
t23p8aBQN6P6tziMuN5XPmzqVRrip9oes7KuQwSmate,Stellium,696,696
t23p8aBQN6P6tziMuN5XPmzqVRrip9oes7KuQwSmate,Temporal,359,358
t23p8aBQN6P6tziMuN5XPmzqVRrip9oes7KuQwSmate,blockRazor,28,28
t23p8aBQN6P6tziMuN5XPmzqVRrip9oes7KuQwSmate,blockrazor,110,110
t23p8aBQN6P6tziMuN5XPmzqVRrip9oes7KuQwSmate,blocksprint,391,391
t23p8aBQN6P6tziMuN5XPmzqVRrip9oes7KuQwSmate,bloxroute,493,492
t23p8aBQN6P6tziMuN5XPmzqVRrip9oes7KuQwSmate,landX,1804,1804
t23p8aBQN6P6tziMuN5XPmzqVRrip9oes7KuQwSmate,stellium,2626,2626
te1ee9rGf369wxYQkuxkvuvMuTJ9cksgZySmNUF8rNY,(none),394,0
te1ee9rGf369wxYQkuxkvuvMuTJ9cksgZySmNUF8rNY,0slot,33,33
te1ee9rGf369wxYQkuxkvuvMuTJ9cksgZySmNUF8rNY,AstraLane,55,55
te1ee9rGf369wxYQkuxkvuvMuTJ9cksgZySmNUF8rNY,BloxRoute,1,1
te1ee9rGf369wxYQkuxkvuvMuTJ9cksgZySmNUF8rNY,Falcon,66,66
te1ee9rGf369wxYQkuxkvuvMuTJ9cksgZySmNUF8rNY,Helius,141,141
te1ee9rGf369wxYQkuxkvuvMuTJ9cksgZySmNUF8rNY,Jito,45,45
te1ee9rGf369wxYQkuxkvuvMuTJ9cksgZySmNUF8rNY,Nextblock,22,22
te1ee9rGf369wxYQkuxkvuvMuTJ9cksgZySmNUF8rNY,NodeOne,22,22
te1ee9rGf369wxYQkuxkvuvMuTJ9cksgZySmNUF8rNY,Soyas,4,4
te1ee9rGf369wxYQkuxkvuvMuTJ9cksgZySmNUF8rNY,Stellium,53,53
te1ee9rGf369wxYQkuxkvuvMuTJ9cksgZySmNUF8rNY,Temporal,61,61
te1ee9rGf369wxYQkuxkvuvMuTJ9cksgZySmNUF8rNY,blockrazor,12,12
te1ee9rGf369wxYQkuxkvuvMuTJ9cksgZySmNUF8rNY,blocksprint,37,37
te1ee9rGf369wxYQkuxkvuvMuTJ9cksgZySmNUF8rNY,bloxroute,26,26
te1ee9rGf369wxYQkuxkvuvMuTJ9cksgZySmNUF8rNY,landX,106,106
te1ee9rGf369wxYQkuxkvuvMuTJ9cksgZySmNUF8rNY,stellium,194,194
tkmaiSoZ3F8MofkQBVWG6JYSCzyN6ioe7ReYXohx3WJ,(none),278,0
tkmaiSoZ3F8MofkQBVWG6JYSCzyN6ioe7ReYXohx3WJ,0slot,13,13
tkmaiSoZ3F8MofkQBVWG6JYSCzyN6ioe7ReYXohx3WJ,AstraLane,17,17
tkmaiSoZ3F8MofkQBVWG6JYSCzyN6ioe7ReYXohx3WJ,Falcon,39,39
tkmaiSoZ3F8MofkQBVWG6JYSCzyN6ioe7ReYXohx3WJ,Helius,42,42
tkmaiSoZ3F8MofkQBVWG6JYSCzyN6ioe7ReYXohx3WJ,Jito,17,17
tkmaiSoZ3F8MofkQBVWG6JYSCzyN6ioe7ReYXohx3WJ,Nextblock,6,6
tkmaiSoZ3F8MofkQBVWG6JYSCzyN6ioe7ReYXohx3WJ,NodeOne,23,23
tkmaiSoZ3F8MofkQBVWG6JYSCzyN6ioe7ReYXohx3WJ,Stellium,15,15
tkmaiSoZ3F8MofkQBVWG6JYSCzyN6ioe7ReYXohx3WJ,Temporal,17,17
tkmaiSoZ3F8MofkQBVWG6JYSCzyN6ioe7ReYXohx3WJ,blockrazor,8,8
tkmaiSoZ3F8MofkQBVWG6JYSCzyN6ioe7ReYXohx3WJ,blocksprint,9,9
tkmaiSoZ3F8MofkQBVWG6JYSCzyN6ioe7ReYXohx3WJ,bloxroute,11,11
tkmaiSoZ3F8MofkQBVWG6JYSCzyN6ioe7ReYXohx3WJ,landX,49,49
tkmaiSoZ3F8MofkQBVWG6JYSCzyN6ioe7ReYXohx3WJ,stellium,79,79
uEhHSnCXvWgtgvVaYscPHjG13G3peMmngQQ2ghC54i3,(none),551,0
uEhHSnCXvWgtgvVaYscPHjG13G3peMmngQQ2ghC54i3,0slot,57,57
uEhHSnCXvWgtgvVaYscPHjG13G3peMmngQQ2ghC54i3,AstraLane,69,69
uEhHSnCXvWgtgvVaYscPHjG13G3peMmngQQ2ghC54i3,Falcon,155,155
uEhHSnCXvWgtgvVaYscPHjG13G3peMmngQQ2ghC54i3,Helius,193,193
uEhHSnCXvWgtgvVaYscPHjG13G3peMmngQQ2ghC54i3,Jito,73,73
uEhHSnCXvWgtgvVaYscPHjG13G3peMmngQQ2ghC54i3,Moon,1,1
uEhHSnCXvWgtgvVaYscPHjG13G3peMmngQQ2ghC54i3,Nextblock,26,26
uEhHSnCXvWgtgvVaYscPHjG13G3peMmngQQ2ghC54i3,NodeOne,54,54
uEhHSnCXvWgtgvVaYscPHjG13G3peMmngQQ2ghC54i3,Soyas,5,5
uEhHSnCXvWgtgvVaYscPHjG13G3peMmngQQ2ghC54i3,Stellium,90,90
uEhHSnCXvWgtgvVaYscPHjG13G3peMmngQQ2ghC54i3,Temporal,76,76
uEhHSnCXvWgtgvVaYscPHjG13G3peMmngQQ2ghC54i3,blockRazor,2,2
uEhHSnCXvWgtgvVaYscPHjG13G3peMmngQQ2ghC54i3,blockrazor,11,11
uEhHSnCXvWgtgvVaYscPHjG13G3peMmngQQ2ghC54i3,blocksprint,36,36
uEhHSnCXvWgtgvVaYscPHjG13G3peMmngQQ2ghC54i3,bloxroute,95,95
uEhHSnCXvWgtgvVaYscPHjG13G3peMmngQQ2ghC54i3,landX,142,142
uEhHSnCXvWgtgvVaYscPHjG13G3peMmngQQ2ghC54i3,stellium,264,264
uxqVAFQfox97HazsPtkKiwhypQH6jEGXkQBHDtXshrk,(none),53,0
uxqVAFQfox97HazsPtkKiwhypQH6jEGXkQBHDtXshrk,0slot,8,8
uxqVAFQfox97HazsPtkKiwhypQH6jEGXkQBHDtXshrk,AstraLane,5,5
uxqVAFQfox97HazsPtkKiwhypQH6jEGXkQBHDtXshrk,Falcon,8,8
uxqVAFQfox97HazsPtkKiwhypQH6jEGXkQBHDtXshrk,Helius,18,18
uxqVAFQfox97HazsPtkKiwhypQH6jEGXkQBHDtXshrk,Jito,7,7
uxqVAFQfox97HazsPtkKiwhypQH6jEGXkQBHDtXshrk,Nextblock,3,3
uxqVAFQfox97HazsPtkKiwhypQH6jEGXkQBHDtXshrk,NodeOne,5,5
uxqVAFQfox97HazsPtkKiwhypQH6jEGXkQBHDtXshrk,Stellium,5,5
uxqVAFQfox97HazsPtkKiwhypQH6jEGXkQBHDtXshrk,Temporal,5,5
uxqVAFQfox97HazsPtkKiwhypQH6jEGXkQBHDtXshrk,blockrazor,2,2
uxqVAFQfox97HazsPtkKiwhypQH6jEGXkQBHDtXshrk,blocksprint,7,7
uxqVAFQfox97HazsPtkKiwhypQH6jEGXkQBHDtXshrk,bloxroute,9,9
uxqVAFQfox97HazsPtkKiwhypQH6jEGXkQBHDtXshrk,landX,5,5
uxqVAFQfox97HazsPtkKiwhypQH6jEGXkQBHDtXshrk,stellium,19,19
vALigXFg9wnnhVHN16vNxHxXtAXiBv5QjAE6udoniBY,(none),1746,0
vALigXFg9wnnhVHN16vNxHxXtAXiBv5QjAE6udoniBY,0slot,127,127
vALigXFg9wnnhVHN16vNxHxXtAXiBv5QjAE6udoniBY,AstraLane,189,189
vALigXFg9wnnhVHN16vNxHxXtAXiBv5QjAE6udoniBY,BloxRoute,2,2
vALigXFg9wnnhVHN16vNxHxXtAXiBv5QjAE6udoniBY,Falcon,391,391
vALigXFg9wnnhVHN16vNxHxXtAXiBv5QjAE6udoniBY,Helius,562,562
vALigXFg9wnnhVHN16vNxHxXtAXiBv5QjAE6udoniBY,Jito,202,202
vALigXFg9wnnhVHN16vNxHxXtAXiBv5QjAE6udoniBY,Nextblock,65,65
vALigXFg9wnnhVHN16vNxHxXtAXiBv5QjAE6udoniBY,NodeOne,184,184
vALigXFg9wnnhVHN16vNxHxXtAXiBv5QjAE6udoniBY,Soyas,18,18
vALigXFg9wnnhVHN16vNxHxXtAXiBv5QjAE6udoniBY,Stellium,282,282
vALigXFg9wnnhVHN16vNxHxXtAXiBv5QjAE6udoniBY,Temporal,169,169
vALigXFg9wnnhVHN16vNxHxXtAXiBv5QjAE6udoniBY,blockRazor,10,10
vALigXFg9wnnhVHN16vNxHxXtAXiBv5QjAE6udoniBY,blockrazor,32,32
vALigXFg9wnnhVHN16vNxHxXtAXiBv5QjAE6udoniBY,blocksprint,149,149
vALigXFg9wnnhVHN16vNxHxXtAXiBv5QjAE6udoniBY,bloxroute,105,105
vALigXFg9wnnhVHN16vNxHxXtAXiBv5QjAE6udoniBY,landX,465,465
vALigXFg9wnnhVHN16vNxHxXtAXiBv5QjAE6udoniBY,stellium,781,781
vahMVcSS3v6uwyFormV7FDAUbQSHwmy6vUedp1P7L42,(none),218,0
vahMVcSS3v6uwyFormV7FDAUbQSHwmy6vUedp1P7L42,0slot,32,32
vahMVcSS3v6uwyFormV7FDAUbQSHwmy6vUedp1P7L42,AstraLane,23,23
vahMVcSS3v6uwyFormV7FDAUbQSHwmy6vUedp1P7L42,Falcon,85,85
vahMVcSS3v6uwyFormV7FDAUbQSHwmy6vUedp1P7L42,Helius,70,70
vahMVcSS3v6uwyFormV7FDAUbQSHwmy6vUedp1P7L42,Jito,34,34
vahMVcSS3v6uwyFormV7FDAUbQSHwmy6vUedp1P7L42,Nextblock,13,13
vahMVcSS3v6uwyFormV7FDAUbQSHwmy6vUedp1P7L42,NodeOne,33,33
vahMVcSS3v6uwyFormV7FDAUbQSHwmy6vUedp1P7L42,Soyas,2,2
vahMVcSS3v6uwyFormV7FDAUbQSHwmy6vUedp1P7L42,Stellium,37,37
vahMVcSS3v6uwyFormV7FDAUbQSHwmy6vUedp1P7L42,Temporal,11,11
vahMVcSS3v6uwyFormV7FDAUbQSHwmy6vUedp1P7L42,blockrazor,5,5
vahMVcSS3v6uwyFormV7FDAUbQSHwmy6vUedp1P7L42,blocksprint,18,18
vahMVcSS3v6uwyFormV7FDAUbQSHwmy6vUedp1P7L42,bloxroute,5,5
vahMVcSS3v6uwyFormV7FDAUbQSHwmy6vUedp1P7L42,landX,59,59
vahMVcSS3v6uwyFormV7FDAUbQSHwmy6vUedp1P7L42,stellium,119,119
vaoJKVZYPAsqc52T2nNQhABR1gU6Cy2koDKfCQaEiva,(none),854,0
vaoJKVZYPAsqc52T2nNQhABR1gU6Cy2koDKfCQaEiva,0slot,71,71
vaoJKVZYPAsqc52T2nNQhABR1gU6Cy2koDKfCQaEiva,AstraLane,170,170
vaoJKVZYPAsqc52T2nNQhABR1gU6Cy2koDKfCQaEiva,BloxRoute,5,5
vaoJKVZYPAsqc52T2nNQhABR1gU6Cy2koDKfCQaEiva,Falcon,204,204
vaoJKVZYPAsqc52T2nNQhABR1gU6Cy2koDKfCQaEiva,Flashblock,2,2
vaoJKVZYPAsqc52T2nNQhABR1gU6Cy2koDKfCQaEiva,Helius,445,445
vaoJKVZYPAsqc52T2nNQhABR1gU6Cy2koDKfCQaEiva,Jito,84,84
vaoJKVZYPAsqc52T2nNQhABR1gU6Cy2koDKfCQaEiva,Moon,3,3
vaoJKVZYPAsqc52T2nNQhABR1gU6Cy2koDKfCQaEiva,Nextblock,80,80
vaoJKVZYPAsqc52T2nNQhABR1gU6Cy2koDKfCQaEiva,NodeOne,116,116
vaoJKVZYPAsqc52T2nNQhABR1gU6Cy2koDKfCQaEiva,Soyas,17,17
vaoJKVZYPAsqc52T2nNQhABR1gU6Cy2koDKfCQaEiva,Stellium,138,138
vaoJKVZYPAsqc52T2nNQhABR1gU6Cy2koDKfCQaEiva,Temporal,84,84
vaoJKVZYPAsqc52T2nNQhABR1gU6Cy2koDKfCQaEiva,blockRazor,14,14
vaoJKVZYPAsqc52T2nNQhABR1gU6Cy2koDKfCQaEiva,blockrazor,26,26
vaoJKVZYPAsqc52T2nNQhABR1gU6Cy2koDKfCQaEiva,blocksprint,86,86
vaoJKVZYPAsqc52T2nNQhABR1gU6Cy2koDKfCQaEiva,bloxroute,46,45
vaoJKVZYPAsqc52T2nNQhABR1gU6Cy2koDKfCQaEiva,landX,379,379
vaoJKVZYPAsqc52T2nNQhABR1gU6Cy2koDKfCQaEiva,stellium,403,403
vnd1Ps8w3fsi54qUMJxBhUWARES34Qw7JQXDZxvbysd,(none),449,0
vnd1Ps8w3fsi54qUMJxBhUWARES34Qw7JQXDZxvbysd,0slot,19,19
vnd1Ps8w3fsi54qUMJxBhUWARES34Qw7JQXDZxvbysd,AstraLane,56,56
vnd1Ps8w3fsi54qUMJxBhUWARES34Qw7JQXDZxvbysd,Astralane,1,1
vnd1Ps8w3fsi54qUMJxBhUWARES34Qw7JQXDZxvbysd,Falcon,108,108
vnd1Ps8w3fsi54qUMJxBhUWARES34Qw7JQXDZxvbysd,Helius,160,160
vnd1Ps8w3fsi54qUMJxBhUWARES34Qw7JQXDZxvbysd,Jito,51,51
vnd1Ps8w3fsi54qUMJxBhUWARES34Qw7JQXDZxvbysd,Moon,2,2
vnd1Ps8w3fsi54qUMJxBhUWARES34Qw7JQXDZxvbysd,Nextblock,27,27
vnd1Ps8w3fsi54qUMJxBhUWARES34Qw7JQXDZxvbysd,NodeOne,35,35
vnd1Ps8w3fsi54qUMJxBhUWARES34Qw7JQXDZxvbysd,Soyas,5,5
vnd1Ps8w3fsi54qUMJxBhUWARES34Qw7JQXDZxvbysd,Stellium,68,68
vnd1Ps8w3fsi54qUMJxBhUWARES34Qw7JQXDZxvbysd,Temporal,36,36
vnd1Ps8w3fsi54qUMJxBhUWARES34Qw7JQXDZxvbysd,blockRazor,5,5
vnd1Ps8w3fsi54qUMJxBhUWARES34Qw7JQXDZxvbysd,blockrazor,6,6
vnd1Ps8w3fsi54qUMJxBhUWARES34Qw7JQXDZxvbysd,blocksprint,29,29
vnd1Ps8w3fsi54qUMJxBhUWARES34Qw7JQXDZxvbysd,bloxroute,48,48
vnd1Ps8w3fsi54qUMJxBhUWARES34Qw7JQXDZxvbysd,landX,147,147
vnd1Ps8w3fsi54qUMJxBhUWARES34Qw7JQXDZxvbysd,stellium,233,233
vu1sGn2f1Xim6voHNLt4nLn38zNkYdLasU7hEr1TC2D,(none),3706,0
vu1sGn2f1Xim6voHNLt4nLn38zNkYdLasU7hEr1TC2D,0slot,341,341
vu1sGn2f1Xim6voHNLt4nLn38zNkYdLasU7hEr1TC2D,AstraLane,582,582
vu1sGn2f1Xim6voHNLt4nLn38zNkYdLasU7hEr1TC2D,Astralane,1,1
vu1sGn2f1Xim6voHNLt4nLn38zNkYdLasU7hEr1TC2D,BloxRoute,9,9
vu1sGn2f1Xim6voHNLt4nLn38zNkYdLasU7hEr1TC2D,Falcon,353,353
vu1sGn2f1Xim6voHNLt4nLn38zNkYdLasU7hEr1TC2D,Flashblock,1,1
vu1sGn2f1Xim6voHNLt4nLn38zNkYdLasU7hEr1TC2D,Helius,1530,1530
vu1sGn2f1Xim6voHNLt4nLn38zNkYdLasU7hEr1TC2D,Jito,442,441
vu1sGn2f1Xim6voHNLt4nLn38zNkYdLasU7hEr1TC2D,Moon,3,3
vu1sGn2f1Xim6voHNLt4nLn38zNkYdLasU7hEr1TC2D,Nextblock,213,213
vu1sGn2f1Xim6voHNLt4nLn38zNkYdLasU7hEr1TC2D,NodeOne,430,430
vu1sGn2f1Xim6voHNLt4nLn38zNkYdLasU7hEr1TC2D,Soyas,31,31
vu1sGn2f1Xim6voHNLt4nLn38zNkYdLasU7hEr1TC2D,Stellium,468,468
vu1sGn2f1Xim6voHNLt4nLn38zNkYdLasU7hEr1TC2D,Temporal,534,534
vu1sGn2f1Xim6voHNLt4nLn38zNkYdLasU7hEr1TC2D,blockRazor,27,27
vu1sGn2f1Xim6voHNLt4nLn38zNkYdLasU7hEr1TC2D,blockrazor,126,126
vu1sGn2f1Xim6voHNLt4nLn38zNkYdLasU7hEr1TC2D,blocksprint,364,364
vu1sGn2f1Xim6voHNLt4nLn38zNkYdLasU7hEr1TC2D,bloxroute,332,332
vu1sGn2f1Xim6voHNLt4nLn38zNkYdLasU7hEr1TC2D,landX,1241,1241
vu1sGn2f1Xim6voHNLt4nLn38zNkYdLasU7hEr1TC2D,stellium,1767,1767
vvvvbtDs9HsdsE6NskZMnb1RA6muoud1ChQuiF9QhSM,(none),189,0
vvvvbtDs9HsdsE6NskZMnb1RA6muoud1ChQuiF9QhSM,0slot,9,9
vvvvbtDs9HsdsE6NskZMnb1RA6muoud1ChQuiF9QhSM,AstraLane,13,13
vvvvbtDs9HsdsE6NskZMnb1RA6muoud1ChQuiF9QhSM,Falcon,26,26
vvvvbtDs9HsdsE6NskZMnb1RA6muoud1ChQuiF9QhSM,Helius,51,51
vvvvbtDs9HsdsE6NskZMnb1RA6muoud1ChQuiF9QhSM,Jito,42,42
vvvvbtDs9HsdsE6NskZMnb1RA6muoud1ChQuiF9QhSM,Nextblock,4,4
vvvvbtDs9HsdsE6NskZMnb1RA6muoud1ChQuiF9QhSM,NodeOne,8,8
vvvvbtDs9HsdsE6NskZMnb1RA6muoud1ChQuiF9QhSM,Soyas,5,5
vvvvbtDs9HsdsE6NskZMnb1RA6muoud1ChQuiF9QhSM,Stellium,21,21
vvvvbtDs9HsdsE6NskZMnb1RA6muoud1ChQuiF9QhSM,Temporal,22,22
vvvvbtDs9HsdsE6NskZMnb1RA6muoud1ChQuiF9QhSM,blockrazor,2,2
vvvvbtDs9HsdsE6NskZMnb1RA6muoud1ChQuiF9QhSM,blocksprint,13,13
vvvvbtDs9HsdsE6NskZMnb1RA6muoud1ChQuiF9QhSM,bloxroute,4,4
vvvvbtDs9HsdsE6NskZMnb1RA6muoud1ChQuiF9QhSM,landX,13,13
vvvvbtDs9HsdsE6NskZMnb1RA6muoud1ChQuiF9QhSM,stellium,44,44
wetkjRRRDrSPAzHqfVHtFDbhNnejKm5UPfkHeccFCpo,(none),15,0
wetkjRRRDrSPAzHqfVHtFDbhNnejKm5UPfkHeccFCpo,Helius,5,5
wetkjRRRDrSPAzHqfVHtFDbhNnejKm5UPfkHeccFCpo,Jito,7,7
wetkjRRRDrSPAzHqfVHtFDbhNnejKm5UPfkHeccFCpo,NodeOne,1,1
wetkjRRRDrSPAzHqfVHtFDbhNnejKm5UPfkHeccFCpo,stellium,3,3
xLabscif2DLnYg39rQThqi7A9E45L9qiysRZhmZ1ARE,(none),240,0
xLabscif2DLnYg39rQThqi7A9E45L9qiysRZhmZ1ARE,0slot,27,27
xLabscif2DLnYg39rQThqi7A9E45L9qiysRZhmZ1ARE,AstraLane,55,55
xLabscif2DLnYg39rQThqi7A9E45L9qiysRZhmZ1ARE,BloxRoute,1,1
xLabscif2DLnYg39rQThqi7A9E45L9qiysRZhmZ1ARE,Falcon,67,67
xLabscif2DLnYg39rQThqi7A9E45L9qiysRZhmZ1ARE,Flashblock,1,1
xLabscif2DLnYg39rQThqi7A9E45L9qiysRZhmZ1ARE,Helius,80,80
xLabscif2DLnYg39rQThqi7A9E45L9qiysRZhmZ1ARE,Jito,37,37
xLabscif2DLnYg39rQThqi7A9E45L9qiysRZhmZ1ARE,Nextblock,11,11
xLabscif2DLnYg39rQThqi7A9E45L9qiysRZhmZ1ARE,NodeOne,29,29
xLabscif2DLnYg39rQThqi7A9E45L9qiysRZhmZ1ARE,Soyas,5,5
xLabscif2DLnYg39rQThqi7A9E45L9qiysRZhmZ1ARE,Stellium,30,30
xLabscif2DLnYg39rQThqi7A9E45L9qiysRZhmZ1ARE,Temporal,26,26
xLabscif2DLnYg39rQThqi7A9E45L9qiysRZhmZ1ARE,blockRazor,1,1
xLabscif2DLnYg39rQThqi7A9E45L9qiysRZhmZ1ARE,blockrazor,7,7
xLabscif2DLnYg39rQThqi7A9E45L9qiysRZhmZ1ARE,blocksprint,13,13
xLabscif2DLnYg39rQThqi7A9E45L9qiysRZhmZ1ARE,bloxroute,30,30
xLabscif2DLnYg39rQThqi7A9E45L9qiysRZhmZ1ARE,landX,43,43
xLabscif2DLnYg39rQThqi7A9E45L9qiysRZhmZ1ARE,stellium,91,91
yJeahQNRHNWtL9Z1SqPX3SBwTYXr5ECMYYVK4uYVwxt,(none),867,0
yJeahQNRHNWtL9Z1SqPX3SBwTYXr5ECMYYVK4uYVwxt,0slot,60,60
yJeahQNRHNWtL9Z1SqPX3SBwTYXr5ECMYYVK4uYVwxt,AstraLane,101,101
yJeahQNRHNWtL9Z1SqPX3SBwTYXr5ECMYYVK4uYVwxt,BloxRoute,1,1
yJeahQNRHNWtL9Z1SqPX3SBwTYXr5ECMYYVK4uYVwxt,Falcon,228,228
yJeahQNRHNWtL9Z1SqPX3SBwTYXr5ECMYYVK4uYVwxt,Flashblock,3,3
yJeahQNRHNWtL9Z1SqPX3SBwTYXr5ECMYYVK4uYVwxt,Helius,320,320
yJeahQNRHNWtL9Z1SqPX3SBwTYXr5ECMYYVK4uYVwxt,Jito,58,58
yJeahQNRHNWtL9Z1SqPX3SBwTYXr5ECMYYVK4uYVwxt,Moon,1,1
yJeahQNRHNWtL9Z1SqPX3SBwTYXr5ECMYYVK4uYVwxt,Nextblock,38,38
yJeahQNRHNWtL9Z1SqPX3SBwTYXr5ECMYYVK4uYVwxt,NodeOne,115,115
yJeahQNRHNWtL9Z1SqPX3SBwTYXr5ECMYYVK4uYVwxt,Soyas,18,18
yJeahQNRHNWtL9Z1SqPX3SBwTYXr5ECMYYVK4uYVwxt,Stellium,147,147
yJeahQNRHNWtL9Z1SqPX3SBwTYXr5ECMYYVK4uYVwxt,Temporal,118,118
yJeahQNRHNWtL9Z1SqPX3SBwTYXr5ECMYYVK4uYVwxt,blockRazor,1,1
yJeahQNRHNWtL9Z1SqPX3SBwTYXr5ECMYYVK4uYVwxt,blockrazor,23,23
yJeahQNRHNWtL9Z1SqPX3SBwTYXr5ECMYYVK4uYVwxt,blocksprint,86,86
yJeahQNRHNWtL9Z1SqPX3SBwTYXr5ECMYYVK4uYVwxt,bloxroute,29,29
yJeahQNRHNWtL9Z1SqPX3SBwTYXr5ECMYYVK4uYVwxt,landX,365,365
yJeahQNRHNWtL9Z1SqPX3SBwTYXr5ECMYYVK4uYVwxt,stellium,571,571
zeroT6PTAEjipvZuACTh1mbGCqTHgA6i1ped9DcuidX,(none),666,0
zeroT6PTAEjipvZuACTh1mbGCqTHgA6i1ped9DcuidX,0slot,44,44
zeroT6PTAEjipvZuACTh1mbGCqTHgA6i1ped9DcuidX,AstraLane,171,171
zeroT6PTAEjipvZuACTh1mbGCqTHgA6i1ped9DcuidX,Falcon,174,174
zeroT6PTAEjipvZuACTh1mbGCqTHgA6i1ped9DcuidX,Flashblock,1,1
zeroT6PTAEjipvZuACTh1mbGCqTHgA6i1ped9DcuidX,Helius,213,213
zeroT6PTAEjipvZuACTh1mbGCqTHgA6i1ped9DcuidX,Jito,84,84
zeroT6PTAEjipvZuACTh1mbGCqTHgA6i1ped9DcuidX,Nextblock,21,21
zeroT6PTAEjipvZuACTh1mbGCqTHgA6i1ped9DcuidX,NodeOne,28,28
zeroT6PTAEjipvZuACTh1mbGCqTHgA6i1ped9DcuidX,Soyas,7,7
zeroT6PTAEjipvZuACTh1mbGCqTHgA6i1ped9DcuidX,Stellium,88,88
zeroT6PTAEjipvZuACTh1mbGCqTHgA6i1ped9DcuidX,Temporal,110,110
zeroT6PTAEjipvZuACTh1mbGCqTHgA6i1ped9DcuidX,blockRazor,1,1
zeroT6PTAEjipvZuACTh1mbGCqTHgA6i1ped9DcuidX,blockrazor,19,19
zeroT6PTAEjipvZuACTh1mbGCqTHgA6i1ped9DcuidX,blocksprint,70,70
zeroT6PTAEjipvZuACTh1mbGCqTHgA6i1ped9DcuidX,bloxroute,48,48
zeroT6PTAEjipvZuACTh1mbGCqTHgA6i1ped9DcuidX,landX,100,100
zeroT6PTAEjipvZuACTh1mbGCqTHgA6i1ped9DcuidX,stellium,216,216
